{"type":"FeatureCollection","features":[{"type":"Feature","id":21,"geometry":{"type":"Polygon","coordinates":[[[0.00032960783660048056,51.70067835748327],[0.00034987632749141495,51.700678012322037],[0.00039065391833871364,51.70068271154507],[0.00042113620426568332,51.70068668774217],[0.00044111909537406614,51.700690661992176],[0.00045038756003938196,51.700692482479397],[0.00047812689548147559,51.700699202202046],[0.0005131797046323529,51.700706695706018],[0.00054831576085898038,51.700716076189998],[0.0005819780400841281,51.700724492597985],[0.00062597273602463114,51.700737228327256],[0.00067143869292581005,51.700750837324065],[0.0007154334388348707,51.700763573019245],[0.00076236928101185912,51.700778056187119],[0.00080934334803761752,51.700793437927366],[0.00085627925036636256,51.700807921056992],[0.00090325482552871877,51.700823302734278],[0.00095174100847563153,51.700837759418228],[0.0009987166461722383,51.700853141056569],[0.0010397296786407318,51.700865926525523],[0.001079472251622377,51.700879633764821],[0.0011616199440381762,51.700905203459754],[0.00120271348528814,51.700917089157862],[0.0012437281174018085,51.700929875428173],[0.0012702368028653351,51.700938413516724],[0.0012980953200155015,51.700947827843592],[0.0013596178923960815,51.700965658320392],[0.00138596660148612,51.700970603039615],[0.0013990435003018076,51.700972178714636],[0.001413549112198313,51.700973729145801],[0.0014295653355529516,51.700974355493464],[0.0014440327806752918,51.700975008228326],[0.0014744767562136518,51.700975387837907],[0.0015048404003630759,51.700976668949764],[0.0015367160211830749,51.700977024148919],[0.0016019753697164968,51.700979508206416],[0.0016658427388674107,51.70098291519011],[0.0017310231405746805,51.700986298864159],[0.0018658735889555804,51.70099209214591],[0.0020137216230534656,51.700997662847918],[0.0020746875332237312,51.701000219818823],[0.0021340650025897562,51.701001904590399],[0.0021948780868062162,51.701003654785865],[0.0022558454587681244,51.701006211637875],[0.0023180833367367052,51.701007847558685],[0.0023790110467755698,51.701009505780675],[0.0024152184449772571,51.701010687040011],[0.0024906121836617951,51.701012997841822],[0.0025325417861619907,51.70101408061501],[0.0025745517800629513,51.701014263659715],[0.0026151697673168872,51.701015368764438],[0.0026470440093099199,51.701015724585091],[0.0026773297940324023,51.701015208236946],[0.0027092436755419762,51.701016461707887],[0.0027338851343290372,51.701017840062988],[0.0028123390654543616,51.701024592895472],[0.0028647610721138431,51.701030891203629],[0.0029069694164691484,51.701035565160339],[0.0029504879807766447,51.701040217659767],[0.0029926963418267973,51.701044891585461],[0.0030290213106345461,51.701048766579326],[0.0030669376834121581,51.701053514565892],[0.0031046943101158356,51.701057365122864],[0.0031409796493203704,51.701060342414948],[0.0031788563538795158,51.701064191799674],[0.0032151813525147623,51.701068066735616],[0.0032455861919720246,51.701070245038416],[0.0032747176598806852,51.701073344292276],[0.0033052807772593774,51.701076419122636],[0.0033503892966261183,51.701081942701208],[0.0033968897794372727,51.701086543279629],[0.0034419997651893804,51.701092066798132],[0.0034695810323336993,51.701095192443738],[0.00349871397621104,51.701098291617008],[0.0035262952506949609,51.70110141724922],[0.0035698942660316248,51.701105168905201],[0.003574942807119146,51.70108710244169],[0.0035980747319530109,51.701086707879128],[0.0036139724364486168,51.701087335950781],[0.0036284384955624039,51.701087988440456],[0.0036429848840246748,51.701087740315778],[0.0036791923272275549,51.701088920285819],[0.0037154380252394929,51.701090998834552],[0.0037502153123307016,51.701092204077774],[0.0037864610156226478,51.701094282604508],[0.0038212765221758076,51.701096385517872],[0.0038562914628416426,51.7011002835035],[0.0038778523535630662,51.701102162893385],[0.0038824028582880176,51.701102534884988],[0.0039099856054266536,51.701105660402092],[0.0039377266010497637,51.70110968155619],[0.0039783848918463196,51.701114381572729],[0.0040177698304845232,51.701120002541956],[0.0040584678442772588,51.701125601095605],[0.0041719758952957183,51.701139846338933],[0.0041895032299188017,51.701142244113584],[0.004208460806961592,51.701144618381598],[0.0042418858375184798,51.701147643238549],[0.0042680369874472501,51.701150793098662],[0.0042970499892685072,51.701153894120928],[0.0043248307578233518,51.701158813747703],[0.0043538437682752824,51.701161914755829],[0.004390328715342705,51.701166686741615],[0.0044266156220810586,51.70116966271133],[0.004462942287252223,51.701173538133098],[0.0045676273344918122,51.701185236727099],[0.0045924271889376941,51.701187510333121],[0.0046185386667647209,51.701189761549976],[0.0046432199449890901,51.701192037168909],[0.0046635694946094933,51.701193488365739],[0.0046824476388622983,51.701194064528892],[0.0047026374443531445,51.701194619202724],[0.0047345529391662157,51.70119587209664],[0.0047490190452771095,51.701196524447752],[0.0047636448990750991,51.701198073313137],[0.0047897960715006993,51.701201222157778],[0.0048009960571817186,51.701203548882766],[0.0048102647530664398,51.701205368124235],[0.0048307319524438135,51.701209513213158],[0.0048511217823250007,51.701214559760828],[0.0048687271379424654,51.701218753688572],[0.0048878053542383742,51.701223822616491],[0.0049052921356838699,51.701228018562638],[0.004925721115894224,51.701231265944202],[0.0049461883767641492,51.701235411911341],[0.0049680078419335437,51.70123773630938],[0.0049868071508166823,51.701239213011881],[0.0050274254151963091,51.70124031817803],[0.0050505176716231582,51.70123902476427],[0.0050721385509638521,51.701236857219378],[0.0051181613337493064,51.701230677958762],[0.0051411344386043658,51.7012266897327],[0.0051640664046925799,51.701221803861038],[0.005192802325942979,51.701215918765513],[0.0052213388332681627,51.701208240380474],[0.0052515049399827997,51.701202330855772],[0.0052601693798723908,51.701201284599499],[0.0052687926032491629,51.701199338904424],[0.0052773384612068109,51.701198294671251],[0.0053063112522863795,51.701197800060122],[0.0053207787716678849,51.701198451417461],[0.0053439887459634482,51.701199853663802],[0.0053671603957464106,51.701200356418028],[0.0053903703721996481,51.701201758655181],[0.0054121898416305348,51.701204082970627],[0.0054557493586367438,51.701206935359515],[0.0054774496700877289,51.701206564868777],[0.0054977595141403966,51.701207117356518],[0.0055194200898875858,51.701205848293839],[0.0055380604983650298,51.701203731549967],[0.0055553878780138805,51.701201638120764],[0.0055741086133889155,51.701198621656303],[0.0056142095315549877,51.701190744824913],[0.0056294274562486363,51.701186798992772],[0.0056328508230994367,51.701185932121518],[0.0056757746803898787,51.701174410997474],[0.0056971968818925771,51.701167752314859],[0.0057214794772770536,51.701161044786438],[0.0057471554178031474,51.701153414218297],[0.0057714379978915358,51.701146706679658],[0.0057800229335159842,51.701143863257208],[0.0058000546462583721,51.701138127541846],[0.005811541163912087,51.701136133812518],[0.0058230659358260639,51.701135037772161],[0.0058360223524218944,51.701133917283641],[0.0058806956107304983,51.701129558353422],[0.0059267593553583159,51.701124277317469],[0.0060074400136793469,51.701116606606433],[0.0060405855845128619,51.701113343723463],[0.0060751642009997638,51.701110055457924],[0.0061098202794180462,51.701105868415041],[0.0061443974385189835,51.701102580153929],[0.0061775047259384035,51.701098419542546],[0.0062076698082624091,51.701095206617104],[0.0062364850455217599,51.701091119294553],[0.0062652199210555693,51.701087930781668],[0.0062997979085918374,51.701081946530842],[0.0063342956113089412,51.701076862883774],[0.0063701837111198381,51.701070855335516],[0.006400389361268962,51.701065844980448],[0.0064607600422207177,51.701057621627641],[0.0064838521570738409,51.701056327933436],[0.006505512668034852,51.701055059588491],[0.0065286033339647396,51.70105376591021],[0.0065660820133071757,51.701051327202968],[0.0066037205110759537,51.701049785895563],[0.0066411991824462877,51.701047347164447],[0.0066758558097544472,51.701045856773405],[0.0067119425903319667,51.701044341040593],[0.0067479910549421672,51.701041926708484],[0.0067725922078251113,51.70103970883342],[0.006798504973029528,51.701037468545053],[0.0068243793810352253,51.701034328764209],[0.0068704017012475339,51.701028148821464],[0.0068949247616210269,51.701024133769316],[0.006923580098045167,51.701019149766523],[0.0069523142052251774,51.701013264268759],[0.0069795393339167865,51.701008304688386],[0.0070125271760443737,51.701001448152923],[0.0070440833681446524,51.700994616070076],[0.0070770314243378714,51.700986860953343],[0.0071027851171668694,51.700981027243493],[0.0071315589426899067,51.700976040265708],[0.0071458674222677964,51.700973098942534],[0.0071600949588435528,51.70096836141439],[0.0071644672421221833,51.700967387459947],[0.0071730122862816072,51.700963645373598],[0.0071984478875516443,51.700950624933789],[0.0072112054510536381,51.70094501327516],[0.0072282160241212918,51.700935732867173],[0.0072592162136306416,51.700919021253377],[0.0072734404616766508,51.700911496114607],[0.0072861184652006604,51.700904087321497],[0.0073144953675941182,51.700892815078952],[0.0073317444443007319,51.700888924238576],[0.0073474433019508727,51.700885059887518],[0.0073733154808365026,51.700879224092787],[0.0073991102513266838,51.700874287958847],[0.0074508964946058357,51.700866211697139],[0.007476769309958782,51.700863071798736],[0.0075027217094129949,51.700861729919488],[0.0075272438783275256,51.700860411578859],[0.0075519244005500192,51.700859989769597],[0.0075765261177781831,51.700860468544889],[0.0076025579846191009,51.700860921972669],[0.0076300215267047656,51.700861351824372],[0.0076561336829564022,51.700860905524351],[0.0076748121722873758,51.700859687031539],[0.0076935723945620715,51.700857568795094],[0.0077108995340735929,51.700855475050219],[0.0077439666671804703,51.700850414538955],[0.0077754438387397512,51.700844482851544],[0.0078069998016373314,51.700837650565916],[0.0078514736939586695,51.700828798974769],[0.0079403404934862819,51.700809300438507],[0.0080993932254227428,51.700774217697258],[0.008151020114504394,51.700762547776606],[0.0082572151246305143,51.700740954268184],[0.0083044696590600271,51.700730257376904],[0.0083517639613661186,51.700720459029505],[0.0084004500808484671,51.700709737622432],[0.0084363780809280035,51.70070193116949],[0.0084736574649982941,51.700695000841513],[0.0085095052085215322,51.700688094981338],[0.0085268336885715428,51.7006860010924],[0.0085426119588994254,51.700683933708483],[0.0085613705784304481,51.700681814460729],[0.0085944772792792643,51.700677652274791],[0.0086276635658836861,51.70067528720466],[0.0086622402342010473,51.700671999106042],[0.0087010690918221251,51.700667739038771],[0.0087385863392800047,51.70066350138854],[0.0087774564268485976,51.700660139833907],[0.0088105630904078257,51.700655977587424],[0.0088739927457840758,51.700649499159383],[0.0089128613640150588,51.700646137584897],[0.008993739548492129,51.700642955850952],[0.0090588395311042794,51.70064184241496],[0.009090714958662283,51.700642196464308],[0.0091371359363625754,51.70064499854282],[0.0091603854907764733,51.700647297700492],[0.0091749324902009981,51.700649745708866],[0.0091910282514062018,51.700652167224071],[0.0092055738078639544,51.700654615253349],[0.0092217108261937117,51.700657935301798],[0.0092377676296289662,51.700662155963265],[0.0092523927686510819,51.700666400212533],[0.0092672175531384633,51.700672439531189],[0.0092805319433560685,51.70067940392741],[0.0092924559250434826,51.700687290450027],[0.0093029483222972532,51.700695202359121],[0.0093135217488498727,51.700704910468247],[0.009323935344599495,51.700713722067341],[0.009340628130151768,51.700729618399606],[0.0093557309075599365,51.700744642685521],[0.0093724251619052446,51.70076053898822],[0.0093920203837743049,51.700779980837048],[0.00941030261040866,51.700799446042986],[0.0094298979054313128,51.700818888783594],[0.0094558917959333567,51.700848110137223],[0.0094803409737689321,51.700877448734637],[0.0095062163512238274,51.700906672104715],[0.0095290707594755837,51.700932351977059],[0.0095533951990388749,51.700958905939011],[0.009576289436360191,51.700985483464798],[0.00959775350880121,51.701012085453883],[0.0096406399308755272,51.701067089519761],[0.0096605544746790339,51.70109102117771],[0.0096805074111700733,51.701115851418578],[0.0096974799512371725,51.701140732648135],[0.0097114712557852395,51.701162968051847],[0.0097240323769372892,51.701185227923389],[0.0097351658085582504,51.701207601245642],[0.009743274229814837,51.701226341224988],[0.0097498338780065228,51.701245107702562],[0.0097551217319947828,51.70126479518278],[0.0097571490614562651,51.701278245545765],[0.009759217617865211,51.701292593547173],[0.009760332241524965,51.701317746089607],[0.0097573532619795698,51.701350160818308],[0.0097563595068722603,51.701360066797498],[0.0097553273781167526,51.701369074190119],[0.0097535005099420296,51.701392478573752],[0.0097511163684421299,51.701403307584819],[0.0097500444185855458,51.701411416415532],[0.0097474222761574705,51.701419552668519],[0.0097463090997731219,51.701426763860702],[0.0097426141276524669,51.701440311229938],[0.009732162732595584,51.70146566165981],[0.0097283093928910592,51.701478313394219],[0.0097231429793614051,51.701490987594212],[0.0097192921709472364,51.70150372920925],[0.009699980817401789,51.701555302077978],[0.0096947356246189532,51.701568876867348],[0.0096880587329262122,51.701582475252167],[0.0096829733796782568,51.701596946549337],[0.0096789593369601048,51.701606004958137],[0.0096751051386429528,51.701615959875106],[0.0096726413319090394,51.70162499176088],[0.0096686272847890612,51.701634050169368],[0.0096675951338664901,51.70164305756105],[0.0096626675138175248,51.701661121332222],[0.0096616751791722202,51.701671027285677],[0.0096590927852094437,51.70168006119993],[0.0096582184172544442,51.701692661964941],[0.00965738531295042,51.701706161267005],[0.0096579426046050579,51.70171873753813],[0.0096572274678337431,51.70173493165175],[0.0096586206990580854,51.701766372329331],[0.0096606892508803669,51.701780720331456],[0.0096613261811630147,51.701795093725991],[0.0096633932892667574,51.701809441752737],[0.0096655056449999905,51.701824778172579],[0.0096691628208168106,51.701839998238107],[0.0096712299736675614,51.701854347163113],[0.0096726232205581533,51.701885787839792],[0.0096743335360684139,51.701892051481011],[0.0096748510175952429,51.701903729189816],[0.0096765598880465681,51.701909992855718],[0.0096768783571114878,51.701917179552758],[0.0096819429699292643,51.701939927380977],[0.0096899983609592122,51.701984378526952],[0.0096322103292382378,51.70198626644757],[0.0095975133280252131,51.701986860054191],[0.0095282770990833803,51.70199164061026],[0.0094965215741733867,51.701993981452205],[0.0094749403835771451,51.7019970483748],[0.0094521279185159051,51.702004629873905],[0.0094422308316809613,51.702010193740669],[0.0094337653725414441,51.702015732216843],[0.0094254605727131669,51.702024864016686],[0.009422797707126486,51.702029404885067],[0.0094175913356595881,51.702041180510193],[0.0094165584998683258,51.70205288474012],[0.0094156059188212019,51.702063689253436],[0.0094119904281373002,51.702079033736283],[0.0094040833952742115,51.702129512215961],[0.0094036522078137525,51.70215208429552],[0.0094017455503857192,51.702173692447829],[0.009399600907502477,51.702192607841489],[0.0093976146199969413,51.702212418869884],[0.0093941583266888475,51.702231356700942],[0.0093918942781115785,51.702247577307304],[0.0093911392297322174,51.702262872857162],[0.0093889539886717367,51.702278193771576],[0.0093906256758621142,51.702315922587331],[0.0093941244066593679,51.70233024612746],[0.0093992132174858696,51.702345441709852],[0.0094041421882106058,51.702359740783336],[0.0094091110159344633,51.702374939316996],[0.009417021940479697,51.702389187379161],[0.009421990736192069,51.702404385013544],[0.0094254090762595274,51.702414215511737],[0.0094286690196443319,51.702423149476566],[0.0094305370957266967,51.702433006494424],[0.0094146403062799443,51.702432379191421],[0.0094029944540104989,51.702430780824351],[0.0093784316890217143,51.702431201002952],[0.0093653549709750827,51.702432323938332],[0.0093524380553261007,51.702434342482348],[0.0093409926344993743,51.702437235096582],[0.0093309362306371654,51.702439205605806],[0.0093224713118986793,51.702442047234264],[0.0093153564116993017,51.702445765012072],[0.009286223688047171,51.7024426672711],[0.0092600714728671724,51.702439518540771],[0.0092324875777706934,51.7024363942935],[0.0091858665948538146,51.702431798076127],[0.0091379722903897689,51.702428121963017],[0.0090914315468208547,51.702422625092943],[0.0090551035618116685,51.702418752017103],[0.0090201674195193437,51.702413954983029],[0.0089838792127217744,51.702410979548517],[0.0089460422297531778,51.702408031490059],[0.0089098350464731843,51.702406852233466],[0.008872235985381928,51.702406596012352],[0.0088389688831858118,51.702407164938592],[0.008805741581934607,51.702408632417566],[0.0087983648127832499,51.702409118267113],[0.008771123842804077,51.702411022907945],[0.008740838017741278,51.702414237652583],[0.0087091617511879348,51.702418375409522],[0.0086789156761409737,51.702422487801947],[0.0086544723019430902,51.702425603515898],[0.0086285588483519995,51.702427844220786],[0.0086027249881332653,51.702431882044571],[0.0085754587619034633,51.702438641184372],[0.0085497442417841723,51.702445373784933],[0.0085225192418962922,51.702453031450197],[0.0084926318913529381,51.702462532218085],[0.0084626682728287904,51.702473023449421],[0.0084341308604726946,51.702483399463972],[0.0083970887317632269,51.702495720268935],[0.0083600863362660541,51.702508938726247],[0.0083245553587565583,51.702523030358101],[0.0082817900616451827,51.70253814580537],[0.0082390644869618449,51.702554158901272],[0.008197769124202909,51.702570147530288],[0.0081436775290144228,51.702590850219899],[0.0080911346724221594,51.702611525508921],[0.0080384319895082691,51.702631305162811],[0.0079858102786529057,51.702652881893897],[0.0079317170401760739,51.702673584512404],[0.0078790951889056732,51.702695160298042],[0.0078221796528876886,51.702716809451388],[0.0077666560141231439,51.702737536442378],[0.0077111721049756207,51.702759161970299],[0.0076628017474176854,51.702777068919595],[0.0076158670651234267,51.702795042134852],[0.0075687699645947733,51.702812028040789],[0.0075190076129536022,51.702830858862036],[0.0074706385477663938,51.702848765708914],[0.0074207575291969372,51.70286759851588],[0.0073694859502337661,51.702887353408045],[0.0073183740911338772,51.702908003891444],[0.007265711938916463,51.702928681743096],[0.0072230254024226179,51.702945593039033],[0.0072031521286929027,51.702954922355346],[0.0071476279102624957,51.702975649059013],[0.0070395598266639863,51.703017050564256],[0.0069939323404168384,51.70303491126775],[0.0069469916589522023,51.703052793490471],[0.006900092191316042,51.703071575131737],[0.0068545831403497952,51.70308943285751],[0.0068076438324633174,51.703107315899416],[0.0067621386848685473,51.703125263446339],[0.0066795472766635368,51.70315723964606],[0.0066382905656136885,51.703174126300098],[0.006622710097669778,51.703180685355228],[0.0066085613345826851,51.703187219951182],[0.006592821105997378,51.703192883388162],[0.0064076847990703414,51.703258974794352],[0.0063642341932836823,51.703269425177858],[0.0063116987015291066,51.703282189796063],[0.0062962771230238518,51.703292342163756],[0.0062652358529475486,51.703310851791812],[0.0062270395093922976,51.70333218044275],[0.0061903934711032005,51.703353483502674],[0.0061141206382998277,51.703396138695048],[0.0060759639407275065,51.703418366760182],[0.0060378874501673015,51.703439693301242],[0.005987015944541099,51.70346852039745],[0.0059377304528886793,51.703498129705295],[0.0058868548432628584,51.703526866902898],[0.0058402708337688437,51.70355283396735],[0.0057922976847427374,51.703579723975409],[0.0057441647022094654,51.703605717450287],[0.0057004027896693614,51.703630737028035],[0.0056551708482362375,51.70365488334577],[0.0056114102851507613,51.703679902866519],[0.0055648274062562748,51.703705869799748],[0.0054716208904127019,51.703759601890461],[0.0053897855878162473,51.703806038460385],[0.0053474152810171456,51.703830134903548],[0.0052599714491298822,51.703881970858077],[0.0052162899143226608,51.703908787363119],[0.0051626308267922073,51.703939370238963],[0.0051075810688113524,51.703970875170768],[0.005053961524518303,51.704002355663633],[0.004996129043282861,51.704035706524856],[0.0049397282155430652,51.704069032921197],[0.0048833695183227999,51.704103346837726],[0.0048516112447798522,51.70412186832003],[0.0048325322850629633,51.704132982154256],[0.0047817752953577437,51.704161716836595],[0.0047308584823595465,51.704189554982001],[0.0046873337440515479,51.70421996467816],[0.0046672700466197561,51.704238466377625],[0.0046653897670471964,51.704236431108576],[0.0046548164797369472,51.704226722584664],[0.004630810770773125,51.704207354326662],[0.0046054527824109263,51.704189807624985],[0.0045867719159860361,51.704193722486991],[0.0045665798619435281,51.704195864650238],[0.004556444856726129,51.704196037603275],[0.0045218254968521499,51.704198426857346],[0.0045029857815772787,51.70419874834765],[0.0044856552327667389,51.704198144840063],[0.0044667757985391143,51.704197567760289],[0.004449407018142418,51.70419606655696],[0.0044347405257817623,51.704193619997618],[0.0044057255646232259,51.704190519031741],[0.0043998828962124618,51.704190618728482],[0.0043926888026047488,51.70418984224294],[0.0043868858512824604,51.704190840503401],[0.0043840238114491109,51.704190889339586],[0.0043812014885292816,51.70419183674003],[0.0043725761737400939,51.704193781501587],[0.0043682843582552458,51.704196551560948],[0.0043626397109187455,51.704198446361048],[0.0043527429227283925,51.704204008885448],[0.0043413746722740466,51.704208697274602],[0.0043300461751195722,51.704214285125573],[0.0043159364315179961,51.704221717116987],[0.0042848128760083325,51.704238430028703],[0.004272054065815145,51.704244042278781],[0.0042592554981261228,51.704248755064512],[0.0042464971961874284,51.704257064129884],[0.0042424416129310423,51.704262526980678],[0.0042410510279901831,51.704263449949082],[0.0042425607160890035,51.704265221775287],[0.0042485622126120391,51.704268715445266],[0.0042201035626419489,51.704280887559271],[0.0041902528641621388,51.704293982659067],[0.0041589321349444902,51.704306203590015],[0.0041120287532124822,51.704324984164913],[0.004063696436886294,51.704343788200077],[0.004015204374414624,51.704361696597637],[0.00395828487166536,51.704383343914543],[0.0039027970642861757,51.704404966779776],[0.0038458377856523921,51.704425716377202],[0.0038085348082975813,51.704440287367788],[0.0037803775580921399,51.704451195293338],[0.0036493681275816562,51.704500177099106],[0.0036166352446648257,51.704512872490589],[0.003614768317246185,51.704511105850621],[0.0035387699530179495,51.7045411697625],[0.0034665230913640812,51.704569730853592],[0.003451621867476573,51.704575469477149],[0.0034430599566423917,51.704578851875176],[0.0034136225693219861,51.704590500938025],[0.0033349201545281237,51.704621510075498],[0.0032882207049641488,51.704580053821026],[0.0032731186039535068,51.704565028756299],[0.0032565043771130382,51.704550927819717],[0.0032414419913165335,51.704536801315548],[0.0032249478604671755,51.704522699225713],[0.0032098051125530125,51.704509472430594],[0.0031933109619056454,51.704495369437517],[0.0031274133767801456,51.704446150029561],[0.003110955037617024,51.704432856631293],[0.0030944217398969792,51.704420552775758],[0.0030765752896184705,51.704408271310122],[0.0030585720147766819,51.704395093274158],[0.0030421573345239339,51.70438278738866],[0.003028723748284016,51.704373127494129],[0.0030213302703940795,51.704370556739967],[0.0030094857159298095,51.704364465815587],[0.002996250551063998,51.704359297843943],[0.0029665614935406774,51.704343622227981],[0.002934128994749863,51.704327993383153],[0.0029030479187476133,51.704313240728517],[0.0028661648363502361,51.704296788509104],[0.0028263394229238905,51.704281286586429],[0.0027867119171733606,51.704267577961254],[0.0027528893442482134,51.704255568835428],[0.0027176350428915865,51.704243584109783],[0.0026824983241229197,51.704234294195203],[0.0026576175575672286,51.704230223971734],[0.002634326772741473,51.704227024978792],[0.0026096439273582475,51.704224748955305],[0.0025574161590309397,51.70422024478583],[0.0025037585515293569,51.704218462693611],[0.0024502199440388029,51.704219375374414],[0.0024027223623650988,51.704224680362174],[0.0023537523017120275,51.704231808014967],[0.0023079244172201025,51.70424247815447],[0.0022750524688850381,51.704252028195413],[0.0022422201811544556,51.704262476792785],[0.0022109778491896208,51.704273796622793],[0.0021967080634089928,51.704280332742449],[0.0021811662344399787,51.704287789783585],[0.0021655847271434391,51.704294348257157],[0.0021426909389336809,51.704302828945778],[0.0021198746525161421,51.704310409966403],[0.0020970994764582117,51.704318889523599],[0.0020772255906801596,51.70432552114405],[0.002055801360139135,51.704332179184497],[0.002035767756076356,51.704337914278319],[0.0020228896217913809,51.704340830590411],[0.0019969340123506263,51.70434486902348],[0.0019854068776242878,51.704345964722116],[0.0019458232614470009,51.704344031535875],[0.0019166100947369624,51.704336438923207],[0.0018633119717444146,51.704310378079086],[0.0017689578437838638,51.704270632587978],[0.0017231707748103398,51.704249837335738],[0.0016950711373275482,51.704237730383859],[0.0016699124873744949,51.704224674068463],[0.0016433235520020844,51.704211642119873],[0.0016048506854481196,51.704191621429075],[0.0015676499013104034,51.704170679808641],[0.0015306048413178174,51.704150543941402],[0.0015083083679990434,51.704137439722111],[0.0014859722084111706,51.70412343603391],[0.0014651060184743005,51.704110306537061],[0.0014459091480212808,51.704099846319075],[0.0014159036030895647,51.704076983572364],[0.0013979784626226993,51.704062905611295],[0.0013813268285124748,51.704047906708048],[0.0013662255348134238,51.70403288138823],[0.0013463139555872018,51.704008947403771],[0.0013293845042105827,51.703984963507573],[0.0013138471536436494,51.703960056649656],[0.0012979519322456978,51.703929762235198],[0.0012836070177592962,51.703899440506696],[0.0012692225474369111,51.703868222007166],[0.0012594039065909112,51.703843127788602],[0.0012481575083867747,51.703818147817678],[0.0012384232362433589,51.703792242842425],[0.0012120406639804836,51.703718975173949],[0.0011988090545415817,51.703681443232277],[0.0011697221008061904,51.70361451541936],[0.0011584772581548866,51.703589535413208],[0.0011457610501952572,51.703563681230236],[0.001133084508783309,51.703538725611885],[0.0011205243771898305,51.703516374910755],[0.0011094367060144376,51.703494988289933],[0.0010968805638174675,51.703472727442502],[0.0010546778225132003,51.703400629382344],[0.001037590523781867,51.703375748891503],[0.001019231167186548,51.703351788410032],[0.00099157129320010169,51.703314502227222],[0.00098374353448400223,51.703302049782685],[0.00097444445407475987,51.703288724058368],[0.00096506604366149531,51.703273600301969],[0.00091562652515445487,51.703202433884542],[0.00088618131161158169,51.703157087610769],[0.00085808599741347069,51.703112616678645],[0.00083774029978691763,51.703076105115343],[0.00081731565463090438,51.703040493235768],[0.0007997923505211334,51.703003034349798],[0.00078997813336950575,51.702978029940375],[0.0007761144496817628,51.702926125344788],[0.00077205956669302157,51.702899135327272],[0.00076792822536528055,51.702873134878587],[0.00076673927852425748,51.702846185970053],[0.00076964547366239078,51.702811974274809],[0.00077390301828119334,51.70277863970302],[0.00077966975347269112,51.702744380183177],[0.00078822059220094135,51.702708274757711],[0.00079820026364994378,51.70267214589321],[0.00080822097041047172,51.702636914671125],[0.00081967191217917834,51.702601659086348],[0.00083255056728504819,51.702566289257206],[0.00084702164434300993,51.702531881467792],[0.00086689949843429543,51.70249018944299],[0.00088967889825536676,51.702449347231656],[0.00091384885586474299,51.702407582086622],[0.00093265308954061578,51.702373999715469],[0.00095288753743321775,51.702340392978087],[0.00097316156302173118,51.702307683905289],[0.00099351088941097908,51.702276682105435],[0.001012432428983235,51.70224579364897],[0.001032785666504031,51.702214881699234],[0.0010571550200649887,51.702177608435072],[0.0010829927321955794,51.702141208493721],[0.0011074805898665593,51.702103933199361],[0.0011370965244996728,51.702055782332152],[0.0011682612115795476,51.702007605071699],[0.0011979931250882014,51.701959363186816],[0.0012575409885315341,51.701864853595033],[0.0012887861718526839,51.701818473412047],[0.0013172569322850334,51.701776814749415],[0.0013349777766894586,51.701751161397127],[0.0013419581182536322,51.701741693048533],[0.001359503769838724,51.701717481464314],[0.0013757626241736297,51.701691133621132],[0.0014109388980260882,51.70163650512059],[0.0014460790556817095,51.701578371079243],[0.0014649607750076572,51.701549282604525],[0.0014785162163448561,51.701526576877733],[0.00149338327702277,51.701503848800328],[0.0015068201091393617,51.701481145090938],[0.0015189042339851604,51.701457566086354],[0.0015309093816354062,51.701434886768901],[0.0015415239625986561,51.701413130386804],[0.001552098876724313,51.701390475437456],[0.0015612024671055602,51.701366946315964],[0.0015689154960377475,51.701344340130639],[0.0015764649065599296,51.701320748465669],[0.0015883799771846938,51.701258156018241],[0.0015874680944931172,51.701237494384294],[0.0015807535746499473,51.701217830869126],[0.0015697866569695585,51.701199139055987],[0.0015573484809629369,51.701179573968837],[0.0015450292059092123,51.70116270278217],[0.0015312797765153529,51.701145856862617],[0.00151474777772088,51.701130855939759],[0.0014939622517189776,51.701119522661372],[0.0014718258437600462,51.701110010881202],[0.0014219894183654621,51.701094679073179],[0.0013955598802241251,51.70108793725467],[0.0013692900296565363,51.701082091951591],[0.0013547036331125833,51.701078744407042],[0.0013385684565382181,51.701075423248682],[0.00132406136821619,51.701073872833227],[0.0013109066247438293,51.701070500891106],[0.0012874589915669167,51.701063708243687],[0.0012420321506909501,51.701050997159314],[0.0011541211331256638,51.701027323290219],[0.0011014587011151324,51.701012847910569],[0.0010487198864101064,51.700999362974912],[0.0009959414572112699,51.700984979448585],[0.00094618308896387345,51.700971442796046],[0.00089789607699831487,51.700958781200534],[0.00084945082894137406,51.700945222139417],[0.00080406386725894612,51.700933409449625],[0.00076018899754830532,51.70092067264418],[0.00071623372554728158,51.700908835534698],[0.00068253164569090168,51.700899520600295],[0.00065025977546580695,51.700890181296884],[0.00061794972677252239,51.700879943392913],[0.00058560009508436381,51.70086880781151],[0.00052094018781436964,51.700844737467939],[0.00050444623349223539,51.700838725479294],[0.00048433363727562657,51.700829089123346],[0.00045305399751431418,51.700812451705396],[0.00028218757819618688,51.700717821625169],[0.00026673644751785128,51.700711072451718],[0.00027272190304846491,51.700706115518813],[0.00029113322066773642,51.700690699224111],[0.00030524400056621584,51.700683267692078],[0.00031239752760168105,51.700680448147345],[0.00032960783660048056,51.70067835748327]]]},"properties":{"OBJECTID":21,"SHAPE.AREA":169512.545792905,"GLOBALID":"{CDB84E69-93FE-440F-9C2B-3AF2EC9E38EA}"}},{"type":"Feature","id":1,"geometry":{"type":"Polygon","coordinates":[[[0.067407793015254833,51.688732547514142],[0.067432782282043566,51.688584582600186],[0.067502764298430468,51.688591531184684],[0.06755873185695227,51.688594591677735],[0.067826695810156268,51.688621608732355],[0.068470621198097048,51.688723543224128],[0.069357566320757832,51.688828563773193],[0.069583498901492638,51.688854609709601],[0.069647546940704005,51.68885959420242],[0.06971245899336935,51.688862585978065],[0.069822493129480662,51.688863613497581],[0.0700765130908763,51.688872530916015],[0.070425384124298343,51.688876540235228],[0.070630390001582222,51.688880567969029],[0.070828376834900661,51.688887594914206],[0.071251339260989005,51.688920591209623],[0.071266267300724898,51.688923564356053],[0.071279333640452539,51.688927559511008],[0.07131429300827033,51.688935573100594],[0.071442312435477814,51.688938619969726],[0.071686250180626285,51.688922629771014],[0.072018268763429802,51.688894567511909],[0.072112206418843361,51.688890573065727],[0.07226125858586116,51.68888659528956],[0.072462192848582213,51.688887634205123],[0.072555177753124353,51.688883656216092],[0.072693124075453003,51.688871602542598],[0.072957121228875751,51.688845637281517],[0.073242093771858585,51.688829638971541],[0.073518099633463202,51.68881065268662],[0.073717023951468147,51.688801656000464],[0.073791056558678458,51.688800618595032],[0.073853971605334745,51.6888016658853],[0.074190983741254463,51.688804614455556],[0.074465941665679811,51.688809647310542],[0.074543985333053578,51.688807639329958],[0.074641898387176484,51.688796650185523],[0.074740903733709202,51.688788698225075],[0.074839921946643878,51.688783622664616],[0.07495394580718602,51.688780619074883],[0.075052914433396678,51.68877967987617],[0.075152899379925364,51.688782677552695],[0.075251900634894842,51.688787670882775],[0.075307909952130561,51.688791626200903],[0.075413893336183035,51.688800630786233],[0.075855769070380705,51.688790664268133],[0.075895807023795531,51.688789686824599],[0.075989744032066001,51.688785689282575],[0.076154733974923824,51.688780704539724],[0.076282786905645245,51.688776643232657],[0.076627756970162206,51.688799671929054],[0.076750662914817414,51.688805679233454],[0.076761730946402248,51.688807730758292],[0.076767667411672971,51.688809694069768],[0.076770696208601566,51.688810718717882],[0.076772693502909134,51.688812661758263],[0.076775722300146954,51.688813686406235],[0.076792694329871181,51.688845660502565],[0.076992677809925747,51.688807692562357],[0.077005682201742032,51.688807732362385],[0.077010617856573829,51.688808724181655],[0.077035669844348093,51.688808730771697],[0.07720758588262859,51.688811713544951],[0.077800555727384216,51.688813720652128],[0.078369538107653625,51.688820733647638],[0.07884950737124484,51.688837680735951],[0.079300364809961804,51.688859726560956],[0.079461418157301428,51.688867752520757],[0.079509343278629074,51.688869690761919],[0.079904363260708988,51.688883732168243],[0.079998310917223467,51.688887732789283],[0.080223265654765979,51.688902717478236],[0.080432256681845032,51.688920771302911],[0.080471208483324078,51.688924755636627],[0.080512233861141813,51.688929692404585],[0.080551235161695517,51.688934755838943],[0.080760231876658359,51.688960719717784],[0.081332134563998015,51.689041744478146],[0.081825093791617454,51.689107713955444],[0.081877067845524648,51.6891147043114],[0.082269063874519779,51.689166729113708],[0.082417077308435782,51.689181724824159],[0.082789967057623898,51.689217725627465],[0.082986977111856652,51.689239763354372],[0.083103975670284727,51.689254768707912],[0.083213934409889251,51.68926971986189],[0.083413954650834982,51.689302760712458],[0.083714876168143354,51.689358734310964],[0.084099853716389755,51.689426699924063],[0.08428176946197985,51.689457723402967],[0.08459978308871878,51.689511772761733],[0.08473878725037913,51.689535736357477],[0.084774710897672773,51.689538694813244],[0.08485076041108891,51.689547772614574],[0.084888759000284836,51.689551773307919],[0.084924684114448437,51.689554731691864],[0.08496375535829398,51.689558712420101],[0.085001664568182256,51.689560736303882],[0.085027761865955079,51.689562700094321],[0.085055768724516936,51.689564720803169],[0.085178677607362932,51.68957071924995],[0.085282675666096111,51.689572738707987],[0.085494631695488932,51.689574728672611],[0.085622631544002542,51.689574702974397],[0.085763659284817703,51.689577772116543],[0.085847659476681368,51.68958077569431],[0.085904624651921793,51.689584708092518],[0.085918674268621431,51.689586706703032],[0.085933562125672602,51.689588779450489],[0.085946583015671041,51.689591784609185],[0.085976589050703281,51.689595747052813],[0.086006644624169501,51.689600786815205],[0.086036576082494973,51.689605738848925],[0.086121635956718914,51.689618791464007],[0.086200579489175658,51.689633751170376],[0.086252600174330826,51.68964172704915],[0.08646261023593306,51.689681777514444],[0.086636521641533251,51.689717704707164],[0.086782561713047254,51.689746754767825],[0.086870453968886832,51.689761734878381],[0.08697547195465305,51.689780725235153],[0.087036441234795162,51.689788721608032],[0.087068431540160779,51.689791749258944],[0.087078497995454557,51.689792739407039],[0.087090475384124039,51.689793784622559],[0.087100421849551746,51.689794776901067],[0.087161455010322075,51.689793782224797],[0.087276434390703331,51.689790749694737],[0.087320398012691314,51.689794733518582],[0.087336478676234217,51.689796784889964],[0.087350453858051652,51.689799772933739],[0.087365410783238881,51.689800765167199],[0.087378387838102117,51.689802782666085],[0.08739138835722296,51.689802731460652],[0.087403485745575479,51.689803774511539],[0.087419395412029435,51.689804750704312],[0.087452392436460052,51.689803714611152],[0.087495487651719772,51.689801779622108],[0.087499421323925825,51.689801709705733],[0.087422377846163621,51.689874729857038],[0.087363460550784797,51.689921715416375],[0.087284423983852499,51.690000703278656],[0.087086407839066113,51.690187707967091],[0.086882415503034979,51.690379672669636],[0.086687524718536121,51.690564642759561],[0.086508453644808345,51.690735667298206],[0.08649453923869059,51.690749578662228],[0.086144562359112956,51.691069545391464],[0.085980538572728402,51.691160560432586],[0.085690602833598792,51.691320517061726],[0.085636582284184956,51.691349524997307],[0.085579532502919137,51.691377508492366],[0.085467570396650511,51.691425524906073],[0.085447583511596148,51.691434509940102],[0.085426569323937926,51.691444502391086],[0.085406631986042619,51.691454565643348],[0.085375557270604571,51.691471479325116],[0.085361657889195017,51.69148053610833],[0.085315654996533888,51.69150751400155],[0.085129680147544365,51.691624539114514],[0.084737652799142527,51.691873508231119],[0.084609636764730559,51.691956420154845],[0.084511703522138534,51.692016412896947],[0.084420700721768105,51.692071428385695],[0.084395712839012593,51.692088413627317],[0.08438372001407804,51.692097436455569],[0.084360639044903776,51.692114387847596],[0.084348646206170191,51.69212341067238],[0.084322704073603941,51.692140412832686],[0.084308709368969698,51.692147403794223],[0.084294689570444489,51.692156462584322],[0.084263738083953821,51.692173463702559],[0.084248665039383275,51.692180383867452],[0.084232735591280347,51.692189386612796],[0.084164655282678524,51.692221430140592],[0.084151658686355338,51.692229392550871],[0.0841407399695972,51.692238396293568],[0.084122708943862423,51.692248425495087],[0.084077696621569761,51.692281407616342],[0.084060710573422515,51.6922933966244],[0.084022754977596106,51.692316365311498],[0.083990774446210351,51.692334372895196],[0.083957748925005959,51.692350421552142],[0.083857784375757624,51.692410360749534],[0.083839770828150834,51.692423356235025],[0.083791733058107346,51.692455403641404],[0.083780791037367519,51.692461351198901],[0.083769706793965754,51.692469368663353],[0.083744738733025362,51.692489409974584],[0.083731759588536611,51.692500338666008],[0.083718768367954485,51.692508389957752],[0.083706775297706634,51.692517412719013],[0.083692752624612246,51.692526382460002],[0.083679710419245823,51.692533355547162],[0.083668744734251357,51.692541371797667],[0.083654704407564701,51.692547374309406],[0.083639711319503623,51.69255339372193],[0.083631736949351651,51.692556411904334],[0.083615813326043842,51.692560380437236],[0.08358170200565336,51.692568357661294],[0.083567734816292441,51.692573369685768],[0.083552765385173006,51.692577321282755],[0.083539707040515304,51.692581328901127],[0.083523775864651206,51.692590331578479],[0.083491749588862921,51.692607351554379],[0.083474792475767043,51.692617361603496],[0.083459740873782218,51.692627337848272],[0.083444738743154279,51.692638391418832],[0.083431788738923512,51.692647342100003],[0.083420795131377734,51.692657335381931],[0.08339575220602595,51.692678367123875],[0.083381820121667297,51.692689311779766],[0.083368726406258434,51.692700332387417],[0.083354797030625025,51.692711367816564],[0.083340790318056177,51.692723302970336],[0.083327815094746835,51.692734320572207],[0.083303808460573933,51.692749310710177],[0.083237801488256005,51.69279534167368],[0.083221795525125944,51.692805333915253],[0.083190835662087056,51.692827369813735],[0.083174847285246115,51.692840329274212],[0.08315783148142078,51.692854295235165],[0.083085786692279451,51.69292731279301],[0.083033838318083794,51.692983343091633],[0.083026760986445403,51.692990301139858],[0.083017776672223417,51.692997293008297],[0.083010821974300902,51.693004337906721],[0.083003773909457873,51.693009317975502],[0.082995860909515912,51.693016290842401],[0.082988812799926315,51.693021270011776],[0.082978828876873342,51.693027290426002],[0.082968844951154919,51.69303331083939],[0.082959815236822207,51.693039314329319],[0.082905865548643112,51.693067331438826],[0.082879827448680207,51.693082266689025],[0.082857850147309675,51.693097310670048],[0.082834795894964328,51.693112282920389],[0.082814817714273334,51.69312926890035],[0.082734822900183122,51.693190290886449],[0.082702851194318763,51.693216299511924],[0.082687816760406416,51.693229241987744],[0.082673859174756073,51.693242254392764],[0.082660855841166891,51.693255250774456],[0.082623854673078395,51.693304273233238],[0.082607862080836467,51.693335302290564],[0.082602869575372426,51.693351303108564],[0.082600865920272951,51.693362216907602],[0.082598795847973416,51.693374300014717],[0.082595792594145998,51.693384242359045],[0.082595848717022219,51.693406266782794],[0.08256987505788059,51.693412210980505],[0.082557798412901312,51.693414222722232],[0.082467807617145519,51.693434248533073],[0.082027844289071006,51.693523227650914],[0.081020981647887458,51.693709183449272],[0.080466114815813186,51.693816194691408],[0.079861078373005906,51.693927148273062],[0.079444132764353248,51.694003124084347],[0.078833291266772076,51.694115074360226],[0.078100371235888491,51.694255072732311],[0.077958368753996587,51.694283116693427],[0.076946481218674395,51.694459057261156],[0.076673491577781458,51.694502990974868],[0.076606434363905448,51.694508042472606],[0.076567441646754358,51.694511069026554],[0.076550443889406156,51.694515055581697],[0.076543468186916652,51.694519044797858],[0.076538502362095612,51.694520030945746],[0.076534534626592168,51.694521989524716],[0.076530453850418095,51.694524039128069],[0.076482469026955643,51.694547002793556],[0.076408506267620718,51.694581034178839],[0.076400502934775252,51.69458602983201],[0.076391500148477176,51.694590054874794],[0.076382449451512249,51.694593001660664],[0.076375547038760247,51.694596000393084],[0.076367526574187869,51.694598029712367],[0.076358549232131243,51.694599986920949],[0.076325466732773309,51.694607044574695],[0.076300538886388672,51.694615036267962],[0.076299491528991556,51.694612987400994],[0.076284553457917445,51.694588978843335],[0.076267497865422876,51.694563029360282],[0.076264505106561783,51.694554991688541],[0.076254458545319023,51.694544021250067],[0.076248501600654481,51.694539002611066],[0.076232552122240949,51.694532002404955],[0.076209564602863072,51.694525037581677],[0.076015520195647557,51.694430027242866],[0.075932574884561677,51.694445068411532],[0.075844528120076027,51.694273028348043],[0.07570561738080013,51.694014055329895],[0.075700562344890782,51.694000030895872],[0.075692599330125759,51.693985067775984],[0.075683655464342234,51.693972101244711],[0.075673654400837301,51.693962119131207],[0.075655574947825321,51.693945087558099],[0.075632552140152715,51.69391906448714],[0.075604632361692972,51.693885126400453],[0.075548629583600924,51.693824084714073],[0.075521681230486748,51.693793096075979],[0.075495640522364363,51.693761103114213],[0.075467671614435169,51.693726086760485],[0.075441660545773045,51.693692114907371],[0.075415649516640426,51.693658143047877],[0.075403699223500667,51.693642082235712],[0.075386631997670261,51.693621077822549],[0.075357665301345467,51.693585090795281],[0.075329607622497505,51.693548097621893],[0.075304614480168341,51.693518153490203],[0.075281695045115116,51.693489161890561],[0.07525769725927213,51.693460098515295],[0.075237688403899758,51.69343213368419],[0.075217723342487303,51.693405157253821],[0.075195727146662339,51.693378125882568],[0.075177715799006228,51.693352104104328],[0.075157722639765612,51.693327105616916],[0.075134674932429119,51.69330315027166],[0.075120718983211279,51.693290181426633],[0.075105687598770732,51.693277141655187],[0.075078656620835044,51.693252177571047],[0.075066654360680829,51.693240163380885],[0.075052743661371796,51.693228182906402],[0.075039668637081308,51.693216187666287],[0.075022683646123425,51.693202193221083],[0.075025693043407449,51.693200162597478],[0.075005703914883787,51.693149182805804],[0.075000767753290246,51.693135156241745],[0.074995666385001672,51.693120143418241],[0.07499068497956099,51.693105127575883],[0.074985731796102878,51.693088134677382],[0.074979662079272827,51.693070172326117],[0.074974708863024153,51.693053178528437],[0.074964691029057534,51.69302719445065],[0.074958748368641359,51.69300419583719],[0.074955784089234812,51.69299417927342],[0.074953749959854613,51.692986213659012],[0.074951785108579652,51.692977168616743],[0.074948723458275454,51.69297021123203],[0.074946685221501996,51.692962155764789],[0.074939726031724149,51.692922183729387],[0.074924674542975439,51.692859160229524],[0.07492377100106512,51.692847219728009],[0.074921745374112961,51.692834219946214],[0.074920717635661077,51.692809156146552],[0.074921721077979578,51.692797181955804],[0.074922724519872447,51.692785207765048],[0.074924703905009951,51.692690238689543],[0.074929765906626047,51.692579212952168],[0.074929761389777763,51.692558266738317],[0.074933803589627826,51.692516211915567],[0.074935789321583596,51.692489207346327],[0.074935748134111926,51.692475273253592],[0.074938741725011138,51.692444205140852],[0.074940785216424499,51.692413243737938],[0.0749448104614448,51.692381258146298],[0.074949760321644895,51.692351234575668],[0.074954738314039648,51.692319232151632],[0.074962746778786615,51.692288255292318],[0.074970708579976883,51.692256290078575],[0.074982753864904064,51.692222274365974],[0.07499274263702925,51.692190274239408],[0.075003730721817791,51.692159243836478],[0.075017747856706271,51.692129239920327],[0.07502475684105657,51.692097291535255],[0.075025792863860505,51.692091250036412],[0.075026758206920993,51.692086288889648],[0.075026721437524535,51.692080265444758],[0.075027737318016999,51.692050311371247],[0.075023813122519337,51.692019275546251],[0.07501878667213123,51.692003272220354],[0.075014762294189852,51.691988330293874],[0.074989723091558755,51.691897344728702],[0.074975814086746709,51.691859293077869],[0.074972760958814735,51.69184730062598],[0.074967771266488681,51.691837319843756],[0.07496471669657781,51.691825327417128],[0.074953779020193526,51.691805292856245],[0.074941768651109783,51.691785278144323],[0.07493083655033754,51.691765333408107],[0.074917826726356218,51.691731311603405],[0.074911727605972048,51.691715327222809],[0.074906828352664837,51.691707323196503],[0.074897789212392721,51.691692290007019],[0.074889819878172129,51.691682361860231],[0.074881756069963751,51.69167036799962],[0.074873735983613146,51.691659361644945],[0.074861807557449853,51.691646356951665],[0.074846822008510713,51.691634305516359],[0.074833747509537626,51.691622310244618],[0.074815793472905567,51.69160536715345],[0.074796807762808087,51.691589340637996],[0.074777747271952286,51.691574304618676],[0.074759855449623727,51.691561315334035],[0.074742797828876772,51.691548311310669],[0.074725858809607124,51.691535306089044],[0.074713803392029668,51.691527337641617],[0.074702820757370586,51.691519351142027],[0.074666859423947296,51.691497331499527],[0.074654782952467899,51.691486307756882],[0.074525790656329874,51.691454333680397],[0.074474826984187351,51.69144336730136],[0.074422858402257999,51.691431339545872],[0.074371849586682956,51.69141938474165],[0.074347832282622359,51.691413337003439],[0.074325891123199775,51.691408329897747],[0.074303904818059763,51.691402335306499],[0.074288857219598242,51.691399364652362],[0.074275835097026788,51.691396358224601],[0.074261815087663607,51.691392381140055],[0.07422383989463649,51.691386309207864],[0.074204898099497416,51.69138430656902],[0.074172866345957378,51.691380376890088],[0.07414092086564511,51.691378334109693],[0.074076860250679472,51.691378386283134],[0.074043857561204671,51.691379328780705],[0.073980886640107421,51.691382328293749],[0.073948885975317541,51.691384332173776],[0.07391888810967838,51.691388368061979],[0.073883920626708538,51.691393301021343],[0.073852866926362906,51.691400321271544],[0.073819904886790064,51.691407376108344],[0.073773925002806953,51.69141933600244],[0.07372997608224291,51.691431349045224],[0.073684926207401552,51.691445359865604],[0.073647923095318549,51.691455362711544],[0.073610921412378669,51.691465365520443],[0.073573963442861337,51.691476356723761],[0.073536977213555996,51.69148932587084],[0.07349999096287195,51.691502295006508],[0.073462935420281872,51.691516344456829],[0.073434018427512834,51.691528361789437],[0.073374912728554106,51.691553318135398],[0.073354968504865906,51.691563289518506],[0.073337010177916953,51.691572327487989],[0.073316991070237925,51.691583288465075],[0.073272938432011089,51.69161130626533],[0.073248019937569006,51.691627298705967],[0.073240033676620533,51.691635260480041],[0.073230977372933118,51.691643331966389],[0.073170032904647811,51.69169331269336],[0.073161926662765581,51.691701277478977],[0.073152986181882179,51.691709256090114],[0.073145956783598476,51.691717291792138],[0.073136025195538648,51.691732300267944],[0.073127972281598522,51.691749253038701],[0.073120994807622117,51.691766277650757],[0.073116982999825705,51.691780283281226],[0.073111942123927173,51.691795295354098],[0.073110000930058427,51.691810252714568],[0.073112005539294589,51.691846267468129],[0.073117033087559569,51.691896252707657],[0.073121034858496886,51.691981227085641],[0.073122949589036326,51.692002229503949],[0.073125941178273604,51.692023302839786],[0.07312793157165727,51.692064261933531],[0.073129994566871415,51.692083284278141],[0.073128997474151844,51.692103259888874],[0.073130949123441175,51.692117249283726],[0.073131948059988086,51.692131256394134],[0.073130963723037956,51.692146286789892],[0.073123962085946445,51.692173200907362],[0.073118996003546557,51.692187222481422],[0.073114000253856559,51.692203222934424],[0.073108931115171832,51.692220213860324],[0.073103981930074183,51.692237201769423],[0.07309494050434541,51.692261275179632],[0.073087014291266877,51.692286227258073],[0.073077970146138857,51.692310209890167],[0.073064934135945114,51.692338218791427],[0.073051971538181479,51.692365238116743],[0.07303702442393295,51.692393190820773],[0.073020959407479352,51.692420174975219],[0.072985921488230937,51.692473204523289],[0.072965976302506605,51.692496211416525],[0.072946983819114034,51.69251920059228],[0.072926993471550669,51.692541219997082],[0.072896938893939472,51.692570157818395],[0.072836013873107008,51.69262319546938],[0.072806017175321772,51.692648177332629],[0.072773042145075767,51.692673211749252],[0.072740969176078391,51.692697152033368],[0.072717053383064958,51.692714205761099],[0.072692968308570541,51.692730183368248],[0.072669957430857551,51.692746142013959],[0.072636052215026184,51.692769125424476],[0.072601981808375723,51.692791122562312],[0.072569987615023271,51.692814162155656],[0.072514053771639983,51.692851108462705],[0.072374973754671404,51.692943102893395],[0.072362053801424422,51.69295016337756],[0.072351012543338852,51.69295916816796],[0.072326006706001214,51.692981095210513],[0.072313073851125287,51.692993100006014],[0.072302052087759971,51.693005161006276],[0.072290997960037337,51.693019111006365],[0.072281974925529138,51.693033115094643],[0.072277970052434387,51.693042085655307],[0.072275042057791963,51.693051127141018],[0.072272072919791278,51.693067091796792],[0.072271008215061064,51.693075111229746],[0.072271016327229626,51.693083112633595],[0.072273086317890631,51.693097099951245],[0.072275066050760936,51.693109111405462],[0.072278999379408168,51.693122077568702],[0.072282006783262978,51.693133082612697],[0.072287070888832419,51.693142073013767],[0.072291990805385772,51.693153133339678],[0.072298072358133375,51.693166151524778],[0.072305967995901735,51.693177070321141],[0.072315034845611303,51.6931901248592],[0.072323033634872594,51.693198075201138],[0.072341021241857872,51.693213130544692],[0.072357051155208116,51.693227141324904],[0.072374059489703019,51.693239067458251],[0.072390044310724308,51.693252090751379],[0.072413037306502476,51.693267057766178],[0.072437033801796863,51.693283086172606],[0.072458954047680005,51.693298072107154],[0.072512972788765576,51.693334067405836],[0.072540015278877143,51.693354087779255],[0.072566967479151909,51.693372131384734],[0.072591933742229428,51.693391109280761],[0.072615945798185616,51.693410104009935],[0.07263293009512177,51.693424097911588],[0.072649005332724906,51.693439097030286],[0.072679964540308173,51.69346911718273],[0.072695012143094567,51.693485122708154],[0.072708937787257719,51.693500070726877],[0.072744922869465864,51.693546093390353],[0.072761959133691476,51.693569076181809],[0.072774968435600634,51.69359006265681],[0.072785949324505786,51.693611085826809],[0.072795899896414426,51.693633025531831],[0.07280490035079086,51.693655071928916],[0.072818930756965924,51.693701032398316],[0.072826907170290264,51.693745032327129],[0.07225200672264058,51.693675075983023],[0.071135160563387839,51.693533046836968],[0.069499372750303365,51.693326074274573],[0.069024417182268288,51.693263062068169],[0.068230485062265298,51.693159006695652],[0.06817852925516206,51.692909102275202],[0.068160511084646075,51.692820059101258],[0.068078536164551506,51.692482132993],[0.068034528854803017,51.692341136313296],[0.068008550507193413,51.692271112164377],[0.067888547035075616,51.691999211315547],[0.067857565697325692,51.691937186834885],[0.067722557739622186,51.691663212829191],[0.067610672980400147,51.691433242062345],[0.067405703515678983,51.69099832099365],[0.067393719352951534,51.690968325170999],[0.067380686934667477,51.690936281317697],[0.067354691829251245,51.690876326240485],[0.067347682253563204,51.69086125676094],[0.06731966436052042,51.690767355448443],[0.067263701666811435,51.690594294751413],[0.067248678713838966,51.690547361932964],[0.067233681661959283,51.690498361276234],[0.067218684602980402,51.690449359718336],[0.067209700978878087,51.690422368520807],[0.067202742804231885,51.690395341673081],[0.067194711881931643,51.690368332806756],[0.067187684306314943,51.690342386281984],[0.067179744918180309,51.690317354157898],[0.067173715073417406,51.690292378349483],[0.067165767604813006,51.690238398545027],[0.067162673785504362,51.690212381883185],[0.067157681551809636,51.690160418343879],[0.067156733163624013,51.690134363921153],[0.067156780913070091,51.690101370423001],[0.067161693370353326,51.690036375949568],[0.067163735854838591,51.690018360355509],[0.06717068445907444,51.689982367791579],[0.067205720120728576,51.689790445153875],[0.067256745941801824,51.689551493429839],[0.067284771419566208,51.689433501159222],[0.067304729197053062,51.689316461111275],[0.067322786218117936,51.689186507980672],[0.067353761833445616,51.689028548648835],[0.067380741084399037,51.688874525535063],[0.067407793015254833,51.688732547514142]]]},"properties":{"OBJECTID":1,"SHAPE.AREA":609086.50407180004,"GLOBALID":"{299EF4AC-E8B1-4AAA-846B-5E1262E09CF2}"}},{"type":"Feature","id":2,"geometry":{"type":"Polygon","coordinates":[[[0.076808415183436257,51.660195753380449],[0.076819255060461208,51.660195561653836],[0.076821419596741422,51.660195972997876],[0.076830871673031556,51.660196704174552],[0.076834444512713665,51.660196640980622],[0.076843937717967811,51.660198271585358],[0.076861493797589206,51.660201557192387],[0.076867292765477602,51.660203252238006],[0.076874744659502989,51.66020716619019],[0.076881402542618618,51.660211992544255],[0.076894999269602721,51.660222540438205],[0.076907004707904861,51.660232217219935],[0.076915195572488687,51.660239263700795],[0.076937799612474558,51.660259091772076],[0.076960383127333498,51.660278470573466],[0.076965711549072557,51.660282870810178],[0.076988988245196732,51.660301787716186],[0.077012245860014317,51.660320255326511],[0.077037688584618749,51.660339583537151],[0.077059351615112556,51.660354483214959],[0.077081750354540415,51.660369819503224],[0.077103989547073176,51.660384259352284],[0.077121913988702023,51.66039562902278],[0.077133144217986629,51.660403971508266],[0.077144333316517918,51.66041141456374],[0.077156258156024532,51.660419295130787],[0.077168857013562644,51.660426263616564],[0.077172532606517505,51.660428446738017],[0.077184379375574291,51.660434620094414],[0.077196180943472761,51.660439805066183],[0.077208814688092847,51.66044497531518],[0.077220616261422237,51.660450160284441],[0.077232438426348748,51.660455795416155],[0.077235359182942331,51.66045709173266],[0.077250877416944544,51.660465357449858],[0.077266536159876678,51.660474071207211],[0.077280644653376473,51.660482811488883],[0.077294795693973906,51.66049245027348],[0.077305984840777067,51.660499893312902],[0.077377798293622513,51.660553012598427],[0.077409201353498366,51.660574932152592],[0.077441319595608391,51.660596839045148],[0.07744797759634528,51.660601665365476],[0.077490652135338539,51.660632824981228],[0.077528020165815059,51.660660032712045],[0.077547477842876827,51.660673622434757],[0.077565366245174919,51.660686791190855],[0.077726584943629537,51.660828317922963],[0.077840282560677654,51.660926544424349],[0.077843999293799773,51.660929625155156],[0.077862948972351118,51.660947719203328],[0.077881819860049523,51.660966713900137],[0.077900074966448879,51.660985269862323],[0.077917515569449203,51.661004289864188],[0.077940428678233462,51.661030854907622],[0.07796195812209282,51.661058432716906],[0.077982788877707612,51.661086382589914],[0.078001968089432674,51.661112113543588],[0.078040606119670397,51.661164470649879],[0.0780590702783268,51.661190215148224],[0.078067385568410586,51.661212992754294],[0.078075601466756434,51.661236220848181],[0.07808248645020377,51.661259023766355],[0.078085756666876172,51.661267955766156],[0.07809288826166691,51.661296148064608],[0.078098450511314518,51.661323918508131],[0.078104625187332841,51.661349430868512],[0.07811278435903983,51.661384437536654],[0.078117997282944357,51.661404573172007],[0.078131957121861079,51.661456917374046],[0.078131461313578371,51.661508618156724],[0.078130270937764312,51.661560781759455],[0.078128609264908153,51.661602614042543],[0.078126564688408132,51.661654343133598],[0.078123213799650898,51.661706185269189],[0.078122705568554718,51.661710688751775],[0.078119190973892041,51.661761544601013],[0.078114266589138462,51.661812875028836],[0.078113187047048852,51.661820535123503],[0.078111375953803686,51.661843491941468],[0.078109585375466889,51.661866897125584],[0.078108325032020837,51.661886248066423],[0.07810842036566068,51.661922206777263],[0.078110085035808088,51.661958586443262],[0.078110006983863112,51.661972522714784],[0.078112791138564105,51.662048977750061],[0.078113674873007938,51.662068290744593],[0.078116944467575597,51.662090258386591],[0.078120075034299366,51.662111778860357],[0.078121797255443076,51.662133773887547],[0.078123313982077808,51.662151278063909],[0.07812345784605676,51.662154422018794],[0.078123790834015147,51.662177340889727],[0.078123553913765229,51.662203415448531],[0.078122481938949703,51.662229505685318],[0.078122054490266463,51.662235806252205],[0.078120392844073544,51.662277639429568],[0.07811996539485222,51.662283939996399],[0.078120168323408762,51.662335268703401],[0.078120250555305484,51.662337065762458],[0.077479030687998343,51.662164026826375],[0.077093600879009336,51.662273781582542],[0.076152328356334092,51.662541968341948],[0.07594493457885286,51.663195162039941],[0.075922554645513715,51.663258487689191],[0.075863455094517418,51.66342099225438],[0.075860333677165395,51.663430936563032],[0.075823652401685648,51.663530925021469],[0.075789989471164512,51.663623936730453],[0.075787668256393728,51.663630540540176],[0.07577932552640948,51.663654062401456],[0.075742926585501677,51.663757641066177],[0.075707103675498391,51.66386075990593],[0.075703945232934167,51.663869895532841],[0.075700986823470331,51.663878219191886],[0.075649552587670907,51.663866722245146],[0.075641405185039007,51.663925840414763],[0.075635665899531759,51.663925492237432],[0.075627010363706851,51.663926544493862],[0.075614210185937974,51.663930816511026],[0.075605657278892374,51.663934114194134],[0.075602838930283398,51.663935062369482],[0.075588469324576357,51.663938912497109],[0.075582159974603699,51.663941720892673],[0.075570850356067962,51.663947315442684],[0.075567218855865037,51.663948727618752],[0.075558152795096561,51.663953832882115],[0.075546822595776941,51.663958977266006],[0.075545316218248337,51.663959903149042],[0.075543211627565887,51.663960838706686],[0.075494890403342049,51.663983538452761],[0.075479884724545629,51.663981286663159],[0.07547400646250807,51.663980492205262],[0.075430395509315504,51.663975868387922],[0.075410062255472893,51.663974430158468],[0.075386868137995736,51.663973041590431],[0.075365063410869224,51.663970730104012],[0.075353488330148696,51.663970485055991],[0.075342627051650873,51.663970228290296],[0.075336928784633023,51.663970777730697],[0.075308776891578388,51.663973073797315],[0.075235278607035522,51.663977069636402],[0.075216456405904866,51.663977402282299],[0.075194080149025955,51.663978247363609],[0.075160904118796223,51.663980181657536],[0.075146510715980969,51.663980885652428],[0.075126993835614164,51.66398168018889],[0.075108249051091189,51.663981112192722],[0.075086485391140767,51.663979699185433],[0.075037753928208856,51.663975166610598],[0.074975379198900072,51.663969526220669],[0.074972499291435693,51.663969127482993],[0.074965926320003359,51.663968794004859],[0.074960089082635503,51.663968897153637],[0.074957965437207785,51.663969384308402],[0.074952267206162562,51.663969934628703],[0.074940835779785789,51.66397283350021],[0.074927159337498647,51.663976221669458],[0.074922953059229719,51.663978093610325],[0.074917990560370198,51.663979080556516],[0.07491358373400589,51.663979158426969],[0.074909968092753146,51.663978323060178],[0.074904151381329748,51.663978875471727],[0.074897718859659457,51.663978989136254],[0.07489412374597583,51.663978603034529],[0.074888245493697853,51.663977808547173],[0.074874545320758976,51.663978050630931],[0.074863889188511931,51.663982283780946],[0.074849680479903313,51.663987030231027],[0.074841065924980632,51.663988980062456],[0.07483314609015114,51.663990468888727],[0.07479992902105248,51.663991505448273],[0.074775408572508292,51.663992388336261],[0.074771140749169643,51.663992913373541],[0.074745091892133492,51.663994271989907],[0.074721450810893889,51.663998735455934],[0.074710712598288223,51.66400117242835],[0.074683537971346511,51.664006597576169],[0.074670676104235501,51.664009521694801],[0.074648506429890973,51.664014857505968],[0.074644159728926532,51.664016283188744],[0.074639238228052379,51.664018167755962],[0.074635627258245379,51.664020030067739],[0.074632870457605346,51.664022326016919],[0.074622991072925693,51.664027894305988],[0.074597759779017836,51.664044522208343],[0.074596431945030961,51.664046792910099],[0.074591025584082107,51.664056327923305],[0.074589678711025842,51.664058150232343],[0.074587760218242191,51.664063128239782],[0.074585126558306625,51.664068119781689],[0.074582271797615007,51.664070867088618],[0.074578902363450814,51.664075421102204],[0.074574778158158828,51.664079090093367],[0.07455293529502624,51.664091612365574],[0.074545179582625631,51.664096694399305],[0.074530460751410316,51.664105944306556],[0.074522704992988409,51.664111025440327],[0.074510823614890295,51.664119776486622],[0.074507496661995673,51.664125229004014],[0.074502680937326246,51.66413205670797],[0.074502028702842282,51.664133416216387],[0.074491006146795574,51.664145298586277],[0.074477798314543098,51.664156319405912],[0.074467326811610834,51.664164595911586],[0.074464549470609487,51.664166442591302],[0.074458896872962074,51.66417058820786],[0.074456834740747629,51.664172422252143],[0.074454201060338607,51.664177413791293],[0.074452754736260479,51.66417968658461],[0.0744501224588342,51.664184677199565],[0.074449489341257197,51.664186486897421],[0.074445590786425639,51.664195096009422],[0.074443018631419527,51.66420143444676],[0.074440410047265565,51.664209571141249],[0.074436489562085012,51.664217731911378],[0.074431716266844111,51.664225457219814],[0.074472011806311258,51.66436373082167],[0.0744806542246296,51.664393695136859],[0.074500430588405414,51.664461219830478],[0.074505683313739107,51.664482253262825],[0.074518863302204433,51.664533263641552],[0.074528675028252556,51.66457318544402],[0.074540388214289266,51.66462601934758],[0.074535497430645484,51.66467555136731],[0.07453564105930896,51.664678695327986],[0.074530426543550757,51.664723736784431],[0.074529551541913763,51.664735888607474],[0.074526394589002037,51.664776400128098],[0.074524274038697269,51.664779583190665],[0.074518945053119137,51.664788218474726],[0.074505964213472456,51.664804180295896],[0.074499760432218898,51.664811930878194],[0.074485472241723874,51.664830612663458],[0.074484798069590116,51.664831523830173],[0.074416671040889962,51.66490878289089],[0.074368641648187114,51.66496402109135],[0.074328696619448145,51.665008328080553],[0.074326696012111587,51.665011509919729],[0.074318594176054451,51.665024688660154],[0.074315900270454774,51.665028331475234],[0.074306388504134818,51.665041984749514],[0.074291508031771092,51.665063373841932],[0.074273098564852966,51.665088422296499],[0.074224184150236489,51.665095579344054],[0.074174653900880419,51.66510229762099],[0.074125816895283511,51.665108554003652],[0.07411503738859343,51.665110093291574],[0.0740667765886769,51.665115889843648],[0.074017878035049056,51.665120799283152],[0.073969694653963039,51.665125695171412],[0.073937989252517877,51.665128503294369],[0.073895463249285781,51.665131951246671],[0.0738521809785887,51.66513451328386],[0.073814020910339104,51.665136985741924],[0.073725986345686875,51.665141237343867],[0.073692032659808823,51.665141836964501],[0.073653056215659887,51.6651420756466],[0.073613203587990547,51.665141430532159],[0.073593645185683149,51.665141327186262],[0.073526351903994008,51.665140267356726],[0.073495969777412143,51.665138106983143],[0.073348229973214829,51.665116892605454],[0.073180892299997191,51.665094675169364],[0.073135789987219271,51.665088728840111],[0.072927700235420639,51.665061836780083],[0.072884189335844798,51.665056760617674],[0.072829676522703918,51.665050981193104],[0.072775856953702894,51.665044738978828],[0.072721303113232882,51.665038060072909],[0.072636959540591614,51.66502651412025],[0.072447692962088056,51.664999288067001],[0.072338503565008636,51.664984134654553],[0.072243256142884557,51.66497143107064],[0.072193845156967848,51.664965111689241],[0.072057806162657903,51.664946834806052],[0.071831541626414599,51.664916125840868],[0.071685967983150453,51.664895320787735],[0.071750990224432071,51.66473684875713],[0.071808250743687629,51.664596403430672],[0.071860760353990458,51.664464223329453],[0.071901065261988084,51.66436507150469],[0.071905618034962773,51.664355102053086],[0.071943878400240954,51.664258144500806],[0.07197126491858212,51.664192034448057],[0.071990202637109812,51.664147199695627],[0.072052222034320754,51.664001366442314],[0.07206136541086075,51.663979629244473],[0.072077607905809651,51.663941045104622],[0.072092625982843148,51.663904371006666],[0.072111399512743049,51.663855943002929],[0.072123031891988029,51.663826071269071],[0.072129520743481057,51.663808875390821],[0.072134623215739574,51.663795300102841],[0.072142377105267733,51.66377448667361],[0.072148804483700313,51.663755943893804],[0.072152621440930001,51.663745537787676],[0.072187635050439167,51.663642793169082],[0.07220365151950249,51.663596661942393],[0.072234179336243223,51.663505324399637],[0.072243075160988698,51.66347819781442],[0.072281478065514965,51.663368740649645],[0.072302263991423241,51.663286025320609],[0.072318298586147342,51.663224610893302],[0.072336210801715678,51.663157319058826],[0.072337436258800333,51.663152802948169],[0.072347840714234682,51.663111714851439],[0.072372086391187224,51.663018599695043],[0.072376154598352074,51.663003245034048],[0.072378226469853715,51.662983340297934],[0.072379928320429152,51.66297620883465],[0.072388551707659662,51.66291177779604],[0.07239872990757909,51.662850017084082],[0.072407090422174761,51.662795479804494],[0.072439785879912913,51.662519179946365],[0.072473038014642277,51.662513737971821],[0.07269339518391317,51.662477933890919],[0.072872802322466124,51.662448696569058],[0.073369467518775794,51.662367468377887],[0.074245646442484117,51.662224335519085],[0.074090858909393528,51.661873673539674],[0.074086468615629439,51.661858468220331],[0.074070287147277203,51.661804364298497],[0.074053390547710457,51.6617502730059],[0.074050832151534948,51.661741238400523],[0.074027341214391709,51.661670632727905],[0.07401620693546361,51.661633071401965],[0.074004990649907412,51.661593713909141],[0.074002436335363936,51.661584768256972],[0.073993142686358385,51.66155616518666],[0.073985397816958245,51.661527533860443],[0.07398370084876478,51.661521720463305],[0.073973076690937584,51.661479654738201],[0.073972974150319226,51.661477409306706],[0.073969213900206165,51.661457697469714],[0.073966067974884364,51.661438424410349],[0.073963732557232389,51.661418598380322],[0.073962114925326686,51.661398848698603],[0.073961909804747844,51.661394356936974],[0.073959681034529837,51.661376866191439],[0.073931877711384208,51.661021263268076],[0.073950637196753349,51.661019583941801],[0.073985157939674154,51.661015827710088],[0.074015272135528803,51.661012149301889],[0.074069714537814052,51.661000848907449],[0.074094861890294031,51.660995459697475],[0.074144266069785317,51.66098604677623],[0.074154288446428782,51.660983622494854],[0.074180010545624245,51.660977774384747],[0.074205831994357971,51.660971473986301],[0.074255765210156255,51.660958005915752],[0.07426292838341296,51.660955632133494],[0.074373446983032623,51.660921765110359],[0.074451201933956768,51.660898815575649],[0.07445965496717348,51.660895969364887],[0.074500317272483033,51.660883114606236],[0.07454095903298677,51.660869810567853],[0.074577928479299227,51.66085702102616],[0.074641207261915546,51.660832978242574],[0.074685259131520132,51.6608160177733],[0.074738556585517757,51.660795298694566],[0.074791016218527615,51.660774503570451],[0.074845742399915025,51.660753758297645],[0.074901204210946301,51.660733449628239],[0.074905530108305488,51.660731575571489],[0.07496305382338822,51.660709432822181],[0.075019169102923264,51.660687763663063],[0.075070424825900858,51.660669327755471],[0.075121540065084411,51.660650444679426],[0.075135013474098858,51.660645261553221],[0.075158546970696835,51.660635855776043],[0.075174123372466622,51.66062973712134],[0.075199639897516657,51.660619397032448],[0.075245979018544656,51.660605542426403],[0.07530450021694407,51.660586978006812],[0.075309441809423533,51.660585541782275],[0.075360923037852592,51.660572045875696],[0.075384500730299217,51.660566235400402],[0.075430309316475291,51.660556435855476],[0.075476097351920055,51.660546187027215],[0.0755211702144888,51.6605359508224],[0.075523988314851992,51.66053500175228],[0.075564078514930105,51.660525303233385],[0.075602698776009655,51.660514731427327],[0.075674187824153624,51.660498184834282],[0.075707849175530223,51.660491296783022],[0.075742246200394603,51.660484845345373],[0.075749451689436004,51.660483369080957],[0.075783195151837415,51.660478278070627],[0.075816204325631367,51.660472749503931],[0.075843416330365288,51.660468222672428],[0.075875669310875526,51.660461809099601],[0.075908637432379245,51.660455382874595],[0.075928699586515602,51.660450892502332],[0.075959501706606258,51.660444054928298],[0.075990145762717606,51.660436321782775],[0.075999473260382991,51.660434358356987],[0.076057345086865735,51.66041985079702],[0.076173167425110433,51.660389934042932],[0.076215320649215365,51.660378400307401],[0.076263108595922877,51.660364969305903],[0.076295931416543075,51.66035539903946],[0.076305301405644038,51.660354334094947],[0.076314572019150567,51.660353720535582],[0.076329104704208742,51.660353463554991],[0.076337821160217562,51.66035375905016],[0.076347173929020046,51.660354942549887],[0.076358811111035804,51.660356534382409],[0.076374978000449456,51.660360743884951],[0.076384981020868228,51.660357870124763],[0.076467591881447611,51.660331685969012],[0.076492414775540807,51.660321807490369],[0.076492353195441481,51.660320460592779],[0.07649300672217621,51.660319100149685],[0.076494471921646573,51.660317276623246],[0.076495881676981348,51.660316802063917],[0.076497248906682497,51.660315428999354],[0.076497923014725258,51.660314518720128],[0.076499331325196887,51.660314044186329],[0.076500005392110534,51.66031313300855],[0.076502108309837669,51.660312196562316],[0.076503518106027776,51.660311722901419],[0.076507842410054372,51.660309847913709],[0.076530685570286278,51.660303600567204],[0.076543809300493079,51.660301211158732],[0.07654848778980794,51.660299239980063],[0.07656134374961443,51.6602936188782],[0.076573490740659431,51.660290707185624],[0.076586310350155479,51.660286884339115],[0.076598394268754047,51.660282624873467],[0.076610459129354269,51.660277917014241],[0.076622543043254013,51.660273657546156],[0.076629012821080172,51.660271745509348],[0.076645364182398215,51.660266960937918],[0.076657326323972694,51.660260006747265],[0.076669348643418692,51.660254400376978],[0.076681392905745591,51.660249242346758],[0.076694984523687643,51.660244057847763],[0.076707763024591688,51.660239336457607],[0.076719092173109724,51.660234191970346],[0.076738258305541734,51.660225762372107],[0.076775000660892809,51.660208031129955],[0.076777062522853795,51.660206197046818],[0.076782776010970416,51.660203398221192],[0.076789105315261841,51.660201039031286],[0.076791208221767659,51.660200102579992],[0.076797677981820467,51.660198190534032],[0.076808415183436257,51.660195753380449]]]},"properties":{"OBJECTID":2,"SHAPE.AREA":120906.85167020001,"GLOBALID":"{A27EA42F-7CC3-4DE3-B7EC-60FFFFB13B45}"}},{"type":"Feature","id":6,"geometry":{"type":"Polygon","coordinates":[[[0.098696365892642385,51.685479442804237],[0.098385338705489628,51.685483381759958],[0.0983843502783813,51.685428471018454],[0.098367409484253002,51.685428414000206],[0.098317338110038829,51.685426431898456],[0.098285372922023981,51.685426463452337],[0.098285344310251363,51.685428441429139],[0.098185338634761019,51.685427441333466],[0.09810034172211235,51.685423386227704],[0.097960427346504952,51.685423458599161],[0.097828405198404716,51.685421411464205],[0.097747441238826199,51.685419441381143],[0.097697415585201439,51.685418447380854],[0.097664506841566467,51.685408426641835],[0.097620461340467812,51.685397436670748],[0.097683420630634718,51.685252472447822],[0.09768448566958142,51.685226472100098],[0.097685466280580474,51.685206406556034],[0.097691470179671586,51.685101476559602],[0.097816496320906096,51.685104457240435],[0.097833481243828929,51.68510550273156],[0.097892499605213096,51.68510750506789],[0.0978984827839708,51.685012463653571],[0.097818444956874348,51.685012454546154],[0.097822488543938213,51.684924460185556],[0.097830512491675542,51.684757462459693],[0.097834469862258036,51.684680527795962],[0.097837479503136204,51.684629500562977],[0.097839460828615069,51.684579480880494],[0.09784041944153915,51.684530558574266],[0.097840493724655003,51.684529568064875],[0.097837461630441699,51.684497527750423],[0.097835502769841862,51.68448353883084],[0.097834525080394877,51.684467554019783],[0.097825478687600179,51.684372511291691],[0.09782244840403255,51.684180539011564],[0.097746538251088699,51.683428623405291],[0.097742574968098628,51.683399656291485],[0.097743562105584589,51.683392626253379],[0.097742477063724006,51.683384644945349],[0.097741484803929496,51.68337863944604],[0.097739571678408507,51.683365637989539],[0.097729497514016453,51.683338668467648],[0.097695513276345861,51.683266636209204],[0.097696539160623166,51.683252682999111],[0.097696566353988643,51.683250705047328],[0.097698553182897371,51.683244646335893],[0.097701545953604266,51.683221668121661],[0.097708513556601484,51.683155647015234],[0.097700537865564499,51.68311470512149],[0.097682514663646372,51.682995729814941],[0.097652607771772565,51.682828690151105],[0.097613548541854278,51.682659746556347],[0.097602624487180323,51.682642771257683],[0.097555562449745989,51.682607741360314],[0.097518650189091005,51.682469774761664],[0.097528635876141564,51.682458719000216],[0.097549580510087844,51.682444769733841],[0.097560539912124336,51.682436753153183],[0.097564528724032054,51.682432726078325],[0.097570575376922847,51.682426774708148],[0.097573638849818012,51.682420786693946],[0.097577563490867242,51.682412804932945],[0.09757755697850129,51.682399769418772],[0.097564593534981911,51.682325743903981],[0.097555626840686388,51.682291742178265],[0.097546545788938732,51.682257832419999],[0.097537647812042577,51.6822227503569],[0.097530610303173296,51.682191770747565],[0.097524572421603409,51.682161761567542],[0.097517653456563033,51.682130779840051],[0.097513647155080749,51.682113770904671],[0.097508566870506977,51.68209678025157],[0.097506664044906641,51.682078834490056],[0.097504651007091825,51.682068801461689],[0.097504592862518738,51.682059812626868],[0.097502624062202281,51.682050767991178],[0.097500639577650303,51.6820078315343],[0.097491570116265372,51.68194578201026],[0.097488661211651853,51.681913830302072],[0.097486603402761676,51.681853813764604],[0.097482607270781091,51.681831859631124],[0.097451681664978321,51.681678862906182],[0.097429619767358186,51.681562836397866],[0.097404636293103822,51.681442906229812],[0.09740069190889182,51.681416905410472],[0.097398637834289412,51.68140084988795],[0.097364646125536192,51.681289891513721],[0.097327613349060066,51.681169906739854],[0.097296708863308379,51.681068962192967],[0.097273696380081529,51.680983968007226],[0.097282114690276117,51.680983795187373],[0.097406239938888625,51.680975761131101],[0.097513239676373167,51.680974749367287],[0.097688213843308641,51.680973422623467],[0.097691104605235599,51.680973370988632],[0.097751893667561665,51.680974083671643],[0.097774159760477194,51.680973685940444],[0.09780966836584995,51.680972956333029],[0.097835939375087333,51.680972231661002],[0.097883666711041192,51.68097074061275],[0.097938591176002773,51.680969759447478],[0.09795806227808275,51.680968512354141],[0.097979062791304444,51.680967367428472],[0.097984600001532585,51.680966954668158],[0.098030620997934803,51.6809639751974],[0.098082581289148235,51.680957922051846],[0.098124572445692448,51.68095294714599],[0.098340506113883216,51.680917983823548],[0.098413541150541281,51.68090598037714],[0.098641537190569631,51.6809229426066],[0.098802513476890355,51.680934989904451],[0.099226422802484532,51.680968946346681],[0.099461476498083484,51.681006997912242],[0.099540437621480043,51.681019969912811],[0.099848366977738509,51.681070921602213],[0.099881380678594603,51.680907972144617],[0.099925416780868026,51.680710034202463],[0.10003535003254119,51.680583017656147],[0.10010141476002889,51.680508027893268],[0.10011934309288963,51.68048307482006],[0.10014535334662585,51.680393069695285],[0.10015638284300049,51.680353046129611],[0.10016939572973073,51.680312088734702],[0.10018340826608822,51.680272102644267],[0.10019233445120469,51.680251085630452],[0.1002003539182115,51.68023107491387],[0.10020940005232816,51.680210055753399],[0.10022234316778435,51.68018303449648],[0.10023442792767173,51.680158095982151],[0.10026140641664082,51.680107089604121],[0.10027439517038057,51.680081055808692],[0.1002894130021028,51.680055075648781],[0.10032439094264896,51.679999071996285],[0.10033841049649685,51.679972120499684],[0.10034440660633069,51.679965091673665],[0.10034842203742628,51.679959086555684],[0.10035339135427343,51.679953063478223],[0.10036037258359608,51.679944128591274],[0.10036739539237315,51.679936092218007],[0.10037234608424171,51.679927103720651],[0.10038042263058489,51.679916080949745],[0.10038336705237084,51.679910094985601],[0.10038632724516509,51.679907075390709],[0.10039137081573579,51.679900062699161],[0.10039741676575881,51.679894111188929],[0.10040441519583418,51.679888142642938],[0.10041236339263329,51.679882067183797],[0.10046231205326679,51.679835144412699],[0.10048536366595784,51.679810099643809],[0.10052332312107204,51.679772112286109],[0.10055937322055888,51.679734159067536],[0.10059637446987039,51.679696098898248],[0.10061538765900827,51.679679127034461],[0.10065133777068089,51.679644142226216],[0.10066038955652057,51.679636159466931],[0.10066733945290662,51.679629112663264],[0.10067531875269893,51.679621148187699],[0.10068736059801686,51.679608166922051],[0.10070035491180343,51.67959516861746],[0.10071239674319281,51.679582187349347],[0.10074039445189116,51.679553188142229],[0.10076636165235513,51.679524136224181],[0.10079233293734578,51.679495173253521],[0.10083937622418859,51.679442189131862],[0.10086238312829587,51.679416155900817],[0.10092032136347953,51.679351201059021],[0.10093632845715279,51.679331136415499],[0.10096530683872584,51.679300142139255],[0.10098835787429332,51.679280221247936],[0.10100037104418159,51.679269217929551],[0.10101135757331449,51.679259223060079],[0.10102532431203856,51.679249173972252],[0.10104127434713761,51.67923819014193],[0.10107634596768598,51.679215177447446],[0.10108136506426725,51.679210233455493],[0.10109530327929329,51.679202162337639],[0.10110029532474585,51.679199196297091],[0.10111834446656291,51.679187186615565],[0.10113035199951455,51.679181218329589],[0.10113526979302133,51.679179241900499],[0.10113832284616611,51.679178198991757],[0.10114536678431028,51.67917321786986],[0.10114733010227649,51.679169226906851],[0.10115033595295291,51.679167195658572],[0.10117427216435164,51.679143214029551],[0.10122733526845419,51.679099201845467],[0.10132429950867557,51.679014219865365],[0.10137332982838072,51.678973246424412],[0.10141934726939854,51.678934216216113],[0.10146231300890952,51.67889622798301],[0.10150630541681269,51.678857233976039],[0.1015403110711066,51.678829205267419],[0.10157229040310818,51.678801213709718],[0.10160233486422261,51.678775234237378],[0.10160632571619747,51.678771296907712],[0.10161726351195233,51.678760223741484],[0.10162722309036276,51.678751235474628],[0.10163825508212278,51.678742228014976],[0.10164928702790477,51.678733219655825],[0.10166027468969495,51.678723223803431],[0.10167228759272472,51.678712221317319],[0.10168327379913215,51.678702225488735],[0.10171627960249907,51.678673226336024],[0.1017512686258884,51.67864329242186],[0.10178530103012803,51.678613286591144],[0.10181324202823135,51.678588243966828],[0.1018402062425585,51.678565286212226],[0.10186831558593495,51.678541318771742],[0.1018842437385345,51.678527279535096],[0.10190222932276534,51.678511315029532],[0.10368905630860437,51.678717285619925],[0.10414303208585106,51.678767317384754],[0.10438000587863989,51.678790311539338],[0.10450597577946492,51.678806303721835],[0.10469395658582348,51.678827297583318],[0.10545880807789067,51.678917332155528],[0.1063656787882743,51.679027289726193],[0.10637270915356312,51.679050267381747],[0.10637974229267416,51.679073335812198],[0.10638472460817819,51.67909329452052],[0.10639170772046107,51.67911528473708],[0.10639674004502853,51.679136320759],[0.10640170183479075,51.679153312281031],[0.10640669337709931,51.679168326698623],[0.10641077122801204,51.679184255863916],[0.10641369556737811,51.679193283225949],[0.10641773671668205,51.679203278841314],[0.10641970719137998,51.679212324211591],[0.10641974385653619,51.679218256862654],[0.10642169106517228,51.679224245170708],[0.1064217333460524,51.679230267646908],[0.10642574269192204,51.67924727625153],[0.1064356678523726,51.679281261062812],[0.10643967366228051,51.67930330467955],[0.10644474628863143,51.679325239234878],[0.10644970453232654,51.679347264868241],[0.10645571619366008,51.679366305851183],[0.10646568868100614,51.679401278096023],[0.10647264511252666,51.679425247154967],[0.10647972002664166,51.679449213188931],[0.10648675469130993,51.679472280685772],[0.10649665313921218,51.679508243440338],[0.10650364557098828,51.679525289358509],[0.10650972719900492,51.679543249973115],[0.10651669283016799,51.679562273840972],[0.10652165616121893,51.679579265329799],[0.10652672397273487,51.679588254240251],[0.10652969423745051,51.679598269959875],[0.10653672835853055,51.679616213487591],[0.10653967956343155,51.679623262894616],[0.10654464793095256,51.679635220242282],[0.10655272688233951,51.679660247371835],[0.10656263959323546,51.679686230791603],[0.10657262495804418,51.679711223722776],[0.10657764339024869,51.679724259281315],[0.10658270348861119,51.679738192451623],[0.10658764783969854,51.679752218523042],[0.10659863298874278,51.679778181802995],[0.10661069480191943,51.679804216593588],[0.10662263666643804,51.67983025353459],[0.10662770597262643,51.679839242413841],[0.10663769637706172,51.679859200300001],[0.10669367174112711,51.679978213028235],[0.10676059041441079,51.680135147186377],[0.10683557112125343,51.680296161389421],[0.10690662036842821,51.680452122102004],[0.1069455523232674,51.680543121926299],[0.10696459043904236,51.680578111332132],[0.10699258419967737,51.680626154663237],[0.10733348633234271,51.681179036828169],[0.10732857317953404,51.681217062909326],[0.10733157071654803,51.681243080424174],[0.10734152074343428,51.681316080839295],[0.10734948584344543,51.681372035455809],[0.10736749335095777,51.681431046297881],[0.1073854996906929,51.681508036932257],[0.10740655568635112,51.681589018602089],[0.10742252787297318,51.681653010980547],[0.10742449862631566,51.681662055428468],[0.10742643703419086,51.681672988899578],[0.10746452289184819,51.681756002130541],[0.10757440698442819,51.682010964516472],[0.10763147290769585,51.682137957924816],[0.10769248611956897,51.682295986711324],[0.10774737198774198,51.682429941679437],[0.10780038366782459,51.682574897614771],[0.10783937425845416,51.682661940248117],[0.10786240093348611,51.682710882754058],[0.10788138993896025,51.682749917756468],[0.10790639242994395,51.682802869654822],[0.10794542031310818,51.682895844890105],[0.1080233293087304,51.683011856337131],[0.10789934557085538,51.683056873861773],[0.10775435483372067,51.683111888543706],[0.10750739456809627,51.683210805666839],[0.10742548086619036,51.683244818866712],[0.1073443996588473,51.68327881796943],[0.10728139211406409,51.683303861632616],[0.10715946872277482,51.683354775598637],[0.10708342506682184,51.683386795689906],[0.10700852795018755,51.683417806876101],[0.10687643827867803,51.683475824526695],[0.10681748180257108,51.6835007952605],[0.10676150855454512,51.683525803273326],[0.10668651005347499,51.683559781822389],[0.10661246403671375,51.683593744136495],[0.10653751536219733,51.683628800804449],[0.10638157142590929,51.683699741850191],[0.10630552164257741,51.683736796483913],[0.10624758616794151,51.683765794376313],[0.10618950531002477,51.683796773214461],[0.10612953897343518,51.683825717543051],[0.10607057660791801,51.683855722945715],[0.10600958757913126,51.683885763762014],[0.1059506250556532,51.683915769105937],[0.10591563012283639,51.683932758628195],[0.10589454987052549,51.683943745177039],[0.1058235522064196,51.683981697183967],[0.10576162789810539,51.684014722190199],[0.1057136196642238,51.684041743297847],[0.10566556138289723,51.684067687072428],[0.10561862561818411,51.684094689810621],[0.10555858073609303,51.684129658478781],[0.10543964011929761,51.68419867676041],[0.10536966326710734,51.684240655946518],[0.10530064157934628,51.684282707892891],[0.10523161704056566,51.68432466992288],[0.10515261331993898,51.684372654166857],[0.10507568601900333,51.684421680246835],[0.10499868170267819,51.684471606913164],[0.10492170158978324,51.684524678697272],[0.10484364606360976,51.684577680676767],[0.10473071733253343,51.684660614396485],[0.10469463426442067,51.684687602109655],[0.10465962783554444,51.684714659543566],[0.1046176455322174,51.684745618860291],[0.1045367098459157,51.684808560480249],[0.10450664569396156,51.684831574366839],[0.10447968338147615,51.684854622588468],[0.10444973765957483,51.684877633438511],[0.104413745884576,51.684906596893839],[0.10437775406382541,51.684935560338538],[0.10434176636418326,51.684964613623656],[0.10427675287026486,51.685018550558695],[0.10424372674479489,51.685044584097518],[0.10422371431899578,51.685060585249722],[0.10420274784546524,51.685076603491972],[0.1041837606792921,51.685091597084245],[0.1041587746525714,51.685113530711384],[0.10414468831944425,51.685123582298637],[0.10412768715716261,51.685132517072162],[0.10410773515477015,51.685139527243329],[0.10408969249194731,51.68514659312924],[0.10403775523154395,51.685163525910774],[0.10401172067081033,51.685170555111519],[0.10398170143253732,51.685176576582975],[0.10392174382224018,51.685182594827005],[0.10387869824493211,51.68518552417725],[0.10383179498700884,51.685187532534627],[0.10378777935595458,51.685187512578146],[0.10374073194689376,51.685191591773616],[0.10369680787065363,51.685193546711012],[0.10360478271740203,51.685202567195994],[0.10355782270422643,51.685208532293977],[0.10351081834786117,51.68521350988334],[0.10346080639668125,51.685220518788753],[0.10335681665404739,51.685236495103709],[0.10329978697942691,51.685246507248962],[0.10324382980731106,51.6852564992599],[0.10318684585002487,51.685267498815072],[0.10315088127403758,51.685276503267538],[0.10311486027092419,51.685258539090022],[0.10300987504220668,51.685201534803099],[0.10283683946399674,51.685117519413986],[0.10279886871023557,51.685111546577964],[0.1027209143766855,51.685089568821631],[0.10261084748248227,51.685015573771629],[0.10258386161445079,51.684999515066416],[0.10256994092918113,51.684992572928032],[0.10255394509554298,51.684984587931048],[0.10251897018199634,51.68496858321123],[0.1024989153427628,51.684978560699747],[0.10247993454606169,51.684988519856269],[0.1024519552031674,51.685002506009404],[0.10243791973142352,51.685008510720237],[0.10058916815036351,51.685312461106221],[0.10052811444393024,51.685315440642199],[0.10046608381709272,51.685320505909829],[0.10034910491252758,51.685326463928298],[0.10030721133865184,51.685328472106519],[0.10020320720182928,51.685336445185399],[0.10015114657525459,51.685340432737362],[0.10005616401578282,51.685347435027019],[0.099595212515739717,51.685377432361541],[0.09954129087197397,51.685382442095403],[0.099527260670199957,51.685383412319887],[0.0992053299149325,51.685409483949677],[0.099166222591373934,51.685412430200834],[0.099007289601087151,51.685411405844746],[0.098810354540874099,51.685411419214311],[0.098777316790893785,51.685411470069873],[0.098697322544483809,51.685412449960822],[0.098696365892642385,51.685479442804237]]]},"properties":{"OBJECTID":6,"SHAPE.AREA":400230.93351454998,"GLOBALID":"{21F218B9-DC59-4D4D-BBAB-DF34D09926D8}"}},{"type":"Feature","id":5,"geometry":{"type":"Polygon","coordinates":[[[0.091940335805438311,51.679784983019523],[0.09191134044896912,51.67977695837574],[0.091853394090731538,51.679471971708494],[0.091847327830751765,51.679373998733453],[0.091847390089236702,51.679352062055372],[0.091848429578058249,51.679328040579115],[0.091850348535951115,51.67930499172035],[0.091850428896905478,51.679286021367531],[0.091854326185165813,51.679267072951255],[0.091856385900176474,51.679247078158561],[0.091861413730762814,51.679206084108728],[0.091866323036380634,51.679165092169619],[0.091873422754273099,51.67912505039525],[0.091885428493910015,51.679062086403185],[0.091890320369639233,51.679031073824788],[0.091891437645739052,51.679019097404883],[0.091896386525755352,51.678997073680492],[0.091899354571919459,51.678976073523572],[0.091909373523925392,51.678932113840339],[0.091915405601979097,51.678905126705878],[0.091921386531838595,51.67887706137391],[0.091928325506451039,51.678849068901307],[0.091947388964224372,51.678789125677909],[0.091968427562846303,51.678728068158051],[0.091989395843547289,51.678668090994314],[0.092047345172371509,51.67851512744101],[0.092056405596366325,51.678489165457073],[0.09207738100412495,51.678437098909704],[0.09209335618162641,51.678398157063327],[0.092108329219763987,51.67835815485828],[0.092127328669720163,51.678320148312046],[0.092135435844801564,51.678307148105873],[0.092141398188977666,51.678294186109518],[0.09214735638812814,51.678281134260956],[0.092178360000215342,51.678211179072214],[0.09220733451827641,51.67814117009798],[0.092237379953834728,51.67807114293506],[0.092255335612820691,51.678031176595837],[0.092272382910020712,51.677992215619717],[0.092289426078323841,51.677953165687811],[0.0922974030661598,51.677932166199938],[0.092305429791839991,51.677912245832886],[0.092312330220071168,51.67789117559871],[0.092328339874551246,51.677858167297103],[0.0923633433930518,51.677792186542959],[0.09239634791283112,51.677724263028537],[0.092429395203459275,51.677657237998432],[0.092495396965603896,51.677521212094],[0.092528355577031624,51.67745230107159],[0.09256138433995835,51.677382309680006],[0.092593421030020759,51.677319258436725],[0.09262438938749383,51.677256316146234],[0.092656425905625756,51.677193264886448],[0.092684359129686825,51.677134331595717],[0.092713360566014771,51.677075290235194],[0.092741412158835856,51.677016354819521],[0.092757393796457949,51.676985324416705],[0.092771349161671859,51.676954330121028],[0.092787405143907153,51.676922309205814],[0.092802335196400118,51.676894354111276],[0.092818407852199497,51.676865299543522],[0.092834410246037696,51.676837325334098],[0.092865338932868441,51.676768360453373],[0.092929307260441504,51.676606389168654],[0.092980415316588169,51.676504340641451],[0.092989359984313721,51.676491415368453],[0.092995345119386355,51.676476385523358],[0.09300340615553794,51.676462396889136],[0.093019369255887788,51.676428400126262],[0.09303640470069259,51.676394384248454],[0.093052369157543627,51.676360386556979],[0.093076399700467508,51.676307366990081],[0.093120335214699715,51.676202389656261],[0.093134346303092128,51.676167438484413],[0.093149356800181604,51.676133458680134],[0.093161310136227735,51.676100432622242],[0.093166397509727869,51.676081462935691],[0.093171316649622485,51.676061417138655],[0.093178357293730626,51.676043401818902],[0.09318333781451367,51.676032434728455],[0.093187410060533354,51.676022473010306],[0.093192385029741087,51.676011416991905],[0.093200371938221116,51.6759854731378],[0.093206402905509619,51.675958485937237],[0.093207345040224404,51.675950467552184],[0.093212359449095505,51.675932488346604],[0.093225344872503182,51.675880474049897],[0.09323634964602337,51.675829484239017],[0.093248382657460896,51.675777487814443],[0.093260302154824157,51.675720458469257],[0.09327332550927217,51.675661521904516],[0.09328231948220353,51.675613444654239],[0.093285370327251274,51.675586510568891],[0.093290408240225275,51.675553516937711],[0.093293409354707771,51.675525504629391],[0.093484326797522443,51.675623508765533],[0.093708309925434011,51.675732519900286],[0.093694306071102282,51.67574949036517],[0.093679365172723489,51.675769445084065],[0.093678338408192535,51.675770452573019],[0.093675256627655662,51.675773474167116],[0.093671342400431401,51.675776510602432],[0.093670333849553672,51.67578048441689],[0.093670305030531101,51.675782462397812],[0.093668371412217913,51.675784474338457],[0.093670372976714641,51.67578650694562],[0.093671343590504053,51.675789456291298],[0.093677327289093656,51.675792496112315],[0.093680328246040029,51.675795499185476],[0.093683283615264026,51.675797513888142],[0.093688338144379879,51.675798502881584],[0.093692291502444569,51.675801488974379],[0.09369834397921159,51.675803448459199],[0.093703280001252748,51.6758044395648],[0.09371631976089484,51.675810500084289],[0.093728283025956205,51.675816489869433],[0.093741274503665012,51.675821472138033],[0.093757338463041989,51.675828467917285],[0.093790330506745762,51.675840465695941],[0.09381232845985335,51.675849423060058],[0.093822339909155894,51.675854458452847],[0.093835284412575312,51.675858453264773],[0.093857287973081766,51.675867500446323],[0.093878287958358578,51.675875486408891],[0.093922267155800876,51.675890434748027],[0.093946296951378558,51.675899445783926],[0.093969325869362033,51.675907485478469],[0.093994216936629751,51.675914503680119],[0.094047232914237208,51.675931448153861],[0.094075317864124791,51.675940476778926],[0.094091217810689395,51.675946486254411],[0.094132197592678712,51.675958431425286],[0.094139235455733383,51.675958485774281],[0.094145289458940698,51.675960446108292],[0.094176295570221474,51.675960431841304],[0.094184241723982667,51.675959481706229],[0.094191231287547958,51.675958457804462],[0.094200249755754167,51.675957487646542],[0.094240201465197501,51.675957494585987],[0.094251291737466089,51.675957476660123],[0.094261280859988833,51.675959455837827],[0.094270199113410405,51.675961455011439],[0.094280262589846633,51.675962443678294],[0.094287227546566085,51.675963488501843],[0.094296217221878281,51.675964496317256],[0.094303179478864185,51.675965451262279],[0.094306207834482153,51.67596647636384],[0.094310235599172121,51.675968471925913],[0.094313191007386846,51.675970486612215],[0.094321273925175031,51.675972500679322],[0.094328251509413819,51.675976421100742],[0.094337219475885706,51.675979497592465],[0.094347226906999107,51.67598444398611],[0.094358265198655727,51.675988471837449],[0.094369183580009508,51.675992502725549],[0.094387200955201103,51.676000451865313],[0.094405245678301053,51.676006423047369],[0.094424174051995644,51.676013457575863],[0.094439194568748192,51.676018493505921],[0.094461267123547452,51.676026461135045],[0.094497192499320828,51.676037417216847],[0.094535193853752697,51.676049415369931],[0.094549214978503646,51.676053480827036],[0.094635132580737108,51.676080446741032],[0.094656223976581702,51.67609040840253],[0.094764201689115549,51.67613541012097],[0.094864219332936567,51.676178486345243],[0.094960206648029524,51.676219477065345],[0.09496311233765109,51.67622041351342],[0.095099100630693725,51.676244418451759],[0.095230065937179337,51.676309416482525],[0.095236122735426337,51.676311466636683],[0.095352049368821468,51.676368462377155],[0.095412061809683216,51.676397417783953],[0.095445059099362448,51.676422450646463],[0.095454068707813658,51.676426425568238],[0.095562120878934689,51.676470436048881],[0.095575112782881444,51.676475419008227],[0.095694062759577689,51.676520403935413],[0.095712991502236389,51.676527437352391],[0.095752014129764293,51.676543462649967],[0.095777996536508522,51.676553427651413],[0.095803069243411448,51.676564397166324],[0.095826073028050268,51.676574415315429],[0.095879038634861344,51.676595405628696],[0.095941970502548615,51.676620442755514],[0.095954962490409343,51.676625425671773],[0.096029978182940637,51.676656450159747],[0.096057960937895107,51.676668446789925],[0.096086013913319654,51.676679363950228],[0.09614193674279245,51.676702368755976],[0.096185014846394301,51.676718411448789],[0.096221961770973891,51.676733394533557],[0.096265946704208696,51.676748431826546],[0.09630392040693056,51.676762407373865],[0.096430983659082828,51.676807426584602],[0.096512894244742367,51.676835361928248],[0.096555881298414956,51.676849427744898],[0.09659998225779369,51.676864372916739],[0.096680971977616215,51.676890436143609],[0.096687904291264157,51.676893368950559],[0.096775946391705753,51.67692236277535],[0.096821912315776262,51.676936376207479],[0.096846849992986317,51.676944381261677],[0.096915892990860134,51.676967421212773],[0.096957922313916214,51.676981414958291],[0.096985838709376243,51.676989366794082],[0.097082893755077157,51.677022425061779],[0.097114838219535898,51.677032373228855],[0.097219808314761361,51.677066368249513],[0.097349880641840247,51.677109355269344],[0.097376847463917976,51.67711741389784],[0.097420830436493216,51.677132360871369],[0.097483769917519406,51.677152362999131],[0.09748779796706275,51.677154359347583],[0.097601849953058234,51.677191338321812],[0.097615798820815433,51.677196392990979],[0.097715787805239943,51.67722841005002],[0.097740845753345684,51.677236412767662],[0.097831747905346947,51.677265354718656],[0.097875808191829367,51.677279401783643],[0.097947712386400612,51.677302390020529],[0.098009699900212841,51.677322408875504],[0.098147709845165534,51.677369387998709],[0.098159701276010369,51.677373399366175],[0.098130728111387233,51.677399358815471],[0.098043704143197907,51.677472383892173],[0.097957796526721583,51.677546378141813],[0.097860783318039046,51.677630369928096],[0.097848744758646355,51.677625371087579],[0.09782677109716946,51.67764536114413],[0.097777740377757522,51.67768633310672],[0.097729734800075935,51.677726296653283],[0.097681734777686394,51.677766350905181],[0.097638721156755384,51.677803348519021],[0.097593722705886912,51.677841280826485],[0.097550828942984558,51.677878277165121],[0.097523817253159312,51.677900245589186],[0.097519755944701234,51.677905262247037],[0.097504826241160567,51.677920273134518],[0.097490757621271171,51.677933290273522],[0.097476808952004251,51.677946305268364],[0.097464739399036368,51.677961264167017],[0.097457743573956035,51.677967322418041],[0.097452746830072226,51.677975322431713],[0.097445793967990496,51.677982279172291],[0.097439752026065904,51.67798832038546],[0.097434755318304214,51.677996321296938],[0.097428827734465623,51.678002270541299],[0.097405746693727466,51.678029293603757],[0.097504824121021016,51.678049279775699],[0.097542809470266528,51.678058310602708],[0.097582725623010805,51.678065238637799],[0.097621737727149507,51.67807326191658],[0.097640764783447423,51.678077237593726],[0.097659795995582735,51.678081303119335],[0.097677704933633563,51.678084308679892],[0.09776172787095086,51.678106272133441],[0.097829684045087989,51.678121240350542],[0.097844699682714864,51.678131310881213],[0.097850746656513915,51.678138304297242],[0.09785770332811887,51.678144293178036],[0.097865776645144453,51.678151251294203],[0.09787177942858126,51.678157257214373],[0.097886710673201677,51.678173262549507],[0.097895742045593745,51.678180293474583],[0.097901676503880125,51.678182254853546],[0.097906704199245229,51.678185221614335],[0.097911688918999984,51.67818728988496],[0.097916670972904643,51.678189269176485],[0.097920670460651005,51.67819324258916],[0.097923671858618611,51.678196245547788],[0.098025739375730031,51.678229303432325],[0.098036700151397177,51.678234232483959],[0.098050723662191849,51.678238296586102],[0.09809466085457362,51.678252255847028],[0.098114664541828114,51.678259269677298],[0.098148639113958214,51.678269271224252],[0.098191743834294007,51.678283244423127],[0.098232702358915139,51.678297256851771],[0.098238636846729094,51.678299218213333],[0.098274733276387735,51.678311249206118],[0.098429630390076461,51.678362241819748],[0.098486646722436594,51.678357267162617],[0.098547641392081733,51.678353210569526],[0.098709641082258423,51.678359215522526],[0.098773659904144162,51.678361217921179],[0.098844642709276662,51.678364264858224],[0.098915552673033105,51.67836830133858],[0.098921634301572803,51.678368282568137],[0.099105525782993725,51.678378301167363],[0.099247608695643905,51.678384301675813],[0.099317562112829758,51.678388265086859],[0.099376497529485755,51.678391257287188],[0.099393550051480317,51.678391222219126],[0.099543478133117744,51.678399240341001],[0.099608500767655067,51.678402302548662],[0.099701518316568857,51.678407292183564],[0.099849490263391918,51.678414265780518],[0.099992525812185054,51.678420248354549],[0.10014348219668405,51.678427258139315],[0.10019044717775506,51.678429294966662],[0.10030147126285559,51.678434231879095],[0.10041338064823672,51.678440231962099],[0.10045939320048018,51.678442285716741],[0.1006174280570979,51.678450246497349],[0.10063739074201003,51.678451238303154],[0.10080139438097652,51.678459271921191],[0.10086242903985945,51.678461236639492],[0.10097839388050116,51.678467253560527],[0.10098738563246518,51.678468260830151],[0.10111336895859273,51.678474278233502],[0.10114931175441268,51.67847525292013],[0.10123835261879428,51.678479323305346],[0.10132929572737748,51.678483270558957],[0.1013443234112936,51.6784832714389],[0.10144831358956991,51.678488242304219],[0.10153127290117518,51.678492332266735],[0.10155230798992956,51.678493303827075],[0.10166529006355919,51.678499283522157],[0.10168124318045528,51.678501245265807],[0.10169626942372775,51.678501246126494],[0.10170729166604872,51.678502306928138],[0.10171933498855988,51.678502271244248],[0.10172625617293675,51.67850232722909],[0.1017382994953825,51.678502291543253],[0.10174228208141427,51.678503299377034],[0.10175432540405656,51.678503263689542],[0.10176021994541506,51.678504327230208],[0.10176725403849987,51.678504291266051],[0.10177629158230969,51.678506286839806],[0.10178031989672047,51.678508282138587],[0.10180425966489329,51.678515315724198],[0.10181429543403572,51.678518282613318],[0.10183429979629829,51.678525295801812],[0.10185430276097676,51.678532309911191],[0.10184931228314828,51.678535275956897],[0.10184429754624089,51.678540310730291],[0.10181824147701929,51.67856226304847],[0.10179732280571629,51.678579268320007],[0.10166929766623657,51.678686293460657],[0.10163323057079494,51.678721280689594],[0.1016132642559975,51.678738269782905],[0.10160932329183625,51.678743284430517],[0.10160533099722706,51.678747221786139],[0.10157627164638483,51.678771296087788],[0.10152325082129715,51.678816206038874],[0.10124929862626128,51.679053229973306],[0.099935467758384244,51.678968220676602],[0.099233513497349726,51.678920178554229],[0.099149532452689385,51.678917184336342],[0.098989548464080507,51.678903232280476],[0.098747652782475603,51.678887238601362],[0.098366614764881372,51.678859166339507],[0.098173619792670336,51.67884319606533],[0.098166704153630435,51.678843229697335],[0.098114712473410151,51.67883822528821],[0.098109618818400995,51.678844159667115],[0.09810070795350806,51.678855197186891],[0.098068710377240784,51.678893167171275],[0.097983711476007332,51.678997171382505],[0.097940720651893035,51.679050171874501],[0.097898637913887185,51.679102166044984],[0.097855646893581713,51.679155166507201],[0.097819725974430061,51.679201117273053],[0.097793709354236633,51.679278177173821],[0.097693642370300732,51.679389103029123],[0.097544718245128795,51.67955511137842],[0.097540702474423133,51.679561116404614],[0.09753768485750422,51.679568092785914],[0.097533669084748198,51.67957409781188],[0.097524746321010297,51.679590079614755],[0.097515681982313987,51.679608131338327],[0.097505686764921315,51.679624132294357],[0.097465772864813519,51.679692090746464],[0.097449698101651078,51.679721056063578],[0.097417745473244499,51.679778083916489],[0.097401726471170721,51.679803092397101],[0.097386707054668759,51.679829072206253],[0.097370733693216763,51.679855069050191],[0.09736769897058993,51.679859078182659],[0.097361737934279491,51.679872040426766],[0.097339768015341013,51.679905066844057],[0.097336733328261135,51.679909076874246],[0.09733267182554485,51.67991409352625],[0.097329682769966439,51.679919091025155],[0.097327766203409161,51.679924070269571],[0.097323704698398864,51.679929086921291],[0.097321695337257541,51.679932089456607],[0.097316698404401505,51.679940090363189],[0.097310726329841946,51.679945051209494],[0.097305710932479944,51.679950085795305],[0.097300713953361928,51.67995808580271],[0.097294713257838894,51.679965025525512],[0.097287762781997314,51.679972072135591],[0.097279754161981508,51.679982014366551],[0.097269724755111406,51.679992082611093],[0.097253738822190267,51.68001007807031],[0.097246711293458021,51.680018024411929],[0.097238781141825228,51.680027066880548],[0.097200680134778367,51.680093014492016],[0.097164674776290094,51.680193985809773],[0.096688807370422528,51.680122021678159],[0.096510822928167789,51.680536941205482],[0.096502788948050047,51.680536006418741],[0.096477839051973352,51.680532945616953],[0.096453801596399769,51.680528969264302],[0.096410781853161362,51.680522006311477],[0.096322826177935042,51.680507933812926],[0.096248801908154727,51.680495949746074],[0.096174779121582607,51.680483965606278],[0.096099848079358716,51.680472986813939],[0.095959862514054792,51.680447976093625],[0.095892828640670946,51.680434967786063],[0.095507900875844848,51.680371985284182],[0.095343884883325986,51.680337962217216],[0.095169968609475547,51.680290990893837],[0.095054010670930736,51.680261954299894],[0.094784015749772549,51.6801669818554],[0.0945409964106734,51.680075033884108],[0.094482014194489233,51.680052981225998],[0.094454073898819976,51.680041972640353],[0.094423081792699023,51.680032006758495],[0.094387012307858745,51.680017996635137],[0.094257046411886897,51.679980038455355],[0.094082096690915551,51.679939018159835],[0.094062065463706448,51.679933980700973],[0.094041130098954387,51.679930039368045],[0.094021071565725478,51.679926980754388],[0.093992143756350413,51.679923001174345],[0.093977117013990558,51.679922999332938],[0.093956104556315367,51.679919957717189],[0.093935050687963956,51.679916018478423],[0.093913085750035583,51.679912993837853],[0.093864149188340865,51.679907033811659],[0.093762142127226597,51.67989599673227],[0.093707165209828011,51.679890953663595],[0.093596190101445598,51.679881963864666],[0.093553188153156872,51.679877966201893],[0.093509159311980755,51.679874975112661],[0.093467161001097657,51.679872037736018],[0.093434196061187663,51.679871007607481],[0.093367167563389933,51.67987103339815],[0.093289238071886216,51.679869995397326],[0.093250162460812344,51.679870961677786],[0.093186192837229828,51.679870034485063],[0.093123171515624256,51.679868999530726],[0.09305919630631812,51.679867982442708],[0.093032169996609487,51.679869003675769],[0.093004214414851738,51.679867973173643],[0.092978259108009623,51.679868975306611],[0.092953168060027444,51.679867984565462],[0.092930197165899564,51.67986902252656],[0.09290724957296724,51.679867993575776],[0.092812283701239187,51.679869955740571],[0.092776265474881825,51.679869968121935],[0.092706208425045872,51.679868969295867],[0.092667207188292286,51.679868944874379],[0.092589236274839212,51.679867007890216],[0.09251331502682425,51.679862966942025],[0.092474221211244559,51.679860965741192],[0.092425275635512741,51.679859950289909],[0.092400256107752668,51.679857968973998],[0.092386301831075185,51.679857947820814],[0.09237130108682208,51.679855967845207],[0.092355274863704859,51.679854994421504],[0.092329253147924284,51.67985195183811],[0.092304309472877266,51.679848979967943],[0.09227824224093735,51.679844949901096],[0.092229260384904019,51.679838000819593],[0.092129318374411989,51.67982000305625],[0.09209027827954562,51.67981395681349],[0.092052314744070995,51.679807980406281],[0.092013302071115813,51.679799955284828],[0.0919883844012504,51.67979500451991],[0.091965374638209418,51.679790020662686],[0.091940335805438311,51.679784983019523]]]},"properties":{"OBJECTID":5,"SHAPE.AREA":171138.47921793,"GLOBALID":"{1669918E-11AA-4172-B966-BF73C3E9C265}"}},{"type":"Feature","id":13,"geometry":{"type":"MultiPolygon","coordinates":[[[[0.059507053575011654,51.693214933216375],[0.059497058016363298,51.693233897427916],[0.059491041029094714,51.693245869444688],[0.059487062449556365,51.693252861638655],[0.059482077494728246,51.693263917207283],[0.05947704214085589,51.693273894558665],[0.059475104820751093,51.693275905980634],[0.059472104914076222,51.693272902029584],[0.059469031323020748,51.693270888546145],[0.059466061676376102,51.693265905713012],[0.059451088048508613,51.69324090651768],[0.059443995360259322,51.693231861224191],[0.059437028201742834,51.693222903654295],[0.059431057256816307,51.693214917791956],[0.059423058066164401,51.69320687666832],[0.059411107423462443,51.693195939100278],[0.059404005985336815,51.693191927962715],[0.05939806707538,51.693189874792509],[0.059393011303426238,51.693188884338724],[0.059387121302136817,51.693187908511874],[0.05937104611269152,51.693185943141671],[0.059354027178089304,51.693186871019059],[0.059337087455056656,51.693186898254545],[0.059325113765842166,51.693185939166561],[0.059315047134753156,51.693184947539955],[0.059305051559293526,51.693182875565959],[0.059296087983330449,51.693179886246526],[0.059288106015223753,51.693174901364664],[0.059284063648650596,51.693169938234163],[0.059282091681459717,51.693165927079967],[0.059281045123894455,51.69316387805199],[0.059281102807896779,51.693159921237239],[0.059282067263216755,51.693154870322793],[0.059286064504493759,51.693150934361391],[0.059289103435676838,51.693146925276771],[0.059296035650512682,51.693141949579953],[0.05931202696721883,51.693128903442101],[0.059321043832541533,51.693119934490674],[0.059326030298591376,51.693108879801571],[0.05932111757175669,51.693097907852724],[0.059289080063805573,51.693064937412174],[0.05925310891436858,51.693018910468282],[0.059221104759410843,51.692970925536557],[0.059196058987472676,51.692936933238627],[0.059172081597475036,51.692915957741512],[0.059122142109950045,51.692874940778388],[0.059065060794728896,51.692836924801718],[0.058961183096057371,51.692771950404975],[0.058894193185706913,51.692725927562634],[0.058830135061128941,51.692683988944708],[0.058784103877590539,51.692644970708166],[0.058739129538861332,51.692602966402191],[0.058722224932705534,51.692587979946126],[0.058704172417895051,51.692574002783864],[0.058689174825535005,51.692558982896934],[0.058680205701437511,51.692547992096671],[0.058671161434477065,51.692537991788512],[0.058661164440187881,51.692528009077975],[0.05864912182607649,51.692515004769298],[0.058637197773210602,51.692501998381303],[0.058622141039187649,51.692490935325935],[0.058607237241360931,51.692477981161858],[0.058592229410339647,51.692467995447068],[0.058577127847934889,51.692455943996059],[0.058558196364380193,51.692440993041686],[0.058538188046165417,51.69242597103252],[0.058517226971472963,51.692410965718437],[0.058490146305145256,51.692389953649275],[0.058436154053750508,51.692349007428454],[0.058321258238770941,51.692262020379566],[0.058231247377052341,51.692195004730614],[0.058221191292060534,51.692188977922804],[0.058213286260935075,51.692183003344404],[0.058204258103142927,51.692175969346259],[0.058192279119013125,51.69216700960483],[0.058183281324350328,51.692157997620981],[0.058172211717997607,51.692148032766291],[0.05809620572573948,51.692082030550566],[0.058079300082653711,51.69206704402157],[0.05806222842832616,51.692050981298415],[0.058044294844795875,51.692037001053059],[0.058032317375049824,51.692028041269026],[0.058020309586990615,51.692021060366315],[0.058009324162857409,51.692012981548423],[0.057986291650710099,51.691997023261415],[0.057965330958060966,51.691982017843614],[0.05794329607406204,51.691967031243699],[0.057893302089097272,51.691930059550067],[0.057842302442875602,51.691884025722324],[0.057788256924008241,51.69183399950915],[0.057777261245548155,51.691823045046185],[0.057765353530393866,51.691813004912539],[0.057754328932838501,51.691804028406153],[0.057727279402778109,51.691781039065489],[0.057696320800523913,51.691756049927612],[0.057678313725007653,51.691743060090396],[0.057661380859652889,51.691730051431094],[0.057649282103395989,51.691721093733456],[0.057628301681803926,51.691703032049347],[0.057619304092612011,51.691694020019369],[0.057609277095862069,51.691686014299087],[0.05758230288061908,51.691662034430529],[0.057574380690623712,51.691653093482763],[0.057571287329348166,51.69164802374403],[0.057569321103770998,51.691644102386043],[0.057566391082436795,51.69164001806211],[0.057563297774595512,51.691627037614964],[0.057559329421949849,51.691621083054557],[0.057553285298794672,51.691614087555934],[0.057549332877492324,51.691611100243001],[0.057542321465787173,51.691609064869489],[0.057524379263429445,51.691608031207473],[0.057497314548874003,51.691611022328921],[0.057484358209911206,51.691612058621082],[0.057462304220625961,51.691615051882742],[0.057442352352590313,51.691617019140942],[0.057420327302372433,51.691618034435749],[0.057407401350224013,51.691617092735171],[0.057393352262058973,51.691615090707167],[0.057381403895525783,51.691612063603081],[0.057366337323153084,51.691606034566021],[0.057353376995797518,51.691599070281441],[0.057341324562533082,51.691591100017426],[0.057328418024808682,51.691580089059705],[0.05730640440301004,51.691555033061114],[0.057298318912892575,51.691545105779831],[0.057289395151440138,51.691535103256214],[0.05727241223712419,51.691513105610539],[0.057254336647672259,51.691488070548907],[0.057235335834749282,51.691461074238454],[0.057227351879304944,51.691448088621293],[0.057220364052341918,51.691436074731477],[0.05721242347932215,51.691424077529042],[0.057203410163709285,51.69141209911556],[0.057194337539012353,51.69140407754346],[0.057186343143461223,51.691396126111009],[0.057177389076488082,51.69138810246104],[0.057166364699385901,51.691379125896432],[0.057154337239845379,51.691369087799103],[0.057141357037155484,51.691359066387754],[0.057122352754232095,51.691345105656133],[0.057102434991145666,51.691332059271993],[0.05708342928582915,51.69131809855908],[0.057072404903724158,51.691309121086626],[0.057054363887484402,51.691290109468646],[0.057003459187702443,51.691225104828213],[0.056958449683933793,51.691169076654546],[0.0569233759680942,51.691119077488722],[0.056892497281903577,51.691072151323702],[0.056861436693037878,51.691029094214421],[0.056819485042212119,51.690972113186838],[0.0567984407694304,51.690942096039464],[0.056771411929509491,51.690901125604661],[0.056723412712187699,51.690829147533414],[0.056704458752949528,51.690803139493397],[0.056685454799526309,51.690789177787273],[0.056675528303818959,51.690778114575224],[0.056664504176376335,51.690769137959919],[0.05665446317292696,51.690758165777034],[0.056640484310990662,51.690747173522183],[0.056616505201068319,51.690726107616548],[0.056607526462003656,51.690720151732904],[0.056599546670421157,51.690715166633076],[0.056592474851866366,51.690709177357469],[0.056583531518152902,51.690696118571019],[0.056580517599360093,51.690690148164997],[0.056575487302993679,51.690679179061263],[0.056571454506902555,51.690669180767358],[0.056568524870073793,51.690657185704886],[0.056564473628661946,51.690644131180989],[0.056561499191601826,51.690631147727139],[0.056556544098263287,51.690619188130114],[0.056547496852309143,51.690601187080787],[0.056540525160983103,51.690592139496147],[0.056533512742303178,51.690582193373636],[0.056522558364760514,51.690572136423242],[0.056513441228456342,51.690563126403113],[0.056505520890905499,51.690554185351921],[0.056496478954385573,51.69054418483816],[0.056489507282233009,51.690535137250194],[0.056482539685808866,51.690526179515537],[0.056475498344739299,51.690518212247319],[0.056470553542943586,51.690509128269873],[0.056461480035030195,51.69049319595014],[0.056453550338914062,51.690476163602582],[0.056447531627528108,51.690459187720009],[0.056426509144203461,51.690390154339902],[0.056399576011718924,51.690309176284131],[0.056395484166389648,51.690295224113818],[0.056390509273737538,51.690280208303584],[0.056385532938788244,51.69026519251836],[0.056382474276758493,51.690258233714957],[0.056379485292298123,51.690250194590782],[0.056374514257848743,51.690243180244188],[0.056368590458833356,51.690236181679559],[0.056360521222708244,51.690229220677793],[0.056342559940887958,51.690217219013064],[0.05633155182328882,51.69021120871448],[0.056322569152313463,51.690205162953283],[0.056316590047004851,51.690202211082863],[0.056311514796846075,51.690198164286763],[0.056308590543919054,51.690194170655225],[0.056307577217947519,51.690190232593046],[0.056306559819652095,51.690186204677126],[0.05630852610675309,51.690182214448086],[0.056310576747950793,51.690172200460829],[0.056315537240184226,51.690163212830072],[0.056318542048477055,51.690153182137053],[0.056319550326474663,51.690141207148706],[0.056317485408244813,51.690127219488041],[0.056313556911220412,51.690114252731284],[0.056300562947299966,51.690080228672116],[0.056292514839812603,51.690063198386625],[0.056287513681383447,51.690050251308193],[0.056282508412756733,51.690037213477176],[0.056280562018818675,51.690023222841418],[0.056281496594505959,51.690012239218461],[0.056282549677003406,51.690001252621499],[0.056286582399950644,51.689990214756868],[0.056293569757530838,51.689981191640769],[0.056301558742624123,51.689973230987832],[0.056311529806280951,51.689964246456391],[0.056323602940181128,51.689954235945152],[0.056339537262077813,51.689945236930825],[0.056364491308633934,51.68992726913531],[0.056386489213106322,51.689907285715186],[0.05639457972665074,51.689896266725036],[0.056404550755172887,51.689887282185971],[0.056411493315137486,51.689877271570346],[0.056416588155151694,51.68987124910948],[0.05642156444627075,51.689865228724095],[0.056423559699087918,51.689859260533396],[0.05642656587017094,51.689849228913765],[0.05642559204194008,51.689838277804135],[0.056421510746200755,51.689819290544769],[0.056415592292045687,51.689799257250328],[0.056413604922283249,51.689792279690252],[0.056410587016486692,51.689786219424342],[0.056408556294651316,51.689778253447486],[0.056409544701898275,51.689763223151587],[0.056410512043112794,51.689758262134326],[0.056410597790017371,51.689752237451955],[0.056411575643213668,51.689742241346075],[0.056422561619208188,51.68970824705945],[0.056340552559224898,51.68969125368281],[0.056333590368815412,51.689690296477835],[0.056326548910646743,51.689690239910945],[0.056310593632893348,51.689688272030132],[0.056295517279098185,51.689687277035517],[0.056282616780258761,51.689684266492357],[0.056271598233034667,51.68968329037645],[0.056257623584573264,51.689680298636425],[0.056238591038788942,51.689676227319012],[0.056221544639409635,51.68967122197585],[0.05620258988458085,51.689666249140814],[0.056183561421603967,51.689662267668105],[0.05616460667453492,51.689657294826844],[0.056145574146383305,51.68965322349414],[0.056126545652925047,51.689649241113528],[0.056117552536277586,51.689648229525055],[0.056086549949460891,51.689643288633995],[0.056069593121137552,51.689640259153073],[0.056047554651616038,51.689638307803719],[0.056022602219185383,51.689635238435066],[0.056000638956497213,51.689632296584691],[0.055977652864601816,51.689625237880612],[0.055958545422365974,51.6896142444985],[0.055946583345068794,51.689608250863678],[0.055934650281413367,51.689600279267651],[0.055919550391731007,51.689588227451175],[0.055915582479953957,51.68958227372751],[0.055911640914069617,51.689574251266073],[0.055908580928290347,51.689567292473555],[0.05590666482113156,51.689559235456294],[0.055904573675687054,51.689547315624495],[0.055901595436247259,51.689534242294989],[0.055900578442247564,51.689522303660489],[0.05590161176174447,51.689508260859668],[0.055902649193063897,51.689494308811135],[0.055904591879303335,51.689479260916386],[0.05590960812866657,51.68945831678851],[0.055914638354459451,51.689448249751557],[0.055923611886232474,51.689438293537904],[0.05593263020237299,51.689429325715281],[0.055943673924119426,51.689420322437357],[0.055965583343992216,51.689406273898989],[0.055989568465026847,51.689393268121407],[0.056011601962131549,51.689379308226542],[0.056021587294286732,51.689373290096668],[0.056029622418822908,51.689366316929913],[0.056039638156755951,51.689358319914703],[0.056052619150878252,51.689347305260455],[0.056080581552007146,51.689327307406089],[0.056099660323877157,51.689311330943312],[0.056138547785884368,51.68928233185774],[0.056177598537616689,51.689254319075914],[0.056196646799955736,51.689240320583245],[0.056217542760597414,51.689222333935234],[0.056236647811475998,51.689204289611816],[0.056254637984085885,51.689185365553314],[0.056278563824831658,51.689147368776233],[0.056288634835002897,51.689135325941351],[0.056296634203082133,51.689122330200036],[0.056307618626970632,51.68910937212064],[0.05632158258605665,51.68909636187383],[0.056336588790667198,51.689085310829689],[0.056353627385689706,51.689074315023824],[0.056366552866153725,51.689067346135268],[0.056394622986896577,51.689052381222218],[0.056408602711508361,51.68904233731692],[0.056433610149267344,51.689020323736059],[0.056466618304595435,51.688985314372367],[0.056503618225267983,51.688938367691179],[0.056584619228567876,51.688846330948834],[0.056624568281645082,51.688793400228448],[0.056687609592188319,51.68871039793342],[0.056721560816623849,51.688659369810061],[0.056730562994732524,51.68864743557706],[0.056741541663561865,51.688634387630223],[0.056752570609044151,51.68862241700365],[0.05677060107229466,51.688604391406798],[0.056790543866888019,51.688586422242842],[0.056808574260250197,51.688568395741839],[0.056820600709109444,51.688557397715037],[0.056842534493594513,51.688533369592761],[0.056853518622249521,51.688520411464332],[0.05687257154513306,51.688493378133522],[0.05689660066719042,51.688452412783192],[0.056905553878046751,51.688439400292282],[0.056914551891879911,51.688427376191989],[0.056924508066256221,51.688415424336107],[0.056931495102912323,51.688406402082336],[0.056939514077607278,51.688396462504301],[0.056947498603370256,51.688388411955927],[0.056990541179385942,51.68834846156539],[0.05702557378466095,51.688313416578616],[0.057061550136326314,51.688275478347691],[0.057124579365001628,51.688205421630286],[0.057129510572489564,51.688198412825116],[0.057135561889944446,51.688192463501871],[0.057139495640676399,51.68818448389014],[0.057148522461013471,51.688170480914003],[0.057162476537945595,51.688141468563543],[0.057170520299920334,51.688129461156464],[0.057176493895032869,51.688116500833026],[0.057184537649043951,51.688104493425058],[0.057200483032709179,51.688090459185837],[0.057218577857344723,51.688076478119093],[0.057239503159017283,51.68806442402407],[0.057262553019832435,51.688054490913053],[0.057275537303671999,51.688051476695705],[0.057342478032204484,51.688033493510694],[0.057349544067381207,51.688031481307092],[0.057369495812923901,51.688029514055408],[0.057399548283427589,51.688021435703135],[0.057419539374278988,51.688012455394066],[0.057436546915193537,51.688003437421905],[0.057466553177608522,51.687986459974056],[0.057478505551054111,51.687976451451433],[0.057489458976731696,51.687965471251232],[0.057499459761082554,51.687954508638008],[0.057507499365745889,51.687934499743569],[0.057509475891153884,51.68792547530493],[0.057512514643683961,51.687921466265024],[0.057513481830451837,51.687916505238945],[0.057513506736452329,51.687906525813538],[0.057518493108113827,51.687895471193379],[0.057530549555819294,51.687882494212531],[0.057572473633262997,51.687849485628519],[0.057592459118438417,51.687832503851034],[0.057609450674113154,51.687820519503632],[0.057624531353067811,51.687808478706202],[0.0576425217925155,51.687797465130835],[0.057658530266709133,51.687787475452488],[0.057689520803029047,51.68776850324813],[0.057717471144892493,51.687753540106208],[0.057747493030022655,51.687739528939844],[0.057777439734708044,51.687726508259139],[0.057850422769235625,51.687694484117102],[0.057889466220185752,51.687679505516464],[0.057920491022777729,51.687666555833502],[0.057953417072603264,51.687653482902832],[0.057987470187192212,51.687641559240149],[0.057987279388571171,51.687641116554865],[0.058011224565779923,51.687658681993419],[0.058001308929121892,51.687663351998808],[0.057991352535630994,51.687667123466319],[0.057965820237776224,51.687678361871143],[0.057957268714859338,51.687681209467804],[0.057937396664676413,51.687689650931794],[0.057894679772439513,51.687704787435962],[0.057862000772859815,51.687717949543149],[0.057829281002489248,51.687730213104281],[0.057798088349480886,51.687744248401799],[0.057775406476050582,51.687754537571017],[0.057754210976328421,51.687765699944691],[0.057734461100373849,51.687776836986501],[0.057700662360707422,51.687797212675164],[0.057662730426397753,51.687822157022289],[0.057641697859656733,51.687836913524983],[0.057622151663715225,51.687852543234413],[0.057603928849385984,51.687865452002491],[0.057587192409405671,51.687879233978641],[0.057573428729101858,51.687894762374576],[0.057569336295272014,51.68790022957657],[0.057566689498966969,51.687905671452299],[0.057565692074227306,51.687915580687999],[0.057564450168902027,51.687920098700303],[0.05756324901000863,51.687925515249802],[0.057560805944794069,51.687935449811533],[0.057556917238800284,51.687945409699296],[0.057551542144609724,51.687954496375653],[0.057544680661592476,51.68796270984042],[0.05753777842987922,51.687970024767594],[0.057529430555163075,51.687977365020089],[0.057514139693163172,51.687991121660588],[0.057497321689260979,51.688003106549957],[0.057479058034460878,51.688015116762138],[0.057463481930608365,51.688022583635359],[0.057446419434530778,51.688029177294027],[0.057429316189257625,51.688034872412956],[0.057413617838671972,51.68803964366785],[0.0573978787411452,51.68804351638336],[0.057380653254482078,51.688046515883379],[0.057363468508397193,51.688050413918212],[0.057344797373320683,51.688053438736731],[0.057327612621400126,51.688057336766391],[0.057311873510107372,51.688061209470497],[0.057296175137688768,51.688065980709901],[0.057280517503206674,51.688071650484609],[0.057249365185203446,51.68808658417742],[0.057235275403681007,51.688094924236054],[0.057225522552207621,51.688103188327084],[0.057217256082646252,51.688112325632837],[0.057210435255471037,51.688121437616196],[0.057202290999141203,51.688133270533157],[0.057195633124791423,51.688145976665325],[0.057190380154032501,51.688157758938125],[0.05718099393631116,51.688174109862302],[0.057173094099199358,51.688191334001779],[0.057160816571675523,51.688207735567133],[0.057154077197282716,51.688218644622225],[0.057147297080820725,51.688228655139497],[0.05713911205068279,51.688239589514829],[0.057060539323876502,51.68832549530417],[0.057026149691246773,51.688364765411379],[0.05699188220796144,51.688406731121326],[0.056986425475861038,51.688414020698033],[0.056979482350742641,51.688420437056095],[0.056974025615032543,51.688427726632263],[0.056957492455735892,51.68844600120925],[0.056947820949891016,51.688456062353119],[0.056939595096673012,51.688466098177621],[0.056929923582644558,51.688476159320082],[0.05691880640681754,51.688486245780169],[0.056911903995872662,51.688493560671908],[0.056895289319433967,51.688510038165447],[0.056826753834131861,51.688593969502527],[0.056759500834833783,51.688674281334499],[0.056711631576899131,51.688735369418993],[0.056665330050008907,51.688799127782282],[0.056654579307381318,51.68881730105678],[0.056647798994140304,51.688827311546426],[0.056636926049032192,51.688842789206568],[0.056624607426943113,51.688858292180598],[0.056612248067323609,51.688872896615763],[0.05655313885545056,51.688941375456672],[0.056517424836453008,51.688983366347877],[0.056471794659604072,51.689030027108899],[0.056470471164292026,51.689032748034975],[0.056467701993386042,51.689035494274073],[0.056463487146574502,51.689038265826056],[0.056457908076476243,51.689042859766154],[0.056450842603094013,51.689046580481133],[0.056443817854710893,51.689051199733406],[0.056422621423698055,51.689062361874633],[0.05638320133452053,51.689086432597399],[0.056367787582175109,51.689097493480887],[0.05635386022469669,51.689109427588555],[0.056339892135725163,51.689120463156875],[0.05632889684528769,51.68913324517645],[0.056317860824920345,51.68914512865728],[0.056306865522433573,51.689157910674844],[0.056290657620426301,51.689183373463685],[0.05628251293953998,51.689195206319553],[0.056268789144696504,51.689211633106282],[0.056261886520788291,51.689218947961315],[0.05625076901726931,51.689229034360565],[0.056225642630523438,51.689249257776254],[0.056218658550025363,51.689254775553295],[0.056211715189707266,51.689261191867693],[0.056203326144350654,51.689267633491525],[0.056193613577908634,51.689276796037916],[0.056182455323880609,51.689285983893136],[0.056172742749348907,51.689295146437864],[0.056119720601283493,51.689338339462978],[0.056080544429354694,51.689367801314447],[0.05607500599970363,51.68937329377485],[0.056060956324385423,51.689382532235449],[0.056051080829379152,51.689388100619048],[0.05603984108202037,51.689395491385433],[0.056031370550582833,51.689400135921666],[0.056011619543206909,51.689411272683209],[0.055990382120163863,51.68942153621088],[0.05597207678191525,51.689432647658649],[0.055959350604685897,51.689439165186684],[0.055948110829715125,51.689446555944535],[0.055939803146384658,51.689454794625988],[0.055934427555882044,51.689463881231603],[0.055931984059667497,51.689473815761815],[0.055932472659564615,51.689484598216801],[0.055932452053091899,51.689516072350209],[0.055938662101975803,51.689557329173816],[0.055940555680867518,51.689567187783986],[0.05594674562311782,51.689576071935946],[0.055954340544005395,51.689584032242763],[0.055985186620634841,51.689603815342288],[0.056004275869460877,51.6896068084056],[0.056033153068633407,51.689611878248144],[0.056069640273222303,51.68961974911808],[0.056088675814561381,51.68962385548101],[0.0561517162024672,51.689635701079013],[0.056265742823882664,51.689661581566085],[0.05627738983603657,51.689663176154973],[0.056288996124971478,51.68966387220501],[0.05630208883412794,51.689665441480429],[0.056315140819648911,51.689666112216663],[0.056329638501205329,51.689666757639948],[0.056364335197250572,51.689666150158168],[0.056401760378346245,51.689661897890886],[0.056418986544197532,51.689658898527817],[0.056434767012443203,51.689655924475069],[0.056450588205754472,51.689653848957811],[0.056476447807776192,51.689649799170397],[0.056489418334928244,51.689648672812162],[0.056498092504735184,51.689648520930909],[0.056506807402732978,51.689649267586603],[0.056514117334439437,51.689650938092981],[0.056518576605050344,51.689653557764188],[0.056520144485817637,51.689656228063001],[0.056521753095353212,51.689659796899328],[0.056498968313756968,51.689699762885674],[0.056463212939388399,51.689740855224819],[0.056456228814192419,51.689746373016035],[0.056452176811249297,51.689752738718354],[0.056451016204230174,51.689759053794447],[0.056451586387164666,51.689771633320532],[0.056456778760918994,51.689790426670243],[0.056461726773448725,51.689803828794254],[0.056468079761604534,51.689816307067161],[0.056471378440534424,51.689825241816116],[0.056476122821701093,51.689834151251581],[0.056479421503606554,51.68984308600028],[0.056479665871780591,51.689848477225574],[0.056481355941555532,51.689853843137399],[0.056480154608357376,51.689859259676126],[0.056477507573031882,51.689864701528265],[0.05647345556299431,51.689871067231273],[0.056467917121723311,51.689876559709901],[0.056465188628376239,51.689880204486677],[0.056475227088933391,51.68987823021827],[0.056483779118200801,51.689875382724956],[0.056490885444285682,51.68987256054465],[0.056513609390268851,51.689863170149792],[0.056592561854031248,51.689839185020269],[0.056672095121931984,51.689799129048907],[0.056764084977473414,51.689717217777705],[0.056896276356079391,51.689572146724451],[0.05704267769114104,51.689423851915237],[0.057153034061965417,51.689296796388199],[0.057228302308279536,51.689230260751742],[0.057610149579094112,51.688879967943791],[0.057777881686935297,51.688746997594848],[0.057838586314587166,51.68871374080716],[0.057903277577240182,51.688679065258],[0.057994784685590543,51.68864230114179],[0.058015428875759563,51.6886349252432],[0.058036523060295268,51.688627901156195],[0.058057769955781491,51.688621054239533],[0.058079165486633555,51.688614294639528],[0.058139402014540771,51.688596243238493],[0.058152689598956475,51.688589355931171],[0.058194608115030688,51.688502383170238],[0.058217647880442196,51.688474462329907],[0.058265051795149257,51.688441438402947],[0.058300982823442267,51.688426600543295],[0.058943955977198779,51.688226038181526],[0.058986689304508878,51.688211260709913],[0.058806110171305,51.688000404526306],[0.058751969850551512,51.687952799398886],[0.058926446466091048,51.687891194199764],[0.059416860309104404,51.687718032935813],[0.059509925943910393,51.687623238570829],[0.059532994825422514,51.687592799045952],[0.059591487375742776,51.687529994747152],[0.059534835667103353,51.687509046461848],[0.059523107535102128,51.687505655118287],[0.059517202684992887,51.687503060909862],[0.059509892996355736,51.687501390587272],[0.059501137684461636,51.687499745614026],[0.059493787212647982,51.687497176754214],[0.059480409543042873,51.687489318074952],[0.059469882340777727,51.687480510159105],[0.059460719198370586,51.68746987982049],[0.059451189009949133,51.687451162654938],[0.059447359749844435,51.687430547019645],[0.059444976114469909,51.687409906035022],[0.059444323583832337,51.687395529454996],[0.059445116673795255,51.687381127525867],[0.0594453668356585,51.687377076507985],[0.05944690186124673,51.68733924056631],[0.059434361578987592,51.687335454295898],[0.05948931105542183,51.687239633208847],[0.059509311599803237,51.68720458127482],[0.059577283188022669,51.687080586652435],[0.059614311613752052,51.687018626342152],[0.059854289996524229,51.687091640917188],[0.060089269057706209,51.687159618762045],[0.06027525903251791,51.68721263409499],[0.060402143708595792,51.687248614691491],[0.060517156348042833,51.68728057965388],[0.060657194193486995,51.687314621535045],[0.060862177057494984,51.687365594127456],[0.061077111295808173,51.687417649781302],[0.061177073229067548,51.687438640278508],[0.061374078932717797,51.687484627145992],[0.061631003915918518,51.687544574901928],[0.061908034411380729,51.687608574561771],[0.062194987977224864,51.687675635745499],[0.062253011815160623,51.687684595916956],[0.062256999205128262,51.687693605646977],[0.062260922888415636,51.687698571661265],[0.06227001670096876,51.687717560648323],[0.062264003256011315,51.687897554347764],[0.062255904538950191,51.687955592175065],[0.062097834359810297,51.690060305991665],[0.062073891488416466,51.690381307670044],[0.062044809263988344,51.690841204386089],[0.062021795522784744,51.691256134472958],[0.062008781130495114,51.691366130056515],[0.061846871199719065,51.691460130481694],[0.061790824152538976,51.691492129543789],[0.061716814862075815,51.691533163924333],[0.061646889530916363,51.691572149117256],[0.061613872627076689,51.691591157918303],[0.061579897415499192,51.691610093605583],[0.061526833816728473,51.691642130995319],[0.061471859068371992,51.691674111080054],[0.061417912082006254,51.691705083923708],[0.06134791522281912,51.691745149290739],[0.0612789405559271,51.691784117574194],[0.061209893529966912,51.691824075362817],[0.061149881479891303,51.691858122047059],[0.061034910096004209,51.6919271149332],[0.060961914628276721,51.691972086840394],[0.060887964809924817,51.692017075446664],[0.060816998654235781,51.692062101578543],[0.060743972508158516,51.692109051337518],[0.060671904542149074,51.692156075062933],[0.060598996648138066,51.692203022654361],[0.060544010518366838,51.692240037398406],[0.060488022560055567,51.692275990590211],[0.060433036210667535,51.692313004385312],[0.060370997837174561,51.692354996917665],[0.060309962532270146,51.692398050921696],[0.060245939156024129,51.692440976557847],[0.060107064943655836,51.692537986697019],[0.060078029633766829,51.692558004318279],[0.060046963227376911,51.692577967631358],[0.060018046419876091,51.692597983158841],[0.059989965251430973,51.692617984022732],[0.059962002572030784,51.692637981902273],[0.059934992682936131,51.692657963963704],[0.059899969247122674,51.69268797562237],[0.05986704643790499,51.692716961253829],[0.059835005279905561,51.692747009615182],[0.059804034263924472,51.692776950174085],[0.059749048381522209,51.692835000700981],[0.059726096700583382,51.692862912177418],[0.059703988820735888,51.692890988701919],[0.059683023335671742,51.692917966987004],[0.05966301201130271,51.692944927636532],[0.059642075283590466,51.692969927058002],[0.059623022260129784,51.692996961719814],[0.059614083552641167,51.693012940781983],[0.059595061099315429,51.693045908158574],[0.059578986326772262,51.693072889688054],[0.059566090583750959,51.693098917118576],[0.059551090007571091,51.693125879807461],[0.059539057314196599,51.693149914648778],[0.059527095617499831,51.693172868243806],[0.059517045046182979,51.693195879150466],[0.059507053575011654,51.693214933216375]]],[[[0.058654626092649563,51.687139329038772],[0.058640985299261275,51.687157553165427],[0.058627262961773098,51.687173980217054],[0.058612013466990402,51.687188635532415],[0.058578541685285847,51.687216199760613],[0.058550485442062185,51.687235575796656],[0.058520942793376204,51.687254078627049],[0.058492886502192136,51.687273454649691],[0.058471854459040268,51.687288211296625],[0.058452308784079102,51.687303841139894],[0.058432722332700283,51.687318572443218],[0.058414581488126886,51.687333278406967],[0.058396481394182229,51.687348882904878],[0.05837978614632626,51.687363563527299],[0.058349164576882141,51.68739017848349],[0.058290812577059897,51.687443357702989],[0.058253166580741249,51.687474591993755],[0.05821700691700557,51.687506699475804],[0.058177915191668463,51.687537959077275],[0.058171862820441379,51.687542540713707],[0.058149940095037357,51.687559132094535],[0.058122005729623914,51.687581203642324],[0.058094030580424783,51.687602376646673],[0.058073601709632931,51.687590375322792],[0.058102401153047892,51.687566546777902],[0.058133400234101226,51.687542539396311],[0.058162492543054632,51.687518566320016],[0.058194429750935778,51.687491575852086],[0.05822648694856998,51.687464584171551],[0.058257467339317991,51.687437520528555],[0.058283431192821394,51.687415579700534],[0.058333442453250589,51.687371551763192],[0.058370475206000236,51.687338538682937],[0.058388478249263,51.687322580685709],[0.058413430099471801,51.687304613370486],[0.058461405553955903,51.687273565778547],[0.058479470764879631,51.687261562483627],[0.058499400524886766,51.687248627254519],[0.058517445697626687,51.687233567749651],[0.058535419749456682,51.687219587690748],[0.058554376793999413,51.687203612945979],[0.058575360577063924,51.687187602673966],[0.058593436001398408,51.687170564273835],[0.058610392519220421,51.687152557205799],[0.058640402302434731,51.687114633126384],[0.058652393354020727,51.687097611439867],[0.058665457081040248,51.687080571848909],[0.058678451138533406,51.687064611679951],[0.058694379744960765,51.687047610894091],[0.058710428325175264,51.687030608002942],[0.058727429590579118,51.687013589309046],[0.058741441101067181,51.687001656130313],[0.05875341774848386,51.686989579668435],[0.058767355551004131,51.686978636955011],[0.058780378610441518,51.686968610425403],[0.058795404999923279,51.686960615256375],[0.058809357298106553,51.68695263891393],[0.058833414043115928,51.686938643003742],[0.058856349167806903,51.686923586749728],[0.058880405882894171,51.686909590830169],[0.058926385637601039,51.686876600572973],[0.058934418433053429,51.686869627239773],[0.058944359423324967,51.686862620453638],[0.058954418990815341,51.686855612487086],[0.058969365633308339,51.686861643418091],[0.059014723115261215,51.686881193805299],[0.058970125610682607,51.686950351136502],[0.058827340169959635,51.687023895093638],[0.058724727297603335,51.687121913732852],[0.058679355504976494,51.68710558999809],[0.058677969347284593,51.687105235710675],[0.058666862030115209,51.687122028786746],[0.058654626092649563,51.687139329038772]]]]},"properties":{"OBJECTID":13,"SHAPE.AREA":174805.90664959999,"GLOBALID":"{1AF4A6D2-D5E8-4543-83CB-CB56955F69D5}"}},{"type":"Feature","id":4,"geometry":{"type":"Polygon","coordinates":[[[0.085396884701112605,51.666920708962721],[0.085797870318441855,51.66709464536028],[0.085808000382584515,51.667097162295761],[0.085830056148299083,51.667104862040951],[0.085860971211958348,51.667115999644146],[0.085889932312919456,51.667126092839446],[0.085905079855498015,51.667131398262754],[0.085909452428834937,51.667133118205797],[0.085969855076491325,51.667155419619966],[0.085981618112839442,51.667159705148087],[0.086024177849728517,51.667175131237578],[0.086068373252310759,51.667192415795817],[0.086152508600686559,51.667227780769629],[0.086239342389134818,51.667262197585238],[0.08637784237863147,51.667318172407164],[0.08651932462080314,51.667376790050668],[0.086570990831615263,51.667398347137016],[0.086750865114970446,51.667472464440785],[0.086753764542874937,51.667473312173257],[0.086909994651567679,51.667536252583176],[0.087091056747759688,51.667607651387556],[0.087116172165849839,51.66761709412831],[0.087280976460211643,51.667679791727018],[0.087313405393953464,51.667692700557488],[0.087459138840225492,51.66775034315436],[0.087631338871052275,51.66781569559317],[0.087737448907819079,51.667856960875987],[0.087878619257755086,51.667781632608801],[0.08802914195230456,51.667785249170933],[0.0880434497350773,51.667813762010077],[0.088030124004838284,51.667868838399869],[0.088013530953598249,51.667917678980444],[0.088028112702237593,51.667921015826096],[0.088069115398661274,51.667931075120201],[0.088085167515642396,51.667935284171286],[0.088124823759632903,51.66794716500506],[0.088136503193435828,51.667949655089018],[0.088173016117155861,51.667957995671017],[0.088212552470287323,51.667969878607408],[0.088259516845638278,51.667982527792525],[0.088294600777098609,51.66799089464881],[0.088338545813955283,51.668002699139542],[0.088386862178873163,51.668016223487768],[0.088429418063981025,51.668028951908092],[0.08848063542367432,51.668043323881548],[0.088508492489574264,51.668052717565736],[0.088535080260457991,51.668063032177493],[0.088563059856122214,51.668075120543662],[0.088594105810185786,51.668089042805185],[0.088626578138532155,51.668102848863057],[0.088654516449920423,51.668114038684202],[0.088683922613309721,51.668123404773496],[0.088757278098387141,51.668147271988744],[0.088789625106761833,51.668158383356989],[0.088801430040952214,51.668163568017071],[0.088823526671482536,51.668172164836847],[0.088832347984516599,51.668174704794104],[0.088857221613089801,51.668181454592748],[0.088882176437566088,51.66819000055817],[0.088911582695940794,51.668199366589249],[0.088943728653660986,51.668208683875541],[0.088970149852295205,51.668215405220913],[0.088999396316334356,51.66822387481502],[0.08902737208655348,51.668233266265496],[0.089039134281295187,51.668237552404435],[0.089047996959555106,51.668240990867538],[0.089080184274060392,51.668251205739594],[0.089122783355849611,51.668264832400133],[0.089162481453465531,51.668277610500333],[0.089165422319757492,51.668279356694384],[0.08920062914545826,51.668290417070637],[0.089235920122336304,51.668303274454928],[0.089272638765079099,51.66831610642744],[0.089299226860592273,51.668326420862059],[0.089340235704698123,51.668339176480657],[0.089384346691194813,51.668354573762656],[0.089421148071922585,51.668369201833499],[0.089469634630875761,51.668386408769599],[0.089509415630454156,51.668400983794172],[0.089516807931629111,51.668403549128456],[0.089546053170977039,51.668412018609381],[0.089578483259865588,51.668424926799645],[0.089606382134050283,51.668435218739667],[0.089637300455921387,51.668446355299949],[0.089672590230210084,51.668459212575605],[0.089702160710712492,51.668472170721103],[0.089706532150795854,51.668473891443526],[0.089741947434146263,51.668489443339467],[0.089786100014502324,51.668505738090445],[0.089831723121382392,51.668522906811312],[0.089871545670752201,51.668538379333569],[0.089898055495162346,51.668549595184125],[0.089924606649854771,51.668561708651779],[0.089948216903298017,51.668572075939544],[0.089967495662910374,51.668581621956164],[0.089974886573861101,51.668584187286669],[0.089989592713717009,51.668590218551195],[0.090010424628810093,51.668602433791882],[0.090028155825050235,51.668612007342816],[0.09003424168590303,51.668617292772097],[0.090044740376501092,51.668625197432299],[0.090047765424992626,51.668628739722735],[0.090047930787024902,51.668632332012656],[0.090045401947879938,51.668639569287535],[0.090038796676603652,51.66865407138215],[0.090032231275825686,51.66866947112532],[0.090021589421925327,51.668689527839675],[0.090012164401646361,51.668704979377708],[0.09000677730601353,51.66871226662473],[0.089999881127488413,51.668720480887728],[0.089982209338290195,51.668743270566729],[0.089967195976196471,51.668764214412363],[0.089930470113522287,51.668813414490629],[0.089910068175419008,51.668841646496958],[0.089904519795171514,51.668848038250786],[0.089885298825329224,51.668870854586295],[0.089856979405560047,51.668913612020923],[0.089831235721129277,51.668952727476082],[0.089813771907121032,51.668980007917142],[0.089801409914176331,51.668996410063578],[0.089785089901293982,51.669017467063711],[0.089783824728432091,51.669021085711314],[0.089775747406528592,51.669034714728738],[0.089770571067138552,51.669049190477409],[0.089765597372817585,51.669065461135141],[0.089764290840939467,51.669068181260712],[0.089760379712129509,51.669079039260069],[0.089758181529140377,51.669093462008135],[0.089756314111215887,51.66911507113376],[0.089755753226133161,51.669133960133848],[0.089755835938450032,51.6691357571775],[0.089758009259799015,51.669151900644962],[0.089764555496519599,51.669169763907433],[0.089769789666627353,51.669187650519405],[0.089769872379657056,51.669189447563021],[0.089777516974675953,51.669200099014141],[0.089780661978249951,51.669203639176544],[0.089789771515697572,51.669212466939868],[0.08980468458246782,51.669222989935392],[0.089807668296265533,51.669225633709651],[0.089825476831369183,51.669234306657479],[0.089846314545459133,51.669249218698781],[0.08987013045024525,51.669264077733288],[0.089885120685025244,51.669273700087572],[0.089908731346031279,51.669284068276603],[0.089951660959189578,51.669304880124351],[0.089997538563089313,51.6693275270299],[0.090024131566448257,51.669340538989836],[0.090050600539424153,51.669350856277227],[0.090091853060444732,51.66936630417586],[0.090137561244278908,51.669385267985],[0.090186045067514278,51.669402385653676],[0.090222766271936747,51.669415216389631],[0.090228686884527634,51.6694169095177],[0.090274228345834831,51.669432281009037],[0.090288934802371448,51.669438312231748],[0.09030960176330971,51.669446934225114],[0.090341867379519269,51.669456249004412],[0.090418085578770444,51.669480064237348],[0.090487072587956144,51.669502209637784],[0.090551688131286778,51.669522635206349],[0.090626434642985587,51.669545578146845],[0.090713065226079789,51.669572803045384],[0.090720456340807193,51.669575368326271],[0.090806885871039147,51.669600800018486],[0.090830329993412923,51.669607574857061],[0.090924356129304426,51.669637455620581],[0.090922931159585718,51.669640177868075],[0.090806211754143523,51.669772610741781],[0.090716716876669143,51.66987219539331],[0.090639875792098729,51.669961755478134],[0.090507808912723461,51.670107946545848],[0.090456670977609982,51.670160100218439],[0.090386022143481418,51.670228782433782],[0.090296069100170823,51.670315878816275],[0.090281693218739092,51.670317033972225],[0.090268747934692695,51.670318163661285],[0.090254377578347728,51.670322014690157],[0.090241556353339109,51.670325839041801],[0.09024016856744374,51.670326763002265],[0.090226123494698662,51.670335103626861],[0.090203754327267474,51.670351683938044],[0.090181342332081665,51.670367365749414],[0.09017983460450367,51.670368291844042],[0.090159055864462684,51.670385743095125],[0.090136525342891891,51.67040142700737],[0.090133789641252043,51.670404172574493],[0.090108684701956404,51.670423498435177],[0.090080600042479475,51.670442877325613],[0.090049942397171762,51.670465898135731],[0.090014962654300507,51.670493490352847],[0.089985608609456327,51.670513791070142],[0.089956053319443383,51.67053229684624],[0.08994899290282049,51.670536917893884],[0.089933766638952667,51.670550673252123],[0.089912702377670642,51.670564533408175],[0.089891476837077586,51.67057489022514],[0.089870205790129845,51.670584258664661],[0.089867387381828451,51.670585208081242],[0.089844645802713341,51.670593703429304],[0.089781682925274872,51.67060920846842],[0.089753180417176309,51.670616907063184],[0.089720186391854459,51.670622888863711],[0.089714389670162389,51.670623890378238],[0.089665590431008885,51.670631051783559],[0.089651178649477456,51.670634006015476],[0.089606711084684265,51.670641988672095],[0.089527654889197575,51.670652385301594],[0.089478814276259838,51.670658649006725],[0.089491842344350883,51.670659315548505],[0.089685612850074356,51.670721495317409],[0.089674139361255081,51.670723497107176],[0.089669931644076675,51.670725369600284],[0.089665689589985845,51.670729041219431],[0.089664465720511621,51.670733558387013],[0.089664755134886226,51.670739846241425],[0.089661127688827696,51.6707542944173],[0.089655785788747097,51.670765177870038],[0.089645261791430023,51.670787840289314],[0.089637390827273594,51.670805960108495],[0.08963359798420141,51.670816815095492],[0.089631151679461937,51.670825849404281],[0.089627281694122374,51.670837605021298],[0.089625042084948953,51.670851130141124],[0.089625248782830721,51.670855620952274],[0.089660416417388755,51.670865783539476],[0.089744027980049032,51.67088955757864],[0.089767513938710838,51.670897230245409],[0.089830540741599227,51.670916786132786],[0.08993306149283907,51.670944628082587],[0.090037218322590609,51.670976936212931],[0.090147213384542971,51.671009140335869],[0.090270360894805363,51.671044706371582],[0.090389058347778634,51.671079453137516],[0.090515148740491824,51.671116764147484],[0.090649854531129573,51.671152124023344],[0.090914527193063241,51.671228681145479],[0.091016284390103355,51.671258064490438],[0.091230537014400773,51.671319516413121],[0.091225670689216762,51.671322569725675],[0.091221344527681172,51.67132444528287],[0.091215790413520584,51.671328140323773],[0.091215873148723883,51.671329936466556],[0.091214164222464797,51.671331675489228],[0.091210324660075462,51.67133632828088],[0.091207506234488256,51.671337277729712],[0.091199097929577061,51.671343720471619],[0.091189297603606792,51.671348389486681],[0.091179417317828984,51.671353960081802],[0.091149903373065666,51.671373364677308],[0.091132922670709479,51.671382656942569],[0.091124591456979237,51.671388199048486],[0.091103444411822609,51.671400262375201],[0.091083728028698713,51.671412301121279],[0.09106396876322756,51.671423440470633],[0.091047147906436351,51.671433629134491],[0.091027347279310833,51.671443870855619],[0.091011754329140396,51.671452239134027],[0.090938304360785607,51.671488608155748],[0.090929813265311188,51.671493254735886],[0.090928424013556441,51.671494178730299],[0.090918466440547741,51.671498041190254],[0.090901401475563581,51.671505537305549],[0.090894418123141321,51.671509257779199],[0.090885885637239955,51.671513005835443],[0.090878742403410595,51.671515829897281],[0.090873105474330015,51.671517727880783],[0.090868780724567708,51.671519603399553],[0.090863143794592843,51.671521501382593],[0.090860366731666919,51.671523349344106],[0.090847509447326558,51.671528972017398],[0.09084477372319158,51.671531717600871],[0.090839178171836316,51.671534514103605],[0.090818113743783874,51.67154837442196],[0.090809581244174514,51.671552122472775],[0.090799578171124926,51.671554997448474],[0.090791004288473823,51.671557846977109],[0.090737648459601208,51.671592958842595],[0.090726340275625553,51.671598553921903],[0.090716542594596272,51.671605920622341],[0.09070964192751392,51.671611437228577],[0.090701192164078806,51.671616982313523],[0.090694172996097652,51.671622501028587],[0.090687313702077818,51.671628916154447],[0.090680375841789715,51.671636231936247],[0.090673398046361431,51.671642649171041],[0.090669274488310414,51.671646318716256],[0.090663761626296177,51.671650911354206],[0.090659518124201866,51.671654583034517],[0.0906568252040134,51.671658227108942],[0.090652782912075444,51.671663692822683],[0.090648540852992426,51.671667364476889],[0.090644498559265374,51.671672830190367],[0.090636214203156096,51.671681967557468],[0.090625236918920715,51.671694748997766],[0.090621237442192887,51.671701113205671],[0.090614382314359102,51.67171022602561],[0.090607569923005393,51.671720235543354],[0.09059940409003546,51.671729371696877],[0.090593938178343977,51.671737559626543],[0.090588549427281992,51.671744847823923],[0.090583083511834112,51.671753035753113],[0.090577576259530557,51.671760326059605],[0.090573618146784218,51.671767588786906],[0.090569618656644604,51.671773952993156],[0.090566847114248422,51.671778496823343],[0.090562722090359718,51.67178216639072],[0.090554520408732422,51.671793099895723],[0.090547702445413825,51.671800413534726],[0.090542195181837509,51.671807703839626],[0.090536725108344526,51.671813194967086],[0.090531180603568823,51.671819676602624],[0.090525709082219893,51.671825167755323],[0.090522854864516611,51.671827916339623],[0.090520160436915298,51.671831559538283],[0.090515995515775494,51.671834331455891],[0.090514688954203185,51.671837051588987],[0.090513222519369219,51.671838875310613],[0.090510488201744801,51.671841620860867],[0.090509181639628344,51.6718443409939],[0.09050640454267693,51.671846188947313],[0.090503587515621903,51.671847138353975],[0.090500690433832423,51.671848987543974],[0.090495054892542406,51.671850885484155],[0.090489340823774911,51.671853684978778],[0.09048517441227405,51.671856456022546],[0.090478031099376133,51.67185928006073],[0.090472476859500953,51.671862975067569],[0.090465374919005789,51.671866697625958],[0.090456842289074649,51.671870444753431],[0.090431488537428842,51.671884381357138],[0.090421608000658987,51.671889950991805],[0.090414630130216403,51.671896368211776],[0.090411853026228853,51.671898216163008],[0.090406381481090009,51.671903707310349],[0.090403485878210996,51.671905557370827],[0.090400750104862898,51.671908302944317],[0.090395197297805333,51.671911997921889],[0.09038960725085983,51.671917491177865],[0.090386830103195301,51.671919338230019],[0.09038552353152747,51.671922058361744],[0.090374463416199799,51.671933043635981],[0.090371690441154146,51.671937588386015],[0.090359323703341002,51.671951292891933],[0.090356713486402437,51.671956734001874],[0.090352629760309888,51.671961301184673],[0.090349858226516935,51.671965845908503],[0.090346769643590494,51.671968687686736],[0.09034573461338738,51.671969515442825],[0.090337408772219033,51.67197775426861],[0.090333243785216719,51.671980525281448],[0.090329000225980574,51.671984196950262],[0.090323487330394581,51.671988790471332],[0.090319363671704303,51.671992459106214],[0.09031238577129018,51.671998876320352],[0.090305365093918344,51.672004395937229],[0.090299894968424263,51.672009887054074],[0.090280300692732851,51.672024619461311],[0.090278954227488398,51.672026441943657],[0.090271933500455828,51.6720319606601],[0.090263524934968323,51.67203840333719],[0.090256665518186091,51.672044818438856],[0.09025238057652854,51.672047591583883],[0.090244133319164047,51.672054930645778],[0.09023298895278449,51.672064118890702],[0.090227398867781292,51.672069612139254],[0.090227481607458276,51.672071409181463],[0.090224787183432159,51.672075053272138],[0.090222052834350128,51.672077798815913],[0.090219238465820875,51.672081445041407],[0.090216504116012203,51.672084190585068],[0.090213851018594665,51.672088732298086],[0.090211156592476152,51.672092376388456],[0.090206954382511986,51.672096946574122],[0.090202913443507282,51.67210241224732],[0.090197364719539971,51.672108804015615],[0.090193365147586441,51.672115168209586],[0.09017683746119147,51.672134341403243],[0.090174101660592573,51.672137086971667],[0.090169982154797851,51.672140846352143],[0.090165697198843514,51.672143619494143],[0.090153206321123211,51.672154630212859],[0.090146305503117877,51.672160146787178],[0.090137896896315919,51.672166589455621],[0.090130877575793758,51.672172108138227],[0.090097363060794577,51.672197876669387],[0.090080705683135004,51.672211658410994],[0.090072297057553888,51.67221810107489],[0.090065360454889762,51.672225416796024],[0.090023437223886449,51.672257627969636],[0.090008210420668922,51.672271383339954],[0.08999584352534358,51.672285088707596],[0.089992023022379547,51.672287583799601],[0.089984574998125941,51.672291582264691],[0.089981762042704153,51.672295228459035],[0.08997943280172753,51.672299045895826],[0.089752089843857213,51.672541326691579],[0.089640802599661784,51.672543307063833],[0.089503577983999646,51.672543950335246],[0.089487492350852516,51.672544236553833],[0.089236503756199778,51.672539712340601],[0.089166959815083019,51.672536634955215],[0.089145940055478282,51.672535929799338],[0.08912841969239603,51.672533544620606],[0.089067481534804788,51.672528335710609],[0.089023945243625474,51.672525514073897],[0.088980367611565872,51.672521793899193],[0.088939811209797409,51.672518920121163],[0.088793312521272524,51.67250723145726],[0.088663237187091834,51.672497408718037],[0.088603073777433816,51.672493444747651],[0.088517957031257852,51.672488845438188],[0.088364811099842344,51.672480420963225],[0.088044449190578813,51.672458338825422],[0.087718870983500258,51.672431763240034],[0.087627727446183218,51.672425742594335],[0.087384807074149876,51.672409922903086],[0.086599288941422312,51.672365178822083],[0.086363559478513333,51.672350128504249],[0.08621519708901057,51.672339368998337],[0.086185741555662179,51.672334138841109],[0.086096780804665138,51.672318547906521],[0.08580596754944203,51.672267346476289],[0.085791060633309407,51.672264734529548],[0.085300927491917283,51.672183719446338],[0.085291074540849776,51.672182095898293],[0.085128232068414217,51.672154601596596],[0.085110326216300713,51.672151593185312],[0.08429801854916831,51.672014083475482],[0.084102289812674841,51.671984563613471],[0.084084520534637927,51.671981912325272],[0.084036899606310583,51.671970621094573],[0.083983107905201401,51.67196258585372],[0.083474287186892926,51.6718873784856],[0.083128752430570371,51.671836331991862],[0.083111229951259025,51.67183385603029],[0.082811048251307876,51.671791443569887],[0.08249353221403409,51.671745471847359],[0.082175507956333924,51.671701396719577],[0.082071730236896609,51.671690291076665],[0.081689921731817453,51.671649053220897],[0.081455128651357012,51.671628312960848],[0.081097193041602289,51.6716110135851],[0.081031948186626165,51.671608034154957],[0.080996697582215643,51.671606411598944],[0.080810876631761772,51.671597837821245],[0.080809716247726412,51.671632379932817],[0.080848115112091737,51.671710451887215],[0.080867408018636885,51.671743732311953],[0.080853109083692462,51.671777787832752],[0.080853462437868034,51.671824529409143],[0.080621409737154648,51.672061302090576],[0.080615448971843889,51.672074353394862],[0.080611288162908495,51.672087642584458],[0.080608688868033115,51.672101173884265],[0.080607165923616914,51.672114775139846],[0.080606361024440937,51.672128454498115],[0.080606028895071055,51.672142035554351],[0.080605989267050537,51.672154172618178],[0.080606545027043008,51.67216629913306],[0.080607343349652569,51.672178511275888],[0.080614515476429241,51.672207512009443],[0.080619928469004037,51.672231958603184],[0.080629705228241089,51.672255338698143],[0.080633946527301978,51.672267220960741],[0.080638899003791675,51.672278999797683],[0.08064432280946679,51.672290680357754],[0.080650220834875622,51.672302262589724],[0.080656828676247988,51.672313743218425],[0.080664023633657059,51.672325032693642],[0.080689369077588946,51.672362881138262],[0.080702399483667309,51.672381799020933],[0.080715549846059359,51.672400714776714],[0.08072905160193812,51.672419534379173],[0.080742789141663052,51.672438259876671],[0.080756875402271472,51.672456799342392],[0.080770037233541425,51.672473376822879],[0.080771557066485811,51.672475328256432],[0.080786703279546637,51.672493579160374],[0.080802199659680732,51.672511644006434],[0.08081840170852661,51.672529516495203],[0.08083506830718902,51.672547110973255],[0.080852679062971208,51.672564509766772],[0.080870870155399913,51.672581537672471],[0.080873237636851447,51.672583743861345],[0.080810739792985656,51.673017988813392],[0.080736832423139421,51.673629987666757],[0.080715305846826346,51.673618232726476],[0.080669664614504519,51.673613737596305],[0.080132686605681042,51.673541081949431],[0.079756078807033309,51.673483563488659],[0.079444845469429842,51.673444755275582],[0.079395790899686319,51.673438611507741],[0.079143571385050557,51.673396868178067],[0.07913041923359132,51.673393505812086],[0.079118655150854797,51.673389218714021],[0.07910538445940582,51.673385857544758],[0.079093620422115207,51.673381571342638],[0.079087777038874721,51.673378977029948],[0.07907605560128865,51.673375589327748],[0.079073113334933387,51.673373842907338],[0.079068663012380316,51.673373022441986],[0.079065720787625179,51.67337127691993],[0.079059841206069181,51.673370481758397],[0.079055510873190335,51.673369660067458],[0.079049749794808277,51.673368862807429],[0.079036602524067259,51.673368196313604],[0.078200124773993268,51.673197718908838],[0.078211608366990273,51.672974474175177],[0.078209932401214544,51.672969110098855],[0.078209685683203051,51.672963720728923],[0.078207930863340117,51.672959256404589],[0.078206131539880597,51.672951197643222],[0.078202942617315307,51.672944061830265],[0.078201143254272173,51.672936002170239],[0.078197789883547211,51.672925274042768],[0.078195865719173349,51.672914519723193],[0.078192393849775152,51.672903793692626],[0.078191941510931617,51.672893912581806],[0.078190101060342035,51.672884955292176],[0.078189648722302982,51.672875074181327],[0.078174934165547938,51.672837576631963],[0.078133484641063053,51.672721440171522],[0.078100538682719989,51.672634730637427],[0.078085946187751429,51.672599927784702],[0.078057751024222147,51.672551881301807],[0.078045288264236623,51.67253232360892],[0.078032785831126286,51.672511867360932],[0.078020323134430539,51.672492310563541],[0.078011090351964005,51.672480786315113],[0.078003247163931227,51.672468339119924],[0.077995563609152885,51.672456788355234],[0.077992419283030939,51.672453247871331],[0.077990866707806084,51.672450578476543],[0.077987842328088225,51.67244703587],[0.077986207538096097,51.672442570317578],[0.077983142031172528,51.672438129182879],[0.077979752466469793,51.672429199301789],[0.077979300181584277,51.672419318188858],[0.077982885503598026,51.672401275024605],[0.077982063189651701,51.672383309854737],[0.07798304157910671,51.67237340342551],[0.077981158620620411,51.672363547628706],[0.077980702223698864,51.67235357666285],[0.077973794925974504,51.672330325431794],[0.077967583161915974,51.672319646978089],[0.077961333710598976,51.672310767702633],[0.077953773535111723,51.672301911620217],[0.077947522643895734,51.672293032369517],[0.077942945711818215,51.672286820366054],[0.077939679507091755,51.672280585169119],[0.077935061450459198,51.672273474637208],[0.077928400867699366,51.672255612774372],[0.077926559012259367,51.672246654605885],[0.077924677558290245,51.672236799680739],[0.077924266374018669,51.672227816196695],[0.077925243369744851,51.672217910691671],[0.077926262854608991,51.672208901892141],[0.077928789018093511,51.672198968974769],[0.077929807056830863,51.672189960200761],[0.077940450812680098,51.672138529564045],[0.077944001289289314,51.672122284629232],[0.077953995517057659,51.672087945949855],[0.077960483241865303,51.672070749783501],[0.077973415470710197,51.672038067699731],[0.077993127266112183,51.671994566300434],[0.078002269285007822,51.671972828681461],[0.078014269726737945,51.671951040480025],[0.078056717517135915,51.67186758116911],[0.078092713802417266,51.671799519762565],[0.078111571868220972,51.671768620333481],[0.078128839626361218,51.671736849788275],[0.078150510814857313,51.671704911387863],[0.078161205261210065,51.671685843150179],[0.078173488493379739,51.671667645151267],[0.078187042778760041,51.671648526300267],[0.07828394584993334,51.671491285029688],[0.078281046315416589,51.671490437089659],[0.078270670918387006,51.671485226975477],[0.07828609033678631,51.671381839096128],[0.078287647569875954,51.671371562715464],[0.078305326128748839,51.671338346060594],[0.078307169800302737,51.671334358502946],[0.078306881952311364,51.671328070603792],[0.078305288266229262,51.671324502684428],[0.078299937687176885,51.671309224598538],[0.078293433987830341,51.67128695452206],[0.078287955861061478,51.671263677112925],[0.07828758579279102,51.671255593056017],[0.078284840734711189,51.671226873538942],[0.078283566004589036,51.671199027255803],[0.078284008310567879,51.671177443578017],[0.078289589722002173,51.671140486091538],[0.078296917994032003,51.671079134144364],[0.078303075074134573,51.671054752455895],[0.078310503150210958,51.671029449016451],[0.078319725614381136,51.671009507556406],[0.078322457213582899,51.671004065473653],[0.078337029224189142,51.67097593872672],[0.078349193704830691,51.670957742807488],[0.07835327711818095,51.670953176054702],[0.078374016158545043,51.670932131505012],[0.07838924267392057,51.670915680798181],[0.078395939126717121,51.670905673158387],[0.078399813440646449,51.670893916955357],[0.078400954766207773,51.670887603760868],[0.078405847081668242,51.670866840576046],[0.078413316206793829,51.670842435658344],[0.078422661952087316,51.670825188876172],[0.078422538589922278,51.670822494190574],[0.078435679859147123,51.670794392752931],[0.078443345568354403,51.670771692040802],[0.078448196718569091,51.670750030326133],[0.078450768656690734,51.670743691809783],[0.078458356235131296,51.670719284791915],[0.078467043982821019,51.670687666050334],[0.078474471912987953,51.670662362600702],[0.078484671042943335,51.670632514719259],[0.078492505316960975,51.670613497070313],[0.078500750817659323,51.670603462005623],[0.078504793049018279,51.670597996719792],[0.078514469161642439,51.67058793633219],[0.078524472831373857,51.670585062396526],[0.078545787415669296,51.670576594514678],[0.078549867306719173,51.670569330048359],[0.078551049741090576,51.670563915380384],[0.07856309066035029,51.670543024754487],[0.078564356770119081,51.67053940621831],[0.078576685595133505,51.670524804388563],[0.078587708613101215,51.670512922540439],[0.078604115813009551,51.670491055367251],[0.078608118329670559,51.670484691524436],[0.078607830448771371,51.670478403625587],[0.078606235366972754,51.670474836633851],[0.078602758686927357,51.670461412928759],[0.078601078662642959,51.67045595900256],[0.078595518257604857,51.670430885447843],[0.078593883445231078,51.670426419003775],[0.078589584277241969,51.670395030129072],[0.078586427849383259,51.670357328032019],[0.078585613584281233,51.670339542568357],[0.078585358617539416,51.670333973491637],[0.078585194110968606,51.670330380278088],[0.078620292090588878,51.670320859073612],[0.078745143784626617,51.670287094100168],[0.079023591042621091,51.670209345588191],[0.079244993046596032,51.670148788605708],[0.07940628561081145,51.670103589301],[0.079412329343804294,51.670107977662013],[0.079437408381441768,51.67011922029895],[0.079440349001934848,51.670120966738885],[0.079468453021770899,51.670133144984554],[0.079502269571033291,51.670145132137151],[0.079563779585478667,51.670162921852238],[0.079616792634354006,51.670182659626697],[0.079674218126176921,51.670205017001919],[0.079699214963786777,51.670214462526573],[0.079746265263728175,51.670231609874371],[0.079757987375884909,51.670234997494234],[0.079825498795679378,51.670256276909896],[0.07986515500287715,51.67026816053064],[0.079873898912295377,51.670271601787221],[0.079919273236083652,51.670283384111855],[0.079986786246511246,51.670304663407379],[0.080005899085553708,51.67031061786178],[0.080058830204292733,51.670328559276214],[0.080137903004375122,51.67035233059265],[0.080168738098572528,51.67036167349859],[0.080214237497870891,51.670376150364405],[0.080290858738415599,51.67040625800341],[0.080345388007781085,51.670427857030113],[0.080385255260261787,51.670446928091316],[0.080437003074157618,51.670470284939569],[0.080469272462558153,51.670482299226563],[0.080503090975668212,51.670494286058826],[0.080525104875494316,51.670501087388267],[0.080573339373413794,51.670512818787763],[0.080606993309645172,51.670521213279095],[0.080642153702809444,51.670528680913378],[0.080662455344618675,51.670531917328333],[0.080690183850991193,51.670535920503035],[0.080703294182137952,51.670538385973956],[0.080722324852074478,51.67054254325582],[0.080723795200507986,51.670543416459246],[0.080751734582136289,51.670554608135951],[0.080787188254519818,51.670571061296279],[0.080798992891931723,51.670576245863629],[0.080832935064249642,51.670590927280607],[0.080837424879354039,51.670592646234411],[0.080857930946834494,51.670600373477079],[0.080878515820228314,51.670607200962536],[0.080884395030511577,51.670607995138432],[0.080906326756892258,51.670613001138769],[0.080929565552932417,51.6706152862035],[0.080949860791923095,51.670615825812412],[0.080955311017388967,51.670547404623122],[0.080955530834366476,51.670536613247258],[0.08095871991116102,51.670494303370177],[0.080971747875177733,51.670494971757833],[0.080997762619339983,51.670495410002204],[0.08100210653144424,51.670431503797438],[0.081003125416120272,51.670422495874348],[0.081002960717735523,51.670418902666334],[0.081005445832906753,51.670410678090462],[0.081006627928876321,51.670405262502435],[0.081008012334475743,51.670401641842126],[0.081010666265205228,51.670397100326795],[0.081011930730294723,51.670393481791969],[0.0810156844255841,51.670381728533677],[0.081184996899876724,51.670066685029006],[0.081394490038739623,51.669746434578109],[0.081556119173006911,51.669518819305623],[0.081561509173400146,51.669511532405572],[0.081653632142515087,51.669406424604105],[0.081759846312354084,51.669293964588604],[0.081980158899821506,51.669084996666875],[0.08218904758023847,51.668907785800037],[0.082516732132329643,51.668642973666202],[0.082631038459475378,51.668551045927487],[0.08263389300141076,51.668548298429108],[0.082709211720845249,51.668490235659462],[0.082868873660854603,51.668375928262954],[0.082905331617591047,51.668351907194555],[0.082936193917226744,51.668330683142223],[0.082968363067653539,51.668306738129004],[0.08299644951680421,51.668287360914285],[0.083023067910992177,51.668269808248382],[0.08305111309179844,51.668249532495189],[0.08309867313613499,51.668215426192376],[0.083122474445223762,51.668198821834764],[0.083136556239231621,51.668188682896492],[0.083151903283794071,51.668177532328144],[0.083168803510299275,51.668166445029037],[0.083191380273567275,51.66815435686749],[0.083212527974906414,51.668142294953078],[0.083244861708917053,51.668121943070808],[0.083289893026997269,51.668095073807912],[0.083357336091040013,51.668052523131472],[0.083393917174908641,51.668031196594278],[0.083423432359176874,51.668011793925466],[0.083440253753787025,51.668001607241912],[0.083457277451536319,51.667993213682259],[0.083496836586088516,51.667971835172921],[0.083536235963602448,51.667949560227385],[0.083581349319922157,51.667924486109811],[0.083625155797377282,51.66790213293536],[0.083633647035802075,51.667897487778525],[0.08368443313881252,51.667868717732006],[0.083695701504892445,51.667862224777181],[0.08374085179767253,51.667837959272859],[0.08379853872066037,51.667803672975303],[0.083805640593371269,51.667799950818718],[0.083862063208063373,51.667769282155405],[0.083910420900406166,51.667739565920506],[0.083917522795096233,51.667735844655873],[0.083976212203301565,51.667705225634165],[0.084039653977136239,51.667669038568498],[0.084100361186093375,51.667635596873779],[0.084158171267933096,51.667604005081593],[0.084173644273902254,51.667595639837593],[0.084214509507696308,51.667571540126943],[0.084225736479520294,51.667564148597336],[0.084263869567429137,51.667545492007065],[0.084285016699278792,51.667533429904601],[0.084328696073279169,51.667508291919063],[0.084341470567820168,51.667500872909351],[0.084402139892237327,51.667469230241799],[0.084407812594158096,51.667465533416788],[0.084468316869912755,51.667430297513874],[0.084516204868124098,51.667403376159037],[0.084533942299199902,51.667392362822532],[0.08454020766577057,51.667388566443542],[0.084580828874152872,51.667361774061114],[0.08469607115864479,51.667287808280264],[0.084732527274911887,51.667263786660733],[0.084763717894409091,51.667249747646338],[0.0848387976635403,51.667215152032384],[0.084899668335586792,51.667187910089467],[0.084906811278552902,51.667185086392905],[0.084911367525277393,51.667183028029051],[0.084933677197129367,51.667172922632815],[0.084956372966562915,51.667160832909779],[0.085011404762796478,51.667131087632633],[0.085059252306760938,51.667103267511578],[0.085112935987338947,51.667075344638313],[0.085176501162687157,51.667041851624731],[0.085227206659839586,51.667013981582841],[0.08528934116688329,51.666980513912328],[0.085354251194733638,51.666945199301985],[0.085390830486530483,51.666923873057691],[0.085396884701112605,51.666920708962721]]]},"properties":{"OBJECTID":4,"SHAPE.AREA":356810.91822847998,"GLOBALID":"{9F0A1C2A-79BF-4B22-9763-59E0CC482C24}"}},{"type":"Feature","id":8,"geometry":{"type":"Polygon","coordinates":[[[0.12785030095302391,51.702124975197428],[0.1279082959995855,51.702152962508102],[0.12799133540602364,51.70219595881268],[0.12807721902963945,51.702235936874594],[0.12820130516612976,51.702283942805117],[0.12822420762440448,51.702293955638602],[0.12825121685609583,51.702304974065527],[0.12847728040235271,51.702412982909415],[0.12849626717150012,51.702420909326051],[0.12855620036493176,51.702446973655185],[0.12861018369962215,51.702475931682294],[0.12861516826618724,51.702477908745784],[0.12866416465185462,51.702509924676747],[0.12871420679456178,51.702543899104676],[0.12877916207651163,51.702582907057931],[0.12884521770055499,51.70261991756329],[0.12891110701114808,51.70265594186197],[0.12898112334938114,51.70269090303497],[0.12969205404701636,51.703073935155963],[0.12983807809203443,51.703151927558814],[0.12986097625627679,51.703166885178135],[0.12988998275201569,51.703184878536163],[0.13005696662150312,51.703289910796322],[0.13033401589882559,51.703461899090101],[0.13063096215602976,51.703645842969337],[0.13077788446368269,51.703742876814374],[0.13092389521224382,51.703840826274394],[0.13111985925906708,51.703970773115834],[0.13131286752282709,51.704103828949322],[0.13140582706064924,51.704169837449825],[0.13149880758161683,51.704238811252345],[0.13161080151610105,51.704318767898251],[0.13172181850675077,51.704400809564909],[0.13184177579111361,51.70449275786634],[0.13195875174541163,51.704584761059223],[0.13208371997728019,51.704681742142377],[0.1322066821053198,51.704781726165272],[0.13230466682490763,51.704865712450392],[0.13240064527475603,51.704952701732005],[0.13253063461196246,51.70507269584774],[0.13265964599612845,51.705194685048127],[0.13278362512875361,51.705313709800954],[0.13290356655655672,51.7054356835731],[0.13312852414333409,51.705661653147374],[0.13314359706978968,51.705677651504054],[0.13315852434666239,51.705695629973881],[0.1331925353536684,51.705733669644218],[0.13322456116235598,51.705772643717808],[0.13338445674099694,51.705967609921579],[0.13353548389921782,51.706151589783914],[0.13362245759654812,51.706257619782264],[0.13370741140422673,51.706348584257924],[0.13388448118257951,51.706530561868412],[0.13389547593394543,51.706543577636509],[0.13391340948838543,51.706564557978162],[0.13392142556898257,51.706572592907399],[0.13393936104172033,51.706588539159974],[0.13394637618976313,51.706595603986237],[0.13395541463280028,51.706602542128529],[0.13396445726507758,51.70660956922066],[0.1339754074329389,51.706616562556469],[0.13399638030792912,51.706628587705538],[0.1340184471729497,51.706643559630102],[0.13394236806565193,51.706700590618652],[0.13386146098293877,51.70676157427696],[0.13385945852258763,51.70682552906235],[0.13383142742389464,51.706843569330175],[0.13380342754676164,51.706844527605526],[0.13363648979345533,51.706852504183637],[0.13362846985541815,51.70685453740515],[0.13361839874476428,51.706853552203398],[0.13360947417522595,51.706851556090982],[0.1335914334570521,51.70684352337787],[0.13358150795132778,51.706840557159204],[0.13357145963281009,51.706837503244586],[0.13355943451899507,51.706835564345639],[0.13350845320527732,51.706832534510852],[0.13346040404671888,51.706833497161867],[0.13338050159446324,51.70682451969823],[0.13337649025241632,51.706825491811934],[0.13335453347624215,51.70682553089101],[0.13334045099216704,51.706825516879597],[0.13332746719013341,51.706823505442756],[0.13329844690424472,51.706820526291544],[0.13328343701948897,51.706818551646734],[0.13327350731125773,51.706815495552625],[0.13326246227153032,51.706811560454966],[0.13324551978990373,51.70680656432377],[0.13323854779914365,51.706805521906666],[0.13322349142134346,51.706802558914134],[0.13321449338875277,51.706801554189731],[0.13320545026040537,51.706799560199919],[0.13316553966332537,51.706798487383594],[0.13315248797401155,51.706797555371409],[0.13309453424006321,51.706798517891322],[0.13307145373461074,51.706797499113229],[0.13303049512747339,51.70679950096315],[0.13300253975271345,51.706806481473286],[0.13298455855298552,51.70682254052231],[0.13296853478431292,51.706834519158939],[0.13289856420717538,51.706785535553287],[0.13289651304406047,51.706782516218858],[0.1328955120783426,51.706781545210156],[0.13289054822479793,51.7067774996544],[0.13288348474859429,51.706774481407969],[0.13287456026771263,51.706772486137638],[0.13286153000762232,51.706769486308652],[0.13281451515266707,51.70676449660705],[0.13277749639322653,51.70676148270762],[0.13266350841777727,51.706687496660628],[0.13268457135046183,51.706640546132384],[0.13256152259964832,51.706551531525818],[0.13232962892983136,51.706373513862651],[0.13217969269314223,51.706278604021605],[0.13209068592846582,51.706281568538749],[0.13190666174946147,51.706319520246922],[0.1317956705146294,51.706329535366294],[0.13165270243977223,51.706329523036246],[0.13154168545843675,51.706341516750683],[0.13147876427473065,51.706348501926357],[0.13141467496737302,51.706358564843804],[0.13136067952129618,51.706367545313498],[0.1313077556991768,51.706376507213172],[0.13125579050175976,51.706385540721897],[0.13121070007424809,51.706393551113656],[0.13114376520186788,51.706406542239293],[0.13111878459507983,51.706395578482855],[0.13106870201341994,51.706373562331052],[0.13099482338875124,51.706350539954954],[0.13095182491955687,51.706334508391755],[0.13090782560957673,51.706317506684591],[0.13085482840446419,51.706299499155001],[0.13080384226131045,51.706278578392855],[0.13077379887685456,51.706266537368769],[0.130746815288836,51.706253541574284],[0.13073982421583355,51.706249533601842],[0.1307148451957954,51.706238568832397],[0.13068378173781919,51.706222591351164],[0.13065777413880542,51.706207509538494],[0.13052387777024194,51.706174518245916],[0.13044178904501169,51.706154521167377],[0.13035989112281832,51.706133531387209],[0.13021986341807373,51.706099570943024],[0.13008384453563607,51.706064549351062],[0.12996491349934311,51.706032544101177],[0.12984490813986629,51.70600055821172],[0.12976489671457694,51.705981602107123],[0.12969998906025898,51.705966596817241],[0.12968397450327404,51.705963560820777],[0.12961295440080026,51.705950553850208],[0.12954296100216547,51.705936539938335],[0.1294690092829803,51.705919541167155],[0.12939596565871467,51.705901536703337],[0.12932998375004362,51.705886550684866],[0.12931292344999831,51.705881556126464],[0.1292909231050493,51.705875572006924],[0.1292639827185241,51.70586859832347],[0.12917900833664678,51.705845596099174],[0.12909296100112672,51.705822613262157],[0.12901698176588508,51.705800526086605],[0.12892000880187365,51.705773606364154],[0.12891101101770819,51.705772600407983],[0.12890797989580666,51.705771576235286],[0.12890404072495074,51.705771557704253],[0.12889898215447071,51.705770571176672],[0.12889098522928424,51.705770536263131],[0.1288760686347486,51.705770536835885],[0.12886499699954795,51.705768580178102],[0.1288509884558133,51.705767575106243],[0.1288400368521217,51.705765616270668],[0.12882800795152641,51.70576358613355],[0.12881505046119529,51.70575959625517],[0.12880309523283023,51.70575657649561],[0.12880209437706699,51.705755605450605],[0.12873899535908501,51.705743533507039],[0.12856510250435646,51.705712612830069],[0.12839309507955729,51.705673567108015],[0.12833507459585486,51.705675606707189],[0.12829115787589451,51.705675593114186],[0.12824213621925765,51.705673604605259],[0.1279931881183218,51.705655550767808],[0.12769216582059764,51.705636550345766],[0.12757620087083635,51.705629571068791],[0.1274192358392654,51.705618569995792],[0.1273342507598855,51.705610579750086],[0.12710222300163396,51.705599588800197],[0.12694921629792491,51.705591571097159],[0.12692928611809454,51.705591572281385],[0.12657035317404727,51.705584585838906],[0.12641127910333949,51.705584588952185],[0.12640130107169339,51.705585578916974],[0.12639134892390474,51.705584590045085],[0.12637528289882247,51.705585510366348],[0.12636736249322222,51.70558457553728],[0.12636832784324803,51.705569544053063],[0.12637238459177758,51.705513552963964],[0.12638038217757797,51.705396537937318],[0.12638538791557266,51.705350598657027],[0.12639229284865855,51.705314603160417],[0.12640528424512901,51.705273553359767],[0.12642036329163564,51.705223565808801],[0.12644836713912408,51.705105649036824],[0.12645533860479885,51.705068574119885],[0.12646234734336279,51.704996617212096],[0.1264623162055443,51.70494762260698],[0.1264653105393245,51.704904595559888],[0.12647128683853109,51.70486663939883],[0.12649931351467825,51.704746654798726],[0.1265183724192584,51.704646700748725],[0.12652039450399405,51.704623650330419],[0.12651535927564309,51.704592635256084],[0.12650740237410729,51.704547650046578],[0.12650730432248153,51.704522659643665],[0.12650741622980202,51.704504676954116],[0.12650436909467636,51.704467693481313],[0.12651331755170953,51.704439662572966],[0.1265294105392645,51.704403680571268],[0.12654332199455456,51.704379695496179],[0.12657230908135844,51.704333681731967],[0.12657535234321041,51.704319691732344],[0.12658034814445859,51.704283730781327],[0.12659233981556878,51.704241710765679],[0.12660239815567387,51.704173743488447],[0.12660430976335468,51.704140716000211],[0.12660631846973011,51.70399270402028],[0.12661233002915331,51.703970749504457],[0.12661839727714211,51.703962727983907],[0.12665132177765873,51.703921766880228],[0.12667638452788493,51.703888769855595],[0.12667934858248958,51.703880714590994],[0.12668330803275424,51.703855740647235],[0.1266883527695232,51.703815733939209],[0.12668641278307091,51.703771807931972],[0.12673241086086059,51.703701752003241],[0.12676239676856718,51.703633783595293],[0.12684330615918318,51.70337178821179],[0.12701734282672855,51.702881917753402],[0.12703942018885966,51.702848883876733],[0.12713541495804964,51.702694855188213],[0.12714141394853928,51.702687913983446],[0.12722935366181809,51.702580958881676],[0.12731531883334676,51.702375957359628],[0.12731741001212332,51.702356950529243],[0.12731930635701569,51.702343971359447],[0.1273283914174376,51.702295979758944],[0.12733031451435967,51.702247938019184],[0.12732932851211218,51.702226919525216],[0.12732830296222838,51.702199967541162],[0.12733430974373602,51.702177923139224],[0.12734330376762815,51.702156004484976],[0.12744336482508312,51.701841969646445],[0.12766734758553927,51.702009981172026],[0.12772931417694014,51.702053988858495],[0.12779531499670357,51.702094955878145],[0.12785030095302391,51.702124975197428]]]},"properties":{"OBJECTID":8,"SHAPE.AREA":134806.86605615,"GLOBALID":"{04CAFDDC-328B-41BD-AF9D-A9EF895CCD47}"}},{"type":"Feature","id":23,"geometry":{"type":"Polygon","coordinates":[[[0.014258941885662367,51.661305888070991],[0.014413013661445262,51.661521880396165],[0.014455925487930604,51.66158083728876],[0.014245915803186363,51.661592800214052],[0.014067969888514177,51.661870763703092],[0.014465944307041213,51.661900796279276],[0.014578891085857641,51.661901825198754],[0.014673875949757586,51.661903791661203],[0.014759923329876969,51.661905821470846],[0.015174811076622026,51.661932773776698],[0.015184841175920978,51.661978809561433],[0.015216807391056417,51.662239777895579],[0.01521686426795337,51.662243731816964],[0.015233813074238472,51.662367772021746],[0.015240837060354107,51.662391744157837],[0.015250781349993012,51.662419711896696],[0.015258841150720889,51.66243476638693],[0.015272873784745136,51.662452775816526],[0.015286768731659099,51.66247573077964],[0.01529178582375389,51.662486702740324],[0.015295751709502266,51.662527718668244],[0.01529681814305779,51.662543702502674],[0.015305861650958718,51.662642705688604],[0.015307761561930373,51.662674767279832],[0.015310794667347355,51.662694762183065],[0.015333845903386944,51.662875693836263],[0.015329758021130385,51.662893743580014],[0.015324845518530137,51.662914684173764],[0.015318792399949122,51.662928722823473],[0.015297759930348528,51.662986709466715],[0.015288757408905718,51.663033701354685],[0.01528080039277536,51.663066650611164],[0.015278762660142116,51.663106690472596],[0.015278730457492883,51.663108669373038],[0.015275767351019447,51.663146657742161],[0.015271795776758747,51.663172706104866],[0.015264773376750593,51.663183704838573],[0.015252739755762555,51.663202700267327],[0.015240839112443201,51.663224660034885],[0.015231844301473533,51.663247649030708],[0.015227803750477394,51.663258685613791],[0.015237819047028053,51.663258693583529],[0.015256804341365185,51.663256660086404],[0.015279768993852982,51.663255636491442],[0.015302825357148981,51.66325667959061],[0.015337770550105708,51.663259675041012],[0.015375799940373336,51.663267653341357],[0.015391818895912382,51.66326863645665],[0.015406765781972018,51.663269638869231],[0.015430775743574271,51.663270664677228],[0.015444753384263937,51.663268627173245],[0.015460804575889893,51.663267632277361],[0.015500761008009437,51.663262631873792],[0.01556371282126409,51.66325462893073],[0.015630763943970505,51.663247634687359],[0.015664789804948471,51.663240667753925],[0.015719752003553342,51.663232622021944],[0.015770770983826701,51.663221677332253],[0.015818775853253333,51.66321267278574],[0.015843753102510395,51.663208647907787],[0.015862742294813863,51.663206703271058],[0.015881740640144523,51.66320763607105],[0.015914724522624712,51.663206710122779],[0.015940726576279457,51.663209679974798],[0.015993674099665883,51.663212636842211],[0.01604174957049587,51.663218643955084],[0.016085742819141956,51.663226698584936],[0.01614766089074024,51.663235704387198],[0.016181653933418447,51.663238715934604],[0.016216719129041518,51.663241709962378],[0.016245700585177943,51.66324462859027],[0.016282707788018956,51.663245701729515],[0.016308667446643728,51.663247683054244],[0.016343656575576914,51.663251666625108],[0.01636569786705085,51.663256682742364],[0.016386709455194364,51.663262704811956],[0.016450651448900847,51.663279676320286],[0.016510600915143739,51.663292670634618],[0.016566616357836066,51.663305643452382],[0.016644570764026253,51.663318688195979],[0.016688623137620907,51.663322696763004],[0.016717608662974153,51.66332570512985],[0.016747574524551629,51.663326628379622],[0.016818633865841145,51.663326666887002],[0.016895634042265077,51.663331637308957],[0.016963532645824956,51.663335684915019],[0.016998554062299442,51.663337690287825],[0.017001579876806002,51.663338717412991],[0.017030549706201596,51.663338669424391],[0.017060519611358439,51.663339683349058],[0.017066599337200981,51.663339667941152],[0.017110529582187225,51.663445624528386],[0.017120557044570366,51.663464689916317],[0.017126544057257883,51.663478701687232],[0.017130577360112521,51.66349166791953],[0.017136546849249677,51.663510624062859],[0.017144497493858098,51.663536647544184],[0.017152600275236317,51.663560691861861],[0.01715958157009187,51.66358367544575],[0.017165507221053596,51.66360164406575],[0.017169588401633726,51.663615687673868],[0.017174560385708356,51.66363367177641],[0.017179589811743817,51.663647610069283],[0.017183508655248387,51.663660668190737],[0.017193514037253565,51.663692679542308],[0.017207510362921796,51.663736669575265],[0.017215502489414673,51.663763592487186],[0.017225538631050544,51.663793625858581],[0.017233534730626721,51.66382063772658],[0.017249584390899034,51.663870615651156],[0.017251578517243207,51.663888651805522],[0.017253536457936456,51.663908575206108],[0.017256545611622036,51.663922638126394],[0.017260473996117808,51.66393057126038],[0.017271554879060562,51.663954564408613],[0.017297574414904374,51.664011562348158],[0.017334499418502826,51.66408860154003],[0.017359536517688522,51.664139593173019],[0.017378554411977873,51.664178552843566],[0.017398500982980056,51.664211562411445],[0.017425553987850936,51.664251552154873],[0.017453546036939719,51.664288559136089],[0.017477516164724156,51.664323567836647],[0.017493517206116586,51.664345588008729],[0.017507488486087294,51.664367553127043],[0.017515498358240945,51.664389530742191],[0.01752848589515139,51.664429582270941],[0.01753548077953879,51.664455533120048],[0.017548437932336791,51.664489561998124],[0.0175664278781004,51.664529527574381],[0.017587413070379167,51.664572498232275],[0.017612469654660731,51.664618545404942],[0.017628513078067756,51.664649554623445],[0.01764544764649801,51.664676503705714],[0.017665457429711689,51.664705556345652],[0.01768647828854537,51.664730546787155],[0.017709481095968028,51.664754514895094],[0.017730446302149053,51.664775550488436],[0.017760378582914332,51.664802545091668],[0.017788446395189717,51.664830470974174],[0.017789459753415778,51.66483449928289],[0.017792454998752535,51.664837504362168],[0.017794421978010889,51.664841515385149],[0.017797415779210679,51.664844520489098],[0.017803465098382123,51.664846484814007],[0.017827410084185952,51.664859468568451],[0.017828408542860788,51.664868531129109],[0.017836452200062813,51.664888529793771],[0.017854459131399072,51.664915460419124],[0.017864395452091734,51.664932459935919],[0.01786844799751151,51.664940481740189],[0.017871365584090703,51.66495247794483],[0.017874385138304451,51.664977507911516],[0.017873425086878,51.665001527164854],[0.017874416284268856,51.665026502061771],[0.017876424135098191,51.665039503073032],[0.017890395821918353,51.665061468139044],[0.017910390189266667,51.665087465354262],[0.017917436543710748,51.665098491358471],[0.017920369047369059,51.665105453309231],[0.017920367395166694,51.665113453956394],[0.017919423912351296,51.66512443831018],[0.017914355632536363,51.665136481820618],[0.017908345309085215,51.665159509659674],[0.017902402451138135,51.665189457858759],[0.01789944310968623,51.665219445612195],[0.017901437528102672,51.665237480849612],[0.017901370003927386,51.665257439043565],[0.017901355149315155,51.665262474194115],[0.01789537617061265,51.665267431084231],[0.017888430322218419,51.665269438865558],[0.017877418442077971,51.66526845907061],[0.017855393278130967,51.665266500400989],[0.017827371901820471,51.665266442362551],[0.017803364795828711,51.665265506014691],[0.017754420869627079,51.665269493498769],[0.017669449317348467,51.665278415498975],[0.017589445676553198,51.665286442757015],[0.01750944200597886,51.665294469960848],[0.017450482277778939,51.665298449547741],[0.017382506923774927,51.665303483240741],[0.01732047586264901,51.665305447254369],[0.017288492067196022,51.665307435506143],[0.017213480432302957,51.665312410127186],[0.017148530938329479,51.665318469904477],[0.017112536787108706,51.665321425346818],[0.017084548323453574,51.665327480558823],[0.01704849530790083,51.665334482713398],[0.017022483277471225,51.665339423963452],[0.016988460062963083,51.66534648115902],[0.016950483949541215,51.66535045976822],[0.016911554157400494,51.665354454745241],[0.016881550791671349,51.665355419696567],[0.016830475888523471,51.665354408500235],[0.016785557096450979,51.665352393202916],[0.016728568575527049,51.665352473599661],[0.016677495122206246,51.665351462311889],[0.016654525459625532,51.665352396334626],[0.016631590483987338,51.665351441334622],[0.016605522831642315,51.665352428550662],[0.01656756381932591,51.66535946328883],[0.016533535080340413,51.665366430521907],[0.01646655516447924,51.66538043637928],[0.016387577498059722,51.665395457539525],[0.01635954096916278,51.665400433405132],[0.016334514730316947,51.665403381025982],[0.016313621247813239,51.665405447456195],[0.016290533061819219,51.665406383442587],[0.016259625252168178,51.665408441963613],[0.016228549672353734,51.665409425157783],[0.016200589202764699,51.665413411404892],[0.016172596525673134,51.665419375646366],[0.016144620995696288,51.665428397032528],[0.01611154980031454,51.665435437627039],[0.016085537604607854,51.665440378671143],[0.016066551480576535,51.665442413209512],[0.016043585705519055,51.665443436071186],[0.0159696170769109,51.665442368819861],[0.01591161522337655,51.665438420495619],[0.015836605175053524,51.66543539269157],[0.0157906580517841,51.665434383839774],[0.015762684425170492,51.665435403586486],[0.015691682724990823,51.66543940914908],[0.015686674836681996,51.665439405186255],[0.015664662726775119,51.665440411603761],[0.015656628951727633,51.665439381380153],[0.015647597629617694,51.665437379105292],[0.015641624379897572,51.665434424190209],[0.01562570606139357,51.6654303828306],[0.01560660345058139,51.665424417778937],[0.015535666285367993,51.665408374288909],[0.015446626719989687,51.665387428509412],[0.015262685088818043,51.665342399165311],[0.015103737213358887,51.665304402601095],[0.014941691612947396,51.665266458976916],[0.014780789080307312,51.66522741641981],[0.014492774878554526,51.66515846105149],[0.01417388042211779,51.665081403669944],[0.013948814110062975,51.665028447574791],[0.013836821737359159,51.665003398889908],[0.013634913963226381,51.664956427900869],[0.013564858298269748,51.66494144720987],[0.013511881884618186,51.664932466564302],[0.013457902572896927,51.66492242399282],[0.013390968256449974,51.664894444996598],[0.013325996701945064,51.664878477744111],[0.013290945812738998,51.664870448608049],[0.013244957907896347,51.664860448776302],[0.013191936424553324,51.664850480485804],[0.013133935450709379,51.66483843934185],[0.013057948439927114,51.664821402737807],[0.012967957421851367,51.664800470501959],[0.012895028661832571,51.664782482119406],[0.012815049443661838,51.664761468073166],[0.012746007276203203,51.664742424704748],[0.012695042711662741,51.664730442588322],[0.012660024359815478,51.664720434360852],[0.012609059841774557,51.664708452206526],[0.012533073237418346,51.66469141525797],[0.012378092345736152,51.664659460129641],[0.012283059276766144,51.664640412275553],[0.012263121044441721,51.664642461616324],[0.012236081956220727,51.664648408578245],[0.012209089194512548,51.664655433838128],[0.012200118818428102,51.664657475973755],[0.012191100623455332,51.664658438930836],[0.012177105593725427,51.664657420695143],[0.012171025642945369,51.664657434953178],[0.012082086005503138,51.664614458735926],[0.012069107928956945,51.66460946726869],[0.012050105076249937,51.664608444000763],[0.011995053098767061,51.664606420651864],[0.011961118411882472,51.664607451706821],[0.011926139946358051,51.664606432364167],[0.011894099729418144,51.66460446432076],[0.011855130462738219,51.664599468512662],[0.011805117210390917,51.664595470325828],[0.01178109377026868,51.664591477382913],[0.011744074145586087,51.664587436410443],[0.011629162395921874,51.664574481976466],[0.011477111200288589,51.664557488426489],[0.011369200778464365,51.664546481180857],[0.011313210866720765,51.664539439586356],[0.011298143708092363,51.664538438710537],[0.011279160509601321,51.664532470914352],[0.011269129583765507,51.66452940632778],[0.011250135034070411,51.66452047210133],[0.0112231649017141,51.664506460631557],[0.011196151011122372,51.664491460732037],[0.011177215868443812,51.664478479758472],[0.011165146365414352,51.664472483457743],[0.011128262464760981,51.664463405975553],[0.011086178686591107,51.664455406709394],[0.011004204609477972,51.664440448766236],[0.01094325769162415,51.664426479549782],[0.010861223187048304,51.664407476824309],[0.010815280068902165,51.664398465351468],[0.010764252947024551,51.664390438366539],[0.010683307503124174,51.664374474312908],[0.010618305203260682,51.664360484443407],[0.010572318377684549,51.664350483552091],[0.010501281438559138,51.664337496190541],[0.010428289495329209,51.664323463159356],[0.010402239393329942,51.664319413809373],[0.010381274366151499,51.664314468971881],[0.010359341817060001,51.664306483250812],[0.010336276700689704,51.664294472096728],[0.010314282288821265,51.664282442608069],[0.010275348882423589,51.664267466706953],[0.01023728024163743,51.664250498542337],[0.01020336593886067,51.664238493239857],[0.010185331235544447,51.664232419106362],[0.010179358534096891,51.664229464805864],[0.010172342144626239,51.664224460100598],[0.010157341621615284,51.664211502433808],[0.010139346821892421,51.664187447142837],[0.010123366123695654,51.664168483086264],[0.010114310290993515,51.664152456133266],[0.01010539109889794,51.664139483385149],[0.010097329643277199,51.664132429193273],[0.010078346768469632,51.664126461199025],[0.010058362561820584,51.664119432143551],[0.010043347742594858,51.664111507799177],[0.010026286508545437,51.664100472911791],[0.0099963547474632864,51.664081476967581],[0.0099623409482435393,51.664056437797868],[0.0099463121165744191,51.66404448597951],[0.0099193441100163676,51.664030474177096],[0.0098913899954930634,51.664018456693618],[0.0098573771999005428,51.664001508012539],[0.0098244026752509709,51.663986519897144],[0.0097983869424170984,51.663972491768568],[0.0097804060602493751,51.663959494240039],[0.0097544371560965553,51.663938452963173],[0.0097174171143811702,51.663915532546703],[0.009695364115801075,51.663899459127983],[0.0096704245376334867,51.663885501579202],[0.0096334087781577062,51.663873459268302],[0.0096014174298272113,51.663864477429158],[0.0095803499954849689,51.663854499312251],[0.0095193840600178974,51.663818504403373],[0.009479424581729257,51.663796533463419],[0.0094484648592474338,51.663778544145394],[0.009407474528661551,51.663757490069742],[0.0093764553229473968,51.663743547468272],[0.0093424812368505701,51.663727497225565],[0.0093154540600460297,51.663717532015951],[0.0092924444391830827,51.663709474603053],[0.0092514423602810519,51.663693544590444],[0.0092275116671775032,51.663683526377724],[0.0091844798943740962,51.663667541146175],[0.0091524411129918527,51.663657481798936],[0.0091165017722494007,51.66364551083408],[0.0090634236137968841,51.663631495044413],[0.0090184662927907024,51.663620487662378],[0.0089884995582316905,51.663611471019131],[0.008963527876142189,51.663599492216967],[0.0089225386594514195,51.663586528489994],[0.0088794746024130084,51.663572522045818],[0.0088624741559665907,51.663565530769503],[0.008841507109386141,51.663560495769381],[0.0088304506894433723,51.663558527617411],[0.0088214796182076588,51.663552478073015],[0.0088225603819842447,51.663544547999507],[0.0088324987779871272,51.663483516870286],[0.0088095648697080545,51.663482560330074],[0.0088134805509694526,51.663460557985395],[0.008828470302128277,51.663427487990852],[0.0088404615589066406,51.663407505690188],[0.0088625648727822855,51.663373504673771],[0.0088985525388636175,51.66331652233962],[0.0089175095682981452,51.663289588373971],[0.008953522403169413,51.663238538830171],[0.0089725357052628883,51.663215558785595],[0.0089955203753114971,51.663209592012294],[0.0090145448541417809,51.663189578389144],[0.009038502206021792,51.663170559464284],[0.009062458093024927,51.663151540559419],[0.0090874914910266131,51.663132593138741],[0.0091124446942125181,51.663114546332835],[0.0091374780113263835,51.663095598003267],[0.0091635047288959656,51.663077532818491],[0.0091884618471375183,51.66305957585373],[0.0092144910146058044,51.663041599640948],[0.0095614600893306253,51.662775584427749],[0.0095814219769078564,51.662760589557536],[0.0096073958728249958,51.662738659306541],[0.0096934850491811123,51.662679650248855],[0.0098474333697045092,51.662572642321649],[0.0098644608909682161,51.662558685900066],[0.0098713773402234386,51.662550656829353],[0.0098763879585513237,51.662542659479556],[0.0098814341343544491,51.662524683460944],[0.0098814823638618023,51.662517670296602],[0.0098824390612878878,51.66250965330876],[0.0098874654640083645,51.662496621695801],[0.0098984880572075811,51.662481689852036],[0.0099134111069081963,51.662468668692178],[0.0099304498377483126,51.662457678688973],[0.0099544019492478087,51.662446661172012],[0.0099783864830905889,51.662433664748647],[0.01000144982202646,51.662418705742127],[0.010021422682666285,51.662406677226983],[0.010093430368790538,51.662344672508951],[0.010115435894296969,51.662324698493542],[0.010140453101862141,51.662302693672629],[0.010167394395090722,51.6622757127396],[0.0101864022140641,51.662260733195843],[0.010206392157395277,51.662243670362933],[0.010239429674680209,51.66221973062197],[0.01025644027309845,51.662202718784563],[0.010283378387129746,51.662183737592507],[0.010308406768634417,51.662164700062988],[0.010340335692441633,51.662142667693487],[0.010367436007337961,51.662124673777186],[0.010384388477443888,51.662111707735356],[0.010401383246819124,51.662099730140142],[0.010414335349110831,51.662090697553097],[0.010425339407821111,51.662080710042787],[0.01048734631877864,51.662021753890791],[0.010516343895615744,51.661992759320711],[0.010554420015725036,51.661958755156469],[0.010582432903767787,51.661931754876697],[0.010600340357085491,51.661910771836602],[0.010616338015748667,51.661889730670161],[0.010634378117789455,51.661871711974221],[0.010649318999452097,51.661853746342999],[0.010655326766983053,51.661846721057074],[0.010663395191144131,51.661837772963466],[0.010687425863682853,51.661817763260217],[0.010708371520295417,51.661800772998916],[0.0107333233525019,51.661782725859396],[0.010771411508271567,51.661759778576069],[0.010803356671631821,51.661740802343893],[0.010839340348542038,51.661718789424853],[0.010871296782773199,51.661702779601846],[0.010912392198004226,51.661685804839365],[0.010979296637058518,51.66166479107229],[0.011114369203041355,51.661629754120256],[0.011211287352092172,51.661610744070629],[0.011263270611642172,51.66160275143875],[0.011310321127351112,51.661593765075494],[0.01138631617126986,51.661578798382159],[0.011436245539468922,51.66156481768693],[0.011476260313217286,51.661555771926345],[0.011506262678476735,51.661546807742468],[0.011543282769391686,51.661534755812767],[0.011569232685305582,51.661525771108344],[0.011624276496688107,51.66150882602107],[0.011699285527774271,51.661487762921944],[0.011770216230954112,51.661468837918534],[0.011869265010140673,51.661446823297041],[0.011950206495501983,51.661427816590091],[0.012022190972401127,51.661413817447418],[0.012110211723979115,51.661395857452383],[0.012204175406150337,51.661382830445874],[0.012294175264290953,51.661371848739975],[0.012358166259352437,51.661365808040159],[0.012423200877212898,51.661361815893464],[0.012458236114704325,51.661358788378912],[0.01247822208399367,51.661357816375912],[0.012495169631286605,51.66135285162273],[0.012514200648088473,51.661343805438143],[0.012532121218657252,51.661333879033528],[0.012540121918710531,51.6613287969396],[0.012550123913615447,51.661325838741924],[0.012573150944278034,51.661320859704801],[0.012586218295598476,51.661319826413994],[0.012601196807202465,51.661318850290137],[0.012617140348998218,51.66132082424604],[0.012631209071708126,51.661320852885645],[0.012650193686658621,51.661318819816877],[0.012693162843765668,51.66131188029793],[0.012739180476899788,51.661303809411244],[0.012783177866189243,51.661295863060623],[0.012828167206587717,51.661288798938756],[0.012861165246718376,51.661282839601824],[0.012911074419068172,51.661273803589509],[0.01295814110241658,51.66126787193155],[0.013074173638287874,51.661257882150842],[0.013156061383454178,51.661254859619866],[0.013233092535484638,51.661249853823946],[0.013338067848302734,51.66124589577781],[0.013362071315220188,51.661246833087951],[0.013387064640005724,51.661245864997881],[0.013436036996787115,51.661239901371559],[0.013493040790904265,51.661226877589371],[0.013527051451983674,51.661216854979315],[0.01356001942417971,51.6612048718913],[0.013592004405025735,51.661194883998142],[0.013645999437210147,51.661183889183924],[0.013719022767766563,51.661171849527072],[0.013808056706169752,51.661157916596764],[0.013894028701078602,51.661144844537766],[0.013974012853673114,51.661133854362319],[0.014040063707825266,51.661125888989062],[0.014082952343920244,51.661119848689403],[0.014122967819822087,51.661118892551961],[0.014258941885662367,51.661305888070991]]]},"properties":{"OBJECTID":23,"SHAPE.AREA":172615.35573772,"GLOBALID":"{10FB4B2F-B216-44D3-8903-F376FF05F391}"}},{"type":"Feature","id":14,"geometry":{"type":"Polygon","coordinates":[[[0.060377294380444063,51.694724723158352],[0.060340299259736309,51.694708740480614],[0.060295327403586063,51.694674738248573],[0.060274387510310112,51.694649753888058],[0.060260381848564103,51.694627704443519],[0.060259316815878781,51.694593741347084],[0.060261366713841184,51.694583726406762],[0.060269316445739823,51.694561741467197],[0.060274351759298052,51.694551764084252],[0.060278357697171124,51.694542793933081],[0.060279336216209504,51.69453279778552],[0.060279301434868274,51.694526775215508],[0.060277374208782868,51.694523752468662],[0.060271300452453332,51.694518735079455],[0.060254399127215495,51.694511749414815],[0.060224402004859914,51.694502746230562],[0.06019934226963098,51.694494735535379],[0.060160410101427905,51.694480765129931],[0.06011337447508279,51.694461722090701],[0.060080407659109901,51.694447736953165],[0.060055370802045462,51.694429745943985],[0.060027380316666226,51.694409740255601],[0.060012385747073779,51.694394810407026],[0.060006385711521684,51.694388802535791],[0.060002414194742629,51.694382759086452],[0.059999398123773265,51.694376788804682],[0.059992375756548796,51.694358751603907],[0.05999340989293326,51.694231796160366],[0.059992436851192599,51.694157825589059],[0.059997370316215264,51.69410883421989],[0.060005329921889332,51.69406077805138],[0.060013377729499898,51.694027824147554],[0.060025437056263287,51.693972863566103],[0.060035401980975914,51.693934841131615],[0.060048350819942378,51.693896856285399],[0.06008641294760414,51.693812852446051],[0.060165385010422304,51.693649827878865],[0.060294344956079188,51.693394859285654],[0.060383380350474372,51.693224915443963],[0.060490422998588679,51.69304692476446],[0.060723310127697848,51.692731967049873],[0.060792302741694428,51.692653982999289],[0.06088230123174096,51.692570955121226],[0.061102336777653553,51.692396015154614],[0.061489329011907283,51.692624040303116],[0.061611213702962915,51.69269400019639],[0.061847274161512873,51.692834954187973],[0.061983218539795999,51.692915005573525],[0.062107181942495655,51.692867969183268],[0.062131157200931021,51.692859997237349],[0.062156235370531124,51.692850027569989],[0.062180235221429979,51.692839986904765],[0.062207175437137135,51.692828995357161],[0.062236141192494959,51.692817968238714],[0.062261203116517547,51.692805032204653],[0.062301207221136252,51.692777000655973],[0.062351146634581099,51.6927339605936],[0.062395193755776235,51.692682035060997],[0.062424223053409438,51.692612032994575],[0.062450215706160106,51.692533004504739],[0.062466195861255021,51.692483009695472],[0.062499174259187898,51.692429030358916],[0.062536111743259973,51.6923860386797],[0.062599169587251771,51.692335037273395],[0.062661160898209195,51.692292055199609],[0.062776177194652491,51.69224508618349],[0.062882191988278047,51.692210050846889],[0.063005071437578941,51.692168067430281],[0.063059114157222804,51.69214707026574],[0.063088128303360594,51.692137121183173],[0.063102171296080492,51.692131121101681],[0.063115066475595394,51.692126130356954],[0.063129061871451744,51.692119052006795],[0.06314115149050667,51.692112097056743],[0.063164108112107958,51.692100097056979],[0.063184154512537311,51.692087069072905],[0.063202128986512451,51.692073088305236],[0.063223068358079643,51.692056088821715],[0.063256118313337772,51.692022065986606],[0.063266053255038424,51.692007058310594],[0.063275129382458481,51.691994133099151],[0.063282080507751082,51.69197908791331],[0.063285142620237503,51.691965099323021],[0.06328805608520692,51.691953091696767],[0.063286107434753838,51.691939101206067],[0.063282063302851563,51.691934138241201],[0.063279044333760179,51.691928078165546],[0.063275075249651022,51.691922124705698],[0.06326113283326977,51.69190411932739],[0.063057121392990773,51.691665155156208],[0.062897195066892675,51.691514146361499],[0.062876145054742122,51.69148412947974],[0.062871148261670562,51.691479183233206],[0.062868129379188759,51.69147312314562],[0.062863206197036559,51.691467186429477],[0.062860215982912415,51.691459147485311],[0.062857182314176321,51.691450121027145],[0.062847147191525787,51.691426204538701],[0.06284522976722394,51.691418147651497],[0.062838129355799993,51.691393189542815],[0.062836152205304113,51.691381177897966],[0.062837134591427868,51.691337199844916],[0.062827223790049347,51.69118220809824],[0.062823254168603029,51.690911230874882],[0.062825250950742734,51.690585220776569],[0.062829168136456059,51.690490307931292],[0.062831188596840781,51.690482270905854],[0.062835165021890446,51.690475279527739],[0.062841258137672412,51.690470227527442],[0.062875230526346748,51.690451291512311],[0.062893210907196004,51.690445312220369],[0.062920209272768091,51.690438275280385],[0.062912205843701691,51.689627343169711],[0.06291425590928329,51.689575345709684],[0.062925285119223295,51.689298441489768],[0.0629552241139614,51.688928428421711],[0.062966308882518709,51.688731444185166],[0.062976259160401227,51.688488540696177],[0.062963256473101678,51.688223566267261],[0.062867287154713153,51.687752560238891],[0.062888281014501238,51.687752551197356],[0.062905312610762612,51.687754589202108],[0.062932289755273277,51.687757621541053],[0.062959264263531961,51.687760563994949],[0.062986286354062573,51.687764584709029],[0.063050303526909074,51.687771550784831],[0.063111240213243047,51.68778162839471],[0.063141333061389471,51.687787572586181],[0.063171236376476342,51.687794598302389],[0.063213230577792198,51.687802580636777],[0.063255318769650848,51.687812629584187],[0.063460308135813354,51.687863597554866],[0.063510282436126136,51.687876563516163],[0.063613266628774284,51.687903611965112],[0.063680169039153911,51.687921585104192],[0.063989186539579412,51.688001559569912],[0.064041208311677908,51.688017545882374],[0.064151130327957689,51.68805553003714],[0.064190107170544353,51.688070577421144],[0.06423315656776242,51.688088609771349],[0.064273171948073582,51.688105526404733],[0.064336089276045463,51.688135525668933],[0.06440818505143979,51.688170578330073],[0.064488120638066831,51.688207559620913],[0.064568086475661104,51.688242563770409],[0.06465206509289792,51.688276597172944],[0.064729114462731163,51.688302572736504],[0.064802092736398878,51.688325562365691],[0.064913113473188497,51.688353546599622],[0.065022042144837103,51.68837752267757],[0.065155996797332361,51.688403575616988],[0.065327008766965955,51.688436528673442],[0.065529998089610492,51.688477549229404],[0.065704916876944686,51.688504588790948],[0.065763998677902752,51.688510561996765],[0.065948926014649481,51.688529514437114],[0.06612094179842451,51.688542580609592],[0.066289937056220646,51.68854958565629],[0.06638788882849557,51.688552537536907],[0.066510847504191006,51.688554509787387],[0.066581874615903591,51.688555597190593],[0.066658862148658321,51.688556579669076],[0.06673088432331159,51.688558548724799],[0.066769819699929317,51.688559571252028],[0.06670972416344384,51.690304318976345],[0.066411791792340621,51.690308393058004],[0.065414933988048735,51.690331321281967],[0.065392949522115079,51.690380343920303],[0.065372915412710689,51.690430320534205],[0.065338956388247868,51.690499330978476],[0.065310874785601644,51.690553314977052],[0.065285988026034067,51.690596274615473],[0.065250920644799232,51.690659282231969],[0.065225941113408611,51.690713301585653],[0.065213976024769416,51.69083829214177],[0.065230881723774101,51.691309247702314],[0.065270852670516882,51.691511177715249],[0.065306930972192437,51.691630199519679],[0.065344932739768935,51.691731207852548],[0.065424881270825658,51.691852155021216],[0.065464885628855912,51.69190017656932],[0.065504809649356566,51.691941188052347],[0.065558798203126281,51.691987166037329],[0.06562578811821497,51.69203309519299],[0.065696787163600029,51.692091090099034],[0.065782776697759282,51.69216913899524],[0.065825820049648667,51.692213152062891],[0.065882793413981344,51.692280113594265],[0.065907813801214299,51.692316083299197],[0.065925762337345123,51.692346063378608],[0.065974808503045532,51.692438066376219],[0.065987721881526407,51.692470113367918],[0.066002733301642566,51.692522080542993],[0.066021781294924392,51.692584046530079],[0.066012819982496196,51.692657111880791],[0.065983713441950517,51.692906016023407],[0.065922742744552801,51.693552926378104],[0.066021690368292668,51.693828974558656],[0.065974687558765399,51.693836903624771],[0.065989692469328926,51.693872958655241],[0.065970711949142474,51.693877967727161],[0.065961679782694987,51.693883969935698],[0.065957728078191141,51.69388889450294],[0.065955738014492948,51.69389495269305],[0.065959752600838611,51.693901893540875],[0.065964709120558365,51.693905942014368],[0.065970689334906213,51.693908893379501],[0.065982712402299901,51.693910929125458],[0.066000725164447174,51.693910882057828],[0.06601676351588541,51.693953932167965],[0.065977695478460038,51.693957945703893],[0.066028668120073464,51.69410789940914],[0.06604475154810116,51.694151936999134],[0.066046635604701115,51.694161882850082],[0.066045742822396461,51.694165854361074],[0.066029747540652467,51.694170899956042],[0.066019742023432054,51.69417386363385],[0.066006655696546915,51.694179937158339],[0.065992718906399253,51.694190879799542],[0.06598473360653978,51.694198931873004],[0.065977653445747256,51.694205888923101],[0.065972722948443391,51.694212897186709],[0.065969720079760472,51.694222928998201],[0.065967761447366727,51.694234919895486],[0.065965756394593622,51.694245923332062],[0.065836698851224118,51.694264914915678],[0.06581774259439728,51.694267855256619],[0.065812761562237046,51.694265874586819],[0.065808763398575554,51.694261900075503],[0.065804699657907417,51.694253880086556],[0.065791773882915586,51.694239903753683],[0.065780718536428043,51.694232905984528],[0.065766677795197223,51.694225870796245],[0.065744764788817425,51.694218885036271],[0.065730671029229762,51.694215896507792],[0.065702735613198435,51.694212881641967],[0.065679681693027236,51.694214904851535],[0.06565776205099938,51.694220864813616],[0.065638707756322648,51.694226863405007],[0.065621716003389244,51.694238848905002],[0.065610692149428954,51.694250909297679],[0.065605713978827293,51.694256840181545],[0.065596752702586941,51.69427488838339],[0.065594763937415132,51.694288857257163],[0.065595697742593786,51.694298909751232],[0.065464802288962745,51.694316854144645],[0.06549773721133198,51.694421817387926],[0.065365711357991421,51.694456861924238],[0.065293813491780595,51.694478803572537],[0.065229752503576904,51.694499887077846],[0.065130780481828146,51.694529855688153],[0.065002757574741818,51.694576876697575],[0.064901809926977361,51.694615869660133],[0.064849777325401411,51.694633865684153],[0.064820760550566625,51.694643815236745],[0.064792822117068979,51.694653835750351],[0.064762807514369108,51.694662813653601],[0.064743827929921588,51.694667821607766],[0.06472580119564568,51.694672813707889],[0.064692850215932018,51.694682832387826],[0.064653842768954833,51.694690800218211],[0.064596837094507253,51.694701780362927],[0.064570892946567843,51.694705832509094],[0.064542799064571943,51.694709832511258],[0.064509887694286852,51.694712838083277],[0.064475854468007451,51.694714785162759],[0.064440872513190806,51.694716838832854],[0.064402811072732616,51.694716788415839],[0.064327840167023795,51.694715768946367],[0.064292837737625258,51.694714765478615],[0.064221908754733228,51.694710798199289],[0.064124851600229585,51.694706839528926],[0.063956861467322726,51.694698824383607],[0.063888902719239013,51.694699838716062],[0.063855942291089859,51.694701766764602],[0.063816977100335501,51.694702811139209],[0.063777981796272282,51.694705833482878],[0.063738982398748784,51.694708765960407],[0.063700916804465171,51.694713840220082],[0.063663918447564374,51.69471880489165],[0.063551976125956033,51.69473380720197],[0.063512950693296891,51.69473880833867],[0.063475998700789057,51.694744761312208],[0.063397949194525946,51.694754762598663],[0.063326013676987425,51.694762768900624],[0.063289928668964823,51.694766819057229],[0.063260951327659853,51.69476975517],[0.063230980337819667,51.694771810378604],[0.063201958033916525,51.694773758090577],[0.063176947624189975,51.694774736971674],[0.063062981208679134,51.69477673882772],[0.062937011942523297,51.69477976071456],[0.062867072341905028,51.694781798421552],[0.062795980724682024,51.694784754670735],[0.062725086844652278,51.694786809052609],[0.062542074664829791,51.694794787191064],[0.062278142278242785,51.694804726329444],[0.062064126080170388,51.694807764459334],[0.061888141948171591,51.694820743019811],[0.06186315173777187,51.69482477781915],[0.06168514778272674,51.694811720455753],[0.060657319351901114,51.694740756883697],[0.060377294380444063,51.694724723158352]]]},"properties":{"OBJECTID":14,"SHAPE.AREA":196295.88385742999,"GLOBALID":"{5494C417-6D25-4371-AA26-64CC9BFB4EB5}"}},{"type":"Feature","id":15,"geometry":{"type":"Polygon","coordinates":[[[0.045035571017321314,51.681554979468586],[0.04465167394110979,51.681569035743934],[0.044627685409983818,51.681251029756574],[0.04498065243402595,51.681244075749859],[0.044957714751986178,51.680306195489578],[0.044944712725578644,51.680306152113459],[0.044941747586412298,51.679994163826947],[0.044956656003317615,51.679994174007462],[0.04495474950540964,51.679904217407639],[0.044941696076727614,51.679556264785617],[0.044579725862575109,51.679564274754718],[0.044577786675397392,51.679476208042423],[0.044574788563465167,51.679232272883532],[0.044575719462220539,51.679070258485574],[0.044575728227662835,51.679004272224361],[0.044568790879758645,51.67878935340557],[0.04479777343916843,51.678781320968461],[0.045127774966176377,51.678773327451935],[0.045364739248926735,51.67877036966577],[0.045890617268287442,51.678763366917096],[0.046038592329320782,51.678757372721954],[0.046043663675478456,51.678806369973749],[0.046048671675664288,51.67888836004191],[0.046055605333768339,51.678973374012422],[0.046055622413602358,51.678984341876642],[0.046055553756336687,51.679001333517071],[0.046054640726471939,51.679039287015854],[0.046057604966782538,51.679073307984055],[0.046058548885489069,51.679131276127606],[0.046060643328901196,51.679188325874485],[0.046059555534837808,51.679230328146133],[0.046057573419264114,51.679276300903297],[0.046055605638533788,51.679317329329812],[0.046057585835263065,51.679361255601918],[0.046057540033813009,51.679442255509819],[0.04605456983580615,51.679466310057201],[0.0460536461452603,51.679472260305324],[0.046052651014734776,51.679479289100435],[0.046051531907194229,51.679486231029614],[0.046021534912079679,51.679601285802725],[0.046015628180524223,51.679634291392162],[0.046000533324219675,51.679741264851472],[0.045980631629394371,51.679871246645753],[0.045968600020827262,51.679956231309141],[0.045964629206220749,51.680069213992276],[0.045965617946462069,51.68008322147989],[0.045964533034249924,51.680096185093134],[0.045968572068325227,51.680175226300946],[0.04597053325207047,51.680200184107534],[0.04597255029754848,51.68025022283863],[0.045971595687353102,51.680258151075968],[0.045970569674971505,51.680267158758646],[0.045969619074255959,51.680275175951927],[0.045963580280581194,51.680358168679263],[0.045952600311343697,51.680469116160431],[0.045940508912092691,51.680632134320113],[0.045927593388493483,51.680753094495913],[0.045912568609605867,51.680933064260543],[0.045905503949881084,51.681062102982906],[0.04590355641775868,51.681122099831285],[0.045919527283233563,51.681225025886974],[0.045936552439069397,51.681301054077458],[0.045947577822438662,51.681363072151711],[0.045967465542408929,51.681447051099383],[0.045985517388441755,51.681522072219771],[0.045819478694764937,51.681535033607702],[0.045503532174355668,51.681543053913956],[0.045035571017321314,51.681554979468586]]]},"properties":{"OBJECTID":15,"SHAPE.AREA":24917.520794405002,"GLOBALID":"{636EB128-75A7-48CA-B6B9-5BE1E781022A}"}},{"type":"Feature","id":18,"geometry":{"type":"Polygon","coordinates":[[[0.034071671669426394,51.702317244418815],[0.033984668361682922,51.702314255661896],[0.033957427838651591,51.702313469308095],[0.03395752846130709,51.702323715374021],[0.033868913852781395,51.702646638500539],[0.033781159304424109,51.702962174626713],[0.033755675861650798,51.703056470147146],[0.033705418223251501,51.703242262122821],[0.033578876441530042,51.703696105457844],[0.033461461428999459,51.704127314865474],[0.033330055978533835,51.704116194412315],[0.033136207207147494,51.704080354365253],[0.032457395838824447,51.703951230231446],[0.032233483727044238,51.703915548276477],[0.032102550967349569,51.703885629438759],[0.031983341441704699,51.70386701530672],[0.031879551417487606,51.703859641079212],[0.031772356949865341,51.70386149525357],[0.031657359149444203,51.703854314688485],[0.031583017870097228,51.703846340929694],[0.03151946257396851,51.703831438041043],[0.031413621114998701,51.70379955667196],[0.031355951105870306,51.703774842762236],[0.031291726359869224,51.703752939011558],[0.031124164088989072,51.703709808623778],[0.030768076487292368,51.703653665587105],[0.030481811722447346,51.70362184502482],[0.030262492656403038,51.703598037200607],[0.02993413019493809,51.703534759823313],[0.029412343479581372,51.70344497748858],[0.028924141651442335,51.703359017255174],[0.028696700455744885,51.703318985040895],[0.028669333329775882,51.703315411982928],[0.028669568114426273,51.703267311795074],[0.028724455346904151,51.7030058372045],[0.02873949319022915,51.702904531087029],[0.02873606268420599,51.702870518829442],[0.028728647650541676,51.702792794730215],[0.028725480332196046,51.702767318059365],[0.028743355889047684,51.702684122287678],[0.028771343695145765,51.702608213797127],[0.028821621902757378,51.702505130883814],[0.028867694207758272,51.702401401195289],[0.028876695285993952,51.702381197948384],[0.028921833986162136,51.702293936055817],[0.029118128078400654,51.701963313514476],[0.029147062720324877,51.701964611271279],[0.029151474808259005,51.70196453505352],[0.029228035029577829,51.701846163972306],[0.029320462922126086,51.701730396289399],[0.029346251980322459,51.70169875591958],[0.029722696739590118,51.701266310486886],[0.029744594720434912,51.701241030181862],[0.029753971687273593,51.701229271475746],[0.029756635900174945,51.701222123195656],[0.029743306823777106,51.701217589318325],[0.029766863338767897,51.701210709490489],[0.029795487930515178,51.70120509004898],[0.029832449920752433,51.70120445132595],[0.029896292590791154,51.701207213920171],[0.029964705281243509,51.701218797336338],[0.030163798516029953,51.701257519408763],[0.030294304896017209,51.701286098864443],[0.030339495073749639,51.701296015188163],[0.030558450743115285,51.701343922578694],[0.031125779240162993,51.701478581318405],[0.031485731608959122,51.701568099293823],[0.032117414736080874,51.701716833019766],[0.032460520708745479,51.70180043557275],[0.032524878200716159,51.701814694586929],[0.032605860062003889,51.701832441828984],[0.032655445065453266,51.701839225580144],[0.032745390895585556,51.701851962578722],[0.032756058801825368,51.701853036909959],[0.032759893765431924,51.701853420166891],[0.032817845831996879,51.701860507776587],[0.032857438528103654,51.701865306179229],[0.033018645246919054,51.701878608171803],[0.033322134331536302,51.701898256988365],[0.033778324994264024,51.701930454875388],[0.034198309842334497,51.701956174858346],[0.034393814460798887,51.701970588666548],[0.034470790154996989,51.701976177861539],[0.034494733214858714,51.701977921353574],[0.034632879588269549,51.701987844610009],[0.034868964161168158,51.70200775771697],[0.034976836047843358,51.702015777960113],[0.035155570518150048,51.702020771872547],[0.035220486148537955,51.702023512990209],[0.035259380293642478,51.702023378632489],[0.035295508420850122,51.702022752641291],[0.035333585923352569,51.702020384293355],[0.035358148072628819,51.70201995869126],[0.035378497381621875,51.702021404576129],[0.035388713770382399,51.702023025141116],[0.035399775405775664,51.702043510734889],[0.035397155444885912,51.702048949812884],[0.035394376614560352,51.702053493296653],[0.035390326450189254,51.702058957156972],[0.035386397228716233,51.702067115761125],[0.035380916370147279,51.702075302150909],[0.035371628672646947,51.70209434186301],[0.035366349856339421,51.702104321445191],[0.035359559728271837,51.702115227360139],[0.035355630496641068,51.70212338596329],[0.035351540949204986,51.702130648997141],[0.035347611755192077,51.702138808498589],[0.035342172614349854,51.702147892510531],[0.035340942518857908,51.702152408257909],[0.0353384046455422,51.702159644404617],[0.035336187822059856,51.702174066260731],[0.035333890383228247,51.702186691920303],[0.035332038781064092,51.702211895705425],[0.035331050605754352,51.702221801839158],[0.035330023549017146,51.702230809400312],[0.035327564878088767,51.702239842666806],[0.035327726106033804,51.702243435059692],[0.035326457166077928,51.702247053132893],[0.035326618434303736,51.702250646424353],[0.035325348047945612,51.702254264522594],[0.035325468988996626,51.702256959266556],[0.035324080020874088,51.70226057941948],[0.035322730426015719,51.702262400397629],[0.035322811080183938,51.702264197492617],[0.035321461485171325,51.702266018470787],[0.035320191098004605,51.70226963656895],[0.035317450174554135,51.702272380901285],[0.035316181233030361,51.702275998974365],[0.035314871964346184,51.702278718499947],[0.035312011012356682,51.702281464911877],[0.035310742070161903,51.702285082984908],[0.035302562019684083,51.702296912225734],[0.035294542279024774,51.702309637035249],[0.035286366212355535,51.70232155523118],[0.035283786549064326,51.70232789285425],[0.035275646770038804,51.702340619742266],[0.035274377823395389,51.702344237814913],[0.035271516864902035,51.702346984225898],[0.035259205934939537,51.702362480225084],[0.035221286100326731,51.702363047322599],[0.035211229952778561,51.702362322313256],[0.035180825293685963,51.702362849111438],[0.035148829166773782,51.702359807389591],[0.035098153353144007,51.702357988539802],[0.035047478440062639,51.702358866491942],[0.035031660616554168,51.702360039780345],[0.034974236274410382,51.702370024397638],[0.034876875988380844,51.702394185919985],[0.034839440586295539,51.702400228105091],[0.034791866983103117,51.702403749061205],[0.034741191130328614,51.702401930057732],[0.034709195001900228,51.702398888216109],[0.034665511900314035,51.702393351965483],[0.034592651981600268,51.702381129804984],[0.034527147534084923,51.702373274631285],[0.034435690814851413,51.70236676725785],[0.034384894985453232,51.702364950178911],[0.034334057997229335,51.702359537705604],[0.034284331158341917,51.702349610652924],[0.0342185384240873,51.702332680612351],[0.034173344661003691,51.702325372747822],[0.034071671669426394,51.702317244418815]]]},"properties":{"OBJECTID":18,"SHAPE.AREA":84764.82312004501,"GLOBALID":"{09F9AAB9-2002-40D5-9812-5EE5BF6F24A4}"}},{"type":"Feature","id":20,"geometry":{"type":"Polygon","coordinates":[[[0.033808499149472052,51.701078679928976],[0.034375952898175986,51.701141490843121],[0.034519902626303868,51.701150505283699],[0.034583204597698605,51.701154532741],[0.034710044629878159,51.701162494438385],[0.034779014701758905,51.701167862399956],[0.034874407819534277,51.701174390324276],[0.03491761570328817,51.701177327808225],[0.035313703881449929,51.701202469474552],[0.035313146210253936,51.701208682139232],[0.035303276274264578,51.701305134571285],[0.03530539984741967,51.701320560317107],[0.035326172934338526,51.701355351015415],[0.035557804019998862,51.701379835219868],[0.035545971054236986,51.70143254098101],[0.035537426348681081,51.701470806311214],[0.035521246031511855,51.701543635204096],[0.035410830267992882,51.70153476120106],[0.035403316580524827,51.701593325327444],[0.035394653452939927,51.701658202296237],[0.035382672294743872,51.701747500039275],[0.035472617026418032,51.701752234376293],[0.035457654160054829,51.70177245153544],[0.035449837035826007,51.701792364119399],[0.03544084981700394,51.70184205483833],[0.035433111664004785,51.701866371460135],[0.035415890918135864,51.701905416591181],[0.035410256765057317,51.701931404421366],[0.035401323014935093,51.701945044323857],[0.035390200546954353,51.70195512606562],[0.035382401756840258,51.701959486760792],[0.035375655772053441,51.701963378690216],[0.035368331832682252,51.701965034316622],[0.035354422485045618,51.701968871419574],[0.035325806165730014,51.701974671024033],[0.035295250203126363,51.701979785732135],[0.03526536162552165,51.701983808873763],[0.035248034037291071,51.701985907598065],[0.035233170780419515,51.701987064375068],[0.035191325370710222,51.701990576170644],[0.035120731351294544,51.701991619429528],[0.035127549862937361,51.701989343103158],[0.035136852910764564,51.701986575006011],[0.035138695849898323,51.701985105180839],[0.035141531154349544,51.701981819669548],[0.035141721374334328,51.701980737278284],[0.03507740563714154,51.701978075648796],[0.034990855999053341,51.701974541132827],[0.034949039567514835,51.701973377158687],[0.034789164717276222,51.701963202101609],[0.034476781135842814,51.701939485567848],[0.034221994753837005,51.701920254353915],[0.033952105867784882,51.701899486506683],[0.033656971036208842,51.701874570774358],[0.033705186496367265,51.701590014856528],[0.033737458412126255,51.701391678604892],[0.033765306277510974,51.701238368656327],[0.033777761446041339,51.701170189774693],[0.03379045658080683,51.70117122801183],[0.033808499149472052,51.701078679928976]]]},"properties":{"OBJECTID":20,"SHAPE.AREA":10345.684076080001,"GLOBALID":"{B692AC2F-939C-4AD4-9111-B19C0DAC5978}"}},{"type":"Feature","id":10,"geometry":{"type":"Polygon","coordinates":[[[0.067782397280540418,51.695302816556492],[0.067817500356623442,51.695245831684701],[0.067832491902925895,51.69525275996633],[0.067854401070771536,51.6952518346936],[0.068039384735045186,51.695302787375816],[0.068341335379524984,51.695333789462104],[0.068439367677129895,51.695340784039672],[0.06852340906747513,51.695341820998074],[0.068576357638851296,51.69533081957465],[0.06858637844916432,51.695330822940697],[0.068596355631739492,51.695329837897553],[0.068606377887649256,51.695329841236386],[0.068615323214116425,51.695329773616194],[0.068634339968427466,51.695330787567592],[0.068643332980428587,51.695331797307965],[0.068653400311494903,51.695332789025613],[0.068663349082029923,51.695333782830531],[0.068672387170449781,51.695335780951467],[0.068681308144568423,51.695337781134427],[0.068690347680403815,51.695339779228519],[0.0686993858121204,51.695341778245897],[0.068708306788558132,51.695343778426775],[0.068717389957100514,51.695346764926988],[0.068732340692704161,51.695352794561941],[0.068929368601412452,51.695408837499095],[0.069113326321092905,51.695460795748211],[0.06914428005583384,51.695469779823043],[0.06916632451231082,51.6954718185536],[0.069193303986451821,51.695474759516792],[0.069353269682945515,51.695510777275295],[0.069443296757264864,51.695535801767576],[0.069665226050467099,51.695585831175165],[0.069900146395859092,51.695640755161691],[0.070271180953815932,51.695718811148048],[0.070288136855344879,51.695721748686864],[0.070312135147763771,51.695724741941319],[0.07061416119036186,51.695780818807535],[0.070623142758977075,51.695786773584025],[0.070633156195370458,51.695791811816378],[0.070648148303406627,51.695798738832643],[0.070722128386280086,51.695819819663981],[0.071109987822797524,51.695918793339217],[0.071313994769828526,51.69597075343254],[0.071486949384915996,51.696003752461905],[0.07172097122469788,51.696046732223621],[0.071793985803792038,51.696059738845719],[0.071904931459666172,51.696077739813049],[0.07206993421147373,51.6961037759676],[0.072143961265926967,51.696112808702665],[0.072201935760847089,51.696117809090033],[0.072246933508289771,51.696120791166564],[0.072301952237924183,51.696123776272842],[0.072341892182862758,51.69612576844731],[0.072385920237943158,51.696125800947598],[0.072437892872304857,51.696124794001371],[0.072474833316288526,51.696123782498134],[0.072526835632883063,51.69612079663451],[0.072575852459607917,51.696117774402964],[0.072630819335543148,51.696111770448468],[0.072685859594952412,51.696104775996055],[0.072766811614040555,51.696087793974748],[0.072818829847142857,51.69607473967536],[0.072889834276129564,51.696056765891875],[0.072961802802003831,51.696033830062916],[0.073049806130050188,51.695998833676377],[0.073168800041984325,51.695952772567082],[0.073307773633450229,51.695894851826779],[0.0733417342473342,51.695880857091161],[0.073649713921948759,51.695740840773382],[0.073913701841334806,51.695632885393948],[0.073956700436144537,51.695620888197688],[0.074368706232835702,51.695425902547889],[0.07481466675725601,51.69522995591926],[0.075344635436773999,51.694997911888656],[0.076023570065767404,51.694704977119258],[0.076088506514956827,51.694677039696401],[0.07620454673930023,51.694636960934538],[0.076299491528991556,51.694612987400994],[0.076300538886388672,51.694615036267962],[0.076325466732773309,51.694607044574695],[0.076358549232131243,51.694599986920949],[0.076367526574187869,51.694598029712367],[0.076375547038760247,51.694596000393084],[0.076382449451512249,51.694593001660664],[0.076391500148477176,51.694590054874794],[0.076400502934775252,51.69458602983201],[0.076408506267620718,51.694581034178839],[0.076482469026955643,51.694547002793556],[0.076530453850418095,51.694524039128069],[0.076534534626592168,51.694521989524716],[0.076538502362095612,51.694520030945746],[0.076543468186916652,51.694519044797858],[0.076550443889406156,51.694515055581697],[0.076567441646754358,51.694511069026554],[0.076606434363905448,51.694508042472606],[0.076673491577781458,51.694502990974868],[0.076946481218674395,51.694459057261156],[0.077958368753996587,51.694283116693427],[0.078100371235888491,51.694255072732311],[0.078833291266772076,51.694115074360226],[0.079444132764353248,51.694003124084347],[0.079861078373005906,51.693927148273062],[0.080466114815813186,51.693816194691408],[0.081020981647887458,51.693709183449272],[0.082027844289071006,51.693523227650914],[0.082467807617145519,51.693434248533073],[0.082557798412901312,51.693414222722232],[0.08256987505788059,51.693412210980505],[0.082595848717022219,51.693406266782794],[0.082608825605367767,51.693434265152632],[0.082675864378538119,51.693426243899012],[0.082713857544772257,51.693422243851899],[0.082751805325167488,51.693417255418275],[0.082801756555405545,51.69341124568362],[0.082830776966786146,51.693409292247736],[0.0828658315850863,51.693406243515604],[0.082901740649428735,51.693406236183336],[0.082979746301939966,51.693403234139886],[0.083031790105194472,51.693401232937944],[0.083056799208150997,51.693400249841154],[0.083086819207285265,51.693399267792749],[0.083200779274370196,51.693397246577042],[0.083226787980921577,51.693397234893382],[0.083281808102698959,51.693400304737459],[0.08331077145022156,51.693402308011954],[0.083335723515408716,51.693405281684498],[0.083361746914269022,51.693408236348361],[0.083386748463725527,51.69341228733753],[0.083447694297863584,51.693422264372714],[0.08347875032754816,51.69342827622684],[0.083546707533817932,51.693440286145474],[0.08359977714678421,51.693450222072912],[0.083692672994615691,51.693475274701264],[0.083755702671744814,51.693494293474288],[0.08384972286299637,51.693528225946473],[0.083964677811189894,51.693571225465178],[0.084130691718650744,51.693632288623796],[0.084270682838780836,51.693685272233836],[0.084443649369613613,51.693752234776781],[0.084572575757691421,51.693803257088163],[0.084608534867973414,51.693817273110255],[0.084645537543022203,51.693833247159247],[0.084705622240225487,51.693858251873259],[0.084783611378512105,51.693891209190575],[0.084932566495780792,51.693965249902988],[0.08503349334037559,51.694022252389914],[0.085100546347929878,51.694061246990564],[0.085215505798432858,51.694130226460466],[0.085267486680072668,51.694163196473184],[0.085310538623708632,51.694186165222376],[0.085391532093145969,51.694235160948445],[0.085413513867323834,51.694246187582657],[0.085461433403708972,51.694271228060451],[0.085490424115495595,51.694284198514879],[0.0855164600067463,51.694295153144921],[0.08555043815939721,51.694310192336367],[0.085592427574213065,51.694328235752494],[0.08562342766587791,51.694338203855487],[0.085645434572160992,51.694347162615827],[0.085673437123071655,51.694354217295498],[0.085702391195867256,51.694361164246928],[0.085734475505847577,51.69436616807026],[0.085768397877918789,51.694372218348541],[0.085801391037487337,51.694376217733932],[0.085832472994561995,51.694380160226366],[0.085862439438127242,51.694383224166572],[0.085893430548551059,51.694385190796929],[0.085920438047940292,51.694386149961431],[0.085948402474850236,51.694387182050157],[0.085975414066780803,51.694388230155504],[0.086039405585888545,51.69438916102321],[0.086072454124282965,51.694389203530946],[0.086137382121828421,51.694387151073691],[0.08623538059077529,51.694388198116215],[0.08633232255391711,51.694392229583514],[0.086453344837592233,51.694393226267565],[0.086481356143469953,51.694395245676787],[0.086508289075335809,51.694397194310945],[0.086535391608109025,51.694400219030818],[0.086564401179541228,51.694403209865555],[0.086591383716311282,51.694406236704275],[0.086619365920454369,51.694410234057258],[0.086651331843424981,51.694415240633305],[0.086682266266665364,51.694421163881273],[0.086714305252951623,51.694425179063522],[0.086762324376885275,51.694434215020799],[0.086774342925674167,51.694410178450454],[0.086796359901448253,51.694414191819774],[0.086847285775218108,51.694424165277098],[0.086898288849628219,51.694433237187411],[0.086949242420809744,51.69444123264897],[0.087004252735509838,51.694449245030761],[0.087061244634557736,51.694456232995876],[0.087118311119200958,51.69446223132779],[0.087156269986563631,51.694465242839229],[0.087195301657387453,51.694468235274115],[0.087233259047023212,51.694471245887705],[0.087276274418720282,51.694475246606757],[0.087321225878044292,51.694477234543683],[0.087365267134408939,51.694480227819049],[0.087401269376854607,51.694482194919615],[0.087439255910484515,51.69448322838825],[0.087475258157886357,51.694485195466093],[0.087517182866840973,51.694486247942713],[0.087557266828975563,51.694486164990046],[0.08759926465241559,51.694486227857581],[0.087643166782215523,51.694486166037599],[0.087688173509437403,51.69448419793207],[0.08773124557450096,51.694484241658003],[0.087767184472277035,51.694482253953396],[0.087802211926061219,51.694481181693469],[0.087874162812323381,51.694476216650031],[0.087908219582662192,51.694472194974111],[0.087944231566556175,51.694469217635579],[0.087972130008580174,51.694466204671201],[0.088001223937935649,51.694463260372913],[0.088028119945741917,51.694459186110834],[0.088065113715841178,51.694454212922011],[0.087980185950093173,51.694571243623493],[0.087973193098439914,51.694585212853951],[0.0879701912361643,51.694582209653575],[0.087961134607863839,51.694577246703837],[0.087943124562808853,51.694572172242289],[0.087929220969776387,51.694568194708232],[0.087903213068714819,51.694568207415124],[0.087877130656497229,51.694569210620394],[0.087767175137641124,51.694570175996105],[0.087713177775494797,51.694571225734023],[0.087663249471309157,51.694575169760988],[0.087602186406663535,51.694578232571381],[0.087471278002587818,51.694580199562232],[0.087449208354331037,51.69458023299898],[0.087427282125648417,51.694578194698991],[0.087405210990915319,51.694578227254667],[0.087333294628038197,51.694576179911429],[0.087326205189111147,51.694549155623243],[0.087282282425326221,51.694546160227056],[0.087237239983525894,51.694542196431932],[0.087194270028587775,51.694539184070607],[0.087152208886734001,51.694535167263638],[0.087109313470958377,51.694531164367241],[0.087067325426054554,51.69452615705157],[0.086828342914424414,51.694492195889751],[0.086690276736934094,51.694468218912718],[0.086596332893977779,51.694454155455261],[0.086567396381650882,51.694450174150873],[0.086537313981180711,51.694447202375436],[0.086506347792233901,51.694443168086998],[0.086481321828666094,51.694441184676712],[0.086457294165196361,51.694440173605699],[0.086432386803715316,51.694438188977379],[0.086409387885574659,51.694436169543259],[0.08638436197086384,51.694434187010728],[0.08636033431268425,51.694433175919798],[0.086338383245076963,51.694433206142513],[0.08630335309444688,51.694434188088103],[0.086162406671668926,51.694433185436296],[0.086127402719226712,51.694432188505324],[0.086064412278795521,51.694432229084462],[0.085969352273039215,51.694430231356549],[0.085907355904556337,51.694431152551239],[0.085792434522944855,51.694420157865153],[0.085757443444789944,51.6944142164974],[0.085722448244152039,51.694408185267093],[0.085687480762354815,51.694400176074865],[0.085654494887930324,51.694391142504799],[0.085627405287035399,51.694383173254458],[0.085591421875534535,51.694371226256052],[0.08554849446024991,51.694356166133616],[0.08552050336618168,51.694344167122992],[0.085483516202762122,51.694331158810094],[0.085448514829291833,51.694317216872001],[0.085414492711833309,51.694301189252627],[0.085388527275461701,51.694289154244522],[0.085362475109286726,51.694275232337553],[0.085338444457409235,51.694261185507258],[0.085235489665715355,51.694204219282426],[0.085161527076405522,51.694160222577594],[0.085127515214442728,51.694139250596351],[0.085109495307985672,51.694126175216461],[0.085089499391534887,51.694114214017915],[0.085072556468919466,51.69410121033777],[0.085055465774908176,51.694090185838476],[0.085040571676837928,51.694080201446859],[0.085007512719294839,51.694059212515185],[0.08499257325464353,51.69404824064295],[0.084935530778655788,51.694014192229631],[0.084874601219064094,51.693981201967254],[0.084749594483357255,51.693927233697458],[0.08466757361715814,51.693892189707825],[0.084660563404298839,51.693890246747976],[0.084651624550925328,51.693898226214102],[0.084401655101125156,51.694100172944225],[0.083848643617183513,51.694546178698978],[0.08362270383260581,51.69473115469804],[0.08355272798845706,51.694644114530973],[0.083538675801374265,51.694629080994019],[0.083526698754093368,51.694615089748275],[0.083505665518610495,51.694596134303978],[0.083496735415193951,51.694586133847771],[0.083485705104702129,51.694577159825258],[0.083476700402326451,51.694568149869838],[0.083465715455181139,51.694560163320496],[0.083453728230610744,51.694551116344115],[0.083334675870158761,51.694463148982095],[0.083234676736980789,51.694395160395359],[0.083126792954028084,51.694319131056609],[0.083105776144064739,51.694303141888035],[0.083084788618228378,51.6942851747378],[0.083063727939024876,51.694268198060186],[0.083045708566163126,51.694255122357852],[0.083028720781103946,51.694241130003221],[0.083010705555137912,51.694228144147424],[0.082881742019091861,51.694119135118235],[0.082694741997068194,51.693962160151358],[0.082680785149502528,51.693949192206787],[0.082656774827379209,51.693925165456228],[0.082645752474261175,51.693911157193575],[0.082635834843629491,51.693895240908738],[0.082624790804988732,51.693878175566581],[0.082614825174571985,51.693861181926088],[0.082605824054590715,51.693839226187194],[0.082601858424940458,51.69382823838275],[0.082598803138810351,51.693816246156771],[0.082596775264543718,51.69380324653428],[0.082594836697751611,51.693792223686039],[0.082595810281354445,51.693782227406174],[0.082597809869485103,51.693771224654036],[0.08260181271033272,51.693762252865916],[0.082618806870630876,51.693719249577391],[0.082636764262612711,51.693671194285258],[0.082649767210519504,51.69363221667993],[0.082652795630630091,51.693620206504356],[0.08266086461813274,51.693593273761167],[0.082664770272861884,51.693569200729463],[0.082663878444379196,51.693547191124857],[0.082662825045756852,51.693537231685752],[0.082660767879743913,51.693526210041888],[0.082640870707753694,51.693485208881874],[0.082438846161727364,51.693523222502556],[0.082153874156925794,51.693576191477213],[0.082031945312613222,51.693602176856722],[0.08160590594575709,51.693685243150618],[0.081579885233596078,51.693690199681441],[0.080310058127990205,51.693933131655292],[0.07981515163996937,51.694026132109933],[0.079102241426568645,51.694160118045374],[0.078498320532463459,51.694272123900326],[0.077501356121398496,51.694456076508054],[0.076611427389476405,51.694604056428503],[0.076568454434155303,51.694613985875719],[0.076412506645238534,51.694644971361456],[0.076361489168113889,51.694658998760396],[0.076341527145470739,51.694666004321931],[0.076282457896968359,51.694710020219418],[0.07404174554292911,51.695690857244557],[0.073563774667046569,51.695888803895073],[0.073139795191387955,51.696077795856205],[0.073010819527286913,51.696124751607677],[0.072940790380180753,51.696145765707968],[0.072853820395125418,51.696166808964598],[0.072733814383939457,51.696190772304753],[0.072629912115523831,51.696206809510386],[0.072505825379240676,51.696219787423296],[0.072343911901736016,51.696224801595022],[0.072227949739003386,51.696219745249302],[0.072106899011945905,51.696207767093412],[0.07171095543501263,51.696148765341704],[0.071375967180360086,51.696073764216607],[0.071292020806711917,51.696189776024084],[0.071277063495969725,51.696209728009514],[0.071262065142175576,51.696228781464932],[0.071246989242639558,51.696248735537452],[0.071235028930993302,51.696263779606745],[0.071223973706535215,51.696277729511451],[0.071211056433240189,51.696292700528176],[0.071152037154005129,51.696366739818927],[0.071115046645915322,51.696413690060609],[0.071017980027074878,51.696388701934517],[0.071189011879682587,51.69614178835694],[0.071241026105041308,51.696073716809678],[0.071246995194762699,51.69606075584533],[0.071248044746864497,51.696049769163288],[0.071245007635911684,51.696040742975732],[0.071239065433576776,51.69603077884053],[0.071229063424764316,51.696020796371485],[0.071199056745742006,51.696003795498648],[0.070833043617210656,51.695907764176674],[0.070638086119065815,51.69585276611248],[0.070094132129226175,51.695726785859016],[0.069478267715477923,51.695585799083062],[0.069293304113437287,51.695545815571251],[0.068902353768955135,51.695454802893728],[0.068769342193508887,51.695423792510887],[0.06869936773647721,51.695406775565381],[0.068519364063860874,51.695391786306175],[0.068422350246315697,51.695388819591237],[0.068237341557985123,51.695381829655233],[0.068239400349492732,51.695366779499807],[0.068162386102971304,51.695362831822372],[0.068134419953343475,51.69536179642445],[0.068093378070860799,51.6953617996801],[0.068069415924254251,51.695364828523822],[0.067956434470799534,51.695351804777516],[0.06795645559067387,51.695341825412498],[0.067951393526067411,51.695332834795671],[0.067946391612405316,51.695327798027364],[0.067938408366492439,51.695322814648357],[0.067911464109759997,51.695312770489942],[0.067886447669938482,51.695305749839385],[0.067859469818724566,51.695302808548369],[0.067782397280540418,51.695302816556492]]]},"properties":{"OBJECTID":10,"SHAPE.AREA":24091.705033285001,"GLOBALID":"{90A4E34A-F074-4EF0-8226-A10B6955211D}"}},{"type":"Feature","id":990,"geometry":{"type":"Polygon","coordinates":[[[0.041427862540503319,51.636605130022801],[0.041400877709757457,51.636609194481998],[0.041379920678992328,51.636612166737621],[0.041350908729682063,51.636616176508234],[0.041322879548034187,51.636618192618826],[0.041307954229502772,51.636620159826649],[0.041281874093553349,51.636623131219061],[0.041262975202209257,51.636624178330848],[0.04125599182774322,51.636625199010055],[0.041247931509432782,51.63662614848851],[0.041221925351401498,51.63662812850054],[0.041187938416301688,51.63663015824153],[0.041172970189113464,51.636631137895989],[0.041138904547594821,51.636618155015434],[0.041106907825177015,51.636606125335938],[0.041089912757078406,51.636599138640321],[0.04107896678083698,51.636594204987205],[0.041064918200189759,51.636589145423358],[0.041055967056952407,51.636586154549889],[0.041047923144784997,51.636582158721488],[0.041039999087776412,51.636578160808774],[0.041037004236845982,51.636575156305447],[0.041027918555841821,51.636569201123862],[0.041019901749960563,51.636563137433122],[0.04101296044377898,51.636557144969423],[0.04099897266994533,51.636548128514143],[0.040984987492049138,51.636539201937666],[0.040976017644296425,51.636533154812746],[0.040954017130449709,51.636518164512836],[0.040948997774511227,51.636515195203103],[0.040930969345806194,51.636501124126902],[0.040910951629539144,51.636485200992077],[0.040891956937443047,51.636468180062991],[0.040881932117783196,51.63645720716238],[0.040851974268045044,51.636432196282776],[0.040828959153339839,51.636413177845569],[0.040805956807902263,51.636381213494843],[0.040789028847775244,51.636357145124158],[0.040775964886109919,51.636342179293528],[0.04077604036553472,51.63634118880001],[0.040767055913892139,51.636332175268194],[0.040759024514506727,51.636323145168546],[0.040751964870758842,51.636317154746749],[0.040757979707419317,51.636305183609309],[0.040779975376909638,51.636288169513847],[0.040809033262940088,51.636277235713784],[0.040818027909256885,51.63627321435154],[0.040847990414476558,51.636261185708953],[0.040863016778729659,51.636256160231611],[0.040898970680943461,51.63624222980777],[0.040923035958209189,51.636234169566762],[0.040985008180171464,51.636213224923033],[0.041033974488013526,51.636197180694978],[0.041047927871273544,51.636192172948832],[0.041128941325030643,51.63627419200877],[0.04115401293897214,51.636299196949032],[0.041227917200956775,51.636374147297744],[0.041358926962291834,51.636508157851871],[0.041408926014303897,51.636576151658332],[0.041429891053550404,51.636605183775458],[0.041427862540503319,51.636605130022801]]]},"properties":{"OBJECTID":990,"SHAPE.AREA":1174.7123008999999,"GLOBALID":"{093F35F9-B159-4267-8B24-229B9D0BCEA1}"}},{"type":"Feature","id":12,"geometry":{"type":"Polygon","coordinates":[[[0.060655288183613744,51.69474070259411],[0.060657319351901114,51.694740756883697],[0.06168514778272674,51.694811720455753],[0.06186315173777187,51.69482477781915],[0.061823098084786803,51.694830784718683],[0.061697176675588057,51.694863740488415],[0.061596111705794744,51.694910734175039],[0.061500227239612897,51.694966715681957],[0.061380198833499183,51.695042720015259],[0.061327137253913554,51.695082756968851],[0.061289207300195381,51.695119742465316],[0.06128015636822827,51.695143724252397],[0.061285170472553628,51.695172673957536],[0.061275183150699977,51.695178692561093],[0.061273217098763551,51.695182682867703],[0.061271175912476772,51.6951876627692],[0.061272240234931823,51.695192678994864],[0.061278147559594383,51.695217657221242],[0.061323206927578422,51.695392709494598],[0.061334227062014829,51.695456703697189],[0.061335142619487859,51.695463699984963],[0.061340189364226999,51.695477636126071],[0.061341184724788923,51.695491642469769],[0.061344195812109086,51.695510648341099],[0.061350217073195872,51.695527623931518],[0.061361188436740058,51.695540646768272],[0.061372175912672695,51.695556635049499],[0.061632132061528046,51.695637656826619],[0.062302026486789425,51.695849656224212],[0.062515982117884256,51.695918628051153],[0.062619981884877066,51.695946647898523],[0.062937961355735553,51.696054606456848],[0.063108902897571179,51.696111656848693],[0.063248942372381864,51.696155584816374],[0.063322964695051095,51.696177658725219],[0.063350970698471065,51.696179593822649],[0.063361931168054234,51.696176614500729],[0.063452958793359465,51.69618957873319],[0.063466915002903093,51.696202638864285],[0.063490905883494347,51.696218579255671],[0.063510931360838851,51.696228656051858],[0.063536843201077761,51.69623961770592],[0.063610906634783457,51.696262589063934],[0.063821879554746594,51.696323610302116],[0.063968797863613702,51.6963666072241],[0.064091868270380797,51.69640462934764],[0.064402824149866353,51.696507583471025],[0.064706729469196089,51.696607603264418],[0.064871758895016202,51.696652618749368],[0.065008666248928787,51.696690576516488],[0.065239688100872731,51.696751601544584],[0.065481666989739465,51.696809557636556],[0.0655806523646454,51.696829572500569],[0.065770593867195803,51.696863540162113],[0.066134576560789637,51.696925551233434],[0.066305560012730524,51.696954547735302],[0.066384478674871447,51.696963587075196],[0.066420572222019345,51.696967537363534],[0.066475477202900285,51.696970617131093],[0.06658148194036688,51.696966593877093],[0.066621506809353678,51.696962563323446],[0.066660545818814795,51.696952616844037],[0.066684546791519653,51.69694257525196],[0.066695462222391658,51.696938608134445],[0.066731481415091734,51.696922601657519],[0.066750471050950361,51.696912558304852],[0.066774440421877579,51.696896583991546],[0.066786467980950517,51.696885584037112],[0.066810505171326778,51.696860618709785],[0.066829450339911153,51.69682864069469],[0.066840460167600854,51.696800578267826],[0.066869440586452514,51.696708640545026],[0.066892464103884108,51.696632629961442],[0.066963438299512984,51.696396653962879],[0.067042548636391044,51.696184717387631],[0.067067547477659598,51.696154700170496],[0.06714246021480412,51.696172710281402],[0.067126531215321597,51.696210658455733],[0.067099429048504994,51.696275682782314],[0.067056487776436177,51.696380632035172],[0.067056478465359726,51.69638566710637],[0.067026456027667186,51.696386645081752],[0.067026541766683351,51.69641469211615],[0.067032503190683573,51.696448658932141],[0.067044467312052769,51.696488633218728],[0.067049527189836033,51.696510659456088],[0.06706651674649397,51.696532655597331],[0.06709143747593474,51.696550646275774],[0.067288399533372248,51.696670611910776],[0.067475460020930023,51.696790570759688],[0.067397477181405735,51.696791584597143],[0.067293429206860281,51.69679665235337],[0.067235505116784985,51.696800638466428],[0.067187426559494154,51.696808586029711],[0.067150419059665747,51.696818586858001],[0.067100401256546524,51.696841582411629],[0.067043509983003777,51.696865598157224],[0.066864533907053797,51.696946600383477],[0.066818463632350555,51.696964582267896],[0.066814496661824735,51.69696653960068],[0.06672950283937687,51.696986554337968],[0.066622522320460051,51.697000572983669],[0.066519542540035476,51.697005531330156],[0.066476501965651483,51.697003591722499],[0.066406522105156157,51.696999609041377],[0.06636152115697147,51.696996534854165],[0.066305605924735889,51.696989607824818],[0.066219509572237961,51.696977547319158],[0.065613633905211521,51.696872593563498],[0.065533679250051227,51.696856558667932],[0.065402638445644867,51.696829556436242],[0.065315660549639429,51.696808610886308],[0.065164742492220776,51.6967695509409],[0.065038725615821663,51.696737604917224],[0.064882706792417713,51.69669656691255],[0.064718735138435804,51.69664856621943],[0.064516812909063706,51.696584601616109],[0.064120766280992114,51.696457611643524],[0.063677826979132449,51.696322635192701],[0.063277971659949889,51.696203620927768],[0.062839015532373463,51.696061648037976],[0.06259001392096146,51.695977650662307],[0.062171036630664471,51.69584467396389],[0.061821068878177753,51.695733679672372],[0.061440165104246443,51.695616663675409],[0.060944259531181308,51.695465705178826],[0.060705272721611782,51.695386651144965],[0.060592280545931465,51.695349707643295],[0.060534267280869566,51.695330677505801],[0.060355251025112286,51.695271697665873],[0.060306311953616895,51.695260689620348],[0.060268364024605593,51.695252634338111],[0.060229302503993644,51.695243700225575],[0.059991307426414425,51.695191687599163],[0.05998336759809228,51.69520863833872],[0.059967365342234923,51.695205682591286],[0.059940294203483561,51.695200673743237],[0.059951385702353886,51.695171711298485],[0.059961346732091005,51.695146724481582],[0.059967391434192538,51.695132683682921],[0.060306258249887286,51.69520171591946],[0.06034524463508726,51.695211640499785],[0.060654251573039338,51.695295668961144],[0.060645213835932348,51.69525168781071],[0.060639233152007442,51.695227699118178],[0.06063527817692381,51.695203675785393],[0.060632296212438472,51.695182691934313],[0.060629315656044583,51.695161707159137],[0.060624302511432276,51.695140669017789],[0.06061732272505535,51.695115709575873],[0.060600255081000608,51.69506566536797],[0.06059333631407262,51.695044660656983],[0.060587225648008093,51.69502570914544],[0.060579232577511001,51.695004722381576],[0.060564287989986275,51.69497774536557],[0.060547281991086499,51.694952692038612],[0.060527294649024434,51.694927691011564],[0.060509236033259639,51.69490571269796],[0.060489268902502252,51.694883767862471],[0.060468344930595865,51.694861750783431],[0.0604483651137376,51.694844750243021],[0.0604262629452944,51.694825719553371],[0.060403303292251485,51.694808772177929],[0.060372282088847921,51.694787740635064],[0.060306278229169556,51.694747724466247],[0.06029829587115907,51.694742739658572],[0.060370376229371726,51.694724754590943],[0.060655288183613744,51.69474070259411]]]},"properties":{"OBJECTID":12,"SHAPE.AREA":7932.5507986950006,"GLOBALID":"{E0BFD235-195B-4999-B5CF-4745E18362CB}"}},{"type":"Feature","id":11,"geometry":{"type":"Polygon","coordinates":[[[0.024113095995199955,51.715440340999358],[0.024034130028556235,51.71551901486572],[0.02382877378103079,51.715686168272377],[0.023786551812928075,51.715777783025771],[0.023637514670530813,51.715909803615119],[0.023430069887225981,51.71612652706326],[0.023320247719001565,51.716195842015019],[0.023313173418714316,51.716200459170551],[0.023299222123812743,51.716211486769346],[0.02328539281537665,51.716227906823178],[0.023278637588215429,51.716237012896876],[0.023273154331501563,51.716245198719967],[0.023264808264720941,51.716253432948427],[0.023257972853399079,51.716260742815457],[0.023249666889111679,51.716269875594918],[0.023241320813596977,51.716278109821737],[0.023231544113399179,51.716286369585802],[0.023224588369020329,51.716290983794757],[0.023214691380889524,51.716296548799782],[0.023206184905270558,51.716301189714486],[0.023197798749173604,51.716308526284791],[0.02318794182071781,51.716314988941164],[0.02318110638786635,51.716322298803888],[0.023178323788698229,51.716324144311614],[0.02317689333990568,51.716326865775649],[0.023174110780395916,51.716328712181856],[0.023170057903515732,51.716334175637755],[0.023156713637967799,51.71636146456315],[0.023115998027901704,51.716454761672622],[0.023029240169204337,51.716650436399803],[0.022972849063630396,51.716708133497569],[0.022825193309728202,51.716619788674933],[0.022785029367485117,51.716594409395938],[0.022554649224858662,51.716527356458123],[0.022388670261342808,51.716440314820332],[0.022279131469341993,51.716419726611974],[0.022276028195269755,51.716414385475261],[0.022160709255598161,51.716360543746582],[0.022101539650701447,51.716331896209724],[0.022085357338075751,51.716324982605769],[0.022069093602686878,51.716318969643751],[0.022052909852984116,51.716312056060112],[0.022024837436855627,51.716300852687425],[0.021998275679942544,51.716288724064377],[0.021970243334208262,51.716278418332521],[0.021955610523569886,51.716274175769556],[0.02193950693104256,51.716269058376902],[0.021923324844847481,51.716264842474892],[0.021908651961381611,51.716259701353181],[0.02189254982573886,51.716254583929071],[0.021877798410780191,51.716250343397782],[0.021870522006339786,51.716247771801044],[0.021863165577533039,51.716246099924533],[0.021855770555520102,51.716243530368402],[0.021838274956836257,51.716239336161763],[0.021819230120948024,51.716235169514533],[0.02180034394673222,51.716231898477062],[0.02177990849487511,51.716228654099453],[0.021760942338950533,51.716226283674757],[0.021740546970357967,51.716223937843168],[0.021712953881103583,51.716220816633495],[0.021657729247343441,51.716216373341844],[0.021505377517155227,51.716207307585385],[0.021464465198856107,51.716199921093619],[0.021323842181025895,51.716196947081983],[0.021139804494759769,51.716192022107592],[0.021096229725064173,51.716189175708202],[0.021051224339925078,51.716186354803774],[0.021007689603798556,51.716184406026187],[0.02092638429187596,51.716178613476728],[0.020845119019419885,51.716173718525582],[0.020762463121272553,51.716169745782075],[0.020724692596106015,51.716168597889784],[0.020687082155126595,51.71616834557507],[0.02064943169789973,51.716167195593336],[0.020591466025198183,51.716165495775961],[0.020531988197645554,51.716164720281206],[0.020474022530920243,51.71616302040578],[0.020095810035710104,51.716153342720354],[0.020034657442830617,51.71614980991928],[0.019927307518242093,51.716143474448295],[0.019885303605240347,51.716141050211895],[0.019822832439744614,51.71613736012344],[0.019638554955654988,51.716127043265345],[0.019499322854543519,51.716120447088095],[0.019472197560010399,51.716095651865501],[0.019387220794301857,51.716042275009592],[0.019209471401450844,51.715918573104062],[0.019020403202687053,51.715835519678905],[0.018904599765512241,51.715735835238355],[0.018791271608744754,51.715662268007485],[0.01863540181488001,51.715576845882154],[0.018493452856606859,51.715509163816421],[0.018375828327472088,51.715566921617096],[0.018152148073729481,51.715679542188759],[0.018066741419795713,51.715645948808401],[0.01804409981429857,51.715630695432736],[0.017917467927106186,51.715545129803402],[0.017817499323079033,51.7154793327229],[0.017685560552064931,51.715376418095566],[0.017600023421012322,51.715310372969348],[0.017525111854515159,51.715252416531058],[0.017474694736357779,51.715224514715047],[0.017454018712753778,51.715215880065507],[0.017434774776374385,51.715207220819146],[0.017418432193758774,51.715196713260617],[0.017412344289715893,51.715191334228287],[0.017406418993533287,51.715186941569655],[0.017400335051312256,51.715181651493666],[0.017397312458506359,51.715178108229431],[0.017392899144759978,51.715175486291223],[0.017389757936379268,51.715171945063744],[0.017382282042674058,51.715164881305128],[0.017373255456883317,51.715157844175295],[0.017365699494898808,51.7151516810328],[0.017237297931386539,51.715031624060998],[0.017175630181340468,51.715011107445754],[0.017046436985026236,51.714905447240582],[0.016944792377207585,51.714801921722049],[0.016742205461386429,51.714672349666273],[0.016576871714353559,51.714567219454374],[0.016552335892243669,51.714536176144613],[0.016530821176750986,51.714508677040826],[0.016523147008316436,51.714499819046672],[0.016515511368454697,51.714491859632865],[0.016498771107295463,51.714472369050334],[0.016488192866443232,51.714462661660534],[0.016477576145404054,51.714452056587362],[0.016459323958038785,51.714430794366287],[0.016450177790939716,51.714421062391835],[0.016441111528767132,51.714413126630269],[0.016420116391078887,51.714397305139684],[0.016366238910670631,51.714355978113261],[0.016357172676350819,51.714348042344866],[0.016339120193938038,51.714333968816739],[0.016324290170150652,51.714325233631314],[0.016316972968988208,51.71432176315168],[0.016290135434639814,51.714306041914732],[0.016197925927241442,51.714250898511509],[0.016108935406396373,51.714168820544948],[0.015966939517689148,51.714035510473167],[0.015836949034350904,51.713911793267201],[0.015764381184154679,51.713844715857093],[0.015722353651526425,51.713809477203689],[0.015516472519452582,51.713672768349127],[0.015406437043574604,51.713705221405682],[0.015297001897181807,51.713751149094399],[0.015064415039824065,51.713859421303304],[0.014867088200811823,51.713947310362222],[0.014784641711275059,51.713980188878686],[0.014781823002498053,51.713981226387475],[0.014694376406497482,51.713872060894495],[0.014594977913341774,51.713816230218939],[0.014384175766920393,51.713700280063065],[0.014274477356106714,51.713640940640644],[0.013922332139435603,51.713438413314307],[0.013874502222419281,51.71345793210746],[0.013737188871824957,51.713408325081751],[0.013500620147931124,51.713263058224932],[0.013448178319912881,51.713224402098042],[0.013345442526369147,51.713160537097259],[0.013171096664863081,51.713048365367079],[0.013015985933773519,51.712966159237297],[0.012971497245638038,51.712942648335421],[0.012931040221429851,51.712921226515228],[0.012899391581185174,51.712893900402491],[0.012862059178093571,51.7128675709113],[0.012858918445407907,51.712864028657265],[0.01285450421195258,51.712861407465695],[0.012851483537643793,51.712857863154348],[0.012845478788222883,51.712854369972874],[0.012841026106059408,51.712850850197654],[0.012826197237428828,51.712842114556068],[0.012823094959380006,51.712839470884155],[0.012814269394879521,51.712834228448457],[0.012808305994148783,51.712831633798594],[0.012805403527569519,51.712830784287306],[0.012800910545826808,51.712829062785715],[0.012785049968183892,51.712829334537872],[0.012780795285160853,51.71283030667837],[0.012774951533594394,51.712830406803356],[0.012770698296716383,51.712831378918736],[0.012749231810183064,51.712837140368563],[0.012737782560468673,51.712840033359569],[0.012727765318116396,51.71284290181454],[0.012716316105423278,51.712845795702016],[0.012707689528748584,51.712847741086804],[0.012697632388674001,51.712849710980791],[0.012687615181470994,51.712852580330939],[0.012618762975733848,51.712866344840023],[0.012539812315074818,51.712881182453202],[0.012531145872871803,51.712882230165206],[0.012522519280980124,51.712884175536537],[0.012515443349600495,51.712886095241437],[0.012514052636240969,51.71288701740901],[0.012511070004372368,51.712887068505722],[0.012508288657123079,51.712888914637844],[0.012505426082565715,51.712888963677663],[0.012504033962315331,51.712889886768451],[0.012498190202091643,51.712889986879745],[0.012496719747868942,51.712889112828627],[0.012489443977173307,51.712889237471664],[0.012483560754829372,51.712885742189918],[0.012475886207167506,51.712876883942414],[0.012463760454407299,51.712864505879779],[0.012429010309027223,51.712831839121058],[0.012418434768798944,51.712822131323989],[0.012407937955636947,51.712811522935453],[0.01239736097825994,51.712801815161143],[0.012394220286246621,51.712798272894197],[0.012391158357449068,51.71279383093529],[0.012388137723679391,51.712790286611543],[0.012379072538063854,51.712782351421865],[0.012358079569451633,51.71276652917777],[0.012340224757507389,51.712754159317676],[0.012323684446475915,51.712741856861939],[0.012307224315341522,51.712728653788538],[0.012299631007822203,51.712721591722627],[0.012293586911837471,51.712714504018138],[0.012286033494559485,51.712708340509948],[0.012276928417997485,51.712699505854637],[0.012269413885183759,51.712691544094788],[0.01226030885517616,51.712682710336665],[0.012242178535541411,51.712666839036999],[0.012188506250833189,51.712630001016493],[0.012055277156166347,51.712532495907709],[0.012034404473618528,51.712516671546425],[0.012014883627941626,51.712501723270158],[0.011993890917350581,51.712485900957539],[0.011980453002574543,51.712476242145627],[0.01196411270558698,51.712465734698149],[0.011951942877573493,51.712455064998672],[0.011945938710867021,51.712448874935369],[0.01194136654272886,51.712442660346468],[0.011935283647669256,51.71243737087287],[0.01193067160393959,51.712430257724641],[0.011918544674908098,51.712417879626734],[0.011915324331412354,51.712412541126803],[0.011910792049085989,51.712407225095539],[0.011907730154917251,51.712402782224402],[0.011901527676195024,51.712394797970681],[0.011896834440719437,51.712385887727869],[0.011890631966308405,51.712377903473516],[0.011884390081079513,51.712366323825499],[0.011865303256009903,51.712328893339105],[0.01185754963798913,51.712315541095769],[0.011849715845147137,51.712303089466857],[0.011843354392032981,51.712288815037915],[0.011838662198727447,51.712282602500608],[0.01177333764839901,51.712211801647086],[0.011647180056854056,51.712077226930425],[0.011521267779768607,51.711980494273448],[0.011482425252700842,51.71195239262336],[0.011477893985658074,51.711949772485426],[0.011470499285189239,51.711944505449821],[0.011465847047858314,51.711939191455599],[0.011459882885355476,51.71193389992473],[0.011441515428699239,51.711912638011654],[0.011432409764385542,51.711901107374757],[0.011423145628901702,51.711888680208666],[0.011420005570209391,51.711882441078778],[0.011416823745686778,51.711878001147738],[0.011415233783434875,51.711874432303105],[0.011415034487076458,51.711869940405236],[0.011418849776553879,51.711856390946757],[0.011424139871606634,51.711849198155832],[0.011422270995245858,51.711575758997938],[0.011424399156960989,51.711134140798912],[0.011423836419353848,51.710763678907973],[0.011424447252873381,51.710610661513854],[0.011402384990889228,51.71057876547448],[0.01138874807932651,51.710559221938013],[0.011347233941068346,51.710438569234476],[0.011330572454044471,51.710391208166918],[0.011291170585694827,51.710293984099962],[0.011276966944273955,51.7102589868867],[0.011273468345322021,51.710244662510519],[0.011270247296668782,51.710236627177672],[0.011268735684658769,51.710234855473338],[0.01126861609865139,51.710232159794501],[0.011266947467187637,51.710229491536403],[0.011265356131695861,51.710225922712802],[0.011264838086282671,51.710214245032006],[0.011267340914353972,51.710203414872396],[0.011268573571244497,51.710198898456568],[0.011271196885885921,51.71019345988811],[0.011275290502037546,51.710188894489015],[0.011280894825243552,51.71018340488164],[0.01128642036554542,51.710178814965737],[0.011308917767727975,51.71016404639991],[0.01131742431112725,51.710159405443044],[0.011320246892405286,51.710158458772959],[0.011324578653552941,51.710156586121762],[0.011327361371462898,51.710154740891909],[0.011335907774432408,51.710150998493347],[0.011345884654549197,51.710147231601695],[0.011354431054552409,51.710143489201783],[0.011367230510516664,51.710138775637404],[0.011378639309846577,51.71013498422554],[0.011391478585267385,51.710131168319563],[0.01139863436495353,51.710128348969072],[0.011407140396074468,51.710126404841496],[0.011414296174016146,51.710123585490074],[0.01142570351909644,51.710119794098468],[0.011437152173817577,51.710116901240553],[0.011448560961656924,51.710113109821997],[0.011600129322093517,51.710070060250011],[0.011837559482446828,51.710006661345105],[0.012102073612091601,51.709854337796159],[0.012128308138245723,51.709872677206704],[0.012219442579800724,51.709936202423911],[0.012351559771681557,51.710076069005311],[0.012363845667584245,51.710092040406195],[0.012371479823305781,51.71010000011124],[0.01237446042683453,51.71010264677841],[0.012375972077103085,51.71010441846812],[0.012379072691393957,51.710107062180064],[0.012384956985622234,51.710110557447749],[0.012390920000412487,51.710113152124357],[0.012396802849955327,51.710116647416179],[0.012401255660773507,51.71011747037803],[0.0124027259819101,51.710118343533161],[0.012405628266123859,51.710119193056684],[0.012408490666022311,51.710119144021171],[0.012421608960162561,51.710121616119423],[0.01242602188712023,51.710121540521307],[0.012430354648807021,51.710122365538624],[0.012436198052650638,51.710122265434464],[0.012440530814568007,51.710123090451383],[0.012447845987010549,51.710123863476504],[0.012453610672563446,51.710124663962297],[0.012460924438975358,51.710125437909916],[0.0124710607201705,51.710125264261045],[0.012479806410235534,51.71012601367655],[0.012489784201650752,51.710124943498982],[0.012499920482555597,51.710124769847617],[0.01251144880011649,51.710123673105052],[0.012521505347153135,51.71012170323251],[0.012540149481431747,51.710116888509646],[0.012557161903958305,51.710110304153275],[0.012575684959981716,51.7101027946714],[0.012588444385945315,51.710097182416469],[0.012602754334457426,51.710091543595681],[0.012653793399448054,51.710069093632946],[0.012727567477257236,51.710034566663637],[0.012977029325092924,51.709916930116457],[0.013093812811916657,51.709872677077342],[0.013105141639987734,51.70986708928109],[0.013112335680678482,51.709865167512554],[0.013134040032991217,51.709864795563888],[0.013145687963535208,51.709866394435792],[0.013152883055840805,51.709867169474649],[0.013161668604844544,51.709868817398458],[0.013171844683625721,51.709869541349811],[0.01318063023372743,51.709871189272171],[0.013187865226860754,51.709872862867478],[0.013196650778172111,51.709874510788644],[0.013204004375431686,51.709876182350357],[0.013214261702892046,51.70987870339043],[0.013224557485362515,51.709882123012981],[0.013233302751244725,51.709885569207358],[0.013236364945468454,51.709887314313029],[0.013239347030933974,51.709889960933147],[0.013242287729854902,51.70989170812085],[0.013248490088054045,51.709899692308099],[0.01325318331677011,51.709908602500384],[0.013262487391394438,51.709921927185043],[0.013266983703096589,51.709926435363101],[0.013270045515608916,51.709930877302376],[0.013270125318062225,51.70993267441947],[0.013271754153976771,51.709934444089548],[0.013272073284348361,51.709941630760859],[0.013273624865162835,51.709944300997314],[0.01327577894065551,51.709992809680472],[0.013274706015225369,51.710000918552396],[0.013276457065701191,51.71000808068289],[0.013278246531974236,51.710016140498134],[0.013279758254180771,51.710017913074459],[0.013279877918913496,51.710020607851511],[0.013282898431189771,51.710024152155114],[0.013284450015597348,51.710026822391356],[0.013286040055479667,51.7100303912109],[0.013287710243740307,51.710033059414393],[0.013290732203875806,51.710036603693005],[0.013317886310711735,51.710062208246327],[0.01332086837276693,51.710064853965569],[0.013322578466851608,51.71006842072704],[0.013325560529596813,51.710071066446162],[0.013328662300463891,51.710076407840702],[0.013337725649610756,51.710084342989369],[0.013339277239373256,51.710087013224815],[0.013342259304333534,51.71008965894346],[0.013343769585155853,51.710091431543688],[0.0133453197291565,51.710094101803811],[0.013348461747950803,51.710097644023278],[0.013351643289677872,51.710104781635529],[0.013363728619883095,51.710116261058864],[0.013446703451826534,51.710192151282477],[0.013449685530069378,51.710194796998223],[0.013451275589157496,51.710198365815231],[0.013454376271955382,51.710201009497993],[0.013461810814860226,51.71020717496917],[0.013469325544430429,51.710212440722351],[0.013476878695177814,51.71021860415965],[0.013482922630877298,51.710225691807643],[0.013485984525326461,51.71023013463919],[0.013490639360510492,51.710235538434851],[0.013495212954758853,51.710241752940938],[0.013498353177637789,51.710247992015141],[0.013521613629238755,51.710282653885329],[0.013527857444868228,51.7102915365898],[0.013533939899003516,51.71029952371665],[0.013541574294023908,51.710307483342788],[0.013550758895712531,51.710318114124071],[0.013561334036633827,51.7103278209282],[0.013573301283134241,51.71033660642567],[0.013585227139925429,51.71034449248976],[0.013722086752044473,51.710298096221806],[0.015589145409372025,51.709753114772738],[0.015716994589958597,51.709718917007393],[0.015668766810293815,51.709675694241994],[0.015654117836036086,51.709574360844805],[0.015518051514357051,51.709410293310441],[0.015502143609845778,51.709377303260247],[0.015464815908718871,51.709189965993374],[0.015450672707119086,51.70903288612385],[0.015465614957998494,51.709011953468952],[0.015473640245240453,51.708996533146284],[0.015476302890831789,51.708991992147915],[0.015479005479542233,51.708988349706985],[0.015481668164078,51.708983809607055],[0.015483058914296008,51.708980189673575],[0.015485721558023814,51.708975648675008],[0.015489535152113558,51.708964795927194],[0.01549219779432643,51.708960254928478],[0.015495018980398755,51.708956610452304],[0.015496209834031388,51.70895119636198],[0.01549736218981089,51.708944883689334],[0.015497078667745886,51.708938505728348],[0.015517277899813513,51.708775442968943],[0.0155513841973309,51.708597667372352],[0.015561666975144146,51.708536360410328],[0.015560135410168409,51.708434801018988],[0.015552210004169249,51.708355826109461],[0.015541413895926805,51.708282115163499],[0.015563117458251157,51.708281742774169],[0.015586212937666315,51.708280447255049],[0.015607876553426355,51.708279176299939],[0.015617932551574435,51.708277206167537],[0.015635143520273023,51.708275113264541],[0.015668215095805432,51.708270050479634],[0.015731575842481148,51.708261771112319],[0.015797717537108621,51.708251646402744],[0.015830829025716926,51.708247482129813],[0.015861118182710479,51.708244265523454],[0.015921656301015663,51.708239630563675],[0.015947612615401702,51.708238286777259],[0.015972298471105161,51.708237863131885],[0.015996902747884102,51.708238339225105],[0.016018606283181604,51.708237966751874],[0.016083718111425963,51.708239546116843],[0.01610689201535398,51.708240047635023],[0.016131617825099247,51.708240522513435],[0.0161417936178757,51.708241247109612],[0.016161946693539993,51.708240901220428],[0.016182179857178628,51.708239654710233],[0.01620098115918088,51.708238432772305],[0.016221174403145907,51.708236288596758],[0.016244268390717957,51.708234992973459],[0.016290377930551405,51.708230605472806],[0.016316294267452094,51.708228363047922],[0.016343761020075495,51.70822609310563],[0.016369637391228584,51.708222952111932],[0.016395555165679025,51.708220709644834],[0.016408473347780173,51.708218689415212],[0.016422942026668542,51.708216643468468],[0.016438682557329561,51.708213676444913],[0.016452951264731473,51.708209835441018],[0.016477435879378603,51.708204919827786],[0.016526088048976803,51.708193297341033],[0.016557607748437547,51.708185564114522],[0.016617747623089558,51.70817194589835],[0.016636429027139018,51.708168029118795],[0.016653559971901825,51.708164138953514],[0.016672242815817452,51.708160222143484],[0.016762869993424436,51.708147878942576],[0.016767138691205347,51.708147266110316],[0.016767563877853133,51.708148787523797],[0.016772457324040622,51.708162187661273],[0.016775997585415089,51.708174712686791],[0.01678084966244316,51.708187215190307],[0.016787173569362983,51.708200591667605],[0.016792144250860296,51.708213092134372],[0.016805230312195225,51.708247028810099],[0.016811674102152556,51.708263100057763],[0.016819826747071939,51.708282738039173],[0.016833156584681021,51.708322154110576],[0.016841309250209897,51.708341792090089],[0.016847912866805603,51.708361455765456],[0.016856066992564422,51.708381093718856],[0.01686079924472255,51.708390901446315],[0.016864141050596772,51.708401632289416],[0.016869031836105598,51.708412335638471],[0.016870802097570983,51.708417250182137],[0.01701635959883973,51.708802662857323],[0.017041263296524327,51.708868850272722],[0.017305909026713091,51.709578370444454],[0.0176711664192362,51.709523461848875],[0.01827261546984698,51.709436538672442],[0.018306820155548631,51.709431652614903],[0.018585813692683129,51.70939088908959],[0.018832170463967037,51.709355092081971],[0.01884595809681654,51.709381922349856],[0.018923914690929938,51.709539747714608],[0.018923927982370262,51.70953978615362],[0.018955063774985795,51.709654317289704],[0.018965476537611079,51.709725169544285],[0.018968833450890864,51.709735900968759],[0.018970474063816963,51.709740368088234],[0.018973893249236779,51.709752010274883],[0.018975368976099062,51.709756707736673],[0.018977308347442427,51.70976271552027],[0.018979258830495418,51.709774368561341],[0.018983352298015913,51.709786070198994],[0.018985858489983538,51.709793169813352],[0.018988242498570514,51.709799638460446],[0.01899244426128998,51.709811041486262],[0.018995245243823653,51.70981897502768],[0.018999034367593263,51.709829855491108],[0.019008568318647577,51.709855585335738],[0.019015583609016867,51.709874520623657],[0.019019467249361349,51.709883557811942],[0.01902517082683108,51.709896830628942],[0.019039158648459304,51.709927792152975],[0.019052576363862834,51.709957490145804],[0.019064396468895121,51.709984661745764],[0.019076642410231999,51.710012814293542],[0.019086476758470555,51.710051885534945],[0.019090267986806162,51.710066972618463],[0.019106368440706459,51.710125575626556],[0.019117147621842117,51.710149653731243],[0.019127176160888996,51.710172055059274],[0.019141143237871149,51.710225753390169],[0.019143098846868659,51.710235374949818],[0.019144965821603001,51.710244566396227],[0.019150850176893455,51.710263879013283],[0.019150867001827721,51.710263931779451],[0.019159083907354265,51.710290896428859],[0.019171197483151464,51.710329789103348],[0.019180416962136036,51.710359926133648],[0.019179204658556253,51.710429168905861],[0.019186822221067202,51.710503744387886],[0.019353842478375419,51.710839880864391],[0.019379828499470429,51.710935625291214],[0.019430351918190363,51.711062413313869],[0.019571808244553696,51.711379210982294],[0.019642489730857905,51.711503044552693],[0.019739210597543379,51.711758581334571],[0.019837540569184468,51.711975254761576],[0.01984032996630292,51.711981589627293],[0.019848658164131089,51.712010482987189],[0.019859275926614198,51.712047877988958],[0.019869713417009549,51.71211871893447],[0.019890077034333351,51.712283781836504],[0.019921602984259084,51.712407390140392],[0.020053047151605236,51.712467159711984],[0.020228804582054064,51.712610671637613],[0.020435567434072426,51.712734862165227],[0.020458579141745245,51.712753075319185],[0.020494089450804817,51.712781232247835],[0.020657650543682834,51.712910838793668],[0.02098332647942373,51.713169628269917],[0.021074505380626121,51.713233685485136],[0.021265761826714139,51.713333868083026],[0.021375155465472584,51.713418288857774],[0.021493564833723593,51.713477381882839],[0.021582900920010147,51.713500117832339],[0.021632638951900152,51.713512746047925],[0.021749540648761417,51.713567460271101],[0.021792684079969961,51.71359548544644],[0.02187380667615331,51.713661513608017],[0.022006708420447763,51.713764496933472],[0.022008690911807877,51.713763474542404],[0.022010082861662721,51.713762551340892],[0.022011433285056815,51.713760729611096],[0.02201282527485262,51.713759807308108],[0.022015766420189653,51.713758857441377],[0.022019939415849399,51.713756088784869],[0.022024232611402909,51.713756014889036],[0.02202717520274108,51.713755064997116],[0.022030037815203882,51.713755015724765],[0.022035681472904828,51.713753120997083],[0.022038702738137909,51.713753967337503],[0.022041645511534334,51.713755715171089],[0.022044548204583212,51.713756564451515],[0.022057828335876176,51.713762628768947],[0.022071148511740548,51.713769590739361],[0.022083078229521904,51.713777476784308],[0.022255014757613253,51.71386720212184],[0.02235284225682211,51.713949124271338],[0.022423857072869736,51.71398386065227],[0.022674322724622713,51.714113497887276],[0.022740139484941677,51.714162796895039],[0.022823926679270454,51.714224283213966],[0.022828298474057835,51.714223309591809],[0.022832633214976868,51.714224133295104],[0.022838517206963015,51.714224931220635],[0.022842810444753031,51.714224857294425],[0.022848694436998388,51.714225655219444],[0.022852987674816663,51.714225581292851],[0.022858753053606452,51.714226381259834],[0.022863204962554062,51.71422720294445],[0.022874934490111475,51.714230597041187],[0.022879307923919505,51.714232320218819],[0.022883761280324665,51.714233141877735],[0.022888277153535194,51.714232704418954],[0.022894018668893342,51.714235662079169],[0.022899824147848972,51.71423736059667],[0.022905788299211395,51.71423995472535],[0.022917517833166975,51.714243348817803],[0.02292336192604693,51.714245945013026],[0.022937954104881801,51.714249289808855],[0.022955848216323876,51.714259768989699],[0.022960221655971457,51.714261492164226],[0.022969168715634109,51.714266731753234],[0.022973622315803872,51.714270251133748],[0.022979586475667762,51.714272845258584],[0.022985590736176599,51.714276337935644],[0.022994539448191999,51.7142842743242],[0.022999071605782996,51.714286894007145],[0.023002094571143633,51.714290437123651],[0.023014144849492865,51.714301017829079],[0.023019039443641271,51.71431441858951],[0.023022221127141786,51.714318858215321],[0.02302385363737763,51.71432332541827],[0.02302691670802659,51.71432776708658],[0.023039526811153035,51.714350923954498],[0.02306168679054563,51.714392794171587],[0.023113618596936968,51.714422466008813],[0.023123956206626519,51.714426782395776],[0.023132863255015644,51.714431124317777],[0.023141810368304597,51.714436363892929],[0.023144793291765078,51.714439009351615],[0.023149206819240618,51.714441630172637],[0.023152308397849795,51.714444274486929],[0.023156723372773275,51.714446895282727],[0.023159744954957682,51.71445043931832],[0.023163048379687353,51.714457573673691],[0.023163168650826006,51.714460268432305],[0.023164759630079551,51.714463837105484],[0.023165124494420448,51.714472012135076],[0.023162383766673889,51.714477452995524],[0.023159641381617239,51.714480197054549],[0.023156979203552606,51.714484738218275],[0.023154236817749863,51.714487482277171],[0.023149985315555299,51.714491151568787],[0.02314589104392669,51.714495716496259],[0.023141719747058601,51.714501182892363],[0.023139099984095721,51.714504014763399],[0.023354180156491652,51.714621583333354],[0.02349054131555053,51.714724416395732],[0.023645884390502064,51.714768487708305],[0.023782063262154776,51.714899281044154],[0.023949803883800719,51.715025845367322],[0.024014118854256857,51.715070854976986],[0.024040874407304621,51.715087295273591],[0.024080006719377444,51.715121681632326],[0.024186707655233817,51.71520974139451],[0.024225961694285359,51.715244125607924],[0.024227472574242528,51.715245898060289],[0.024233358403729047,51.71524939181591],[0.024237811923832332,51.715250214320577],[0.024239048011738096,51.715251182188972],[0.024300498598502196,51.715298847905963],[0.024240471563951451,51.715341865208032],[0.024235969355079982,51.715345269085581],[0.024232045624329783,51.715348303297972],[0.024113095995199955,51.715440340999358]]]},"properties":{"OBJECTID":11,"SHAPE.AREA":373795.08045723499,"GLOBALID":"{B0C4B82D-0255-4FC1-81C9-E1E4EA752C07}"}},{"type":"Feature","id":3,"geometry":{"type":"Polygon","coordinates":[[[0.089659947816758637,51.670865971729782],[0.089625026889329953,51.670855984603854],[0.08962503381372551,51.670850950436787],[0.08962693986026074,51.670837970807192],[0.089631037319715876,51.670825941365059],[0.089633964631597091,51.670816988422558],[0.0896370338962615,51.670805966460044],[0.089645031627123214,51.670788024236614],[0.089656015952897697,51.670764993922745],[0.089660996786647781,51.670754026969448],[0.089665001841582798,51.670740021702755],[0.089664010973321384,51.670734016108099],[0.089665928025265323,51.670729036976439],[0.089670035041509208,51.670725008057275],[0.089673925740142157,51.67072404046317],[0.089478949312374226,51.670659006306963],[0.089527995318809006,51.670652020440208],[0.089606949519515366,51.670641984429231],[0.089650941659751626,51.67063401023271],[0.089665948805697324,51.670631045406211],[0.089714036876365102,51.67062398658215],[0.089719952092906147,51.670622982958967],[0.089752946118328986,51.670617001158497],[0.08978203158292343,51.67060902241213],[0.089845015140021883,51.670593966633596],[0.089867022180515663,51.670585034729179],[0.089869954947471589,51.670583993351585],[0.089891957842046052,51.670574971590405],[0.089912961492741347,51.670564978425475],[0.089933901678287936,51.670551030551827],[0.089948997039025702,51.67053700774602],[0.089955922416213155,51.670532029398721],[0.089985979391959625,51.670514054248279],[0.09001494197265146,51.670493041092101],[0.090049946533567002,51.670465987987889],[0.090080966688480688,51.670443050651308],[0.090108902453051351,51.670423044930608],[0.090133905443976037,51.67040408058751],[0.09013698566363651,51.670401059110922],[0.090158948335020875,51.67038601478643],[0.090179942133781305,51.670368020152779],[0.090180968899460659,51.670367013592539],[0.090203889368081977,51.670352041237408],[0.090225880924849414,51.670335018018825],[0.090239942544615218,51.67032703680281],[0.09024192155393547,51.670326012392721],[0.090253900712229121,51.670322023178471],[0.090268982230916714,51.670318069564964],[0.090281931651760627,51.670317029728004],[0.090295957434859672,51.670316060655537],[0.090385914615761162,51.670229054125237],[0.090456909409781794,51.670160095973877],[0.090507932988435638,51.670108034262768],[0.090639892342048028,51.669962114886609],[0.090716951169663662,51.669872101296129],[0.090805834142593009,51.669772167836207],[0.090922931159585718,51.669640177868075],[0.090923862718586448,51.669637104703121],[0.090829952383047904,51.669607131951537],[0.09080690242209731,51.669601159426968],[0.090720924965125363,51.669575181030403],[0.090712961839340647,51.669573164589238],[0.090626890813825148,51.669545120396485],[0.090551905873856142,51.669522181700991],[0.090486949958992716,51.669502121895086],[0.090417971223952537,51.669480156198851],[0.09034198317945237,51.669456157017258],[0.090309972538768088,51.669447197402341],[0.090288926528940966,51.669438132527446],[0.09027398578075832,51.66943219540105],[0.090228936277595442,51.669417174855809],[0.090222999118633726,51.669415122319151],[0.090186032657995185,51.669402116097217],[0.090138033964174691,51.669385169645118],[0.090091964724351603,51.66936612233679],[0.090050969867589079,51.669351119481036],[0.090023995085266817,51.669340181715881],[0.089997997470681781,51.669327160058309],[0.089952031731421994,51.669305143302743],[0.089908972464614087,51.669284153911079],[0.089885022873189072,51.669274151457238],[0.08987001609483404,51.669264169694273],[0.089846071982165751,51.669249133089885],[0.08982499170501973,51.669234135439595],[0.089808004536144265,51.669225178096852],[0.089805049772440304,51.669223163287811],[0.089789997535910243,51.669212193140147],[0.089780998218244701,51.669203183563766],[0.089777045700884489,51.669200197326852],[0.089769979908797551,51.669189175872084],[0.089770007415538769,51.669187197015368],[0.089765051583861485,51.669170204707861],[0.089758021666667478,51.669152170201507],[0.089756093598409969,51.669136202221026],[0.089755998479234197,51.669134135620837],[0.089756079820037457,51.669115165229016],[0.089758049186454941,51.669093194585976],[0.089760029620954473,51.669079225341918],[0.089766061818999932,51.669065183092393],[0.089771047920026451,51.669049181991205],[0.089776006511114961,51.669035159746535],[0.089784067290380826,51.66902117132036],[0.089785077494325266,51.669017197507159],[0.089801044726066745,51.668996236711109],[0.089814018604611176,51.668980183378302],[0.089831017973889898,51.668953180980225],[0.089857082797787702,51.668913250477722],[0.089885076943168996,51.668871218238351],[0.08990405121617058,51.668848226441874],[0.089910047496031875,51.668841197236084],[0.089929984991333006,51.668813243273114],[0.089967077486235641,51.668764216521254],[0.089981970913484213,51.668743274810254],[0.089999988654229063,51.668720209196586],[0.090007014285657411,51.668712262406878],[0.090012058278660045,51.668705250144626],[0.090022052459096946,51.668689250720213],[0.090031980443135762,51.668669205812428],[0.090039043373142794,51.66865424684287],[0.090045028489540241,51.668639216231441],[0.090048045181877867,51.668632240950039],[0.090047983168593998,51.668628286218222],[0.090044982936789697,51.668625283040832],[0.090033999125677236,51.668617207163543],[0.090028048298730165,51.668612279033994],[0.090010059443132881,51.668602260440032],[0.089990069561718816,51.668590210064139],[0.089975010644310877,51.66858427500425],[0.089967002271186314,51.668581271034441],[0.089947986751211378,51.668572259887355],[0.089925062818248108,51.668561250904091],[0.089898038951919335,51.668549235775366],[0.089871060551747053,51.668538208115763],[0.08983209653574302,51.6685232589696],[0.0897860793365899,51.668505288829472],[0.089742057652421145,51.668489261526439],[0.089706073290595628,51.668474259312497],[0.089702046356904847,51.668472262681888],[0.08967306976729808,51.668459293967807],[0.089637057897342748,51.668446269690548],[0.089606023776688387,51.668435225116646],[0.089578142888202456,51.668425292559633],[0.089546065576258396,51.668412288165989],[0.08951715243866952,51.668403273220868],[0.089509071123382744,51.668401259701731],[0.089470103207016857,51.668386220580238],[0.089421152206762541,51.668369291685721],[0.089384095864044485,51.668354308448315],[0.089340119905476828,51.668339268466816],[0.089299098657555462,51.668326243291531],[0.089273123838154639,51.668316276749252],[0.089236157099962368,51.668303270238638],[0.089200145476563242,51.668290245824302],[0.089165179762942942,51.668279271083989],[0.089162106601331503,51.668277258365535],[0.089123160938172533,51.668265275311526],[0.089080188408207972,51.668251295591816],[0.089048129295464379,51.668241258290585],[0.089039121879100125,51.668237282847727],[0.089027133664279223,51.668233270507052],[0.088999174430042641,51.668224238465491],[0.088970145718369822,51.66821531536867],[0.088944188962483239,51.668208315983826],[0.088911221651453876,51.668199283086111],[0.088882188838808815,51.668190270114913],[0.088857213345696934,51.668181274888269],[0.088832207382797596,51.668174257666266],[0.088823173894624602,51.668172261037952],[0.08880117921826125,51.668163302701394],[0.088789144170705853,51.668158302885388],[0.088757158164966335,51.668147274122099],[0.088684156901712136,51.668123310680393],[0.088654171939708565,51.668114314589317],[0.088626240449710458,51.668103304498331],[0.088594238142954626,51.668089310228787],[0.088563188055567024,51.668075298115056],[0.088535211147824228,51.66806329962688],[0.088508233403231842,51.668052272544863],[0.088480274381192381,51.668043240377067],[0.088429197618974692,51.668029315531811],[0.088387223220975891,51.668016306992534],[0.088338286729568435,51.668002254118271],[0.088294258911836176,51.667991259532329],[0.088259266068435163,51.667982263374178],[0.088212216223199372,51.667970334215802],[0.088173266935046873,51.667958260988094],[0.088136248243570622,51.667949299919584],[0.088125303288691642,51.667947246403642],[0.088085286003583022,51.667935282064313],[0.088069242150794411,51.667931252717857],[0.088028243586200261,51.66792128327608],[0.088013276046193717,51.667917324709236],[0.088030264597653202,51.667869285528788],[0.088043310628608831,51.667813315754003],[0.088029266016824703,51.667785336890638],[0.087878364310872065,51.667781277438749],[0.087827323765946402,51.667799265448025],[0.087796315491261157,51.667817257872095],[0.087737346945790759,51.667857322391875],[0.087631322346181317,51.667815336183871],[0.087459377260201948,51.667750338916029],[0.087313388871672004,51.667692341148097],[0.087281432688257721,51.667679334887893],[0.08711641884551817,51.667617269595404],[0.087091397175029797,51.667607286533119],[0.086910475619190741,51.667536333961124],[0.086753407637410143,51.667473318515746],[0.086750498505704501,51.667472291104197],[0.086571466223185761,51.667398338689658],[0.086519423907594886,51.667376338657647],[0.086377492286672852,51.667318358478994],[0.086239469132221802,51.66726237518499],[0.086152487959660823,51.667227331507533],[0.086068487610431579,51.667192323838485],[0.086024543008903928,51.667175304602161],[0.085981601601411092,51.667159345738362],[0.085969494045514253,51.667155336107633],[0.085909583297978223,51.667133385658339],[0.08590555668942447,51.667131389792438],[0.085889587792995922,51.667126368736575],[0.085860512333572267,51.667116367498345],[0.08582959991109311,51.667105318874619],[0.08580753324894172,51.667097350444877],[0.085797619519204518,51.667094380037881],[0.085390612703844182,51.666924326554124],[0.085425631707945204,51.666905364279337],[0.085438664943760401,51.666898391080096],[0.085455585877546467,51.666890358752021],[0.085468664457971841,51.666884373028097],[0.08547866273420017,51.666881408659705],[0.085511640252766488,51.666867337707039],[0.085515605250202117,51.666865379745772],[0.085570626872122524,51.666848400241335],[0.085593601378727666,51.666842417695335],[0.085647621241704372,51.666824377736781],[0.085709601999117424,51.66680835367076],[0.085792635052616709,51.6667834144788],[0.085892575934746057,51.666755388085697],[0.085924548306057835,51.666745380630324],[0.085951512754047429,51.666735373100906],[0.085984584915533804,51.666723367725396],[0.086035579609423207,51.666704392142748],[0.086088525498799529,51.666686370158267],[0.086175528940605303,51.666654438570703],[0.086242508220846809,51.666630413747022],[0.086334588322636088,51.666597402661338],[0.086401567474097454,51.66657337864708],[0.086498564436952349,51.666538391627022],[0.086549485637409898,51.666520406307086],[0.086547467999291694,51.666502461500436],[0.086595543224770061,51.66648740345623],[0.086634529783271658,51.666474394439582],[0.086679556529487015,51.666460468741839],[0.08672355095782168,51.666447460629385],[0.086765447912868415,51.666435478058915],[0.086802500879064812,51.666424481714849],[0.08682542693668098,51.666417421575709],[0.086855519190617778,51.666405468908728],[0.086883509938509795,51.666394453739102],[0.086916508541745457,51.666383438587921],[0.086957479406508276,51.666369494938934],[0.086960531942906732,51.666368452402686],[0.087007487837475292,51.666352423998269],[0.087020447571502568,51.666346440210802],[0.08705450052127657,51.66633244052877],[0.08710546665410332,51.666315442449772],[0.087152450105578025,51.666297436028735],[0.087213443294715545,51.666275495408897],[0.087224418458237502,51.666270445232634],[0.087276484247252928,51.666251450063875],[0.087331413622090043,51.66623249389459],[0.087397438007994654,51.66620848537611],[0.087414402324585666,51.666201441173214],[0.087455401964609367,51.666185519368206],[0.087517461408253186,51.666163469707406],[0.087571436886402065,51.666144529482807],[0.08762841529312175,51.666123469350843],[0.087638369260998494,51.666119516400052],[0.087681343502990922,51.666102480299813],[0.087732427620743458,51.66608547984697],[0.087779337541625743,51.666068463662143],[0.087825344803984004,51.666052542617244],[0.087836439813854139,51.666047491151161],[0.08786934563344849,51.666034499909642],[0.087891392162258275,51.666026466014138],[0.08792033875049067,51.666015523523626],[0.087956318919443263,51.666004544986478],[0.087980345779711852,51.665995487576645],[0.088004347689965332,51.665988497999599],[0.088013391956259748,51.665985550376327],[0.088041399941798687,51.66597750037262],[0.088068361971721701,51.665967491493227],[0.088100333296472738,51.665957483455564],[0.08825029371852805,51.665907529201775],[0.088293364012540135,51.66589255945933],[0.088310328069749561,51.66588551512946],[0.088332328991043388,51.665876492777173],[0.088360276279416658,51.665864578764719],[0.088392345414202655,51.665851512328743],[0.088420333954761385,51.665840495926872],[0.08842231843209547,51.665839562273582],[0.088445373580080477,51.665827554497604],[0.088485296260716675,51.665811561555657],[0.088510302709962588,51.665800509144304],[0.088513313803693108,51.665798567146851],[0.088534288022590391,51.665790553100159],[0.088553327313515035,51.665784550034424],[0.088574272471421328,51.665778513965954],[0.088576256942828349,51.665777580310127],[0.088593361387003466,51.665773590019953],[0.088611278990049197,51.665766528685396],[0.088633283967152435,51.665757597028666],[0.088638269811155385,51.665754541692372],[0.088662278495292846,51.665742516912282],[0.088689314751525888,51.66573151828306],[0.088719242147101016,51.665718579778385],[0.088737307189562464,51.665709537433699],[0.088747334027624747,51.665704594806428],[0.088789280800813275,51.665688565754621],[0.08879729557310824,51.665686534741994],[0.088820327126076959,51.665676595604367],[0.088827297410120035,51.66567260660036],[0.088993309296639886,51.665603576746051],[0.088999263742582629,51.665608594788324],[0.089023285424482901,51.66563055266851],[0.089056309713033535,51.665661610042903],[0.0890892638611471,51.66568853296765],[0.089112270072918914,51.665706553059387],[0.089129196349587103,51.665724591391104],[0.089141211255991226,51.665739570596415],[0.089156245531124848,51.665760520211855],[0.089172280134318632,51.665782530238474],[0.089183269827998693,51.665798515964539],[0.089189244949708313,51.665806591107291],[0.089210284742904766,51.665828512077233],[0.089250255946914686,51.665870593002644],[0.089297175324691086,51.665918574418463],[0.089338214679665906,51.665960546383296],[0.089382154794408059,51.666008579876667],[0.089444238508147575,51.666072563484796],[0.089488203718397274,51.666118529098007],[0.089531198896540584,51.666161545303716],[0.089550240766050768,51.666181523398144],[0.089578164319342721,51.666210514074457],[0.089581135353247326,51.666215495251926],[0.08959115521288645,51.666228532445238],[0.089611178341452852,51.666246515599525],[0.089626156532278026,51.666258476269796],[0.089648193117262812,51.666273546860509],[0.089675130036319384,51.666291496894132],[0.089696135872626301,51.666307485077233],[0.089717116861713395,51.666325541093386],[0.089733138201429516,51.666339459755562],[0.089749156803257235,51.666358503336703],[0.089751159169995626,51.666360535096103],[0.089771200399974355,51.666381485453364],[0.089792106978059588,51.66641347678609],[0.089811171187197267,51.666436511919116],[0.089828139372788537,51.666455448664053],[0.089847141589483329,51.666474528158609],[0.089850090633630461,51.666476454041444],[0.089871191692166966,51.666494507893596],[0.089898175767069433,51.666513446221664],[0.08990308584129901,51.666516505337597],[0.089928089602608813,51.666536467188827],[0.089957102207817802,51.666555459325529],[0.090002173672429284,51.666599517517128],[0.090014122965914142,51.666610452039819],[0.090094087647010199,51.666692456521368],[0.09010613211429272,51.666705457634627],[0.090139057374544349,51.66673948222563],[0.090156098841883872,51.666757429334758],[0.090184116787114674,51.666788485583766],[0.090201039764834526,51.666806433896376],[0.090221039999682506,51.666826484750409],[0.090247036405233919,51.666852452995855],[0.090283058426423965,51.666886423321849],[0.09029508647210327,51.666896458055618],[0.090330088736033071,51.666926400757667],[0.09036602401239012,51.666958484160631],[0.090375020336847314,51.66696740471972],[0.090414001325660881,51.667003479651704],[0.090435024292668947,51.667022434052555],[0.090468029898939858,51.667050434790383],[0.090512053548117241,51.667092443149407],[0.090515008201263736,51.667094457942504],[0.090552982008694841,51.667129382623514],[0.090603017116880818,51.667172452960948],[0.090616042997006638,51.667183458182002],[0.090657000581030239,51.667218419633201],[0.090713966336593149,51.667264423108364],[0.090773977909008,51.667314418087848],[0.090841941376027163,51.667371372890464],[0.090892022541842449,51.667415431470644],[0.090939989597201232,51.667452425333543],[0.090961965221393798,51.667471362678064],[0.091011951444525285,51.667513354604679],[0.091041922942623199,51.667532419328289],[0.091067936428888316,51.667548408022604],[0.091072962488178852,51.667551375099144],[0.091097932730487524,51.667565403996583],[0.091121917727174165,51.667581338876261],[0.091149961243518027,51.667597381327596],[0.091182995159350008,51.667623402995488],[0.091226960539261104,51.667656332318451],[0.09125794801321041,51.667679334731119],[0.091281957997801394,51.667698415638029],[0.091284954109072322,51.667701328931912],[0.091308964116768754,51.667720409832995],[0.091350915141916636,51.667761375685366],[0.091373866951020496,51.667783352146813],[0.091404864453357562,51.667814355042943],[0.091449888926785752,51.667857334414997],[0.091502915152217632,51.667908352700387],[0.09155091118122731,51.667956313154619],[0.091573911410827422,51.667979367825048],[0.091605909802593519,51.668011341126039],[0.091631889626463084,51.668034342712431],[0.091655822820866803,51.668054323270916],[0.091692877684376922,51.668087376414952],[0.091697829402311928,51.668091333074159],[0.091751871449856998,51.668133343269943],[0.091846844058600427,51.668212291534971],[0.091925839822733502,51.668278309750107],[0.092007865013482126,51.66834535215289],[0.092053849458986398,51.668383279248019],[0.092077836750990252,51.668430319236144],[0.092087755988576117,51.668446324665538],[0.092113787320812018,51.66849629488226],[0.09214076430814587,51.668551282292277],[0.09215984388619694,51.668564247782392],[0.092175734367687723,51.668575292620424],[0.092222813618007771,51.668616256723169],[0.092228812920741129,51.668622262989139],[0.092294801302898147,51.668680241339082],[0.092350789480462894,51.668728239819302],[0.092362782969265214,51.668745286476664],[0.092290773952883917,51.668797273316692],[0.092231797450662886,51.668842285269626],[0.09217476232488038,51.668880251086847],[0.092154769201602177,51.668899216547274],[0.092120805919949811,51.668946209885625],[0.092090834103522104,51.669002211910573],[0.092049749581254073,51.669073246070255],[0.092011821160102078,51.669122197558757],[0.09197084158201646,51.669172193473777],[0.091904824113254915,51.669235220529586],[0.091853748233368324,51.669291239639975],[0.091955829948592818,51.6693562162014],[0.091842797889118893,51.66948319069737],[0.091683793246927589,51.669663126550134],[0.091530842551714481,51.669832165948804],[0.091508858931070747,51.669857100048908],[0.091365839277450497,51.670019130674788],[0.091207794042015802,51.670194103737352],[0.091201793653712934,51.670201043155579],[0.091091814227543075,51.670327063264047],[0.091069788788952971,51.67035109966298],[0.090818861914072527,51.670635066899571],[0.090756885907856591,51.670703055357556],[0.090958855516123399,51.670805990693495],[0.091166855888886511,51.670912953977549],[0.091204742013178144,51.670932956831344],[0.091446750013146977,51.671055944877963],[0.091573713345205615,51.671119939970836],[0.091541779478270024,51.671135971489491],[0.09148879505204216,51.671161008101627],[0.091463798947145583,51.671174938564661],[0.091439735935987615,51.671191009723024],[0.091402709703787943,51.671212975275779],[0.09136775765775397,51.671235982985486],[0.091330729908934427,51.671257948541935],[0.091260757926035774,51.671299919355057],[0.091230796146830828,51.671319961427251],[0.091015804821052884,51.671257983104162],[0.090914778045432132,51.671228946456154],[0.090649846255762501,51.671151944319142],[0.090514918578128725,51.671116948096419],[0.090388919166026455,51.671079005986307],[0.090269896431864602,51.67104498441644],[0.09014696667453187,51.671008964875611],[0.090036979886066529,51.670976940456676],[0.089932958097057827,51.670944989625788],[0.089830905904122252,51.670916958586396],[0.089767978403300794,51.670896952202511],[0.089743928718722124,51.670890008973835],[0.089659947816758637,51.670865971729782]]]},"properties":{"OBJECTID":3,"SHAPE.AREA":99479.395924665005,"GLOBALID":"{7B9D40BC-11A3-404F-934A-FEBADB49AC23}"}},{"type":"Feature","id":22,"geometry":{"type":"Polygon","coordinates":[[[0.040878077850883342,51.635113360453289],[0.040664064391645605,51.634579390404504],[0.040660115890257295,51.634568400888192],[0.040627072884183033,51.634461364882235],[0.04060610666698914,51.63439241646347],[0.040586092079140421,51.634323451499391],[0.040565062981317443,51.634250459311716],[0.040539101358258361,51.634168472167566],[0.04052613339347657,51.63411844354372],[0.040513079713921152,51.634082441206502],[0.040490128302613802,51.634014425627861],[0.04045210046787278,51.633910443756982],[0.040403191753611616,51.633768442495729],[0.040394179352512771,51.633745495447471],[0.040407150792967084,51.633742482302196],[0.040416143536486301,51.633738460999297],[0.040473108224079721,51.633717512807195],[0.040569103446566446,51.633679525096866],[0.040660151692018143,51.633645488302299],[0.040637139779625561,51.633557516606793],[0.040602111678912624,51.633419499742004],[0.040598148687721457,51.633405544727324],[0.040589190836052169,51.633370549408824],[0.040588131877142192,51.633365532880298],[0.040585136534624686,51.633354527691516],[0.040588160849735655,51.633355554229638],[0.040603142668858991,51.63335754105244],[0.040613195643904747,51.633358534441371],[0.040634105107340349,51.633362486512404],[0.040657159939979329,51.633366491212811],[0.04066411715499052,51.633367538410404],[0.040681123396438194,51.633369490932225],[0.040685176179775774,51.633369510408137],[0.040689077966346299,51.633371509973152],[0.040698133632350024,51.633371532408532],[0.040703137958766421,51.633371535342974],[0.040728115222790781,51.633370561601382],[0.040755115416580896,51.633369552688542],[0.040814090464127581,51.633369516653438],[0.0408561480032903,51.633369504915777],[0.040922111411550686,51.633368538006202],[0.04095606881998605,51.633368576229003],[0.040969128901290147,51.633367540742491],[0.040981116109777505,51.633366523007815],[0.04099703769913441,51.633365526795515],[0.041004140426361711,51.633364504052985],[0.041036056224877986,51.633361522074779],[0.041051069199637871,51.633361530834264],[0.041076120514815281,51.633359567448359],[0.041075061502578988,51.633354550924821],[0.041094077402710615,51.633353500900391],[0.041108137388404936,51.633353526221754],[0.041134110550449056,51.63335352426018],[0.041159087792770381,51.63335255042707],[0.041177032342655136,51.633351519916104],[0.041187057387393172,51.633346580448475],[0.041199044584858742,51.633345562691638],[0.041203047549593537,51.63334450480756],[0.04123007880187135,51.63334151688133],[0.041257110090757276,51.633338529847492],[0.041255084861285318,51.633330564378646],[0.041262023352179406,51.633328555294192],[0.041270079093162257,51.633327516863744],[0.041289054631088104,51.633325568253092],[0.041295010493365793,51.633325554616725],[0.04135602622704055,51.633320537814228],[0.041403028946678695,51.633316573986463],[0.041442093218234631,51.633313557516587],[0.041456033345502484,51.633313584880462],[0.041462064667214131,51.633312580741425],[0.041491015160181978,51.633312526925742],[0.041515083770085795,51.633312557999695],[0.04153307263960259,51.633312514946105],[0.04156199605357154,51.633314528974196],[0.041591068983293539,51.633314562930224],[0.041622046439126079,51.633314563757352],[0.041652979506768349,51.633313576166238],[0.041656001251109326,51.633314512796083],[0.041666008445287499,51.633314518608316],[0.041674068168724161,51.633313569107152],[0.041697016967786722,51.633312540511326],[0.041711985534873181,51.633311560776455],[0.041757005637975089,51.633308530544262],[0.041803025661882424,51.633306561111951],[0.041844041403908926,51.633304589674502],[0.041859005929010373,51.633303520065503],[0.04188005019234671,51.633302524559532],[0.041886963070985134,51.633302584173101],[0.041895970332630039,51.633301529149421],[0.041903003015790946,51.633301585778995],[0.041908958873864199,51.633301572111527],[0.04191503457696065,51.633301556359207],[0.041959046441534878,51.633302589340751],[0.0419639309138772,51.633302594306102],[0.042023947592718922,51.633304517008931],[0.042323911141411256,51.633311525203524],[0.042360938695225468,51.633313577897809],[0.042363963046400992,51.633314604389788],[0.042376947594020921,51.633314558343159],[0.042402891092856644,51.633316534081551],[0.042449896215978188,51.633320570476684],[0.042508978762584526,51.633325565756557],[0.042527893622720844,51.633327574729392],[0.042558959855451661,51.633329551229572],[0.042590934667133262,51.633330522730731],[0.042599871920622437,51.633330547079574],[0.042637969482431967,51.633332581968325],[0.042644878287787374,51.633332550783223],[0.042679908526994791,51.633332570739157],[0.042719912022695816,51.63333457153864],[0.042731943589705355,51.633334542035023],[0.042758918165009298,51.633335601396325],[0.042768926805220368,51.633335607089364],[0.042778861416363709,51.633336602352607],[0.042771949593481455,51.633275591166907],[0.042762843970139755,51.633205537461919],[0.042752863748384169,51.633126599032423],[0.042750954105885454,51.633110630890847],[0.042746861726335426,51.633072584415061],[0.042737936675950584,51.632998571734888],[0.042734922334071605,51.632968598010095],[0.042731965715203941,51.632942578211036],[0.042725920781722035,51.632887575155898],[0.042720953500528014,51.632848644645385],[0.042720873206156119,51.632825631369229],[0.042718914320811721,51.632784671045499],[0.042720880286217122,51.632735641741363],[0.042767941473167696,51.63273563217404],[0.042921921023451416,51.632736638740766],[0.043082881866703039,51.632736624349398],[0.043116840271495517,51.632736662825621],[0.04319090116231105,51.632735642732428],[0.043282880781776292,51.632735660497111],[0.043307902049034321,51.632735674619965],[0.04331182553314248,51.632719604057421],[0.04332990608045386,51.632652673319569],[0.043330844220243692,51.632649690342824],[0.043350866927697164,51.632575624365906],[0.043353830732863981,51.63256469447002],[0.043365912147009439,51.632520702969927],[0.043378884653474711,51.632472650201763],[0.043385879603462504,51.632450682803224],[0.043401814201401448,51.632452652683469],[0.043409916713805292,51.632452691499275],[0.043420802706401279,51.632453671046214],[0.043422827037167884,51.63245363580964],[0.043440864020854932,51.632454670731867],[0.043453852316715065,51.632454713525611],[0.043461876817814958,51.632455652952466],[0.043474866598183504,51.632455696617342],[0.043497844499801645,51.632452689693899],[0.043499824403684655,51.632451666046968],[0.04353986888061874,51.632446654344285],[0.043566824017329961,51.63244465638217],[0.043641840146924731,51.632435708610998],[0.043671846575689531,51.632432669223334],[0.043762852374995345,51.632421645400306],[0.043781827458006517,51.632419697290224],[0.043870853268482217,51.63240969613706],[0.043962740567747537,51.632399735919215],[0.044013777305059905,51.632392734152099],[0.044053746224428765,51.632388711872068],[0.044115742881548257,51.632381699077918],[0.044157741591660207,51.632377731344313],[0.044285740181076262,51.632362736608499],[0.044395761068403025,51.632350661758394],[0.044478756957968595,51.632341665308196],[0.044497731933343936,51.632339716184489],[0.044620771981516642,51.632325706694971],[0.044755678943418538,51.632310681048239],[0.044864752091345939,51.632298712189929],[0.044863640732597111,51.632313744642715],[0.044863720616793605,51.632328757244615],[0.044862710128352884,51.632340731366014],[0.044858750568391184,51.632395728747085],[0.04485770011843828,51.632422717557553],[0.04485671194308876,51.632461660903509],[0.044853717003419655,51.632503696677965],[0.044850665975422865,51.632557689948477],[0.044846651912339233,51.63264064797103],[0.044842739702167851,51.632704634394834],[0.044841640330438082,51.632714632597683],[0.044838728135662219,51.632779680709902],[0.044830682001924797,51.63292662813712],[0.04482967442365874,51.632946602894279],[0.044827655838177813,51.633007680506999],[0.044822672615215019,51.633087597930711],[0.044821710602727556,51.63310065031402],[0.044818659730529849,51.633117604986765],[0.04483771044064068,51.633114666207909],[0.044857708641627497,51.633111620996239],[0.044877662382137876,51.633107587373082],[0.044898662015310307,51.633105602919514],[0.044900690414873802,51.633105657512417],[0.044918708708243896,51.633103635960879],[0.044967690751046147,51.633098647040534],[0.04500067889566068,51.633095645300827],[0.04502668136432831,51.633093663600945],[0.045078640758953396,51.633088623667511],[0.045081601704675567,51.63308560543782],[0.045137675808838013,51.633084628580342],[0.045154667127170887,51.633083613166697],[0.045170631530281315,51.633083604823369],[0.045177619754477892,51.633082673747687],[0.045183650958075736,51.633081669418608],[0.045201624763440078,51.633078659415943],[0.0452066290524775,51.633078662158731],[0.045214640186557624,51.633076635051076],[0.045216664542790413,51.63307659978328],[0.045227599186556361,51.633078656525093],[0.045230575076954341,51.633078604679568],[0.045241628122087117,51.633080659357312],[0.045251681166294931,51.633081653247082],[0.045261615810627868,51.633082649198791],[0.045269644458765204,51.633083677457051],[0.045308557442897204,51.633082639798246],[0.045313637149726582,51.633081652939204],[0.04536065419681963,51.633080653920587],[0.045375665620109987,51.633080662153084],[0.045392627427693039,51.633081624684969],[0.045399656073048307,51.633081592148635],[0.045424602144003644,51.633082596314011],[0.045443636822094,51.633084601830078],[0.045452572578713726,51.633084625987358],[0.045515588016710566,51.633089641153234],[0.045567597436098208,51.633093679028846],[0.0455916324123792,51.633095598291249],[0.045602641003566417,51.633096664527123],[0.045623609699999811,51.633096658847784],[0.04562563405660737,51.633096623572946],[0.045639575549707941,51.633096650415474],[0.045649584130736449,51.633096655863419],[0.045665548536435563,51.633096647452717],[0.045668572904830868,51.633097672960389],[0.045691565957942722,51.633097631993259],[0.04575252450177833,51.633096659652288],[0.045771540205150216,51.633095609770912],[0.045805602225454385,51.633092678117073],[0.045849550416740895,51.633089664991026],[0.045894569979793534,51.633086633177108],[0.045938518117971519,51.633083619119311],[0.045947603196583413,51.633081663170458],[0.045963598517851083,51.633079676714374],[0.045974515590462867,51.633078677118618],[0.04599050942506324,51.633076689785497],[0.045995585071776118,51.633075613041882],[0.046008573579939038,51.633075656449499],[0.046029497781878988,51.633074662290376],[0.046041530712261733,51.633074632423096],[0.046066506222936267,51.633073657573661],[0.046134473436520822,51.633053683878764],[0.046139489537037504,51.633048651436035],[0.046143463770346588,51.633041660585654],[0.046145547023880198,51.633037668443784],[0.04615148751122803,51.633026686591208],[0.046153570803832582,51.633022695347783],[0.046154520578372327,51.633014677204827],[0.046153549986650728,51.633011637547504],[0.046157535152324229,51.632983699213767],[0.046156520075811121,51.63297967114913],[0.046162518651163255,51.632972645014128],[0.046169548117830812,51.632964700754229],[0.046172539895503198,51.63295970449289],[0.046176527648734041,51.632955679155131],[0.046179550297334282,51.632948703990138],[0.046185532084930835,51.632930709908891],[0.046191467061234191,51.632919638224294],[0.046193551789578464,51.632915646955006],[0.046195516633434117,51.632911656876018],[0.046195483997332101,51.632905634221473],[0.046193506959381216,51.632861707603439],[0.046192513212689336,51.632831697833687],[0.046191475022525644,51.632800700555016],[0.046191517745058905,51.632793687404124],[0.046193583406249253,51.632786639892458],[0.046194549064558207,51.632773677356866],[0.046195498827884075,51.632765659213376],[0.046198487382035872,51.632752661418323],[0.046199574646133161,51.632747698352006],[0.046200479962717034,51.632738692699689],[0.046202475710578686,51.632732724615551],[0.046208529057539048,51.632721650866372],[0.046210569289720158,51.632716671189449],[0.046220513341127346,51.632696719602308],[0.046223516903382153,51.632686688193779],[0.046241480587470907,51.632651673648475],[0.046251525429999128,51.632628664626061],[0.04625547414921418,51.632623740708517],[0.046255528995894322,51.632619693995032],[0.04626154162301515,51.632599721904718],[0.046262524015319842,51.632597726415398],[0.046270480949952793,51.632570708027245],[0.046277534021121815,51.632552695266391],[0.046278471964929478,51.632549712268172],[0.046283472972436325,51.632541713432488],[0.046295516681230109,51.63252073695552],[0.046297570434830064,51.632518722790913],[0.04631453977321108,51.632490737971921],[0.046318513892631252,51.632483746217247],[0.046341481645732097,51.632448734353098],[0.046341555596252797,51.632447744780521],[0.046351528144583952,51.632433725982231],[0.046355472832532482,51.632428713104815],[0.046364526509292278,51.632420733546695],[0.046373485756747317,51.632410688241848],[0.046377523422766416,51.632407741134919],[0.046380559591315956,51.632403732377234],[0.046386573892523091,51.632391760940536],[0.046389547980208362,51.632383708406358],[0.046404566799513783,51.63235476839138],[0.046414570211484353,51.632338771582901],[0.046418525227049631,51.632328723582603],[0.046425504255897025,51.632311700385856],[0.046426516133976199,51.632307727813838],[0.046435564763838116,51.632283746057418],[0.046441484606734827,51.632269708871995],[0.046446580025352943,51.632263776674236],[0.046455570085171205,51.632251752459744],[0.046463533313848393,51.632240736226862],[0.046469531706566536,51.632233709178372],[0.046471525954785591,51.632227741114981],[0.046473566137385194,51.632222761433638],[0.046495483454833612,51.632161786510871],[0.046494497824428181,51.632155780468807],[0.046494496011078211,51.632147778910351],[0.04649355487246104,51.632142761275524],[0.046492549178004293,51.632117786652934],[0.046493508925021819,51.632096733599411],[0.046495530806954719,51.632080785997076],[0.046504525848449219,51.6318518329849],[0.046519519224435354,51.631848784807822],[0.046519535086209367,51.631843840415293],[0.046569524795638396,51.631834787490426],[0.046577534204807071,51.6318327603176],[0.04661247103404121,51.631822801663041],[0.046846488885620548,51.631759837339274],[0.046962518299412767,51.631727787113284],[0.047093430566698506,51.631692871198219],[0.047238409724864858,51.631652854731072],[0.047526433405917473,51.631574832463741],[0.047586463702754406,51.631571807953549],[0.047681387838194915,51.631565836696105],[0.047699453910471853,51.631564892088413],[0.047735344638829669,51.631570828816486],[0.047822334807178138,51.631581807457181],[0.047863427449178889,51.631586844071386],[0.047872407427806178,51.631587856454161],[0.047903373439395894,51.631592889857565],[0.047986377356334244,51.631578855828991],[0.048079375764566668,51.631561860575388],[0.048171376630445364,51.631543893468645],[0.048224345535118056,51.631534878680398],[0.048259369335671917,51.631526895480796],[0.048386377535399053,51.631497889604489],[0.048505373426531412,51.631470910946177],[0.048551303068161258,51.631511912348024],[0.048671319820159133,51.631623901349286],[0.048755250528867276,51.63170181856561],[0.04883930537666719,51.631779822582743],[0.04891725062221678,51.631851820921376],[0.048999263965030078,51.631926804780107],[0.049073263103798004,51.631995814417216],[0.049150213036039787,51.632066840793279],[0.049232151865919525,51.632142814975701],[0.049277248291953298,51.632183830642568],[0.049294171335377709,51.632199807288686],[0.049305169464926371,51.632213819969223],[0.049306136197888414,51.632216769743678],[0.049311247278246671,51.632221804489994],[0.049340243571703142,51.632259775734219],[0.049396224607332735,51.632330808301141],[0.049412136131168682,51.632350757523596],[0.0494321806238147,51.632377827752123],[0.049481127023639306,51.632440801643462],[0.049514114806582854,51.632482748920467],[0.049529122081974616,51.632503793023034],[0.049570186917084216,51.632555757282752],[0.049571113207543906,51.632557809402918],[0.049607183937484915,51.632604736872459],[0.049627106171383308,51.632631718377688],[0.049653092605243462,51.632663718869388],[0.049662140425322736,51.632676775486104],[0.049686191658756464,51.632710787225804],[0.049717126181233501,51.632754747763421],[0.049736140141836152,51.632782734292192],[0.049750072202189195,51.632803707214698],[0.049766139651230737,51.632829767718825],[0.049773159187143083,51.632842770715584],[0.049801102515202901,51.632891727576968],[0.049813054861709317,51.632913724242762],[0.049850135345003932,51.632977714503575],[0.049856112864489911,51.632988758223135],[0.049897050870114777,51.633061670988575],[0.049927039341568648,51.633113739509611],[0.049963091902448638,51.633178736867585],[0.049996117660787626,51.633234707267555],[0.04999912669405792,51.633240677948741],[0.050023019401800053,51.633281704797902],[0.050054046157684037,51.633335641797501],[0.050083034836569958,51.633386648629276],[0.050122038507490252,51.633453661795627],[0.050138046412851349,51.633483679122428],[0.050151998210793455,51.633507708228926],[0.050194082433644337,51.633579612589998],[0.050249972167707962,51.633677615978613],[0.05025006537080913,51.633679682642928],[0.050300975223261303,51.633767614966935],[0.050351010162244185,51.633854663292297],[0.050369013425889883,51.633886622305724],[0.050372979598043675,51.633892666186121],[0.050373977168469128,51.63389363794608],[0.050383035388225555,51.633901660283158],[0.050385030529950886,51.633903603802935],[0.050393017359205275,51.633911644851779],[0.050393970351584584,51.633911628207045],[0.050396057220306066,51.63391563751734],[0.05039994552295015,51.633922582014279],[0.050400945662810025,51.633923642755654],[0.050450946259951876,51.633967629798448],[0.050460005952167659,51.633975652103935],[0.05049802547990416,51.634007622087886],[0.050532975900825443,51.634037577375608],[0.05055496841986673,51.634057600979311],[0.050581027621634161,51.634080609221577],[0.050583025388896086,51.634082642617919],[0.050590012096587533,51.634089622014166],[0.050591936005072675,51.634092644984392],[0.050614942530663926,51.634124607391428],[0.050626937643282896,51.634139590818656],[0.050643925852047612,51.634159611894006],[0.050649930350576931,51.634168586810127],[0.050659931805037119,51.634181627592014],[0.050666963125314234,51.634189595387603],[0.05067898754493002,51.634202600830598],[0.050735934905718455,51.634260580251521],[0.050741001832438182,51.634264627423924],[0.050779978784909766,51.634304581286159],[0.050821949701919111,51.634347539408992],[0.050856939359168588,51.634383607068159],[0.050896868076308999,51.634423544265189],[0.050899863426094136,51.634426548512366],[0.050929977052897063,51.634457577365595],[0.050947947781020478,51.634475603765701],[0.050976867608203774,51.634506563537535],[0.051017961150018727,51.634548547736514],[0.051028896410596325,51.634558515597014],[0.051063884953528538,51.634594583214877],[0.051100868757392316,51.634632594328238],[0.051152941000991825,51.634685534757729],[0.051188927348295492,51.634722574088315],[0.051222915928512545,51.634757580022423],[0.051228901218039156,51.634763498669095],[0.051244829760781686,51.634778503231921],[0.051253905149725033,51.634789492752233],[0.051263816275290114,51.63480055669546],[0.051272816424444076,51.63481253671214],[0.051282909991089733,51.634835553992346],[0.051302900933065061,51.634882492134885],[0.051312890079620262,51.634908478786443],[0.051328858787412932,51.634945508147474],[0.051338878610096117,51.634969515894468],[0.051357813579369478,51.635011528362085],[0.051358873727135421,51.63501654388007],[0.05138381614999097,51.635075531864771],[0.051407876854214975,51.635133457041796],[0.051432823463696604,51.635192534868438],[0.051454872515243874,51.635245460246104],[0.051468828236297386,51.635277489821902],[0.051484841813534819,51.635315507560357],[0.051494832609828525,51.6353414941672],[0.051509844549781546,51.635378450296841],[0.051518777769960597,51.635399510366625],[0.051536829816036717,51.635440459125277],[0.051545760450522241,51.635461429312386],[0.051567827757694751,51.635517410925132],[0.051595755013637709,51.635584438219787],[0.051623831394779593,51.635649484535463],[0.051634743259901757,51.635677432500351],[0.051648789910439606,51.635711438831386],[0.051655799213140625,51.63572947593763],[0.051670768295407711,51.635765444511435],[0.051409857015671509,51.635808391501968],[0.051159868334917875,51.635850427663669],[0.051046814805319939,51.635869393448317],[0.050976818600639767,51.635881404723392],[0.050929876715573995,51.635889417069045],[0.050819849141490077,51.635909408878632],[0.050640925751006684,51.635939414070187],[0.050571909085572374,51.63594142893529],[0.050486910163810385,51.635948397249827],[0.049748005828298504,51.635984405430676],[0.04973896346884283,51.635987350107143],[0.049647942804159552,51.636019325176783],[0.049556972069438529,51.636052378411563],[0.04946599570596618,51.636085341747311],[0.049463064188799248,51.636086382107038],[0.049388068678253343,51.636114392056562],[0.049216988498577162,51.636178330092648],[0.049130064663677524,51.636211312351165],[0.048948011382355071,51.636280296608476],[0.048939062063208326,51.636285307889473],[0.048717094697228881,51.636399309171445],[0.048528079971116113,51.636496283118987],[0.048446087955622316,51.636538258600112],[0.048344172351148795,51.636590290924708],[0.04815313151633676,51.636687299606351],[0.048099105950345625,51.636715301672297],[0.04799921146153821,51.636767208505034],[0.047862168316193388,51.636838283460371],[0.047705151243976049,51.636918245988319],[0.047542234033062292,51.637002177110297],[0.047510232596437336,51.637019187142918],[0.047381181908951908,51.637085177117363],[0.047225283166847737,51.637166198593675],[0.047177199167892488,51.637191219893097],[0.047095278540936397,51.637232203982528],[0.046941239000067546,51.637312204370957],[0.046900238772123674,51.637333146213344],[0.046890245067501272,51.637328196494451],[0.046881274288083724,51.637322149831881],[0.046877252035572213,51.637320152570375],[0.046868211361645512,51.637315185334003],[0.046865216079676489,51.637312180984495],[0.046845206971371692,51.637299135419838],[0.046745230977031038,51.637230216684031],[0.046713303004365818,51.637209197456542],[0.046618267799472229,51.637144148306106],[0.046604352657600989,51.637134142063232],[0.046550276982497495,51.637100204390848],[0.046505313200868807,51.637070151810761],[0.046447335281625125,51.637034213826148],[0.046401300203923641,51.63700418078048],[0.04636628977412479,51.636978180254033],[0.046331323920398265,51.636953169021695],[0.046262304856362055,51.636902229563745],[0.046253289751163787,51.636895194444349],[0.04620336845657521,51.636858216656982],[0.046181320190289532,51.636842239875321],[0.046143359302034156,51.636814223317494],[0.046120359426458438,51.636798262210959],[0.046097400012598495,51.63678319965129],[0.046073371749780281,51.636768245641278],[0.046070422490339734,51.636766229651812],[0.046032386328616087,51.636739202653366],[0.045991375569919127,51.636712228382827],[0.045977340845220357,51.636702224150731],[0.045942394472687297,51.636680269037406],[0.045910348808668809,51.636659250746405],[0.045876425434142762,51.636636198678019],[0.045865461337361822,51.636628209211203],[0.045835383935469848,51.636611202354395],[0.045804428915153059,51.636593222500686],[0.045790364825255413,51.636585197122521],[0.045658471247745906,51.636511260078144],[0.045623420270773735,51.636492272441608],[0.045524505113113636,51.636436280790988],[0.045410411714759139,51.636371292965514],[0.045340445221797483,51.636344283406508],[0.04533244545739306,51.636341276282479],[0.045281499141473031,51.636321217491307],[0.045240508339873448,51.636305299871232],[0.045217440302257252,51.636322243570099],[0.045192541537878383,51.636338229975465],[0.04517144258281857,51.636351273458139],[0.045143489657374088,51.636368211416105],[0.04508651900908392,51.636402287510201],[0.045022510985123852,51.636436215488231],[0.045002512911582492,51.63644726229807],[0.044964568123849094,51.636467251884781],[0.044926504893430683,51.636487243522097],[0.044888486052370655,51.636508222656325],[0.044856572829672002,51.636527207890289],[0.044705483773622205,51.636617222922403],[0.044624562310662565,51.636667177745181],[0.044562555228064751,51.636703228832587],[0.044557565458451499,51.636706192453353],[0.044533604388516251,51.636719195738102],[0.04450849644154467,51.636733208172799],[0.044500574948883612,51.636737211130189],[0.044476569431826464,51.636749226894409],[0.044421542845020145,51.636784167158652],[0.044232553855947404,51.636903159144246],[0.044171588055937183,51.636941169352369],[0.044014568247132575,51.637037130105583],[0.043960645992906174,51.637070162482225],[0.04378562157095247,51.637179112302491],[0.043790614209026031,51.637184149347171],[0.043764579645556148,51.637196109460923],[0.043711620544993023,51.637155138656375],[0.043498701287325109,51.636967178484049],[0.043272671661848644,51.636771174755602],[0.043297679080460269,51.636760221808515],[0.043326688172924031,51.636748209125592],[0.043317749011820977,51.636740184179324],[0.043296639981256005,51.636721222969577],[0.043166671187441469,51.636605177051941],[0.043135670134011421,51.63657820743871],[0.043285732523498877,51.636481200815858],[0.043291749384362303,51.636477230191339],[0.043308678922742143,51.636464169693909],[0.043323675355726211,51.636453210229782],[0.043357730854503236,51.63642618744715],[0.0433626762434903,51.63642223546826],[0.043382689459258016,51.636406244566444],[0.043402748535901099,51.636391242044638],[0.043415642399639853,51.636381218421398],[0.043434718820170748,51.63636821046228],[0.043453749353839957,51.636354214116899],[0.043470637003581745,51.636340255967433],[0.04348764041615686,51.636326204975546],[0.043496695359740559,51.636318225629644],[0.043512674329169061,51.636305271573498],[0.043526653179576283,51.636290195015292],[0.043531716947985001,51.636286240968396],[0.043531672554858451,51.636285253458581],[0.043535706705603368,51.636282216590182],[0.043540697941314724,51.636279252987279],[0.043544701065342972,51.636278194123072],[0.04354866379474797,51.636276236705619],[0.043554651064891807,51.63627424494593],[0.043580656904663131,51.636272264420271],[0.043603681115750859,51.636270244966767],[0.043643687232541264,51.636272245421786],[0.043669706483099216,51.636273231289167],[0.043681621859898316,51.636273203715866],[0.04369270519522709,51.636273280551393],[0.043697709837739747,51.636273283354662],[0.043717605918824502,51.636273205873067],[0.043740604630726015,51.636273255125907],[0.043762601858741888,51.636272243600715],[0.043951633647930706,51.636260231628967],[0.043971681773999433,51.636258264817428],[0.0440996646218123,51.636253249685673],[0.044210604754200557,51.63623225913237],[0.044264636446123398,51.63622026012704],[0.044655526002227927,51.636150253111843],[0.044824563587212228,51.636120249420557],[0.044968574846729302,51.63611926968585],[0.045001519268855789,51.636115279541023],[0.045073573060508645,51.636109259220376],[0.045177471749764032,51.636101246179535],[0.04536745643651903,51.636081304559589],[0.045662398478806807,51.636021327072761],[0.045928437470910001,51.635986305131503],[0.046020448141213803,51.635968339616262],[0.046101344568275804,51.635952275425836],[0.046284365462977206,51.63591528327909],[0.046497352642105597,51.635874352192538],[0.046798321418967587,51.635805365927133],[0.047099316793149042,51.6357264002664],[0.047358234320341495,51.635652392363689],[0.047692183081854328,51.635564399251464],[0.047779251133077079,51.635476397205245],[0.047866236275835972,51.63545537139116],[0.047922259626520115,51.635429401959684],[0.047875177306865337,51.635336457760964],[0.047841194850595681,51.635272411963456],[0.04781321922347169,51.635217431997589],[0.047708251354013416,51.635016448161103],[0.047672259271404935,51.634947494152726],[0.047599233548080024,51.634823446531364],[0.047529329323965891,51.634710493409557],[0.047393334421468578,51.634492520323256],[0.047291319712567378,51.634428492702199],[0.047065388034255556,51.634303515988179],[0.047032424801781179,51.634288538125801],[0.04694838194560505,51.634250536967656],[0.046863343210142933,51.634211564830451],[0.046781371024342065,51.634174517532465],[0.046739411012188835,51.63415556076405],[0.046675450915055094,51.634137527087084],[0.046641476075277105,51.634126522583557],[0.046587432428523964,51.634135555368282],[0.046497435046882529,51.634150519613549],[0.046464461287553521,51.634156488166973],[0.046429464560213199,51.634162491975324],[0.046378470737260452,51.634170483215506],[0.046329431391753439,51.634179518573774],[0.046244513601552316,51.634193494824132],[0.046145477779654664,51.634211493063162],[0.046139446449491035,51.634212497442903],[0.046044492832979657,51.634228536006155],[0.045905457048801994,51.634252535895044],[0.045757526632997564,51.634277498150489],[0.045756573630190374,51.634277514757692],[0.045481549707103421,51.63432447049972],[0.045442548361371925,51.634331532969895],[0.045241601680684612,51.634364521515749],[0.045130573613706863,51.634383446324144],[0.044937609476149255,51.634416475134756],[0.044834596579082849,51.634433462429357],[0.044827612182086009,51.634434483342012],[0.044763647781558016,51.634445485696901],[0.044678653590977703,51.634460451319939],[0.044609686157031085,51.634471451701458],[0.044517589007283219,51.634487439271901],[0.044368704050845149,51.634512417288455],[0.04434069525925078,51.63451749034791],[0.044169679247362016,51.634548427091872],[0.044154638931646173,51.634550486595742],[0.043983698109973469,51.634580433474717],[0.043947747698873663,51.634586453142688],[0.043821722645878025,51.634608425506862],[0.04372078177270794,51.63462645485199],[0.043652689952650786,51.634638427706982],[0.043622770936205202,51.634643443921796],[0.043520708571376493,51.634660413508804],[0.043498725557923647,51.634664392292642],[0.043355757965218053,51.63468845668195],[0.043205770658002136,51.634715429865338],[0.043134746981450603,51.634728442626844],[0.04312680689000848,51.634729390144699],[0.043101772377167426,51.634734411142972],[0.043045818638959947,51.634743385602633],[0.043030824068135534,51.634746433347523],[0.042958843278065685,51.634759373631951],[0.042885870455406462,51.634771430979356],[0.042850872754092321,51.634777433730406],[0.042795796532125729,51.634787382881356],[0.042660838229865362,51.634809418611489],[0.042648819618831546,51.634812414526337],[0.042598897223984251,51.634820385471421],[0.042523866140567038,51.634834366842455],[0.042445813146790211,51.634847411558106],[0.042377915973070543,51.634858391999423],[0.042327918033145971,51.634867353324658],[0.042189903754371753,51.634890340930305],[0.042103958854303243,51.634905411139918],[0.041951898614680329,51.63493133966098],[0.041943962497075181,51.634932376954858],[0.041838967194013595,51.634950385265782],[0.041806900874581061,51.634955348436335],[0.041714994120277515,51.634970341299514],[0.041580912318416416,51.634993350617044],[0.041518970786486441,51.635004316912337],[0.041450001673605803,51.635015314555091],[0.041345004527742757,51.635033322453232],[0.041253981970956879,51.635049379584807],[0.041226041027209545,51.635053371608841],[0.041167030970693248,51.635063297564592],[0.041141044428190776,51.635068333795232],[0.041078984276097186,51.635079301919149],[0.040995018704109334,51.635093347716662],[0.040979066816590921,51.635096321915256],[0.040918989252261069,51.63510635623004],[0.040878077850883342,51.635113360453289]]]},"properties":{"OBJECTID":22,"SHAPE.AREA":227980.37188212,"GLOBALID":"{0AAE82D3-2EFF-45EE-941E-F5AF32BCAC9F}"}},{"type":"Feature","id":7,"geometry":{"type":"Polygon","coordinates":[[[0.10567616700261773,51.704584337380275],[0.10566873855881673,51.704584321269856],[0.10565073939291882,51.704587340796174],[0.10563476769324653,51.704590323974962],[0.10561876915784288,51.704595285094804],[0.10560172446914795,51.704598288402785],[0.10558477565595158,51.704603356477996],[0.10557073461782222,51.704609361607808],[0.10556574156710991,51.704612327828528],[0.1055637331554706,51.70461533047326],[0.10556077029973543,51.704618350226866],[0.10556071021280033,51.704627342057123],[0.10556275946739893,51.704630361891418],[0.10556573633053765,51.704635342559861],[0.10557078928570585,51.704641365119244],[0.10557873096464815,51.704645358433979],[0.10557471414002986,51.704651363723826],[0.10556778536014381,51.704656342105892],[0.10555970941692093,51.704662330231692],[0.1055497501384574,51.704666284728958],[0.10553575496987321,51.704673278212802],[0.10552178663471522,51.704678293751819],[0.10550574633489072,51.70468235634938],[0.10546976426797683,51.704691272673358],[0.10546580612596636,51.704688287053742],[0.10542272650917382,51.704652289592325],[0.10540470998767015,51.70463436304162],[0.10538778917864813,51.704614349461032],[0.10536976991892,51.70459633212937],[0.1053467514872066,51.704568337237497],[0.10532573638862733,51.704542372922702],[0.10530073222129939,51.704515311969281],[0.10528779278638371,51.704501339252147],[0.10525973406502051,51.704475322218215],[0.10524373588354023,51.704462303573322],[0.10521681419430581,51.704445345030393],[0.10520775371547635,51.704440383461844],[0.10517982904379317,51.704422364679651],[0.10514877561153826,51.704406379426835],[0.10511881935261105,51.704388307115018],[0.10507378196214021,51.704356391262657],[0.10502981344208269,51.704324365413228],[0.10498782515510659,51.704291315779052],[0.10490080760044349,51.704221405062896],[0.10485479014721162,51.704186359297594],[0.10481685460559444,51.70415836093543],[0.10477784754187064,51.704130381761743],[0.10473582764370476,51.704104344996814],[0.10468283853808073,51.704073379910419],[0.10462786520785003,51.704043349608249],[0.10457186893761601,51.704014415815827],[0.10451186472301077,51.703981419031216],[0.10445286089475825,51.703949393473884],[0.10439190238098385,51.703916412826921],[0.10435493561161012,51.703896398533466],[0.10431789611826522,51.703877373812709],[0.10427586636559945,51.703861406021403],[0.10425988101052994,51.703856387687374],[0.10424287000180735,51.703852377805035],[0.10422493142079678,51.703846406175849],[0.10421593451370137,51.703845398316908],[0.10420190805978256,51.703841423989005],[0.10419098064950749,51.703837395042548],[0.10417192048684004,51.703830364391209],[0.10413996069384844,51.70381538429217],[0.10407997456785399,51.703785353608176],[0.1040240058668466,51.703754441602001],[0.10396791449292193,51.703723441841333],[0.10388000115255246,51.703680426958393],[0.10378998629415247,51.703638437031941],[0.10370001749510158,51.703597436292235],[0.10359802304759667,51.703554402714403],[0.1034960773613999,51.703512447281781],[0.10339400911513345,51.703470404030845],[0.10326407992566841,51.70341942009761],[0.1031980060504261,51.703394442080601],[0.10316403836351196,51.703382464313876],[0.10312911210813017,51.703370413775133],[0.10309411729711518,51.703359443559556],[0.10306310314801742,51.703349391242696],[0.10303111032594066,51.70334142292802],[0.1030001461641403,51.703332447906419],[0.10298404259588154,51.703327432416188],[0.10295407725973392,51.703319428680274],[0.10294410862727794,51.703315471479755],[0.10293215569539757,51.703312449058956],[0.10289409401350005,51.703289397346133],[0.10283508282669884,51.703249459472396],[0.10282506422116405,51.703244424050553],[0.10281509565799891,51.703240467737231],[0.10280306851916343,51.703238434913153],[0.10278612524986021,51.703238468457975],[0.10277313569337924,51.703241398762529],[0.10273809242552313,51.703247419832799],[0.1027101627188922,51.703252414294759],[0.10266815296703921,51.703239412218039],[0.10262416695423925,51.703222398855623],[0.10260215242732927,51.703213443375653],[0.10256215129386667,51.703197438663942],[0.1025211957313185,51.703181450123587],[0.1024801944145499,51.703164474106913],[0.10244911581505367,51.703150466061174],[0.10241811147805249,51.703135468396908],[0.10238512141095651,51.703121405521529],[0.10234721373819743,51.70310940811585],[0.10230720736697979,51.703098437441071],[0.10226915417410173,51.703088420076526],[0.10221223844406646,51.703070469840945],[0.10204321643182414,51.703020453993524],[0.1019872254009203,51.703004464563108],[0.10193228044520716,51.702990434747633],[0.10187220917614145,51.702976496638811],[0.10181019795534194,51.702964480748641],[0.10175028697883155,51.702951438964455],[0.10171531013062417,51.702943433762712],[0.10168220051522535,51.702934496785119],[0.10164825095780664,51.702925485800634],[0.10161625595648144,51.702917427217002],[0.10158531936666707,51.702906473870669],[0.10155423575528905,51.702897500608145],[0.10151432682777758,51.702883471354639],[0.10147625519775762,51.702870487423205],[0.10143832791296822,51.702855433510216],[0.10141025318854034,51.70284442891748],[0.10138225125564272,51.702832433835496],[0.10135325057558373,51.702819467434139],[0.1012473578261236,51.702769489186636],[0.10120628312260695,51.70275350322278],[0.10112632837368574,51.702722479376099],[0.10108339213978994,51.702707514949822],[0.10099529412321732,51.702678435188247],[0.10095440683073867,51.702666490633128],[0.10087241531706695,51.702640448048179],[0.10085739077332674,51.702635501995807],[0.10079747363702816,51.700615717604748],[0.1008084326084551,51.700612734805588],[0.10083443069810635,51.700604717866113],[0.1008474169610271,51.70060169880341],[0.10102045740394448,51.700550686870628],[0.10125138096252839,51.700458723959819],[0.10131937176531908,51.700442764334447],[0.10133143057163417,51.700437783448436],[0.10144641024446811,51.700606716163961],[0.10152842054039594,51.7007516952823],[0.10166433567755331,51.700970687038264],[0.10168839044985385,51.701005676487853],[0.10171029796703647,51.701040705253256],[0.10173136844853234,51.701075659066539],[0.10174131589617143,51.701094629810825],[0.10175234046239948,51.701113671206215],[0.10176136340935824,51.701130680130142],[0.10177732922462736,51.701163657888891],[0.10179236909679688,51.701194673852953],[0.10180626323271715,51.701226698598333],[0.10181832420645637,51.701252643907942],[0.1018313437345003,51.701278661989171],[0.10184030441837326,51.701304661874559],[0.10184933936694716,51.701329672148958],[0.10185734301789041,51.701355600132267],[0.10186625796651902,51.701380612552633],[0.10186934734649232,51.701390626228978],[0.10187426978507604,51.701401595384745],[0.10187728640255218,51.701412599543545],[0.10188428615072347,51.701424610632316],[0.10188826529793425,51.701430652562834],[0.10189128734869635,51.701436621694718],[0.10189624787528201,51.701440668601457],[0.1019012500057408,51.701445613119368],[0.1021432900711443,51.701652636232836],[0.10235923296104064,51.701834594312238],[0.10237127309339758,51.701844626720494],[0.10238426204886664,51.701854553118388],[0.10239919092706116,51.701862557255701],[0.10241817719100053,51.701870577793649],[0.10243926505493925,51.701877572429922],[0.10245918687165581,51.701882609572891],[0.10247225962569469,51.701886601175971],[0.10248421214960993,51.701889623648789],[0.10249716629062969,51.701893616472994],[0.10251120939956597,51.70190055734524],[0.10252415818999515,51.701909585191721],[0.10253825270190396,51.701917603347518],[0.10254922392172222,51.701922621740614],[0.10256019238251413,51.701927549357286],[0.10257324090975606,51.701933608770432],[0.10258519345260232,51.701936631232755],[0.10259817041696705,51.70193855624985],[0.10261222455492101,51.701940552807997],[0.102624131276438,51.701942586905965],[0.10263615946673472,51.701944618828335],[0.10266116177737179,51.701948576709789],[0.10267223558136705,51.701950625713174],[0.10268218502378379,51.701951616636229],[0.10269420760676692,51.701953558727517],[0.10270420844818498,51.701955626935515],[0.10271613941942088,51.701955593202527],[0.10273823563776724,51.701958613910939],[0.10276020767096647,51.701961546912869],[0.1027801295589283,51.701966584000509],[0.10279017206993261,51.701969550710395],[0.10280121752190684,51.701973578570573],[0.10281015866625491,51.701978542457965],[0.10282020390214007,51.70198159904205],[0.10283220374975204,51.701985609813164],[0.10284219899177356,51.70198758818421],[0.10285510595626776,51.701990593532443],[0.10287020613156084,51.701994548794893],[0.10288414023450675,51.70199654657042],[0.10294712638420775,51.70201160100148],[0.10301017602428354,51.702048589793655],[0.10301417815976081,51.702052563887584],[0.10301514464786529,51.702060547256607],[0.10300916506026057,51.702070543425421],[0.10300417628034314,51.702073599388115],[0.10292214464101451,51.702131615027234],[0.10290515999804636,51.702143605829129],[0.10333814255551961,51.702340555176988],[0.10355407613373252,51.702146550645004],[0.10364609472608928,51.702185537311962],[0.1033930338458685,51.702394591358676],[0.10378197797101149,51.702547557377009],[0.10358801244593542,51.703050514450787],[0.10452089234529273,51.703471435371192],[0.10453892672393823,51.703479473525263],[0.10473286362235579,51.703567426773013],[0.10558984796563711,51.702854535049319],[0.10576678749296629,51.702707522684868],[0.10584984077603968,51.702725542158845],[0.10595777485555603,51.702788515295737],[0.10599879389515947,51.702813580388742],[0.10601777849708799,51.702821511353733],[0.10603273510165033,51.702827536175079],[0.10607776809655604,51.702846506058101],[0.10609775572027279,51.702855497233251],[0.10611271234649471,51.702861522044117],[0.10637571040380853,51.702974485333691],[0.10643676846936242,51.703004495627702],[0.10644876875305488,51.70299052541089],[0.10644874055028218,51.702992504278768],[0.10644775442583986,51.702999534357694],[0.10644769938281635,51.70300349027049],[0.10644972186285266,51.703008488932191],[0.1064537285155762,51.703012551856169],[0.10651967095732238,51.703047509445675],[0.10657068766467002,51.703074553256705],[0.1065736412360949,51.703076477749057],[0.10657401940403465,51.703076642724646],[0.10657387917632462,51.703076646138797],[0.10657046554642022,51.703074818923589],[0.10652174804538853,51.703125871088218],[0.10641990125083341,51.703301253865099],[0.1063997125014864,51.703333989105666],[0.10637948198738421,51.70336582583591],[0.10635780535808953,51.703397688494832],[0.10633084516918787,51.703440436960918],[0.10630384319557278,51.703482286914053],[0.10627539508159835,51.703524162792263],[0.10626998632410742,51.703532353079517],[0.10626317320685535,51.703541467804456],[0.10625776444515365,51.703549658091191],[0.10625661049107576,51.703555973571284],[0.10625686089532475,51.703561364613499],[0.10625566520682331,51.703566781586559],[0.1062592668722997,51.703582004344618],[0.10626142244655787,51.703597253033344],[0.10626895966446218,51.703634886604867],[0.10627226919907436,51.703643819813088],[0.10627306215451802,51.703660891446418],[0.1062719499346995,51.703668105433586],[0.10626939161828522,51.703675345351733],[0.1062638993737049,51.703681738624688],[0.10625968628711965,51.703684511938469],[0.10625543146581115,51.703686386745048],[0.10624828445074515,51.703688313412975],[0.10618065368196347,51.70379024271822],[0.10616166025692861,51.703817560947428],[0.10610890746616146,51.703928215985627],[0.10601916872503213,51.70411507158839],[0.10594320837118472,51.70425581806419],[0.10593209846571912,51.704265909059423],[0.10592094682688005,51.704275101546493],[0.10591128302783624,51.704285166612905],[0.10589604339903998,51.704299827920821],[0.10588084548817937,51.704315387733978],[0.1058670936845381,51.704330921618997],[0.10584459603829338,51.704376287720933],[0.10580425848846625,51.704442656516896],[0.10571052618769823,51.704574728882498],[0.10570631298528488,51.70457750217733],[0.10570065365670063,51.704580301396312],[0.10569639872869048,51.704582176183578],[0.10568776369867561,51.704583230236032],[0.10567768254246532,51.704584310211885],[0.10567616700261773,51.704584337380275]]]},"properties":{"OBJECTID":7,"SHAPE.AREA":54580.859591040004,"GLOBALID":"{D5818E16-F636-4FF4-A823-BD1190BDF978}"}},{"type":"Feature","id":16,"geometry":{"type":"Polygon","coordinates":[[[0.053045065727702657,51.69554156391829],[0.053065494523276878,51.695583373541105],[0.053068223622203287,51.695579728839924],[0.053071034058484734,51.695577881215861],[0.053082357139527171,51.695572287796125],[0.053089545904192792,51.69557126288931],[0.053112558082793887,51.695568162892314],[0.053148664577470979,51.695566632498952],[0.053180873483005653,51.69556211277807],[0.053250753103063805,51.69555225843186],[0.053263684731610091,51.69555023387317],[0.053275251818916208,51.695550031666009],[0.053288305465139504,51.695550702720048],[0.053302845671072976,51.695552247034797],[0.053317426551688356,51.695554689886187],[0.053330642895764481,51.695558955089297],[0.053343940590840126,51.695565017367741],[0.053355833077479813,51.695572003460065],[0.053367766242566859,51.69557988808954],[0.053372422153608705,51.695582623143814],[0.053372667436293847,51.695582767231926],[0.053378172174788123,51.695586000918169],[0.053387172897863752,51.695593037561622],[0.053394687061007098,51.695599200943406],[0.053408310181322229,51.695612451521477],[0.053411647374153097,51.695622272334184],[0.053429104101524773,51.695625558748965],[0.05346309312404865,51.69563053807596],[0.053496055495573271,51.695636524516722],[0.053534027609794643,51.695642513285527],[0.05357109159911827,51.695649506194812],[0.053608035631466489,51.695656502089044],[0.053649037975544302,51.695663516040078],[0.053690040372611353,51.695670530875176],[0.053730039676377489,51.695676484135845],[0.053743989545341778,51.695681543993061],[0.053768076281477915,51.695686516526074],[0.053778068144715377,51.695688500012011],[0.053790970204243838,51.695691510810583],[0.053796980387915111,51.695692483918499],[0.053889963901443093,51.695714501965767],[0.05393703960871743,51.69572653443786],[0.054003041841291129,51.695745517139216],[0.054134972706488101,51.695784473792514],[0.05418194421712786,51.695799474613736],[0.054227961468766905,51.695814492105733],[0.054274977802899305,51.695830481280687],[0.054327977931422196,51.695849511354233],[0.054355972685872118,51.695856483689347],[0.054384896734589433,51.695865507138613],[0.054399944591429751,51.695868480339215],[0.054413994839818743,51.695870481812456],[0.054430001060563303,51.695873528171489],[0.05444591372201657,51.695874508789998],[0.054457887992875022,51.695875467469868],[0.054470939228873166,51.695876498135092],[0.054483900931327246,51.695875552015828],[0.054490894554614921,51.695874531335917],[0.054405895093697108,51.69608152718623],[0.054335980347252816,51.696197461903779],[0.054309903590065392,51.696235495829335],[0.054273979796039845,51.696269476397276],[0.054213980730978127,51.696322487981774],[0.054022950877865843,51.696522437989486],[0.053972006022099686,51.696580415031441],[0.053969011111782435,51.696585411477088],[0.053965940946494886,51.696591398413048],[0.053961917920006638,51.696597402011555],[0.053959926139522905,51.696603460014536],[0.053957928884490136,51.696609429087523],[0.053955976304302281,51.696616384755117],[0.053954937383183348,51.696622426095374],[0.053954014445023568,51.696628376381753],[0.053952975523413167,51.696634417721988],[0.053952935624781678,51.696641429867519],[0.05395296961629633,51.696647453345058],[0.053953952359935803,51.69665336940762],[0.053954940618569917,51.696659375298687],[0.053956930524267192,51.696666441874072],[0.053957918824316803,51.696672448663662],[0.053960978981797539,51.696679406598562],[0.053963992978000357,51.696685377065499],[0.053967011043842952,51.69669143738615],[0.053970979390777218,51.696697392063399],[0.05397495176692696,51.696703435695746],[0.053978995329466969,51.696708398983802],[0.053983920570534812,51.696714425952976],[0.053988916998000937,51.696719372577782],[0.053997916385551785,51.696728385748898],[0.053972904604307516,51.696729361784833],[0.053959935910040516,51.696735431891348],[0.053942984858382753,51.696748404132272],[0.053880029759064529,51.696799399852772],[0.053647002724005466,51.696978328037453],[0.053543988973825528,51.697056363872306],[0.053259008949555452,51.697284295909455],[0.053197990032308781,51.697333278156314],[0.052994003301115984,51.697492279868513],[0.05286603704748593,51.697604283321745],[0.05284503151169568,51.697625236955268],[0.052827085453720661,51.697645238764004],[0.052824068533560531,51.697660304455724],[0.052826048063061577,51.697680317719652],[0.052834093687479919,51.697697258342245],[0.052848107638496115,51.697714273604497],[0.052861088764639588,51.697724295470699],[0.052881033218780196,51.697735273833018],[0.052910092359768714,51.697747261910962],[0.052946043673130681,51.697761287717377],[0.052979995695430201,51.697773280184421],[0.053016036445590192,51.697789280956059],[0.053043992218616658,51.697803266634857],[0.053065968052108156,51.697814299384568],[0.053101022175703234,51.697824295104212],[0.053051051585400674,51.697843238066049],[0.052235148354280565,51.698230218077185],[0.051776138475200247,51.698441139948677],[0.051302212351526828,51.698652139740219],[0.051261237530001245,51.6986141084857],[0.051014233104138981,51.698384145040038],[0.050785273110213837,51.698210142823342],[0.050574286141928111,51.698056233049904],[0.050273352709249007,51.697818218856668],[0.049978402036225646,51.697575245342726],[0.049941434692375566,51.697549280853686],[0.049919433169771078,51.697548226037242],[0.049878393312432878,51.697556224391015],[0.049331467289466871,51.697741251087649],[0.04892645693863025,51.697885232751531],[0.048496588191271998,51.698015173131111],[0.048508529082471268,51.697825188363616],[0.048531562057249768,51.697656226109174],[0.048575576521175348,51.697447251836053],[0.048659529214064363,51.697203239545473],[0.048794537740144923,51.696898283899941],[0.048822531683565984,51.696831270977661],[0.048874496478499958,51.696666298398355],[0.048900542387383915,51.69650330664124],[0.048906546452053411,51.6964143813044],[0.048906508402010877,51.696326370688389],[0.0489165659498704,51.696266412283528],[0.048928511029443476,51.696158414551313],[0.048943611324207284,51.696067443007358],[0.048960516564170574,51.695987407212769],[0.049007615552886186,51.695812451434819],[0.049041615452588699,51.695701462012572],[0.049104616401065782,51.695474446418082],[0.049213552657463758,51.695173541104332],[0.049331631959827163,51.694887579028958],[0.049543586511789722,51.694907524655363],[0.049588602494272244,51.694818547978052],[0.049636555096903283,51.694831556035204],[0.049724568430441818,51.694854562441655],[0.049715537989393925,51.694868563973039],[0.049747514384225623,51.694876547014722],[0.049880496580188061,51.69491252254538],[0.050128452583719063,51.695058507034531],[0.050138526402233569,51.695075501463293],[0.050145526801377738,51.695082571468305],[0.050156506056923268,51.695090560297707],[0.050180466539330643,51.695108571282134],[0.050199406218697749,51.695118489431209],[0.050211419206733339,51.695125561861687],[0.050218456004617829,51.695125528957298],[0.050224466041446938,51.695126502249806],[0.050231506900647316,51.695126559198677],[0.050249430923416542,51.695124538651726],[0.050264475482478192,51.695119510918026],[0.050276449377343747,51.695112560233689],[0.050280429540725903,51.695105568336622],[0.050282492884940876,51.695090519354437],[0.050281491136664754,51.695081546147676],[0.050282515098087802,51.695072538479643],[0.050279482215522142,51.695063511702365],[0.050275469865333329,51.69505656939625],[0.050500431594923852,51.694849560346256],[0.050541444133033624,51.694880578857415],[0.050604466873905393,51.694915527686256],[0.050729387792211873,51.694960543767657],[0.051170342594849524,51.695076545635523],[0.051700264398542292,51.69520753261601],[0.051880208310215871,51.695263543651294],[0.053045065727702657,51.69554156391829]]]},"properties":{"OBJECTID":16,"SHAPE.AREA":106524.71956544,"GLOBALID":"{30505A21-4922-4AB7-B778-4EAB772E4040}"}},{"type":"Feature","id":2587,"geometry":{"type":"Polygon","coordinates":[[[0.066021644926815642,51.692583689228208],[0.066002733301642566,51.692522080542993],[0.065987721881526407,51.692470113367918],[0.065974808503045532,51.692438066376219],[0.065925762337345123,51.692346063378608],[0.065907813801214299,51.692316083299197],[0.065882793413981344,51.692280113594265],[0.065825820049648667,51.692213152062891],[0.065782776697759282,51.69216913899524],[0.065696787163600029,51.692091090099034],[0.06562578811821497,51.69203309519299],[0.065558798203126281,51.691987166037329],[0.065504809649356566,51.691941188052347],[0.065464885628855912,51.69190017656932],[0.065424881270825658,51.691852155021216],[0.065344932739768935,51.691731207852548],[0.065306930972192437,51.691630199519679],[0.065270852670516882,51.691511177715249],[0.065230881723774101,51.691309247702314],[0.065213976024769416,51.69083829214177],[0.065225941113408611,51.690713301585653],[0.065250920644799232,51.690659282231969],[0.065285988026034067,51.690596274615473],[0.065310874785601644,51.690553314977052],[0.065338956388247868,51.690499330978476],[0.065372915412710689,51.690430320534205],[0.065392949522115079,51.690380343920303],[0.065414933988048735,51.690331321281967],[0.066411791792340621,51.690308393058004],[0.06670972416344384,51.690304318976345],[0.066769819699929317,51.688559571252028],[0.066875133147199062,51.688564370635802],[0.066903978221015001,51.68856386300974],[0.067010038714502354,51.688571975459688],[0.067052578025884699,51.688576171774123],[0.067115141284167762,51.688585228612965],[0.067254770696219962,51.688583940040843],[0.067272013962786134,51.68858273728047],[0.067333040681269746,51.688581663095569],[0.067371511344234164,51.688582964278261],[0.067394187533250646,51.688583193696559],[0.067417726563903158,51.688584038297819],[0.067432782282043566,51.688584582600186],[0.067407793015254833,51.688732547514142],[0.067380741084399037,51.688874525535063],[0.067353761833445616,51.689028548648835],[0.067322786218117936,51.689186507980672],[0.067304729197053062,51.689316461111275],[0.067284771419566208,51.689433501159222],[0.067256745941801824,51.689551493429839],[0.067205720120728576,51.689790445153875],[0.06717068445907444,51.689982367791579],[0.067163735854838591,51.690018360355509],[0.067161693370353326,51.690036375949568],[0.067156780913070091,51.690101370423001],[0.067156733163624013,51.690134363921153],[0.067157681551809636,51.690160418343879],[0.067162673785504362,51.690212381883185],[0.067165767604813006,51.690238398545027],[0.067173715073417406,51.690292378349483],[0.067179744918180309,51.690317354157898],[0.067187684306314943,51.690342386281984],[0.067194711881931643,51.690368332806756],[0.067202742804231885,51.690395341673081],[0.067209700978878087,51.690422368520807],[0.067218684602980402,51.690449359718336],[0.067233681661959283,51.690498361276234],[0.067248678713838966,51.690547361932964],[0.067263701666811435,51.690594294751413],[0.06731966436052042,51.690767355448443],[0.067347682253563204,51.69086125676094],[0.067354691829251245,51.690876326240485],[0.067380686934667477,51.690936281317697],[0.067393719352951534,51.690968325170999],[0.067405703515678983,51.69099832099365],[0.067610672980400147,51.691433242062345],[0.067722557739622186,51.691663212829191],[0.067857565697325692,51.691937186834885],[0.067888547035075616,51.691999211315547],[0.068008550507193413,51.692271112164377],[0.068030444233365281,51.692330060208278],[0.066021644926815642,51.692583689228208]]]},"properties":{"OBJECTID":2587,"SHAPE.AREA":43355.851963465,"GLOBALID":"{3923CF02-7EF1-4EED-A95D-E3455D63C839}"}},{"type":"Feature","id":26,"geometry":{"type":"Polygon","coordinates":[[[0.040160074309456173,51.635227337572992],[0.040198124264306551,51.63522029340411],[0.04021407624919926,51.635217319310676],[0.040259083716967341,51.635211323241322],[0.040302138170900052,51.635204281989971],[0.040308051363298646,51.635203279965367],[0.04039611726202437,51.635190332430213],[0.040424132410018583,51.635185350133689],[0.040515127319293257,51.635171272493629],[0.04053107782114005,51.635168298382595],[0.040560045964376575,51.635163299488937],[0.040574017816895729,51.63516134894595],[0.040655051987427714,51.635148343588405],[0.040678031407037282,51.635145336302898],[0.040806052904115694,51.635125310994447],[0.040878077850883342,51.635113360453289],[0.040893989805788448,51.63514931395747],[0.040740053118706113,51.635173296054397],[0.040191130221745419,51.635258262833993],[0.040175149728685779,51.635247303449212],[0.04016311337034538,51.635231330511552],[0.040160074309456173,51.635227337572992]]]},"properties":{"OBJECTID":26,"SHAPE.AREA":204.53960545000001,"GLOBALID":"{1BF20395-A652-4D91-A741-2792B1C7BA51}"}},{"type":"Feature","id":9,"geometry":{"type":"Polygon","coordinates":[[[0.071752151261336217,51.696154904496609],[0.072106899011945905,51.696207767093412],[0.072227949739003386,51.696219745249302],[0.072343911901736016,51.696224801595022],[0.072505825379240676,51.696219787423296],[0.072629912115523831,51.696206809510386],[0.072733814383939457,51.696190772304753],[0.072853820395125418,51.696166808964598],[0.072940790380180753,51.696145765707968],[0.073010819527286913,51.696124751607677],[0.073139795191387955,51.696077795856205],[0.073563774667046569,51.695888803895073],[0.07404174554292911,51.695690857244557],[0.076282457896968359,51.694710020219418],[0.076341527145470739,51.694666004321931],[0.076361489168113889,51.694658998760396],[0.076412506645238534,51.694644971361456],[0.076568454434155303,51.694613985875719],[0.076611427389476405,51.694604056428503],[0.077501356121398496,51.694456076508054],[0.078498320532463459,51.694272123900326],[0.079102241426568645,51.694160118045374],[0.07981515163996937,51.694026132109933],[0.080310058127990205,51.693933131655292],[0.081579885233596078,51.693690199681441],[0.08160590594575709,51.693685243150618],[0.082031945312613222,51.693602176856722],[0.082153874156925794,51.693576191477213],[0.082438846161727364,51.693523222502556],[0.082640870707753694,51.693485208881874],[0.082660767879743913,51.693526210041888],[0.082662825045756852,51.693537231685752],[0.082663878444379196,51.693547191124857],[0.082664770272861884,51.693569200729463],[0.08266086461813274,51.693593273761167],[0.082652795630630091,51.693620206504356],[0.082649767210519504,51.69363221667993],[0.082636764262612711,51.693671194285258],[0.082618806870630876,51.693719249577391],[0.08260181271033272,51.693762252865916],[0.082597809869485103,51.693771224654036],[0.082595810281354445,51.693782227406174],[0.082594836697751611,51.693792223686039],[0.082596775264543718,51.69380324653428],[0.082598803138810351,51.693816246156771],[0.082601858424940458,51.69382823838275],[0.082605824054590715,51.693839226187194],[0.082614825174571985,51.693861181926088],[0.082624790804988732,51.693878175566581],[0.082635834843629491,51.693895240908738],[0.082645752474261175,51.693911157193575],[0.082656774827379209,51.693925165456228],[0.082680785149502528,51.693949192206787],[0.082694741997068194,51.693962160151358],[0.082881742019091861,51.694119135118235],[0.083010705555137912,51.694228144147424],[0.083028720781103946,51.694241130003221],[0.083045708566163126,51.694255122357852],[0.083063727939024876,51.694268198060186],[0.083084788618228378,51.6942851747378],[0.083105776144064739,51.694303141888035],[0.083126792954028084,51.694319131056609],[0.083234676736980789,51.694395160395359],[0.083334675870158761,51.694463148982095],[0.083453728230610744,51.694551116344115],[0.083465715455181139,51.694560163320496],[0.083476700402326451,51.694568149869838],[0.083485705104702129,51.694577159825258],[0.083496735415193951,51.694586133847771],[0.083505665518610495,51.694596134303978],[0.083526698754093368,51.694615089748275],[0.083538675801374265,51.694629080994019],[0.08355272798845706,51.694644114530973],[0.08362270383260581,51.69473115469804],[0.083635679144777944,51.694746117403682],[0.083694620824241853,51.694811148007418],[0.083784589002670995,51.694910059652258],[0.08390667532696737,51.695038068654185],[0.083977647982888468,51.695113044526373],[0.083996647109812639,51.695137070000612],[0.084017629369103286,51.695160071105477],[0.084037644388163524,51.695188034364307],[0.084053533573279771,51.695217060006129],[0.084071530473938547,51.695240025046573],[0.084089641318093253,51.695255076429596],[0.084106537654258767,51.695280038451699],[0.08411753161717711,51.695296025441152],[0.084126536594128748,51.695305035343381],[0.084138622396429941,51.695311023940164],[0.084153591304346811,51.695320017939402],[0.084194528716838912,51.695354082739918],[0.084234525441679892,51.695391040931256],[0.084254581450098842,51.695412080972361],[0.084263576237484109,51.695413089486841],[0.084237591472965362,51.695437014817706],[0.084161569517888557,51.695517026021314],[0.08410856437749642,51.695576041253048],[0.084056620375103169,51.695639982626048],[0.084047582871282375,51.695651021253433],[0.084036632697833125,51.695662003892096],[0.084026518185954205,51.695672970802995],[0.084012536644404945,51.695688052068135],[0.084004624791791868,51.695695024977823],[0.083984553721602559,51.695710035335416],[0.083798647478556226,51.695867960353638],[0.083733581894290365,51.695919008866902],[0.08372263302698138,51.69592999145172],[0.083617623654203874,51.696030923297094],[0.083488675282002336,51.696150979666996],[0.083409666745031641,51.696230953411032],[0.0833155975478507,51.696325937492247],[0.083271582905728531,51.696372927211328],[0.08304165594145356,51.69659087546227],[0.082965682952144959,51.696666840141219],[0.082886700399375138,51.696744834697078],[0.082468667353499461,51.697145827746745],[0.082438683040041275,51.697178813404797],[0.082391731987130026,51.697226843116894],[0.082366646487828779,51.697254796910663],[0.0823617475240183,51.697259827857557],[0.082357751956095765,51.697263764583575],[0.082205704708992938,51.697405804769346],[0.082139680365065137,51.697469815003593],[0.082031753024263215,51.697569718882256],[0.081981724782045837,51.697615734686558],[0.081967720350073714,51.697627759540168],[0.081888742178191809,51.697700720194355],[0.081775788954087644,51.697797745375027],[0.08175568979130024,51.697814733290755],[0.081716754626914773,51.697847697545811],[0.081632711183690115,51.697924702707695],[0.081550813229441396,51.698001669784468],[0.081473746468675945,51.698074685298749],[0.081407748027086654,51.698136717185548],[0.081239812224515429,51.698296657575895],[0.08110376080685433,51.698428612775267],[0.081025821185931587,51.698508655819303],[0.080925851253582121,51.698602664229647],[0.0808148065009021,51.69870756625744],[0.08069480109527602,51.698822605915495],[0.080574790963767656,51.698937555603315],[0.08051982295596212,51.698982580051549],[0.080446826739853303,51.699032599010529],[0.080375878875163828,51.699072602637123],[0.080147853266753305,51.699293567831042],[0.080108858374435932,51.699330488398765],[0.079998892584169437,51.699435550361571],[0.079845844338137184,51.699579492603846],[0.079825832835262178,51.699598456078419],[0.079574930090011708,51.699838435216044],[0.078920979520118201,51.700469329163816],[0.078905917764461486,51.700484338982406],[0.078907986485490772,51.700490415484438],[0.078907929077267236,51.700494372310843],[0.078907011986375855,51.700500411733572],[0.078890926329179795,51.700524340470132],[0.078884961557073613,51.70053739167399],[0.07887695746938192,51.700542387499787],[0.078869953060157635,51.700548354809449],[0.07886099463550883,51.700553368423883],[0.078852990542358933,51.700558364248096],[0.078842909741309086,51.70056231862295],[0.078834909763225811,51.700567404298312],[0.078818982908412411,51.700571372211414],[0.078811915924900652,51.700573385713945],[0.078566987603319316,51.700790332220564],[0.078493010217814435,51.700863291014166],[0.078410976212845637,51.700958327774032],[0.078314038072981457,51.701069271574035],[0.078234055661743726,51.701175239179179],[0.078137954213469932,51.701325273790985],[0.078027033026908499,51.701511260908788],[0.077996019535711253,51.701566198130188],[0.077846972884408269,51.701834218450465],[0.077823983760334059,51.701874180512092],[0.077718027694479344,51.70190814907987],[0.077593019711160144,51.701948207948028],[0.077108116485331751,51.702113118631708],[0.076636143843218568,51.702292093184731],[0.076632143184892865,51.702301153732506],[0.076626112452265624,51.702310160245275],[0.076619196549778418,51.702318104204132],[0.076617141044632131,51.702320117998219],[0.076614176385737004,51.702323137042185],[0.076608153920620162,51.702327109397139],[0.07660317901369694,51.702333130611407],[0.076600141033675725,51.702337140128058],[0.076599100911483489,51.702343091778708],[0.076596108148520164,51.702348088773377],[0.07659218083823395,51.702356159745371],[0.076587203257713399,51.702362091080985],[0.076580200937343607,51.702368148136756],[0.076573150688011016,51.702373126937445],[0.076564191649614602,51.702378140382002],[0.076556096506880722,51.702381160199785],[0.07653620180221811,51.702387085471948],[0.076527152241385607,51.702390122160388],[0.076514163773595267,51.70239313855631],[0.076503129390787863,51.70239710958279],[0.076491140591175608,51.702401097480553],[0.076482181496950533,51.702406110020462],[0.076472196109515264,51.702412129879228],[0.076465189692966673,51.702418097974423],[0.076449201624687074,51.702431146384704],[0.076430169943543125,51.702448113579919],[0.076424145999665155,51.702452085951293],[0.07641716908474698,51.702456075168492],[0.076412178438629366,51.702459130021509],[0.076406199705829042,51.702464089870205],[0.076399104208487112,51.702468081182531],[0.076393155029343018,51.702471063053878],[0.076389207860138503,51.702476077813536],[0.076384187653283891,51.702481110642111],[0.076381149644193069,51.702485120153312],[0.076318201900173813,51.702554106585382],[0.076270214411337453,51.702611051943578],[0.076231218208826015,51.702661096663562],[0.076229178359558572,51.702666076804618],[0.076226140324719041,51.702670086311976],[0.076222147868578852,51.702674112689436],[0.076219155042989956,51.702679109674925],[0.076214167616303591,51.702690075178005],[0.076199148580458814,51.702719108605187],[0.076187184701430141,51.702747098852136],[0.076185146330933484,51.702752079865441],[0.076181199073808589,51.702757093719889],[0.076168199529551547,51.702765055256378],[0.076164235138939274,51.702767102782289],[0.076135234347696285,51.702780021450138],[0.076113183673963095,51.702791019664758],[0.076082159539181154,51.702804064006664],[0.076067132495421491,51.702812060467664],[0.076052224067425289,51.702820055729518],[0.076038196684999254,51.702829023694989],[0.075984193238728223,51.702864049890344],[0.07595414647978993,51.702888045093999],[0.075818264212715716,51.702993021443589],[0.075777182682616448,51.703020987566475],[0.075758236323119912,51.703032019879224],[0.075728248462885298,51.703052058175082],[0.075718212033532115,51.703056999767824],[0.075701174544482872,51.703067999237817],[0.075686167153716621,51.703079052756244],[0.075672230058401249,51.703089996535013],[0.07566020307820942,51.703100997382933],[0.075651236863624405,51.703111044891799],[0.075642219846627959,51.703120014195974],[0.075633249511696102,51.70312997185107],[0.075621243678962183,51.703144027977359],[0.075596172042791815,51.703175037459779],[0.07555626997789,51.703233996941663],[0.075509173280142769,51.703300005972523],[0.075503215581036134,51.703308022856177],[0.07549424373314223,51.703317980526613],[0.075487212971736092,51.703326015470637],[0.075481181879488074,51.703335021927124],[0.075472239617454168,51.703343001619317],[0.07546417695532727,51.703351954046205],[0.075453252429113785,51.703360957039187],[0.075443282334453951,51.703369943167232],[0.075432192577853691,51.703377960800445],[0.075414217546390827,51.703391943422567],[0.075394215007909313,51.703405960965902],[0.07537619471934591,51.703418955205152],[0.075270204127960427,51.703480970676843],[0.075209303908473704,51.703513961048294],[0.075146283013882487,51.703544920574416],[0.075132283393508498,51.703551910484002],[0.075106240914474098,51.703566934831109],[0.075091303861725009,51.703576907027198],[0.075063315905162659,51.703598978094746],[0.075052244490114842,51.703609961097591],[0.07504126207842092,51.703622920879823],[0.075038269103293601,51.703627918735123],[0.075014300107317078,51.70377694522454],[0.075005261826315728,51.703868892360035],[0.074961277061900602,51.703869939129213],[0.074932237372500307,51.703902906084167],[0.074931266795656648,51.703946884023168],[0.074919234533176171,51.704009936240979],[0.074887278400614432,51.704080891410094],[0.074865305124413958,51.704137916185665],[0.074844324294368575,51.704187911065397],[0.074831272350326439,51.704233900905955],[0.074824225108919326,51.704285896889736],[0.074812257583684663,51.704433812974308],[0.074813297504859169,51.704487824310164],[0.074812288920462405,51.704551850818866],[0.07480525877193818,51.704713793430429],[0.074792239705148811,51.704804821670685],[0.074787293271966759,51.704855792262798],[0.074777301860574463,51.704887793237901],[0.074775235629333456,51.704941769509524],[0.074779256193294716,51.705008762837622],[0.074785270102137424,51.70505675305423],[0.074788214354323992,51.70508978449454],[0.074787252071814872,51.705128727370479],[0.074783233122668824,51.705181748955461],[0.074780237855315887,51.705332742940271],[0.074784211848116233,51.70539874881031],[0.074790279630828904,51.705455727884718],[0.074789173292300365,51.705496741580227],[0.074773226814009386,51.705557705598764],[0.074750250358087786,51.705613668952594],[0.074726213221085233,51.705651671412191],[0.07471624131445305,51.705686728586258],[0.074712244581490408,51.705716735242078],[0.074713271777093387,51.705762656232118],[0.074721230116093731,51.705829669928065],[0.07472220367092347,51.705879637594599],[0.074715266121039486,51.705923630983847],[0.074700159249169298,51.705971633642285],[0.074670237063833605,51.706016662463725],[0.074642198210554483,51.706050690750075],[0.074624275743462282,51.706086696760934],[0.074600200667385319,51.706298655440222],[0.074584150682646469,51.706362587878772],[0.074570211182647034,51.706412638175038],[0.074536226767561345,51.706483629030146],[0.074517199877221704,51.706508598237157],[0.074491217728448897,51.706527576268094],[0.074461263681357151,51.706540601256009],[0.074441169085100761,51.70655264279246],[0.07442020226455294,51.70659256840954],[0.07436824655860759,51.706698578667265],[0.074259265648968564,51.706927589141216],[0.073988219536197095,51.707417471341117],[0.073886189109383493,51.707618490027649],[0.073800202735892301,51.707708469174243],[0.073777198618904721,51.707753464634038],[0.073863276066167396,51.707879422729221],[0.07386323445726671,51.708032431838745],[0.073871187750634143,51.708125426798418],[0.073868181691815582,51.708135368927898],[0.07380721622045,51.708198386525609],[0.073820162336966852,51.708254434862283],[0.073846252550985453,51.708360414930645],[0.073876196191763291,51.708485385674386],[0.073875862537723866,51.708485464404326],[0.073875988849460436,51.708485504439061],[0.073882614184659912,51.708513264232842],[0.07364538190431634,51.708570328251966],[0.073585090077591758,51.708581284320381],[0.073553414882140233,51.708588138213692],[0.073504487812516117,51.70859439737518],[0.073449220050129535,51.708591775934003],[0.073417051734213076,51.708587847490001],[0.073276995617300916,51.708566939030028],[0.073253710466342326,51.708567350006589],[0.073239576338655396,51.708574793470646],[0.073238787454221382,51.708589195399711],[0.073255271799975596,51.708601493963066],[0.073280701752853797,51.708616332386917],[0.073309249463189757,51.708639209029855],[0.073325895782997363,51.708680370660858],[0.073315293561787995,51.708708074852616],[0.073274953668165485,51.708728030807386],[0.073135725334667417,51.708779047592003],[0.07305454314500931,51.70881994481379],[0.073053847017492152,51.708820295217073],[0.073018998800489399,51.708837850286251],[0.072978531303424188,51.70885502071318],[0.072929701505259417,51.70888241029725],[0.072879092599823392,51.708902547328222],[0.072836787587927901,51.7089143546293],[0.072806314265037086,51.708922176285348],[0.072777101517894266,51.708929076439659],[0.07275208062002482,51.70892951794356],[0.072721006680104394,51.708927368497733],[0.072697054166846076,51.708919518036055],[0.072680017701747632,51.708901473935605],[0.072674572995998096,51.708880527550086],[0.072669272924813205,51.708859578612262],[0.072661268364294124,51.708845961320634],[0.072635787460888473,51.708836339313962],[0.072605699838719701,51.708824100832487],[0.072544592646918246,51.708807733541562],[0.072468256019023791,51.708784350984708],[0.072407638259389687,51.70874702245797],[0.072376795058911356,51.70871825104463],[0.072351688023929342,51.708716805558133],[0.072329728198420484,51.708720879895417],[0.072306486356900235,51.708728573846145],[0.072298082899580757,51.708737894447836],[0.072284440495995556,51.708759267498742],[0.072275361939489732,51.708788653287783],[0.072259306537606108,51.708823737506677],[0.072231058860080327,51.708851752879468],[0.072193669327543966,51.70886976798586],[0.072002175106100644,51.70890470957319],[0.071982699404577646,51.708906132201932],[0.071971922911076153,51.708904703635028],[0.071962754677650606,51.708900459024292],[0.071957070781904511,51.708893275353844],[0.07195193027172396,51.708878978022504],[0.07194891083190301,51.708831910573181],[0.071935470349650837,51.708769020281331],[0.071920344528024607,51.708761103898709],[0.07190304425598093,51.708756283317854],[0.071883920379866836,51.708755901224841],[0.071863705168687106,51.708756977177643],[0.071840629305208875,51.708761970357536],[0.071818482800077743,51.708768296016629],[0.071795591691614438,51.708777332554618],[0.071766491991690162,51.708793043114618],[0.071735956970228304,51.708799516705255],[0.071705118115415536,51.708799341195494],[0.071678380005631731,51.708793877705581],[0.071653424477609182,51.708783077196429],[0.071567030574661114,51.708745483424295],[0.071550875060283792,51.708740372828714],[0.071533355367583873,51.708737084788375],[0.071486991991152021,51.708736103894488],[0.071455173617631346,51.708736664992806],[0.071414225937996567,51.708727495317383],[0.071357994375353395,51.708700610134585],[0.071276471865024352,51.70865240902522],[0.071261513534193272,51.708651323905897],[0.071241327085310877,51.708653028719645],[0.07122131399684084,51.708655359948217],[0.071197142651006212,51.708661721192541],[0.071182668670881424,51.70867123867388],[0.071176875553234709,51.708683840393725],[0.071175280774354241,51.708696458013662],[0.071184868782864189,51.708719399685144],[0.071197609906672482,51.708741656284865],[0.071199796261335477,51.708767336286584],[0.071192018412121763,51.70878401962716],[0.071169123062766945,51.708792966191851],[0.071143848930364573,51.708797368518574],[0.071120447732553146,51.708798410592166],[0.071099158508119265,51.708798156474359],[0.070963506074665755,51.708748476143626],[0.070962987909984829,51.708748286544669],[0.070414643021206813,51.708547462489307],[0.070392619483435157,51.708543804036836],[0.07032576215476545,51.708537788395169],[0.07032708535019698,51.708535067324348],[0.070289996884838016,51.708515308016963],[0.070279708783887798,51.708511892338016],[0.070256322076142602,51.708506909010076],[0.070247603347070947,51.708506163419479],[0.070240371929637002,51.708506290865905],[0.070231653200926836,51.708505545274136],[0.070220041905557889,51.708504850659743],[0.070206984327050678,51.708504181533009],[0.070193885721928084,51.708502613877904],[0.070183679684417077,51.7085009952443],[0.070173391594491014,51.70849757955591],[0.070164549789280578,51.70849413837832],[0.070157154268467678,51.708490671711857],[0.070149717722706631,51.708486306517941],[0.070137655149169406,51.708475728098847],[0.070131295659089238,51.708463250673105],[0.070126505531099684,51.708453443340048],[0.070120105021941839,51.708440067386611],[0.070116966306835754,51.70843472720022],[0.070113868617761463,51.708430285540693],[0.070109324648264859,51.708425869368696],[0.070106267985679788,51.708422326235905],[0.070097262100534838,51.708415290945048],[0.070045791216657202,51.708365839994784],[0.070006752150084756,51.708335054198756],[0.069951516933210819,51.708298259042273],[0.069840472495024675,51.708212089267448],[0.069806059653612029,51.708187516638482],[0.069794161315069034,51.708180532290612],[0.069779452470136713,51.70817539596284],[0.069772139067038011,51.708173726325469],[0.069763338373247608,51.708171183643678],[0.069754578698194264,51.708169539488445],[0.069744372750622688,51.708167920815548],[0.069735572059454576,51.70816537813166],[0.069731110188284831,51.70816275899859],[0.069726607300421461,51.708159241338123],[0.069723550686039845,51.708155698194723],[0.069696164228045684,51.70812650548195],[0.069686748302141582,51.708110484885268],[0.069666254407041744,51.708105450471898],[0.069663361864566634,51.708105501435938],[0.069660428306265107,51.708104653872624],[0.069657535763830533,51.708104704836508],[0.069647493896385027,51.708106680264159],[0.069638939314782447,51.70810952873655],[0.069628938460608469,51.70811240268992],[0.06960612623454672,51.70811999861143],[0.069584719258408007,51.70812667052018],[0.069561866003672812,51.708133367905901],[0.069546039036308183,51.708135445247876],[0.06953025308073528,51.708138421115088],[0.069514426110042993,51.708140498452849],[0.069501450670273718,51.708141626301099],[0.069487069969662862,51.708143678155174],[0.069474094528204605,51.708144806000419],[0.069420336371446983,51.70814035757207],[0.069407278907370265,51.708139688355104],[0.069379881748921096,51.708141969505093],[0.069358392708231242,51.708146844318193],[0.069346945554492917,51.708149743726082],[0.069299193369054199,51.708175404234886],[0.069276810835884592,51.708182902597251],[0.069242736178220091,51.708184761794371],[0.06912289623921998,51.708156388203811],[0.069033361449803168,51.708129189283689],[0.068964864810393614,51.708087231751982],[0.068940781434275761,51.70806697318703],[0.068935622594321497,51.708049079052159],[0.068940382638123979,51.708026513967361],[0.068947505523594327,51.708017665788418],[0.068955600340853698,51.708012163684806],[0.068959282748348907,51.70800966095981],[0.068972635201915683,51.708000587053782],[0.069033445922279127,51.70797244854338],[0.069095830713638895,51.707956601998248],[0.069140657120903393,51.70794295313091],[0.069204184965230633,51.707907752520015],[0.069232053392306772,51.70788091358569],[0.069240284305922925,51.707858287346028],[0.069239435458764889,51.707839687825484],[0.06923054384966075,51.707825636306723],[0.069212374560893755,51.707814445966555],[0.069179735565275069,51.707800183284036],[0.069100005102860365,51.70777847698831],[0.069062397448800467,51.707769517442593],[0.068975957634365051,51.707756202340896],[0.068786159176553924,51.707723575168558],[0.068730730973793966,51.707711062591287],[0.068684058709936643,51.707687424940652],[0.068636772715009411,51.707647161957134],[0.068587965443889995,51.707586242997522],[0.068563496020620257,51.707560685580539],[0.068537874368058069,51.707544770422501],[0.068489008400692206,51.707520631775829],[0.068481217337109226,51.70751483392069],[0.068480779361903318,51.707514751708047],[0.068418908857773714,51.707481579756546],[0.068392170127673471,51.707469730861717],[0.068360337348038036,51.707466784306085],[0.068325916548408444,51.707467390385659],[0.068294110129934069,51.707471367571834],[0.068263012195661457,51.707481357248824],[0.068241381642096421,51.707489471650298],[0.068195794210205385,51.707505471624998],[0.068056163346715007,51.707522317975524],[0.067976906238817983,51.70753000805778],[0.067958227874857724,51.707533034634864],[0.067932318235032721,51.707536188511696],[0.067922823515441752,51.707537052579056],[0.067907813865962591,51.7075384183943],[0.06788178127999199,51.707538876674924],[0.067824135979514047,51.707544387697759],[0.067802319219371535,51.707542073997978],[0.067763229356999799,51.707541862853304],[0.067721287961132887,51.707542601139941],[0.067699799015734835,51.707547475648845],[0.067676863810212526,51.70755237561125],[0.067655333879913529,51.707556351583648],[0.067622315849305545,51.707562328263258],[0.067590744065742794,51.707568279477357],[0.067557685044079996,51.707573357610435],[0.06753466786352022,51.707576460488234],[0.067513137908629367,51.707580436434803],[0.067490038777098929,51.707581742246767],[0.067472601755298373,51.707580250649094],[0.067462436988325325,51.707579530304017],[0.067434589376414805,51.707571927182997],[0.067397818416227537,51.707559085607244],[0.06739339770837291,51.707557364911622],[0.067381745721912217,51.707555771484692],[0.067373027217444328,51.707555025678062],[0.067364349682764058,51.707555178399446],[0.067355713117344784,51.70755622964888],[0.067351456288387429,51.707558103066361],[0.067345753203112133,51.707560001937011],[0.067341496373382478,51.707561875354159],[0.067318643057164271,51.707568572304474],[0.06728872232381837,51.70757899062842],[0.06728029059144762,51.707584534515917],[0.067271899824756842,51.707590976931556],[0.067263468088093317,51.70759652081788],[0.067253549124597092,51.70760119162707],[0.067250738544570199,51.70760303958884],[0.067246440739553312,51.707604014473866],[0.067242183901537245,51.707605887887496],[0.067229208550737246,51.707607015483745],[0.067206027462979392,51.707606524182573],[0.067162393941381363,51.707601896549342],[0.067140536218603414,51.707598684197805],[0.067128843264752047,51.707596192217053],[0.067117109347477333,51.707592801706255],[0.067105416396373199,51.707590309723116],[0.067095210667832333,51.70758869081741],[0.067071906698824776,51.707585503903175],[0.067058808458533084,51.707583935894078],[0.067047115512769984,51.707581443905077],[0.067033976311409338,51.707578977364335],[0.067000220855276224,51.70756878035057],[0.066976753055259353,51.70756199930176],[0.066938208284299347,51.707541994798078],[0.066917100530143186,51.707523481964522],[0.066914044177569965,51.70751993874476],[0.066912434080424521,51.707516370076974],[0.066909336768250949,51.707511928328131],[0.066907685711385514,51.707507461131335],[0.066904629360642939,51.707503917911303],[0.066902978304553704,51.707499450714415],[0.066899594272936361,51.707488719262692],[0.066896169282857534,51.707477089281859],[0.066894436308471569,51.707470825026945],[0.066891257081250891,51.707464586219643],[0.066886672561712837,51.707459271388799],[0.066882006123631391,51.707452159499837],[0.066875893434310302,51.707445073058132],[0.066868416413476336,51.707439809121411],[0.066850481030583941,51.70742420798085],[0.066831409138218459,51.707409076459427],[0.066806850967184042,51.707391073941523],[0.06680193088936863,51.70738792321071],[0.066796870282958276,51.707384864877248],[0.066791669147933969,51.707381898941115],[0.066786323388522972,51.707378935549357],[0.066775921121916146,51.707373003675862],[0.066771005143960657,51.70736994279661],[0.066766370225249921,51.707366697122147],[0.066759604068034953,51.707361150896389],[0.066757014379711016,51.70735831886163],[0.066754709846013796,51.707355391884683],[0.066752690466877734,51.707352369965648],[0.066750815712990005,51.707349345501953],[0.06674908148861966,51.707346228640731],[0.066747202639538733,51.707343114324082],[0.066745327886415684,51.707340089860281],[0.066743167979363083,51.707337160338533],[0.066738153711239298,51.707331942988091],[0.066732903438151456,51.707327898814341],[0.066727082857704567,51.707324044524384],[0.066720985315421338,51.707320464881953],[0.06671446209070829,51.707317072578654],[0.06670780243333406,51.707313862525311],[0.06669864729391041,51.707309887052332],[0.066691566050916209,51.707306954190329],[0.066684352470685701,51.707304293431136],[0.066676998362017403,51.707301725068888],[0.066669367291141896,51.707299431353881],[0.066661740316536808,51.707297227491281],[0.06665339840960538,51.707295216056337],[0.066646126213938839,51.707294444750367],[0.06663174564180338,51.707296496253527],[0.066624637264208003,51.707299319062734],[0.066616123591652115,51.707303065844869],[0.066602152555896993,51.70731410263582],[0.066585490064625524,51.707344844373068],[0.066559304387843271,51.707375286037355],[0.066528064201265044,51.707395816961061],[0.06650206038615053,51.707404844278948],[0.066463269581479564,51.707411191963317],[0.066458140451377795,51.707412028571703],[0.066387121742892241,51.707428987794266],[0.066357791145028031,51.707440924223405],[0.066334462183793033,51.707458465306395],[0.066320284569359608,51.707475134999122],[0.066305451689966349,51.707502517286571],[0.066305103168135454,51.707528853445126],[0.066304939954459532,51.707541787525138],[0.066304609830436748,51.707559634443847],[0.066302425174512569,51.707567595261935],[0.066298701039008257,51.707581158507566],[0.066284262943746841,51.70759211355],[0.066256327421548453,51.707610526987075],[0.066248154063008172,51.707613485408444],[0.066233978106763472,51.707620029510636],[0.066219884040309804,51.707628370669731],[0.066208682487550338,51.707636660948587],[0.06619752187724362,51.707645849755735],[0.066162634704538745,51.707674340139143],[0.066141841594679451,51.707694489364144],[0.066137666592338065,51.707698159796983],[0.066132045327729219,51.707701855668063],[0.066124895910127046,51.707703779918539],[0.066122044331936206,51.707704729324462],[0.066117787436953013,51.707706602697904],[0.066109150811282935,51.707707653856282],[0.066100555129889979,51.707709603543385],[0.06608902597939674,51.707710705576268],[0.066063075152625522,51.707712960513788],[0.066034068025302067,51.707711672202443],[0.06601952351907632,51.707710129514666],[0.066002045547189234,51.707707739169265],[0.065984526634669444,51.707704450291835],[0.065968453986348444,51.707701135975398],[0.065946555352164427,51.707697024871862],[0.065926021100876711,51.707691091269396],[0.065905445914089339,51.707684259133842],[0.065865946519748475,51.707675062064041],[0.065854171732985051,51.707670772896812],[0.065841032566708105,51.707668306222232],[0.06582640620189556,51.707664966451269],[0.065813267038745904,51.707662499773512],[0.065792814697082397,51.707658363206463],[0.065751828149267458,51.707648293002407],[0.065737160859794308,51.70764405469059],[0.065707744415314906,51.70763378100218],[0.065684194894685466,51.707625202634183],[0.065672379201587944,51.707620014918724],[0.065667958551373182,51.707618294157548],[0.065664943224835945,51.707615649433947],[0.065660522575325939,51.707613928672458],[0.065657664121478734,51.707612979872337],[0.065650235018181693,51.707610512581411],[0.065639988398005958,51.707607995019103],[0.065628295519978674,51.707605502888036],[0.065622207158666498,51.707603744007763],[0.065637941628821209,51.707563068536913],[0.065638493156224692,51.707562656873847],[0.0657261665900159,51.707359344205273],[0.065779161506957215,51.707236419150128],[0.065797185351864629,51.707189354690755],[0.065804186907046869,51.707175386712869],[0.065805217444668038,51.707161344792503],[0.065803148639492229,51.707147356478991],[0.065799206406707139,51.707139425184998],[0.065790213480536389,51.707125378790927],[0.065782164213345484,51.707116350699167],[0.065773209553845025,51.707108417628646],[0.065763179096975696,51.707100412652245],[0.065752164146667999,51.707094403337294],[0.065741195675876066,51.707089382378477],[0.065727245055935926,51.707084413861892],[0.065711219130524981,51.707078402739619],[0.065679229935559191,51.707070424211352],[0.065660164760567616,51.707068422327097],[0.065641216732746865,51.707066418379711],[0.06562224157544895,51.707066392356147],[0.06546126448422418,51.707061401326307],[0.065381238807551381,51.707049414104695],[0.065341193881801832,51.707045353075301],[0.065261255689542275,51.707048377204629],[0.065231211126085292,51.707046387538036],[0.065121304590782386,51.707033396761865],[0.064986262415728052,51.70702138730519],[0.064807328961494784,51.707020397064412],[0.064661262525647481,51.707007411993033],[0.06450734906365449,51.706992407355386],[0.064397367769893396,51.706980405492516],[0.064250329489229929,51.706964380442251],[0.064033361628227162,51.706948414958518],[0.063868439101345917,51.706935400528181],[0.063780386731151412,51.706925350846518],[0.063548455606944262,51.706908389309795],[0.063480483080482764,51.706896368007428],[0.06326046316690323,51.706868408369751],[0.063200482429526542,51.706856336457172],[0.063164511028546547,51.706847348991644],[0.063118531865548347,51.706820377847592],[0.062945537655946848,51.706682364366735],[0.062905489058540501,51.70664935574078],[0.062639548697289105,51.706409410236432],[0.062759621510342298,51.706231458955173],[0.062852557484726998,51.706031509164767],[0.063144596451434484,51.705499570219715],[0.063405588621953834,51.705056547790328],[0.063591546098801743,51.704763625588214],[0.063826577095023498,51.704337688922074],[0.063964457906407979,51.704089752227908],[0.064257451076721692,51.703631781004106],[0.064548509230586915,51.703668737979427],[0.064611450173052892,51.703677790527543],[0.064834433070994971,51.703718730991028],[0.06505241790049722,51.703754724001413],[0.065074392660788058,51.703757753923568],[0.065033384352241624,51.70384774520641],[0.064894420735941372,51.704147754421918],[0.064832444246838455,51.704264723924879],[0.064733392997516861,51.704450668284601],[0.064716368521482062,51.704498704208156],[0.064630437005290295,51.704697633229998],[0.064632422135960682,51.704717646211641],[0.064642368678147197,51.704731675932429],[0.064652459747563729,51.704743634837627],[0.064660444326923749,51.704748618418229],[0.064679395285142022,51.704758623990621],[0.06489234426652786,51.704830665939241],[0.06498541315789054,51.704856628725395],[0.065087308018820761,51.704874615497673],[0.065175355208765981,51.704884664268747],[0.065253369963437724,51.704886618964309],[0.065439348265211819,51.704882629546681],[0.065661345367754018,51.704854633129656],[0.065758257824671582,51.7048496924372],[0.06585231269356949,51.704860624223052],[0.065954271991405924,51.704882653937808],[0.066034301040556673,51.70490264221467],[0.06617717524004646,51.704942651993903],[0.066409136945568659,51.705007614201712],[0.06678219996712384,51.705128617449439],[0.066793140105053078,51.705114670928999],[0.066813176710717626,51.705085640400519],[0.067892126935977445,51.703317839521382],[0.067705114188740048,51.703306838095159],[0.06760312578047456,51.703299823410333],[0.067521189494221659,51.703292904416038],[0.067382183179667321,51.703274854449965],[0.067292123139848475,51.703259897797309],[0.067202134074425532,51.703243861625779],[0.067097152406595542,51.703220897022156],[0.067010230853223579,51.703198872569921],[0.066925248225647521,51.703174836484251],[0.066530287056190351,51.703067884025309],[0.066281269899554365,51.702981915292895],[0.065871347185583198,51.702818857025093],[0.065742426396478648,51.702775904665216],[0.065652332325254734,51.702754924184511],[0.065591358497218255,51.702741882706235],[0.065544434656855138,51.702722929754565],[0.065452445433284087,51.702683912915553],[0.065323395594274608,51.702611924683566],[0.065105466273862753,51.70248791982381],[0.064976507553919233,51.702417907963913],[0.064933467293292024,51.702389896694385],[0.06486651705004251,51.702339921593982],[0.064768522055497116,51.702286895172222],[0.064594517524289172,51.70221291048933],[0.064366554398521972,51.702106970318518],[0.064209612747794576,51.70203295406867],[0.063960597149484058,51.701896997424633],[0.063719605313638225,51.701759010862041],[0.063564618258285258,51.701685948594786],[0.063483655341515899,51.701661030099054],[0.063453678864503843,51.70164995997591],[0.063299752695320816,51.701594949154753],[0.063122732932390929,51.701528026732852],[0.06293175596452924,51.701448043871785],[0.062615751252664123,51.701303012151314],[0.062419853879799828,51.701183020912289],[0.062406776322481018,51.701184058958241],[0.062394815281700794,51.701186067472882],[0.0623608072250115,51.701186035112841],[0.062342861097291299,51.701185001332881],[0.062329791994840435,51.701181006120002],[0.062317870904623929,51.701176000675289],[0.062305831281217638,51.701170998209747],[0.062274825077544976,51.701153023442295],[0.062268868770942502,51.701148004092069],[0.062261794506294724,51.701142014295428],[0.062255794703853985,51.701136006533282],[0.06218685286990111,51.701091998144051],[0.062169868773561413,51.701078001846376],[0.062153814477358925,51.701066057497385],[0.062135847313676308,51.701054056803549],[0.062122863192679546,51.701044036000887],[0.062105820301028854,51.701033997425895],[0.062090853768061005,51.701025000597355],[0.0619838973259891,51.700961072027326],[0.061909931813574411,51.700880022537966],[0.061852849263171306,51.700816027673632],[0.061804856187711261,51.700755108733894],[0.061521993132434435,51.700386092607658],[0.061289986125452611,51.700083158586374],[0.061164037514979439,51.699924179133873],[0.061161037045332274,51.699921175235211],[0.061126030678731923,51.699920171766202],[0.061111995036544256,51.699921137456592],[0.061096960104122328,51.699921131505285],[0.060777019786348183,51.699920182436571],[0.060753034509839647,51.699920153620958],[0.060701112037140237,51.699917108757049],[0.06068305199301717,51.699916167549461],[0.060667013697828863,51.699915100045999],[0.060650026559826653,51.699914139111364],[0.06060211650522998,51.699910125461209],[0.060532044204080683,51.699904162525257],[0.060499049077247027,51.699900156961981],[0.060464097631637383,51.69989510570803],[0.060430103242117734,51.699890128479623],[0.060404151173582207,51.699886179192781],[0.060376047650576282,51.699882176815059],[0.060349092236298738,51.699877166016186],[0.060311066740493705,51.699870101263215],[0.060273119052649989,51.699862136782684],[0.060237064037852561,51.699851172467305],[0.060217176385351658,51.699844149244981],[0.060196126040009366,51.699835168962196],[0.060177147914688867,51.699827141504812],[0.060153156675237095,51.699819111146716],[0.060131153429830386,51.699810147565586],[0.060111176060338417,51.699801148448692],[0.06009108012549351,51.699792151407934],[0.060074156726897615,51.699782110446385],[0.060041200169585474,51.699763180128969],[0.060026189571402912,51.699753194638973],[0.060012158094015104,51.699741124599875],[0.059966147358478016,51.699700128106002],[0.059943195446353112,51.699678145602419],[0.059934149477760976,51.699668146320107],[0.059925133748794067,51.699656168157226],[0.059917162133594687,51.699646149133052],[0.05990920329292182,51.699631185808904],[0.059903153149322444,51.699616188111776],[0.059898220880331539,51.699602160884076],[0.059871179688888276,51.699490171327696],[0.059845191010316379,51.699367195156306],[0.059839236904760146,51.699228225188158],[0.05986423147509732,51.69916117133296],[0.059981149851880876,51.699024272070915],[0.060072214506542876,51.698930259035535],[0.060253103136959911,51.698783247712356],[0.060348208734353655,51.69866524981812],[0.060382191240504368,51.69860433113265],[0.060399110325340954,51.698572299813833],[0.060437141195468169,51.698503309468492],[0.060452136874790646,51.698468345255378],[0.060467193486367386,51.698437334872821],[0.060478148120865861,51.698405319144491],[0.060492176687533511,51.698375315967468],[0.060506139660675723,51.698333357510407],[0.060531122177338963,51.698250302450184],[0.060544191744207984,51.698212315461234],[0.060562125337150365,51.698134327227898],[0.060567154335325966,51.698095313165084],[0.060575138685630713,51.698016331341883],[0.060582124627212956,51.69791534169908],[0.060583194338599697,51.697865339013774],[0.060582181896508006,51.697819418582192],[0.060578166459393575,51.697728420165447],[0.060573151886920612,51.69767843429161],[0.06056018206354416,51.69757941338122],[0.060540138889466077,51.697474403453079],[0.06052620330861936,51.697422415875742],[0.060518205238077237,51.697393428571488],[0.060508180015180893,51.697364477727525],[0.060505144938531354,51.697355451241684],[0.060498240442909107,51.697337412007045],[0.060490218250077915,51.697318405002527],[0.060485225036711152,51.697300422163366],[0.060478161214091691,51.697281487371562],[0.060473153929550265,51.697268450654775],[0.060468148053114457,51.697255413013814],[0.060463144815498561,51.697242465251385],[0.060457258296444799,51.697228453883255],[0.060450254040936846,51.697213473846404],[0.060444204105255653,51.697198477068291],[0.060425212531868625,51.697145499970048],[0.060423263469486378,51.697089437133847],[0.060421209591962191,51.697070504378878],[0.060418273882424683,51.697050507992635],[0.06041419423110389,51.697018485317244],[0.060410170077121773,51.697003453001059],[0.060405187063048281,51.696980436875663],[0.060391212943125071,51.696935462309845],[0.060379250480342019,51.696908522887902],[0.060372172593384468,51.696894532413822],[0.060369257589325959,51.696885503817938],[0.060365223369865079,51.696875505679515],[0.060364219620402108,51.696866533482179],[0.060355224505070068,51.696844486083748],[0.06034718634156383,51.69682251182337],[0.060339239424205965,51.696802514312395],[0.060329245132371957,51.69677949526352],[0.060318267770952977,51.696758471808472],[0.060309201625559944,51.69673750385342],[0.060305287485299675,51.696727504505802],[0.060305197694868237,51.69672552773028],[0.060300191930861745,51.696712490079854],[0.060297260874749257,51.696700495137129],[0.0602952377838731,51.696687495092448],[0.060291213252552718,51.696664552074061],[0.060290189363730484,51.696652523677599],[0.060292244865880792,51.696629473110335],[0.060293207335199571,51.69661651062097],[0.060296274769250389,51.696589487400544],[0.060298289452896253,51.696565538298657],[0.060303267629268215,51.696517534425588],[0.060313252810943969,51.696419549619712],[0.060317198872039929,51.696385587657652],[0.060321196337461892,51.696368527102159],[0.060324239008620238,51.696343571690612],[0.060329278573539015,51.696320558702205],[0.060333274088008947,51.696295586576092],[0.060339296753715216,51.69627057889064],[0.060345274517862257,51.696244582817073],[0.060352251465510327,51.696219558391199],[0.060356263041788767,51.696197552608844],[0.06036019950036714,51.696176537319317],[0.060363301631154935,51.69615553576579],[0.060369265944680957,51.696063554734764],[0.060374217276998446,51.695841595838452],[0.060372239104633532,51.695829584180998],[0.060405245422888568,51.695828645487865],[0.060443258850521792,51.695827618949089],[0.060680219113544383,51.695822653444182],[0.060741191612569322,51.695809626371449],[0.060592280545931465,51.695349707643295],[0.060705272721611782,51.695386651144965],[0.060944259531181308,51.695465705178826],[0.061440165104246443,51.695616663675409],[0.061821068878177753,51.695733679672372],[0.062171036630664471,51.69584467396389],[0.06259001392096146,51.695977650662307],[0.062839015532373463,51.696061648037976],[0.063277971659949889,51.696203620927768],[0.063677826979132449,51.696322635192701],[0.064120766280992114,51.696457611643524],[0.064516812909063706,51.696584601616109],[0.064718735138435804,51.69664856621943],[0.064882706792417713,51.69669656691255],[0.065038725615821663,51.696737604917224],[0.065164742492220776,51.6967695509409],[0.065315660549639429,51.696808610886308],[0.065402638445644867,51.696829556436242],[0.065533679250051227,51.696856558667932],[0.065613633905211521,51.696872593563498],[0.066219509572237961,51.696977547319158],[0.066305605924735889,51.696989607824818],[0.06636152115697147,51.696996534854165],[0.066406522105156157,51.696999609041377],[0.066476501965651483,51.697003591722499],[0.066519542540035476,51.697005531330156],[0.066622522320460051,51.697000572983669],[0.06672950283937687,51.696986554337968],[0.066814496661824735,51.69696653960068],[0.066818463632350555,51.696964582267896],[0.066864533907053797,51.696946600383477],[0.067043509983003777,51.696865598157224],[0.067100401256546524,51.696841582411629],[0.067150419059665747,51.696818586858001],[0.067187426559494154,51.696808586029711],[0.067235505116784985,51.696800638466428],[0.067293429206860281,51.69679665235337],[0.067397477181405735,51.696791584597143],[0.067476418418790818,51.696790643814964],[0.067803424772760662,51.696991566747108],[0.067886419410308707,51.696880607382347],[0.068276321268930545,51.696291644306115],[0.0684783359534024,51.695967685374143],[0.068488343471910587,51.695951686804491],[0.068506317636554709,51.69591675897388],[0.068523333394130026,51.695881758093677],[0.068539292898322973,51.695849742443237],[0.068549384493035506,51.695827719200928],[0.068557382895808136,51.695814722638602],[0.068624321360201662,51.69564480279135],[0.06869936773647721,51.695406775565381],[0.068769342193508887,51.695423792510887],[0.068902353768955135,51.695454802893728],[0.069293304113437287,51.695545815571251],[0.069478267715477923,51.695585799083062],[0.070094132129226175,51.695726785859016],[0.070638086119065815,51.69585276611248],[0.070833043617210656,51.695907764176674],[0.071199056745742006,51.696003795498648],[0.071229063424764316,51.696020796371485],[0.071239065433576776,51.69603077884053],[0.071245007635911684,51.696040742975732],[0.071248044746864497,51.696049769163288],[0.071246995194762699,51.69606075584533],[0.071241026105041308,51.696073716809678],[0.071189011879682587,51.69614178835694],[0.071017980027074878,51.696388701934517],[0.071114402368745791,51.696413524268685],[0.071105055344415038,51.696427553749047],[0.071515646014467027,51.69651002868401],[0.071752151261336217,51.696154904496609]]]},"properties":{"OBJECTID":9,"SHAPE.AREA":1473455.46180043,"GLOBALID":"{91C4BA0D-5B24-4080-B8A5-B55ECAA4780C}"}},{"type":"Feature","id":17,"geometry":{"type":"Polygon","coordinates":[[[0.043665363419514165,51.700511521931354],[0.043663183883324207,51.700513993216305],[0.043663033794675003,51.700514163087711],[0.043661688618915992,51.700515688235399],[0.04366165288407893,51.700515730222513],[0.043660350349427793,51.700517206068923],[0.043660309032822676,51.700517252649398],[0.043652557466867671,51.700526042773681],[0.043607782101706918,51.700570730252245],[0.043578187993248245,51.700600265649094],[0.043540146618199355,51.700613517848637],[0.04352109912438764,51.700614747575955],[0.043447807632536438,51.700613912102838],[0.043466425379747521,51.700561454335897],[0.043361984941331103,51.700543728789626],[0.043280465264982616,51.7005298929489],[0.043279725881534753,51.70052976732665],[0.043197095010302125,51.700515743031808],[0.04319492936449601,51.70051537514189],[0.043182192262642534,51.700513213692936],[0.043177633484675716,51.700512439604871],[0.043141629010584867,51.7004871918313],[0.043055229342103048,51.700426607908653],[0.043092354043278783,51.700388253129383],[0.043081824304196464,51.700271767008154],[0.043137666376351726,51.700190231205667],[0.043232087165264707,51.700093954674642],[0.043312105811709668,51.700022679491376],[0.043458275598032399,51.699859572408549],[0.043526778757166144,51.699746679692161],[0.043576464716231673,51.699604411265433],[0.043575866690837316,51.699477924496733],[0.04356478714517352,51.699412850759629],[0.043517355652001627,51.69927779963276],[0.043459369978206798,51.699194771931779],[0.043343449490832645,51.699088227774915],[0.043235350895048479,51.699014471598929],[0.043247454992376831,51.699003940378617],[0.043349124015762346,51.698967297141884],[0.043289253416359322,51.698903156675655],[0.043206554022538757,51.698931779519796],[0.043155066277363811,51.69894080433712],[0.04310850715532473,51.698932314183359],[0.043085437858046319,51.698909333213138],[0.043077287548552966,51.698880965229456],[0.043076662529173269,51.698852151614545],[0.043083576986519663,51.698823657381475],[0.04308700641514495,51.69881600538146],[0.043092442176883482,51.698808816666393],[0.043099735602289038,51.698802292555648],[0.043108679372827266,51.698796617403808],[0.043119021616585193,51.698791950262269],[0.043130474462905688,51.698788422032678],[0.043142713839888144,51.698786130974234],[0.043155396866854372,51.698785143300626],[0.043168167273784482,51.698785484992356],[0.043180667212158234,51.698787146986902],[0.043192544403743274,51.698790083255822],[0.043203465154442698,51.69879421057837],[0.043213124678604983,51.698799412858193],[0.043286908751570541,51.698745396567688],[0.043269949657267485,51.69873517757712],[0.043255935808032275,51.698723359744896],[0.043245252274213483,51.698710267296825],[0.043238191592393276,51.698696258441117],[0.043234947657791192,51.698681718280554],[0.043235609293080186,51.698667044536393],[0.043240158438607075,51.698652639486397],[0.043375165131432164,51.698527299902999],[0.043647228709169067,51.698296573958643],[0.04368724975124709,51.69827536848549],[0.043730618792159545,51.698256879823703],[0.043783811804906814,51.698242524009132],[0.04383971270626949,51.698232929330203],[0.043915467300117507,51.698231026627113],[0.04399106101715243,51.698234641762106],[0.044048803294291616,51.698256338443166],[0.044049058864993766,51.698256646933942],[0.044081919704029728,51.698244889330873],[0.044080432318303317,51.698244381061905],[0.04411185249796111,51.698233184473239],[0.044161078339157625,51.698215028961926],[0.04412403440245985,51.698200980828339],[0.044151700643313231,51.698185094334931],[0.044201834448687409,51.698158188609064],[0.044399196189242762,51.698084771463101],[0.044653592037847682,51.697952510749779],[0.044919158258282958,51.697823528795311],[0.045073095745051549,51.697746355864936],[0.045398454997111488,51.697586215007611],[0.045480975293449181,51.69754988625084],[0.045420239081129687,51.697489743795813],[0.044847029658349975,51.697724584895987],[0.044557042524991472,51.697846151237066],[0.044527540942777964,51.697859837842145],[0.044286784633126887,51.697971527102993],[0.044230064431566067,51.697990900291579],[0.044169832150364512,51.698005619817216],[0.044107069739409283,51.698015446471715],[0.044042804689867453,51.698020220289273],[0.043949727104872521,51.698027549337716],[0.043883732276760144,51.698032473667865],[0.04381726516256966,51.698032826309017],[0.043751144567768657,51.69802860110677],[0.04371923631636513,51.698023440678966],[0.04368648237227598,51.698021093416408],[0.043653521508393606,51.69802160485704],[0.043616738229243994,51.698007296643425],[0.043538030657913181,51.69803297179218],[0.043498209141172542,51.698045176769803],[0.043536361249776313,51.698058036796979],[0.043524665778323264,51.698070564465745],[0.043515917894065032,51.698083987759951],[0.04351029090345393,51.698098041983961],[0.043507893802373181,51.698112448273612],[0.043513672137538706,51.698146077632408],[0.04351263858092131,51.698179892046703],[0.043504805381663195,51.698213360746884],[0.04349029789968837,51.698245958188274],[0.043437321508423672,51.698311152674535],[0.043282186085741622,51.698492865632211],[0.043196582305399564,51.698582668065249],[0.043154679873314387,51.698607704515446],[0.043094351450160259,51.69861398661164],[0.043038294062978565,51.698600009873061],[0.042982947861327322,51.698659200620057],[0.043027874529533251,51.698715146441074],[0.043015889754204728,51.698744228843118],[0.04296337724979532,51.698808376402674],[0.042895225043046041,51.698899375013525],[0.042879742978410948,51.698927570418974],[0.042871558951357094,51.698956925717276],[0.042870877580969177,51.698986714356209],[0.042869101454358259,51.699025258226243],[0.042877348173511423,51.699058210709389],[0.042888121772709474,51.699083102450835],[0.042903530788298269,51.699107035005404],[0.042993353838398259,51.699189707061436],[0.043079856291654325,51.699273734422306],[0.043109043843014831,51.699313795393515],[0.043130416725690665,51.699355717045435],[0.043143679327182473,51.699398912819227],[0.04314864383528514,51.699442779891392],[0.043145565623298104,51.699487237384766],[0.043135655300050833,51.699531307441312],[0.043119006096090241,51.699574586473858],[0.043073355784410516,51.69963784674966],[0.043067820112826116,51.699645518297572],[0.042966704597536598,51.699730727204916],[0.042904440990554335,51.699780922535652],[0.042831406611820506,51.699826601190288],[0.042757653990790831,51.699871759035403],[0.042564629745191866,51.699988085535011],[0.042389448897396036,51.700061173175904],[0.042375848708086888,51.700056810002607],[0.042360946131484271,51.700054087219399],[0.042324630086022358,51.70004745094564],[0.042291372631534312,51.700048029198889],[0.042285627409633916,51.7000490265401],[0.042266828899670074,51.70004935338801],[0.042264017743911912,51.700051200759951],[0.042264040887815331,51.700051714727103],[0.042262840645619665,51.700052506250536],[0.04225821103553002,51.700055556958866],[0.042257227048519815,51.700057551512359],[0.042254167200985328,51.700058503960534],[0.042251155866210553,51.70006053376288],[0.042246207643853458,51.700064575585522],[0.042233245814900101,51.700073520950092],[0.042224195786168726,51.700076554990972],[0.042219153094890355,51.70007853108504],[0.042213232937047332,51.700079532363418],[0.042209220146527546,51.700080501378636],[0.042203180007310416,51.700081505641769],[0.042189221964227731,51.700081568469884],[0.042181225945405271,51.700081527640194],[0.04215524419169308,51.700079552289637],[0.04213118466538826,51.70008051013145],[0.042119164962069397,51.700078560907507],[0.042117209125157193,51.700077516713151],[0.042115181776700483,51.700077551959694],[0.042113225899464111,51.700076506866743],[0.042110170093367205,51.700077549165613],[0.042101206238390608,51.700074558539498],[0.042092267906481198,51.700069499199884],[0.042084168027829043,51.700064516106849],[0.042075233786017761,51.700059547518833],[0.042066225433656596,51.700055568491479],[0.042057167128561959,51.700050512134212],[0.041893216095704018,51.700018571331725],[0.041887232551703818,51.700015528880684],[0.041864205559344059,51.70001556947139],[0.041857210994681246,51.700016589408669],[0.041848186524755887,51.700017555606415],[0.041844247808405372,51.700017534149353],[0.04184023501510907,51.700018503152002],[0.041835227383272083,51.700018590200528],[0.041831213143643971,51.700019559227997],[0.041825217461032162,51.700021550971798],[0.04182120466694373,51.700022519973807],[0.041817240375217092,51.700024566330192],[0.041811200234167054,51.700025570573196],[0.041805204549860468,51.700027562315995],[0.041795240566920584,51.70003151145827],[0.041778255030317554,51.70003854927036],[0.041768219522697124,51.700043577851226],[0.041752278802312491,51.700052575842122],[0.041747236052071285,51.700054551017608],[0.041744296214962374,51.700055501366371],[0.041740287420745134,51.700056559321524],[0.041739258955176821,51.700057566370781],[0.041736199096383195,51.700058518805619],[0.041729219434360525,51.700062505992513],[0.041728208398812666,51.700066568381303],[0.041725238936351085,51.700069496689537],[0.041724303466349963,51.700072569491923],[0.0417192756243581,51.700077511923389],[0.041717232075974324,51.70008249150672],[0.041713236744006017,51.700086516743319],[0.041709300737014052,51.700094495838528],[0.041707243802781756,51.700096509936515],[0.041708292495240988,51.700106560580942],[0.041709230682465376,51.700111488335402],[0.041710205295908971,51.700122529439575],[0.041714236999674283,51.700140528836869],[0.041717268551461191,51.700149555842799],[0.041719297175090361,51.700157521184835],[0.041722284273677371,51.700165560690479],[0.04172729868616467,51.700173564057614],[0.041727238032521104,51.700177520901093],[0.041728209892556947,51.700180560549811],[0.04173025067226268,51.700183491693586],[0.041731298058181189,51.700185540857376],[0.041732221417871265,51.700187503151525],[0.041733224307802498,51.700188563916626],[0.041733225622358296,51.700196565396872],[0.041732268633987157,51.700196492106741],[0.041727258210162106,51.700204489878161],[0.041725276797580049,51.700205513491554],[0.041724248328403504,51.700206520540704],[0.041721311039624044,51.700207559870009],[0.041719205559974673,51.700208495715096],[0.041717298226879543,51.700208528868615],[0.041714238357509932,51.700209481302949],[0.041708198189513386,51.700210485540921],[0.041704307956490994,51.700211541433923],[0.0416983137294804,51.700213534044927],[0.041695209363990064,51.700213498080089],[0.041689213649805205,51.700215489817239],[0.041675255563041691,51.700215552584716],[0.041668287990736422,51.700214504671621],[0.04166330591854632,51.700212523898728],[0.041654267983940688,51.700210523698267],[0.041651237699935909,51.700209497272546],[0.041649285872339452,51.700208542026218],[0.041646212580788565,51.70020652807505],[0.041641274964155442,51.700205534801384],[0.041628283433696581,51.700200546776436],[0.041625210143600877,51.700198532824693],[0.041621226917688443,51.700197522961595],[0.041613216013265099,51.700194515734772],[0.041604252166658251,51.7001915250707],[0.041597240146831048,51.700189489653091],[0.041579222027197001,51.700181531549333],[0.041569255299419627,51.700177480116025],[0.04155022088977392,51.700165494857281],[0.041539260737807282,51.700160560541264],[0.041527297703789164,51.700154565457282],[0.041517286495114554,51.700149525620638],[0.041495223281289011,51.700136513898137],[0.041473323145979062,51.700124488509303],[0.041449232606104787,51.700111512013301],[0.041422233316471005,51.700097507867824],[0.041407288577164032,51.700091564592647],[0.041400352114108099,51.700088538678237],[0.041391268280813888,51.700085550083344],[0.041382303024072982,51.700082559426988],[0.041365283859188279,51.700075573101714],[0.041346279239722193,51.700069520526519],[0.041327321710615143,51.700064546226706],[0.041312343307966029,51.700060491044731],[0.041296340517092224,51.700057533659297],[0.041281366163627944,51.700053568327768],[0.041275353011313777,51.700052503805225],[0.041271298314478538,51.700052574269186],[0.041267270663676019,51.70005057689341],[0.041261331642148971,51.700048522809062],[0.041256319961052189,51.700048519978516],[0.041255322535086743,51.700047548139935],[0.041225296933927506,51.70004851955084],[0.041214365115829439,51.700049518845525],[0.041199374515913538,51.70005049784767],[0.041181285091401773,51.700051531597246],[0.041165266052073789,51.700053518538105],[0.041152351325473985,51.700055540557614],[0.041140270963074113,51.700057548076792],[0.041125324881803788,51.700059516367133],[0.041112321227177624,51.700059562482714],[0.04110833802449336,51.700058552601924],[0.041103326342114201,51.700058549764854],[0.041081384510040946,51.700053537358713],[0.041067364562546137,51.700049555415561],[0.041054297598410894,51.700045557810476],[0.04102430045888019,51.700036549728132],[0.041008369151298761,51.700032511065501],[0.040993394830297007,51.700028545696874],[0.040969332715264997,51.700021502742388],[0.040947301957816602,51.700014513512464],[0.040923363881472281,51.700007557418871],[0.040857386282963981,51.69998649957251],[0.040844365237079683,51.699983489419182],[0.040838385809950396,51.699980536768365],[0.040831372369640816,51.699978500430859],[0.040822334516867717,51.699976500165391],[0.040817396942498405,51.699975506856575],[0.040814372222407795,51.699974571136721],[0.040812340833643448,51.699974516506252],[0.040810389033595587,51.699973561245692],[0.040806405844955498,51.69997255135447],[0.040801394171738767,51.699972548504434],[0.040800321211462091,51.699972567146411],[0.040794382220740943,51.699970513038089],[0.040793340371414459,51.699968553694724],[0.040787399895062401,51.699966498712598],[0.040782419333903697,51.699964517876431],[0.040778347237098903,51.699961532084245],[0.040733374837422433,51.699940557943798],[0.040721367492780589,51.699933574376402],[0.040711386049297943,51.699926555610624],[0.040699378752178196,51.699919572939443],[0.040693350826749922,51.699915542027156],[0.04068636851846158,51.699911527695448],[0.040680371711143755,51.699905518797145],[0.040677328152799022,51.699901526859627],[0.04067237723330535,51.699897567159887],[0.040670406594278549,51.699893555682813],[0.040669420009441154,51.69988754966478],[0.04067034219151304,51.699881510485241],[0.040673383216279196,51.699877501863966],[0.040681378113705993,51.699869542212625],[0.040685346446980825,51.699867584850061],[0.040689341892850346,51.699863560546085],[0.040697350102535848,51.699858566379845],[0.040706386835158266,51.699852566071186],[0.0407153494640278,51.699847556221272],[0.040723402141616315,51.699843550452655],[0.040730426334368991,51.699840551724137],[0.040747340460962733,51.699834594401459],[0.040750350362954553,51.699832563763607],[0.04075340618495063,51.69983152149991],[0.040757344885665667,51.699831542993735],[0.040759327790902238,51.699830520269963],[0.040763385066285233,51.699830539703477],[0.040766413818808044,51.699831565279254],[0.040772379858683538,51.69983155154943],[0.040781373245852875,51.699832564318363],[0.040796363743946594,51.69983158447166],[0.040831414237974664,51.699833582405617],[0.040854352232079054,51.699831566118412],[0.040864358135126871,51.699828515575092],[0.040876318388605441,51.699826509271588],[0.040886357993288006,51.699821570620699],[0.040896349075046433,51.699815553715261],[0.04090134591362464,51.699812590202022],[0.040905370955064066,51.699806587032192],[0.040909366335552991,51.699802561822416],[0.040916358275759131,51.699793540484499],[0.040922321694889158,51.699785525289919],[0.04092633191250647,51.699776555759975],[0.040931386870966889,51.699769545521846],[0.040935322988991225,51.69976156645113],[0.04093837622414568,51.699752523624042],[0.040937408470331386,51.699749573822373],[0.040939376507931224,51.699745583837625],[0.040938402092681236,51.699734542724265],[0.040935342533065647,51.69971958295163],[0.040929310867950923,51.699699550010159],[0.040916371396965023,51.699658601900616],[0.040913369659001005,51.699647596012404],[0.040909340893666005,51.699637597141134],[0.040906339199372033,51.699626592151262],[0.040906382510808151,51.699619579067992],[0.040907423231015747,51.699613537826473],[0.04090639214475611,51.699606543411157],[0.040908420945418994,51.699598597481248],[0.040910324515564998,51.699582562299625],[0.040909381218073158,51.699569543200234],[0.040910381503068437,51.699562603413888],[0.040910423368074288,51.699555590355644],[0.040912344391224653,51.699542612311603],[0.040912312118833886,51.699536588814361],[0.040911314752149486,51.699535617871128],[0.040910385952467605,51.699533565740431],[0.04090934410874067,51.699531606397898],[0.040906315332880409,51.699530579927014],[0.040903390354856038,51.699526585934805],[0.040898365360701572,51.699523616703658],[0.040892411568657805,51.699518595341416],[0.04089132120597791,51.699515557744924],[0.040888322092595845,51.699512553313291],[0.040885322979614051,51.699509548881558],[0.04088232791035587,51.69950663430425],[0.040868364876601435,51.69949860653476],[0.040862425905140685,51.69949655153053],[0.040859399770358719,51.699495615836561],[0.040851434921737088,51.699493596031218],[0.040842395719351318,51.699491595791216],[0.040824437336811167,51.699487593223836],[0.040810342042443271,51.699484601732124],[0.040795338255256157,51.699482614296059],[0.040781437124115902,51.699478631154605],[0.040775422613418828,51.699477566630534],[0.040769413592110303,51.699476591935507],[0.040762450236763961,51.699475634720109],[0.040757390101585647,51.699474553613719],[0.040736389253925621,51.699474558782605],[0.040728367756127655,51.699476586566199],[0.040721373246825718,51.699477606435281],[0.040714424696480962,51.699479615576742],[0.040705443292473997,51.699481569211869],[0.04069539446827742,51.699483632215106],[0.04068744298523172,51.699484578783405],[0.040677390116612082,51.699486551930654],[0.040668412752458388,51.699488595417442],[0.040658433984310953,51.699489578103616],[0.040651396486295399,51.699489610442541],[0.040648456661741814,51.699490560763806],[0.040634423203961288,51.69949161299121],[0.040603383159502175,51.699488556155664],[0.040570377656258046,51.699489579170461],[0.04056746750496476,51.699488551529349],[0.040561382935980647,51.699488567308201],[0.040552463726238885,51.699486564062163],[0.040549390532414853,51.699484550080989],[0.040545362963870853,51.699482552679378],[0.040542456815800612,51.699481613993619],[0.040536473432362864,51.699478571471737],[0.040532401396037893,51.69947558567015],[0.040526466525406951,51.699473621401765],[0.040511473597258922,51.699466599754452],[0.040495409171387962,51.699459596719088],[0.040480416293047737,51.699452575966248],[0.040462381276928062,51.699441561445276],[0.04043139955806422,51.699426547159213],[0.040421437099915358,51.699422584581043],[0.040412397929809989,51.699420584307568],[0.040403478780212346,51.699418581948549],[0.040393411089581409,51.699417587812846],[0.040384490495354856,51.699415585477475],[0.040377408542775668,51.699414629400238],[0.040368413841301957,51.699413617522957],[0.040322387497382962,51.699411629359062],[0.040311481454205801,51.69941056075335],[0.040300459393538636,51.699409583187382],[0.040288410295508566,51.699409612632103],[0.0402754917079974,51.699411545597876],[0.040264439999929999,51.699412546887523],[0.040245396390002415,51.699413596169308],[0.04022842315686833,51.699415599557732],[0.040209419964418576,51.6994175473789],[0.040199489704294711,51.699419608280273],[0.040187485024084625,51.699420625215858],[0.040177430700575084,51.6994225983455],[0.040175400783046086,51.699422543678629],[0.040170437672691579,51.699423619055253],[0.04016749635552283,51.699424568491125],[0.040163487618774654,51.699425627290907],[0.040160427767999524,51.699426579684676],[0.040156463451093014,51.699428625985419],[0.040150467769923884,51.699430617643856],[0.040146499450776155,51.699432574988322],[0.040137447958598346,51.699435608893985],[0.040133435178337243,51.699436577838199],[0.040125412172652121,51.699438604707403],[0.040113451945214679,51.699440610035261],[0.040112423456715618,51.699441617070612],[0.040109437717957649,51.699441579003825],[0.040107456300940453,51.699442602590082],[0.040099429251224956,51.699444539602986],[0.040095464970378213,51.699446586800278],[0.040080491899647783,51.699450621897739],[0.040067427616021646,51.699454624740376],[0.040053480475047143,51.699457563818378],[0.04004748482583171,51.699459556370194],[0.040042517626197462,51.69946054098839],[0.040036477518058451,51.699461545139819],[0.040032468774895767,51.69946260393521],[0.040030481867550496,51.699463537690796],[0.040027501615002244,51.699463589451348],[0.04002647308365067,51.699464595587415],[0.040022534414484869,51.699464574068713],[0.040017448680290002,51.699465561643784],[0.040010454195919198,51.699466582369219],[0.040004445191415793,51.699465607634878],[0.039991437660924722,51.699465563769998],[0.039988527483489168,51.699464535215817],[0.039985427210917919,51.699464589059744],[0.039982517074092741,51.699463561403988],[0.039981519688343979,51.699462589554074],[0.039975509238931846,51.699461614843322],[0.039968482647873005,51.699456612965847],[0.039963453680214776,51.699453553839383],[0.039960530195341397,51.699449558899012],[0.039950504560737864,51.699441552564252],[0.039939481545496626,51.699432574378299],[0.039931438784760097,51.699423544433223],[0.039925501508458097,51.699413578674523],[0.039916458975279602,51.699395576316817],[0.039912504571203274,51.699384586949115],[0.039910501964832305,51.699374553755973],[0.039909516152257241,51.699352635538396],[0.039910495198569193,51.699342549664031],[0.03990950938712811,51.699320631446348],[0.039912457532308807,51.699314557088236],[0.039918438416862073,51.699309598182928],[0.039926522221295571,51.699303614483206],[0.039929458008071003,51.69930257432538],[0.039932517895986785,51.699301622836217],[0.039935453682493537,51.699300582678262],[0.039937485040414833,51.699300637324257],[0.039942448143178141,51.699299561957538],[0.039943525129555443,51.699299633178107],[0.039946460956075958,51.699298593918435],[0.039947489445158822,51.699297586884505],[0.039952456588790368,51.699296601371913],[0.039960509238781645,51.699292595655564],[0.039970517681646223,51.699289635068425],[0.039979524699975115,51.699285612775874],[0.039986430284398473,51.699282616151322],[0.039994451823132431,51.699280589316913],[0.040002430350161815,51.699277574056978],[0.040006429807913399,51.699273638731754],[0.04001046968059347,51.699270601951753],[0.040014508106706766,51.699267565196713],[0.040015447719448559,51.699264582261002],[0.040015434407439619,51.699261615875457],[0.040017446963923363,51.699258614305094],[0.040012432916481995,51.699250609960878],[0.040006510444028538,51.699243611464915],[0.040001497846238514,51.699235607095076],[0.039995529474696555,51.699227620223731],[0.039986533816644923,51.699218606831849],[0.039975510849800812,51.699209628648447],[0.039963455318919594,51.699201566744904],[0.039954521477640795,51.699196597990515],[0.039944514695909254,51.69919164786937],[0.039932476523142135,51.699186642202704],[0.039924511809125776,51.699184623231886],[0.039916545649781254,51.699182604285667],[0.039890445883272486,51.699180629587786],[0.03985051766198023,51.699181592776704],[0.03983555706165675,51.699180594540024],[0.039822460706718993,51.699178573855491],[0.039807457101328526,51.699176587190109],[0.039796540382813772,51.69917264113117],[0.039784503717495354,51.699167636322535],[0.039773538550597669,51.69916261290534],[0.039766511988338714,51.699157610116274],[0.039760559855634023,51.699152589567937],[0.039754561826851331,51.69914658064431],[0.039751492732373161,51.69914465649606],[0.039749522208969025,51.699140645001833],[0.039749504873594341,51.699137588761467],[0.039748506054126387,51.699136616934481],[0.039748562840586914,51.699132570234966],[0.03975054977997048,51.699131637382742],[0.039753470819271559,51.699127630868674],[0.039755572249885608,51.699126605204192],[0.039763493060057997,51.699119636073192],[0.039785575203200932,51.69910657681141],[0.039791526365935706,51.69910359587319],[0.039805530238357235,51.699096611026192],[0.039814566901490905,51.699090609887236],[0.039816460891223024,51.699087610379316],[0.039819533094694,51.699081623793646],[0.039819501009905764,51.699075601192618],[0.039816531704696949,51.69907061877165],[0.039815500801131609,51.699063624344184],[0.039814560249033307,51.699058606691636],[0.03981357379862293,51.69905260066416],[0.039812574009783226,51.699043627352331],[0.039810571442652702,51.699033594156525],[0.039806467411379956,51.699024585727479],[0.039800517846873433,51.699019654162029],[0.039794565728988505,51.699014633615128],[0.039749489446591714,51.698996627524615],[0.039730583608579208,51.698963602751604],[0.039695490326410864,51.698968617566607],[0.039659519686965045,51.69897265843418],[0.03964957068271218,51.698971662174436],[0.03963753408714845,51.6989666573498],[0.039630596467430911,51.698963631352278],[0.039615485273058026,51.69895661164562],[0.039583594247325472,51.69894260210021],[0.03957155766665723,51.69893759726866],[0.039558565238206514,51.69893260813388],[0.039544545809064489,51.698928626901527],[0.039540518293458893,51.698926628565708],[0.039534509410664276,51.698925654704894],[0.03952857057352574,51.698923599631541],[0.039511613891277247,51.69892065766944],[0.039501546369311642,51.698919664354385],[0.039495506279715244,51.698920667578889],[0.039488557757654176,51.698922676647683],[0.039482513626887858,51.698923590016953],[0.039463603534430423,51.698927604370802],[0.039445572228415257,51.698932592635209],[0.039428542280472545,51.698938641707912],[0.039415566930452117,51.698944620379429],[0.039402610334579674,51.698953655265235],[0.039391561057439302,51.698962657933016],[0.039378524795289756,51.69897259254725],[0.03936959425108489,51.698983625796004],[0.039358513786125066,51.698994606446682],[0.039347527605856025,51.699007651929406],[0.03933756451059648,51.699019602350049],[0.039326576912784794,51.699032648754525],[0.039316556058710428,51.699040643488352],[0.039311572463842877,51.699046573320928],[0.039305564409751664,51.699053600036379],[0.039300541897215435,51.699058632196191],[0.039292591334926338,51.699067580156026],[0.039287567333021169,51.699072611441856],[0.039282618948332126,51.699076653141958],[0.039282587771022726,51.699078631127854],[0.039279546673902488,51.699082639714376],[0.039277622917097493,51.699087617174783],[0.039269541383863349,51.699101602291833],[0.039263533316147875,51.699108629005181],[0.039258553747096546,51.69911464869022],[0.039254617385418036,51.699122627708149],[0.039249637813687947,51.699128647392826],[0.03924453794374555,51.699142580742524],[0.039239590376654893,51.699154623028733],[0.039231599973990436,51.69917858550675],[0.039228590872653554,51.699188616693938],[0.039224578920303739,51.699197586194913],[0.039220615446269209,51.699207633950756],[0.03921454788893692,51.699218616583224],[0.03921362148367051,51.699224565899321],[0.039212563245462149,51.699227550887734],[0.039212538416149335,51.699237620189379],[0.039216522331124729,51.699246630723579],[0.039219610196659829,51.699251612000182],[0.03922057782758806,51.699254561817561],[0.039224624064819365,51.699259615481218],[0.039231514092252728,51.699269564733697],[0.039237573810735726,51.69927961832559],[0.03924558667551991,51.699290626280877],[0.039261531392598505,51.699313543742754],[0.039270590077755158,51.699326600908769],[0.039272516126377811,51.699329624010964],[0.039278527421245081,51.699338600244118],[0.03928456836877945,51.699345596719141],[0.039288535003294094,51.699351551009798],[0.039298577848164117,51.699362614541897],[0.039301621248630875,51.699366606517195],[0.039304546116380089,51.699370601449608],[0.039305513755570357,51.699373551266142],[0.039305606679695154,51.699375617921319],[0.039307528692625708,51.699378551168294],[0.03930756071075215,51.699384573769898],[0.039306564183032522,51.699391602501457],[0.039304564879689023,51.69939757134474],[0.039301568165456643,51.69940256743358],[0.039297617076419065,51.699407580091822],[0.039293547453135208,51.69941259570713],[0.039287566445680634,51.699417553682871],[0.039280511083024855,51.699422531209933],[0.039273579738380707,51.699427595608903],[0.03925960545394485,51.699432603331985],[0.039254593838648079,51.699432600415264],[0.039249508049973653,51.699433587058692],[0.039244540875294713,51.699434572541861],[0.039231533352078019,51.699434528592697],[0.039226570216915495,51.699435603929679],[0.039214517068159899,51.69943554340972],[0.039208595517646563,51.699436545460195],[0.039203583901870669,51.699436542541314],[0.03919559203375745,51.699436591361646],[0.039188580195301685,51.699434554899],[0.0391825698059277,51.699433581046023],[0.039172577716472236,51.699431596321432],[0.039162611364687724,51.699427544679274],[0.03915154636935423,51.699425579478309],[0.039146564451352013,51.699423597697745],[0.039138598282894843,51.699421578698882],[0.039132633740149358,51.699421592320029],[0.039112525552298917,51.699417535988935],[0.039100593575731327,51.699417563278466],[0.039095539010881503,51.699416572827957],[0.039042605632399731,51.699417581658551],[0.039037639860359206,51.69941856620936],[0.039032628246362402,51.699418563283132],[0.0390275410485178,51.699419550840638],[0.039022573870292787,51.699420536314449],[0.039017610731450186,51.699421611642649],[0.039011614999545932,51.699423603243488],[0.038997623360755643,51.69942555379626],[0.038989631493977828,51.69942560260256],[0.038975580768715136,51.699423599289567],[0.038966631934027614,51.699423574781463],[0.038957548390288976,51.699420585994829],[0.03894862785581138,51.699418583549694],[0.038934608286321573,51.69941460134735],[0.038921568801154945,51.699408534761538],[0.038906550469823616,51.699403581620224],[0.03889861546863229,51.699399583720535],[0.038890604882009683,51.699396576304132],[0.038882549904045854,51.699392581385148],[0.0388616238683515,51.699383594247749],[0.038844631057892834,51.699374539733952],[0.038825660850162501,51.699366598637134],[0.038776613981119583,51.699342548012211],[0.038762624203692898,51.69933658782805],[0.03875157024627264,51.699329587513539],[0.038739607795156256,51.699323592138391],[0.038721617716096994,51.699313566643937],[0.038704584569885923,51.699303613563131],[0.038687667411710501,51.699293568542053],[0.038670678708442818,51.699284603856803],[0.038653642991390368,51.699274560888639],[0.038623644659058966,51.699257551617499],[0.038615591134766654,51.699253555755995],[0.038606657427884328,51.69924858689761],[0.038589607828900335,51.699243579045643],[0.038582596046732795,51.699241542546147],[0.038576705714592548,51.699240566578673],[0.038561626504499409,51.699239569338985],[0.038555691747620309,51.699237604969696],[0.038548605819743828,51.699236558926799],[0.038526696570735694,51.699237568638409],[0.038521609381465455,51.69923855617391],[0.038510633267032038,51.699238566814763],[0.038502685815627331,51.699239603089815],[0.038492662625974561,51.699239597191095],[0.038480700968277083,51.69924160327659],[0.038474616428666106,51.699241618946985],[0.038460669244283749,51.699244557836288],[0.038446650500137652,51.699248577062313],[0.038431634405335618,51.699251624423155],[0.038407708444034357,51.699255545802373],[0.038381716224542145,51.699258603787158],[0.038357625814365005,51.699261538838151],[0.038341730976332783,51.699263613164277],[0.038326664964437054,51.699265582281377],[0.038305710067113793,51.699266575390389],[0.038300654049178672,51.699265584031828],[0.038295673671534872,51.699263603087964],[0.038280636731709443,51.699255592750177],[0.038269702927333296,51.699248591205013],[0.038260631963522598,51.699240567262393],[0.038250682272855024,51.699231570294863],[0.038241655774791355,51.699224535650174],[0.038232708878212528,51.699216599477246],[0.038216716945745723,51.69920060510195],[0.038210701880994347,51.699191539855697],[0.038204735274345279,51.699183552864724],[0.038198693027744861,51.699176555458486],[0.038190669333564756,51.699170581606211],[0.038181703821286238,51.699159590110987],[0.038180732221976557,51.699156550429599],[0.038177688893608328,51.699152557525338],[0.038175674091328958,51.69914755760216],[0.038173660775911035,51.699142558552396],[0.038172722995111291,51.699137630764568],[0.038170722831189413,51.699135597203316],[0.03817070819409972,51.699132630841298],[0.038168752487675948,51.69913158657959],[0.038168663654044276,51.699129609777522],[0.038167660870759866,51.699128548980624],[0.038167692056304839,51.699126570095984],[0.03816269706319405,51.699121622784141],[0.038146733014508556,51.69911156114771],[0.038143659951647799,51.699109547102026],[0.038138709338814643,51.699105587291626],[0.038134667273587768,51.69910062344362],[0.038129668208802849,51.699095585377094],[0.038126700532707058,51.699090602886322],[0.038123758560955075,51.699083551681269],[0.038120746470639136,51.699077580789236],[0.038116687184765817,51.699069560698703],[0.038113718025482954,51.699064577334092],[0.038112657642337948,51.699059561748406],[0.038106661288220156,51.699053552712932],[0.038088686566693321,51.699038581896659],[0.038077707766347189,51.699022590442645],[0.038066727527865905,51.699006599012577],[0.038055747297246673,51.698990607581358],[0.038049748895783123,51.698976597977506],[0.038045750567841131,51.698964620139783],[0.038049668464026902,51.698953584943141],[0.038053769417310486,51.698946591383347],[0.038057737827210746,51.698944635007507],[0.038062776542499815,51.6989425692365],[0.038076692472060081,51.698941609279736],[0.038099767355672963,51.698942646794755],[0.038121765305089275,51.698943613966385],[0.038141661755403594,51.698945605871309],[0.038160753641169609,51.69894563428938],[0.038205733648805459,51.698945573185483],[0.03822475133903705,51.698946591153145],[0.038240664791796851,51.698947573959167],[0.038261738116285568,51.698946578805703],[0.03829373131195412,51.698941618216502],[0.038343724798429756,51.698933649308046],[0.03835866660243159,51.698931591519433],[0.038375669516142914,51.698927610441125],[0.038402725316607704,51.698921657307366],[0.038415715449467668,51.698918645108286],[0.03842662981891224,51.698914589834601],[0.038438650929718439,51.698908627833362],[0.038452684682926425,51.698899664286294],[0.038470727875272628,51.698881640482433],[0.038478717508414625,51.69887359114793],[0.038488619863320812,51.698865597643433],[0.03850171100757805,51.698843614962669],[0.038509642293716659,51.698823610248652],[0.03851368193659508,51.698804661346223],[0.038515618239541964,51.69879464879611],[0.038516675774535325,51.698783662325148],[0.038511705770143699,51.698768645723995],[0.038503724348988529,51.698755658830066],[0.038497664905805473,51.698745606095486],[0.038488623771398604,51.698735604208096],[0.038482686904454506,51.698725638370945],[0.038474718017726048,51.698707617272028],[0.038467707535485368,51.698689669464486],[0.038465734969497165,51.698677656483596],[0.038460678325136916,51.698668664541223],[0.03845763504665646,51.698664672542378],[0.038453634776995219,51.698660606327614],[0.03844171955773918,51.698655689199818],[0.038430667263949857,51.6986486888269],[0.038417672448827961,51.698643609683693],[0.038389721321054351,51.698637622868951],[0.038364692738130667,51.69862762864301],[0.038339739804567577,51.698616644826387],[0.038310670611379126,51.698601685823249],[0.038261760000097067,51.698572688562301],[0.03823872689395353,51.698556636525147],[0.038210697426221935,51.698535637197445],[0.038190724230437727,51.69851863370603],[0.038178717652742243,51.698511649868749],[0.038159729210657814,51.698500651542567],[0.038137773813626444,51.698492672211117],[0.038115699852811866,51.698484694932894],[0.038096785113071255,51.698480617722197],[0.038080783039679662,51.698477658990967],[0.038055744149918497,51.698480700365089],[0.038030762849967446,51.698487696522648],[0.038002691919332546,51.698497622973733],[0.037978772441562718,51.698509635581303],[0.037953704376464073,51.698522656384789],[0.037939744798230542,51.698530629414087],[0.037917793541762529,51.698538652071974],[0.03789076769392942,51.698542627131346],[0.037864744604188733,51.698547662984332],[0.037844742936718738,51.698548639475156],[0.0378248168774988,51.698548625479027],[0.037814749430877301,51.69854763111946],[0.037805754953596483,51.69854661904327],[0.037783725390028083,51.698539629205193],[0.037760831736452991,51.698534632697381],[0.037733820467623219,51.698525661906714],[0.037708792087821137,51.698515667538565],[0.037680842533873049,51.698509679629488],[0.037655814214717843,51.698499686148338],[0.037635811979763491,51.6984926611131],[0.037608815359039795,51.698486656655909],[0.037579791462466997,51.698480687359954],[0.037541800292579433,51.698471637220429],[0.03752284383652503,51.698466662293434],[0.037515863476304263,51.698462647741735],[0.037506780219300963,51.698459658839326],[0.03748979206172004,51.698450693976163],[0.037475843091781674,51.698445632179933],[0.03746282270516188,51.698442621643714],[0.037449819499066644,51.698442667348772],[0.037434784975244564,51.698442658362723],[0.037425760713847511,51.698443624218505],[0.037405820615260828,51.698448644380015],[0.037395860618042974,51.698452683005108],[0.037386849492103615,51.698456615246023],[0.037377786807553805,51.698464683118402],[0.037369854582566732,51.698476687169617],[0.037364813790688893,51.698486663623299],[0.03736086454325957,51.69849967768431],[0.037357836448823019,51.698506652610952],[0.037356839674267547,51.698513682228558],[0.037358807862104194,51.698525604478405],[0.037362823100105989,51.698540637686939],[0.037361855986272806,51.698561600622725],[0.037359862436179739,51.698575659857866],[0.037347767586143943,51.69859061279999],[0.037334794030122652,51.698604592709493],[0.037322864195386905,51.698612620383216],[0.037305850140394031,51.698621636386619],[0.03729681174518755,51.698627636462099],[0.037291789012834385,51.698632667639714],[0.037285838224858182,51.698643649044811],[0.037282798905090841,51.698655658148631],[0.037279802534504539,51.698668655679114],[0.037280771953176056,51.698679606081377],[0.037274778206033116,51.698689599059186],[0.037265817379782747,51.698702610114765],[0.037254810642437866,51.698712600113986],[0.037245773668588424,51.698718600160625],[0.037237870672557002,51.698720624751218],[0.037225803176772626,51.698717598560542],[0.037203790778596639,51.698713664856612],[0.03718480039726213,51.698710577982609],[0.03716180530748401,51.698708639657703],[0.037136823243583993,51.698707634136746],[0.037116838191263615,51.698703666154962],[0.037095881585860718,51.69869665757966],[0.037083843892651229,51.698691652514313],[0.037061827040667142,51.69867962833618],[0.037042870068164646,51.698666651841059],[0.037021867218807056,51.698650654282758],[0.036997848437040327,51.69862859594263],[0.036974906644779267,51.698606608845274],[0.036942883075215066,51.698581632771905],[0.036924816151702372,51.698564596010222],[0.036914915258530676,51.698556676282138],[0.036900864474938504,51.698546672123641],[0.036855861668341788,51.698511672385614],[0.036839853776647669,51.698500623061655],[0.036817912713413024,51.698487608352558],[0.036800937778683249,51.698481609776998],[0.036795868780089107,51.698477651963643],[0.036787858493475573,51.698474644400086],[0.036780922581381395,51.698471618206035],[0.036762937693819268,51.698469682849954],[0.036748857514663433,51.698469657227498],[0.03672086414689394,51.698470682178261],[0.036679891155515371,51.698477595639829],[0.036657880775358205,51.698481663298729],[0.036637893640615642,51.698485605947631],[0.036614943389752269,51.698492655611325],[0.036589932043634692,51.698501630324984],[0.036535957958346035,51.69852459140656],[0.036499883658657709,51.698539600319236],[0.036472889314801166,51.698549597660922],[0.036448925017571049,51.698560621559324],[0.03643287497572828,51.698564585838319],[0.036416906051380461,51.698567649461822],[0.036357885082523085,51.698568582780062],[0.03633098312209742,51.698572645256171],[0.036303927243219632,51.698578597913659],[0.036270936782463126,51.698582586077983],[0.036244913479967382,51.698587621574198],[0.036218888765903012,51.698592657988314],[0.036158931077758999,51.698604574659527],[0.036138947877175621,51.698608607079194],[0.036113997515967215,51.698613624846161],[0.036095965910612933,51.698618611700624],[0.036076905740144355,51.698624605553285],[0.036057011263125563,51.698630614764006],[0.036035968160149624,51.698637632153819],[0.036018010739224671,51.698641628538716],[0.035999936229388262,51.6986456278497],[0.035983930485149543,51.698650580470478],[0.035969913141341243,51.69865459937656],[0.035953938672987663,51.698657573108051],[0.03593297119184849,51.698663599996912],[0.035900994949835861,51.698671615289285],[0.035862023131429444,51.698680562044906],[0.035835015522447236,51.69868759285292],[0.03579904328205899,51.698691632564582],[0.035764961245687663,51.698692582965059],[0.035696995428810635,51.698693581053462],[0.0356649890369155,51.698695573648678],[0.035626019506598536,51.698696608712652],[0.035590030184613645,51.698697592116325],[0.035561960943162142,51.698699606376707],[0.03553807038074467,51.698701639039164],[0.035506077031164214,51.698706598879269],[0.035463990371737676,51.698712631966011],[0.035424076882583366,51.698716560011071],[0.035385093019272097,51.698722629226552],[0.035370982895895207,51.698724582300024],[0.03535599258612758,51.698725560553122],[0.035339006368885276,51.698724596845032],[0.035329014595587099,51.698722611789705],[0.035320094351787373,51.698720609065511],[0.035302075351854048,51.698712560997208],[0.035292069134875335,51.698707609574051],[0.035284071776588259,51.698699567701134],[0.035278059781243626,51.698682590682154],[0.035276106450990739,51.698665634160534],[0.0352730746713018,51.698648605501688],[0.035279051824283224,51.698635556376708],[0.035280008642912836,51.698627629123841],[0.035278051410126014,51.698618583343368],[0.035270039583886643,51.698607574205909],[0.035256107549840703,51.69858956629772],[0.035246099797752735,51.698576614299022],[0.035235003696779878,51.698568626115346],[0.035220056066715653,51.698554590687465],[0.035204067025611976,51.698546597356035],[0.035196056829221258,51.698543589682956],[0.035187123631795054,51.698538620558296],[0.035177087595612527,51.698535647985025],[0.03516303726255033,51.698533643312253],[0.035149062638685349,51.698530649053872],[0.03513305673714686,51.698527600962855],[0.035119124980136529,51.698525594230354],[0.035091088627337917,51.698525630365317],[0.035060109498659113,51.698526616725836],[0.035032086129271042,51.698529619236716],[0.034999051275662191,51.698532619540096],[0.034973085106312939,51.698533608952069],[0.034946044519174456,51.698534616072969],[0.034927147078484683,51.698533595492378],[0.034909087970185305,51.698532649410623],[0.034892127684524099,51.698529616921682],[0.034876078901513743,51.698525580367239],[0.034865088529702111,51.698522624300431],[0.034855122714297748,51.698518571387268],[0.03484507228534018,51.698512632420233],[0.034836090757397013,51.698506585010364],[0.034830080490750467,51.698497609436473],[0.034820117223194773,51.69848564580294],[0.034817087159952152,51.698476618600502],[0.034809151145858239,51.698464618947533],[0.034803078141722323,51.698451599647406],[0.034784150265558686,51.698420642749142],[0.03477513731195328,51.698408571825368],[0.034766102577200066,51.698398660369591],[0.034758073992125951,51.698392596445878],[0.034749066601364759,51.698388616845676],[0.034733092111434716,51.698383589813652],[0.034717075869534306,51.698377664256022],[0.034702098595821781,51.69837360821743],[0.034688168390263105,51.698371602306565],[0.034672136632094376,51.698370621069998],[0.03466314221312157,51.698369607853408],[0.034649079089379038,51.698372639122624],[0.034636134594379663,51.698376638386058],[0.034615193014489433,51.698388598719752],[0.034599175700239612,51.698398585334857],[0.034585171221040018,51.69840556956818],[0.034577166609318304,51.698410653178144],[0.034570093850266041,51.6984125732831],[0.034562146485868868,51.698413610189583],[0.03454620338858029,51.698414605742705],[0.034542100453892062,51.698413597714683],[0.034533137413875349,51.698410606501128],[0.034518101452574418,51.698402596568798],[0.034512135558447447,51.698394608482474],[0.034505096779791307,51.698386639878478],[0.034494100960445966,51.698375592449985],[0.034485136498838595,51.698364600659772],[0.034477126396492183,51.698353592338734],[0.034471146122820311,51.698342637884636],[0.034457214468820156,51.698332630474617],[0.034441164328513948,51.698320592387859],[0.034428204057103742,51.698313625588419],[0.034416198103255601,51.698306641359359],[0.034405203783359206,51.698303595393632],[0.034385130469962055,51.698297650135196],[0.034463194363345565,51.698186621426402],[0.034542198940838993,51.69805669758172],[0.034702181557618839,51.697787645012056],[0.034826141406027709,51.697590686597131],[0.034910196492753114,51.697429749886126],[0.034926091722153031,51.697395762642216],[0.035001095443874579,51.697277774231146],[0.03512212965820305,51.697068819846741],[0.035361115124913245,51.696515845923976],[0.035370129018252303,51.696442871398361],[0.035371119230175614,51.696379835005708],[0.035371132761196203,51.69635088710907],[0.035378088863669568,51.696303839361065],[0.035417104604964604,51.696170921785864],[0.035557113121924028,51.696174878347897],[0.03571812710373469,51.696202923014951],[0.035729103937357592,51.696202912617984],[0.035742106508389646,51.696202867110372],[0.035760080014693392,51.696201926123031],[0.035783060789843855,51.696200899245646],[0.035805055675847103,51.696193865394946],[0.035829037409146981,51.696185897855813],[0.035838088556346626,51.696182864284573],[0.035843085337887041,51.69617990098557],[0.035845053680008968,51.696175911080786],[0.035848050574268937,51.696170915075747],[0.035848139041239839,51.696164890384964],[0.035840079377447362,51.696120889634656],[0.03583504812196564,51.696077914590809],[0.035713096930222198,51.695731939571047],[0.035691091742582608,51.695666964567501],[0.035629112918332866,51.695444999347849],[0.035498128549372551,51.694980064556539],[0.035445166792365132,51.694951045525173],[0.035418202471155694,51.694943062572108],[0.035395190883674058,51.694938067657404],[0.035374206387940546,51.694933036711845],[0.035357190119282969,51.69492605037771],[0.035342230847568969,51.69491705005241],[0.035330175843602173,51.694908987671475],[0.035319171768760885,51.694895064669041],[0.035314173374803692,51.694882025870044],[0.035302194846469084,51.694849061105344],[0.035297239212039692,51.694829009234539],[0.03529121332606748,51.694809065833674],[0.03527016520379405,51.694760076269986],[0.035199276032743532,51.694608027018461],[0.035180229427880322,51.694569070729877],[0.035146232026352427,51.694492077246814],[0.035123245756858185,51.69444509868341],[0.035104300879015692,51.694403084977495],[0.035086295914895926,51.694366088070261],[0.035067201181630356,51.694326054399589],[0.035052224614400766,51.694290085012092],[0.035032281261909867,51.694247099422164],[0.035027238686113238,51.69423307220417],[0.0350242242876566,51.694211099167248],[0.035020212730955645,51.694188154234865],[0.035014303075069572,51.694168119779967],[0.03500426497896704,51.694149145126111],[0.034988244534416728,51.694119127049987],[0.034933279209629887,51.694024156636857],[0.034880311316809298,51.693931129937184],[0.034873330416844046,51.693919114637559],[0.034867332222426467,51.693905103968355],[0.034861352481599342,51.693886149816564],[0.034854266997300459,51.693861189863853],[0.034845253464685109,51.693833117745946],[0.034840359457290665,51.693809109897366],[0.034838360769827513,51.69379116497219],[0.034837360637863551,51.69377419102041],[0.034839279106473844,51.693753121690904],[0.034839276096998863,51.693729119032824],[0.034840320032204865,51.693715166210289],[0.03484427107298415,51.693702152195698],[0.034848356190491904,51.69368419179613],[0.034851352970367788,51.693671194313318],[0.034855302558654218,51.693658180323354],[0.034858329262411059,51.693643204876928],[0.034860264710831916,51.69362519179419],[0.034862350049581964,51.693605197770346],[0.03486131851263833,51.693582201203448],[0.034861298529558153,51.693563142900814],[0.0348593028077634,51.693553199427136],[0.034855274504580813,51.693543200343143],[0.034849277814519526,51.693529189646526],[0.034843268232508197,51.693520214059014],[0.034823324464990549,51.693509142728779],[0.03481531922263098,51.693506224872273],[0.034807311396690771,51.693503217135252],[0.034804357385026602,51.693501200042199],[0.034791292799869936,51.69348920020748],[0.034779313989624895,51.693480148178516],[0.03477430559850149,51.693472234339758],[0.034772337219356297,51.693468222725883],[0.034772348717630609,51.693463188539894],[0.034771288811193186,51.693458172015561],[0.034771305785790053,51.693453227659411],[0.034771274396282505,51.693447205044265],[0.034770333048890878,51.693442186466001],[0.034767366126815018,51.693437203877814],[0.034763278031859836,51.693431161615756],[0.034759312526789245,51.693425207154554],[0.034747306384223027,51.693410222361642],[0.034733374724236876,51.693392213483364],[0.034720384412598559,51.693371222578136],[0.034708302584603938,51.693349226761363],[0.0346983364887989,51.693329172636133],[0.03468731309326506,51.693304191864506],[0.03467438262530155,51.693271242625023],[0.034668398985415447,51.693252197706222],[0.034663385131247337,51.693236192529376],[0.034660328135394457,51.693221232550499],[0.034659311149958127,51.69320120324555],[0.034659339577095848,51.693183222301379],[0.034659323713841658,51.693164253851535],[0.034659348151584175,51.69314618395088],[0.034659350713320415,51.693130271723646],[0.034662299194693214,51.693116196883743],[0.034667324147126678,51.693095252691776],[0.034671362371672211,51.693076214012251],[0.034676370370286487,51.693060215074972],[0.034684302411126175,51.693040210593409],[0.034690338870257201,51.693023204666957],[0.034699303397080446,51.69300228305071],[0.034711347841820485,51.692978250637552],[0.034725330730273861,51.692952208096337],[0.034737380624625197,51.692928265510496],[0.034750334972470931,51.692895228452421],[0.034760396612149018,51.692864218051575],[0.034768312687961489,51.692833245718617],[0.034780358108922507,51.692777299886949],[0.034783351901586587,51.692748300346821],[0.034782364769210719,51.692726292179621],[0.034783348885478252,51.692716296181409],[0.034784374431608936,51.692699288032841],[0.034786355618054141,51.692682262429308],[0.034788339427947762,51.692665327604239],[0.034817390059212423,51.69256827211882],[0.034817301376336707,51.692558294705677],[0.034816377057481591,51.692548332668665],[0.034814405754156681,51.692528318996466],[0.034809404878503779,51.692507279611874],[0.034804348177291201,51.692490286009516],[0.034799365743463651,51.692472302847243],[0.034796308761422819,51.692457342870036],[0.034796365986290871,51.69244529555894],[0.03479839553495042,51.692437348818807],[0.034801373877239535,51.692429296615899],[0.034807310094499659,51.692415348960004],[0.034830414426981565,51.692361278899448],[0.03483939166619162,51.692335322161973],[0.034854388274957779,51.692297304744166],[0.034864316800910081,51.69226333091806],[0.034870415843916432,51.692242369004248],[0.034876359476892958,51.692223297303123],[0.034876376403042871,51.692218352047554],[0.034875373302601348,51.692177375427732],[0.03487341644067294,51.692160329022109],[0.034868328361266493,51.692137312805116],[0.034860318856651515,51.692102390805523],[0.034849428569978406,51.692064372246975],[0.034840430953662335,51.692031355784543],[0.034834344393516445,51.692007368591163],[0.034832373112461276,51.69198735491733],[0.034831417358511835,51.691963368758898],[0.03483139993638644,51.691936398827096],[0.03482935443869481,51.691917375611169],[0.034827350369297606,51.691891340243934],[0.034824380478961886,51.691854352586851],[0.034820425094912365,51.691827361852653],[0.034811334402669501,51.691744363220636],[0.034806410321108948,51.69169841963938],[0.034800365161880176,51.691651417281761],[0.034799348169268461,51.691631387973281],[0.034796391327057259,51.691605368211576],[0.034794422614798655,51.691569442304775],[0.034791419997005177,51.691534433557159],[0.034791387114426801,51.691512408854393],[0.034789460257247003,51.691501385086944],[0.03478538782303315,51.69147439637829],[0.034781449440203269,51.69144246038428],[0.034773388837211053,51.691374456839569],[0.034767401005462842,51.691323407770099],[0.034761417218804075,51.691272448554713],[0.034757386185438548,51.691230445288028],[0.034756473343436053,51.691199446049815],[0.034756367399832309,51.691170501102334],[0.034757438633805225,51.691146478925702],[0.034763396195703997,51.691090458696053],[0.034767482584832407,51.691080498875678],[0.034775427175153813,51.691063459881036],[0.034782478911523376,51.691050482968542],[0.034784478475007735,51.69104451419178],[0.034784402804452517,51.691037504068397],[0.034787410909182144,51.691011470890054],[0.03478943492304163,51.690995433712217],[0.034790464432270275,51.690970513908901],[0.034791400199508493,51.690959440547338],[0.034794382438991404,51.690943476693285],[0.034801389776264555,51.690921509869739],[0.03481247794711647,51.690881491888454],[0.03482246490654068,51.690843471328989],[0.034832393168781305,51.69080949750083],[0.034842439916371371,51.690767520112367],[0.034851411369829624,51.690733472933857],[0.034855481793978821,51.690704544653968],[0.034858489881440712,51.690678512371647],[0.034860410779389721,51.690649531407189],[0.034860481970461536,51.690616536773142],[0.034859430653162195,51.690582483388425],[0.034857461998413448,51.690546558375388],[0.034853475290441881,51.690505543511868],[0.034955468848941518,51.690465569184127],[0.035101465121233362,51.690414583604678],[0.035175393210315715,51.690392536286438],[0.035214461081545009,51.690380531494405],[0.035245357463449138,51.690372535054131],[0.035275388287311665,51.690366531050636],[0.035347366488064191,51.69035152884743],[0.035407429476944779,51.690339519857659],[0.035479423211358531,51.690327574746469],[0.035580329388378719,51.690308564894764],[0.035667337814855753,51.690293572673731],[0.035766379815393427,51.690275584143599],[0.035822354872535427,51.690265534216124],[0.035855370638704115,51.690259567349685],[0.035893277045339601,51.690253606523967],[0.035947359597077289,51.690246555960073],[0.036033308035176639,51.690234547560131],[0.036126299461631393,51.690222597749212],[0.036218331135750979,51.690210573679188],[0.036311278098244075,51.690197635319088],[0.036390278962718431,51.690187634631485],[0.036490257855171633,51.690174574207838],[0.036554275254687803,51.690165642530523],[0.036626235952649029,51.690155584806355],[0.036669197126878883,51.690150615175604],[0.036736282803493531,51.690143607639328],[0.036795259712006818,51.690136651658705],[0.036827287231592232,51.690132590076104],[0.036859243157747405,51.690129608824058],[0.036901220258926365,51.690126633620579],[0.036970182978391629,51.690121571743255],[0.037028175804392938,51.690116610158832],[0.037107165188626563,51.690111644975268],[0.037171210027506549,51.690108645723278],[0.037317162788594864,51.690104586280547],[0.037500174691621674,51.690099613098916],[0.037702080555906896,51.690095660706994],[0.037769150844952928,51.690093598710888],[0.037816108628402359,51.690092604136538],[0.037819092305505966,51.690092642293472],[0.037842114286368168,51.690092602550443],[0.037892144495879514,51.690093622008945],[0.037932077939051304,51.690095625962456],[0.037937088524183128,51.6900956289468],[0.038012096067648805,51.690097653757448],[0.03811911844265662,51.690100651695374],[0.038466084415205083,51.690112609875314],[0.038662073428570323,51.690117658384573],[0.039029983584963832,51.690088617021125],[0.039226965193889476,51.690078634402575],[0.039355995025710258,51.690146605584872],[0.039435964967660476,51.690192683829991],[0.03954695349937476,51.690124680680796],[0.039756895256368822,51.690259659379116],[0.039763950086533287,51.690262683328932],[0.039770882327998004,51.690265619482474],[0.039777937159996078,51.69026864343143],[0.039784873443075422,51.6902716694388],[0.039791879799045415,51.690273615130657],[0.039799844417639334,51.690275635003843],[0.039806899253095586,51.690278658951009],[0.039814863832836458,51.690280677924605],[0.039825926613138884,51.690282643089851],[0.039833846795772877,51.690283674559161],[0.039841881448325067,51.690284613215802],[0.039849920181521913,51.690285642625106],[0.039857840365196261,51.690286674092789],[0.039866829200750319,51.690287596175729],[0.039874823495089987,51.690287637181832],[0.039882862229522802,51.690288666588877],[0.039891925215940038,51.690288599107987],[0.039899876515721681,51.690287651685814],[0.039909896278200414,51.690287657510993],[0.039931889106588875,51.690280622893631],[0.039945814676544233,51.690274627636796],[0.039958907502502305,51.690268646841901],[0.03997290861870581,51.690261661096351],[0.039995914975797443,51.690250653069015],[0.040037810650933356,51.690224663690891],[0.040052915619945291,51.690215681315031],[0.040068880429480945,51.690204616629828],[0.040082868211785333,51.690194664481652],[0.040106817304183327,51.690196675563421],[0.040178857797233326,51.690087634884819],[0.040219810077871766,51.690024713502666],[0.040227899722589326,51.689997693540143],[0.04022884805252154,51.689973673425278],[0.040226830100836199,51.689952672357613],[0.040213865548688964,51.689921702630762],[0.040680799795092953,51.689879698893023],[0.041295719191531174,51.689849684729325],[0.041466681457312346,51.689844734925998],[0.042067622061298604,51.689840760929975],[0.042124643587214128,51.689840758678017],[0.042181591012795949,51.689841745961274],[0.04228063622305072,51.689847755503003],[0.042337643041056659,51.689852697473498],[0.042393624243932712,51.689858736349855],[0.042482606709957772,51.689871752299759],[0.042512533947011835,51.689876716375416],[0.042610613237096827,51.68989568712464],[0.04272862033598069,51.689922762345724],[0.042773536219201692,51.689934746886287],[0.042816515642897707,51.689948742538924],[0.04285854236509698,51.689962754746638],[0.042899583955268682,51.689978762422093],[0.042927588309141999,51.689988703909066],[0.042955522638386277,51.68999972480686],[0.042982502806731195,51.690010762295159],[0.043008569275131928,51.690022714919692],[0.043034565762716595,51.690035747854481],[0.043071535001808693,51.690056680453857],[0.04309547505655812,51.69007172659564],[0.043117504174796595,51.690086716049464],[0.043138459136570537,51.690101724184935],[0.043158505892629248,51.690117737289562],[0.043177520401927134,51.690134667596752],[0.043268524357272166,51.690213723700332],[0.043389493750649336,51.690335680437215],[0.043548441908041809,51.690487720680288],[0.043561433866003439,51.690500709992541],[0.043572499889004419,51.690510676266399],[0.043584405598757016,51.690520717853985],[0.043597497065616199,51.69053064798463],[0.043611383739282431,51.690539665927837],[0.043624480751210663,51.690549686783172],[0.043639395690043846,51.690557698556951],[0.043660452014805763,51.690569648289951],[0.043676396584841418,51.690576652070369],[0.04369345701440653,51.690584626505313],[0.043710476933178671,51.69059170149459],[0.043727448325712015,51.690597699126322],[0.043744464247386733,51.690604685154597],[0.043805414726650838,51.690625649855477],[0.043882353968796022,51.690646695989678],[0.043961419711907694,51.690664648519984],[0.044078339205325237,51.690688683879969],[0.044159327985379769,51.690701658739194],[0.044241346459430675,51.690713626447121],[0.044406383084820311,51.690730620973035],[0.044530331053762279,51.690730621614151],[0.044593277966246188,51.690729704800624],[0.044698310681923599,51.690717628500309],[0.04523829601263344,51.690562679633608],[0.045377246490770504,51.690519715485728],[0.045388251391272234,51.690517726238809],[0.04542027689768454,51.690513662343456],[0.045451279682679514,51.690510694450097],[0.045483235241483587,51.690507710854661],[0.045568168384414715,51.690499668938862],[0.045633153643594201,51.690493682967116],[0.04565422429170761,51.690492686505124],[0.045666182262679524,51.690527718907539],[0.045769241032374099,51.690786721415748],[0.046192132594578411,51.690717683304293],[0.046213104845909556,51.690772696395996],[0.047143030450055731,51.690656703815243],[0.047220004042281868,51.690646731163419],[0.047289980632699888,51.690637690649638],[0.047300985432205116,51.690635700325572],[0.047307078666911515,51.69027375054273],[0.047536021058981796,51.690239732737041],[0.047553947343676406,51.690237802473909],[0.04758494428416838,51.690234744191685],[0.047588047966743305,51.690234780008261],[0.047633988979202242,51.690229754407376],[0.047643994919630124,51.690226793189204],[0.047653971487485958,51.690225809931874],[0.047698954544060999,51.690212799484712],[0.047731039752099649,51.690204778116509],[0.047745010299014012,51.690199770317669],[0.04775902541372435,51.690195750015285],[0.047774951486413995,51.690191786318245],[0.047793975734267156,51.690187768601191],[0.04781200267723508,51.690182779994359],[0.048151907318505022,51.690159771839205],[0.04833288849348278,51.690146816549394],[0.048599921230441462,51.690134788052305],[0.048664905480205238,51.690128799513957],[0.048762828253386459,51.69011783185158],[0.048832846845835616,51.690109777952578],[0.049046781415784321,51.690094808807395],[0.049136850236683544,51.690094855176383],[0.049265844176737593,51.690116788091842],[0.049352817429784854,51.690132800530236],[0.049597769687200567,51.690191815380125],[0.049978701519907957,51.690284775315448],[0.050847645950232258,51.690548742607696],[0.050907649412793549,51.69056981010268],[0.050941564843151425,51.690583782122069],[0.050973571889758706,51.690597786557539],[0.051005625084590653,51.69061277935333],[0.051035576073323825,51.690628798026054],[0.051065573172478729,51.690645804161591],[0.05109856806941377,51.690665815387192],[0.051125624738869953,51.690683772107526],[0.051151534831645619,51.690702738020263],[0.051586505472055871,51.691077751971491],[0.051623557758011147,51.691105692805124],[0.051673470076352014,51.691135746135465],[0.051716505467753832,51.691166728900697],[0.051792425949190285,51.691204688176626],[0.052193460521285567,51.691356714045583],[0.05222937275911823,51.69136471665783],[0.052266417502537972,51.691368743670125],[0.052317446775348393,51.69137072960806],[0.052343379195353236,51.691371714369119],[0.052363362298313947,51.691375680683606],[0.052400456333316657,51.691388696594032],[0.052446338999031561,51.691408752013459],[0.052771409854617632,51.691500701670414],[0.053000278181781713,51.691575722071299],[0.053101355635828858,51.691610724673318],[0.05319934647361331,51.691648656948537],[0.05329428655964847,51.691687721576166],[0.053464209620600799,51.691767728249872],[0.053551230181343376,51.691813673709298],[0.05368220186364768,51.691889685897948],[0.053686248332149918,51.691902650672645],[0.053685223655535581,51.691911658392009],[0.053674246672022544,51.691932706633636],[0.053660192364616291,51.691951651380677],[0.053643295118986044,51.691973702385411],[0.053616229387761748,51.692005640383599],[0.053583261619050235,51.692041637369883],[0.053205247683238831,51.692448567011283],[0.053047315806594456,51.692604606675822],[0.052917333508956929,51.692716555673087],[0.052778248677317147,51.692814548985169],[0.052243298979464378,51.693112474654626],[0.051358369819982742,51.693604399131985],[0.051165419676954212,51.693714389308639],[0.051070463403137908,51.693767380303115],[0.050767518198839796,51.693980426459547],[0.050710480175440227,51.693956430400242],[0.050523539688424393,51.693877437136003],[0.050252519482704476,51.693899428511209],[0.050107569162146322,51.69387840550533],[0.049941512516325386,51.694013365781622],[0.049767592864653147,51.694238361879691],[0.049594584216635165,51.694441316494412],[0.049640616667399426,51.694467303645801],[0.049508625201456956,51.694511319457398],[0.049444551122262002,51.694532305501461],[0.049178656096213032,51.694620281760479],[0.049203617424412524,51.694647265273176],[0.049287611379126246,51.694647327647125],[0.049307584353558941,51.694656328660805],[0.049310568342747149,51.694664278115681],[0.049092607699486243,51.69518221385659],[0.049046618846929964,51.695297188403543],[0.048981563065658908,51.695460231279107],[0.048971328115378479,51.69549431330806],[0.048669405113763928,51.69549480933923],[0.048547389619166735,51.695494537381734],[0.048332450735685727,51.695497766171769],[0.048279988964933247,51.695595701907322],[0.048392372394010882,51.695613706253631],[0.048152866713761643,51.696064990306674],[0.048148729265321606,51.696072706068058],[0.04814866724169569,51.696073127098771],[0.047994661971502151,51.696055135144427],[0.047981766372811978,51.696068125729333],[0.047918752281333458,51.696065089687565],[0.047813731138491279,51.696067100594433],[0.047696784115314896,51.696077140085791],[0.047599802532365829,51.696088090355509],[0.047512741216561891,51.696102104009981],[0.047455736893169086,51.696129078794023],[0.047390784362623929,51.696157090445197],[0.047334787787162866,51.696172091193404],[0.047282728727342432,51.696179111693809],[0.047236843763137144,51.696196093445067],[0.047227746181620608,51.696198049611247],[0.047198715443716427,51.69620032532503],[0.047174278416443435,51.696216757870943],[0.047413177504487931,51.696373649234893],[0.047693435008950236,51.696555537612319],[0.048026119827554559,51.696776797538135],[0.048119251957716921,51.696833175151383],[0.04813604393095923,51.696839716635381],[0.048480898118740241,51.696945839108977],[0.048501144196500444,51.696951960601332],[0.048512279391890331,51.696955003693681],[0.048529680806717261,51.696959016596637],[0.04854121326316764,51.696961243433975],[0.048563948410657906,51.696964803608012],[0.048579861025777389,51.696964303961487],[0.048548886417332217,51.697025405888937],[0.048548537089860816,51.697025296877662],[0.048400657820656522,51.697462978265861],[0.048335544272454588,51.697727877788545],[0.048300558804648959,51.698054911509828],[0.048290560075081243,51.698184900486389],[0.048292634491127848,51.698296878299573],[0.048302548730595155,51.698365837834224],[0.048307525829109854,51.698388855431752],[0.048190549949070398,51.698416876349015],[0.048134553214596192,51.698476826392806],[0.048016632115688483,51.698602852915982],[0.047988648837781873,51.698635794704529],[0.047390658877946454,51.69889272335076],[0.047207721850302406,51.698984731569837],[0.046739761523249643,51.699222758868238],[0.046372739975251411,51.699394657581223],[0.046032750060856942,51.699541631911451],[0.045989846995007223,51.69955865112447],[0.045949785701722312,51.699593690312035],[0.045950800419751185,51.699605629937977],[0.045954850895028682,51.699618683910032],[0.046290721944095128,51.69978768740269],[0.046502774260117292,51.699888634911403],[0.046792622165081038,51.700055652066546],[0.046882648124392072,51.700096605137617],[0.047050599718825796,51.700153641027306],[0.047221634199182752,51.700207566403066],[0.04728132839399192,51.700214577843504],[0.047281469064396939,51.700213847000747],[0.047378986729907306,51.70023579749747],[0.047449345654281452,51.700245991545643],[0.047449892380980956,51.70024662587732],[0.047509564804549521,51.700260622041775],[0.047531530703333227,51.700247653265158],[0.047557625279517367,51.70023362424012],[0.047557843397570888,51.700233454976257],[0.04756053139718798,51.700246931012494],[0.047565745508310976,51.700256641924938],[0.047574967970706684,51.70026538371539],[0.047588973106521514,51.700271074614186],[0.047606154041911201,51.700273382931869],[0.04763015833162991,51.700272964479588],[0.047657499244262387,51.700269520337166],[0.047696454275192673,51.700260478230447],[0.047697265979899178,51.700260089992739],[0.047696583951071445,51.700261587440494],[0.047985573427296618,51.700430594096595],[0.048238527505082195,51.700591597444863],[0.048309455763457042,51.700645558253022],[0.04843150824891812,51.700716607928264],[0.048462506300303326,51.700726585846859],[0.048519503216734032,51.700741593955115],[0.048555426243766762,51.700757598147518],[0.048755418430389046,51.700884554094621],[0.049058360177303986,51.701050527120188],[0.049008339034731202,51.701097518548941],[0.048976404856602311,51.701127561956206],[0.048943393634685861,51.701157535116309],[0.048911412144923706,51.701186501131822],[0.04888839516072311,51.701210545653943],[0.048863420666577478,51.701233546117415],[0.048839446653413235,51.701257518297233],[0.048809375010920912,51.701286540895595],[0.048793419819701957,51.701300483266742],[0.048784401840925168,51.701309540419082],[0.0487613920781442,51.701328461772505],[0.048750437398352955,51.701339530148665],[0.048738404261073356,51.701350528308396],[0.048725369444917822,51.701360464840064],[0.048715349767767445,51.701368460360399],[0.048696461419438078,51.701383532974411],[0.048685413433719578,51.701392536499448],[0.04866939823010262,51.701402525006536],[0.048665428629983985,51.701404481762793],[0.048631460054278312,51.701426470019044],[0.048613463519943043,51.701437482247321],[0.048596463103389186,51.701449465373528],[0.048578391133658118,51.701461467185538],[0.048564376572516263,51.701473488157184],[0.048533363039501162,51.701497493117962],[0.048491453201679767,51.701536521195315],[0.048452416450842417,51.701570464262552],[0.048434377675732151,51.701588489535396],[0.048411459445833138,51.701609475693282],[0.048388379459159907,51.701629476393734],[0.048365418031197045,51.701649475021974],[0.048355442870079077,51.701658458906962],[0.048333463677907897,51.701676462054316],[0.048319404384681644,51.701687495501965],[0.048312395730046441,51.70169346103345],[0.04830249448625204,51.70170145445195],[0.048292474700442831,51.70170945083597],[0.048281381874004145,51.701717465031358],[0.048264396609033706,51.701732415361953],[0.048257481239513816,51.70174044663451],[0.048249462126236521,51.701750475498855],[0.048241394310754415,51.701759426114258],[0.048233493769909722,51.701769452909843],[0.04822741282331712,51.701777470529585],[0.04822439759007878,51.701779410628795],[0.04822243011373472,51.701783400728274],[0.048217437607082199,51.701786454403262],[0.048215468683746793,51.70179044452783],[0.048205493462321419,51.701799428400555],[0.048188408878466892,51.7018174360961],[0.048172500562789745,51.701832456659453],[0.048157502058685325,51.701846473082867],[0.048140472066805627,51.701860435001784],[0.04812939447139207,51.701871415535678],[0.048116482010897473,51.701881439788444],[0.048104450023993807,51.701892437860273],[0.048088448362480912,51.701905392668287],[0.048071497774096861,51.701918453944309],[0.048055422110470689,51.701932398311435],[0.048028476866511897,51.701951387234608],[0.048001460267495251,51.701971456493027],[0.04797551403624023,51.701991417158148],[0.04794742177476758,51.702011415233272],[0.047919522014661896,51.702030420772516],[0.04789147285107067,51.702051406355892],[0.047872447517988262,51.702063425575965],[0.047854462891755024,51.702077403195936],[0.04783643510897486,51.702090393291996],[0.047826415155834544,51.702098389637584],[0.047812429558088919,51.702108432564636],[0.047801451072708979,51.702116354794832],[0.047794446341731502,51.702122410150501],[0.047788419890225552,51.702126381079943],[0.047781533736245552,51.70213243436762],[0.047776492473293644,51.702134409775795],[0.04775949306269351,51.702146393658083],[0.047752468993765222,51.702149392804742],[0.047724450487010669,51.70216840036629],[0.047714504447736887,51.702175406240777],[0.047707449563267577,51.702180383367953],[0.047700514744338625,51.702185359300856],[0.04769143386706453,51.702190371745814],[0.047666500489837331,51.702206358892056],[0.04765549668885162,51.702216349819565],[0.047623483114279989,51.702239382791262],[0.047564554390657779,51.70228733727977],[0.047543439801010848,51.702303347756022],[0.047524521347806846,51.70232039904424],[0.047503526755667408,51.702336407421335],[0.047493506649313927,51.702344402840872],[0.047473521153924669,51.702356348806092],[0.047470554531496643,51.702359367135379],[0.047463545662385698,51.702365332617923],[0.04745644609664082,51.702369321335738],[0.047448469028041701,51.702372337974445],[0.047445457778803546,51.702374367908348],[0.047442517916112231,51.702375318399753],[0.047417510674261629,51.702384384369331],[0.04740253474873287,51.702388331421133],[0.047389514877712098,51.702393322574878],[0.047375540612079652,51.702398331261506],[0.04736247615338357,51.70240233491603],[0.047339550985107628,51.702407318862555],[0.047328548807132886,51.702409398147914],[0.047319567166163687,51.702411353189703],[0.047312573852005241,51.702412374327508],[0.047309554822257661,51.702406313861076],[0.047295568463285878,51.702379317620682],[0.047016548822365348,51.702090390772042],[0.047004563428244446,51.702065427896571],[0.046994619252226075,51.702043396066436],[0.046987570322458067,51.702019425360305],[0.046983586614333724,51.701981378366696],[0.046961633636923128,51.701952363623363],[0.046909647978302341,51.701929446669965],[0.046851544774645718,51.701916434500014],[0.046776606608180948,51.701916391448563],[0.046718652201496937,51.701930436784657],[0.046562579496805229,51.70198340972933],[0.046517629123767841,51.70199740824269],[0.046465653140974714,51.702014405834731],[0.046444592352665945,51.702018368852293],[0.04642569321074444,51.702017349242666],[0.046407644150943998,51.70201137075599],[0.046394636406714561,51.702003416917336],[0.046386622727704316,51.701992408555],[0.046384636349535713,51.70198543172642],[0.046388598454715407,51.701975383747957],[0.046400658156270258,51.701954406420036],[0.046424684350824946,51.701910386912637],[0.046446606944059672,51.701859391715061],[0.046453651195516969,51.701830412128103],[0.046442680347598117,51.701809386412748],[0.046362632602461561,51.701775451343849],[0.046314718100258376,51.701763430429594],[0.046282646308484943,51.701761382230927],[0.046249673681708216,51.701768428521703],[0.046072676577599919,51.701828417962666],[0.046027637056146382,51.701840440395912],[0.045995687280722689,51.701846390599989],[0.045956715377050886,51.701847429118402],[0.045846677033468952,51.701836400145815],[0.045810716422333295,51.701835408722232],[0.045623736712755304,51.701806391156481],[0.045571736108640126,51.701788417939433],[0.045534796508544688,51.701768383926556],[0.045500808575625926,51.701742366164773],[0.045438814811723849,51.701685370504975],[0.045397758942684163,51.70165345263122],[0.045357819979206161,51.701630414249408],[0.045307787448878714,51.701608451755881],[0.04525778704123868,51.701600421624825],[0.045208834756625925,51.701602442997952],[0.045147773855108368,51.701608450217719],[0.045041858677631934,51.701654434742572],[0.045027762441674196,51.701651443768448],[0.045004773298071156,51.701644382952637],[0.044791804167349993,51.701536435460483],[0.04477979582032058,51.701529453219749],[0.044770797305938699,51.701520440238163],[0.044763900822831271,51.701420411986888],[0.044761899238929009,51.701402467273795],[0.044752856190104766,51.701392465893754],[0.044656906217569826,51.701307473844999],[0.04464887400881537,51.701293410045658],[0.044644873722492207,51.701281432458259],[0.044735892334166555,51.701201456159225],[0.044752900765233555,51.701176437964655],[0.044759904703605684,51.701154470618299],[0.044758807482374124,51.701135431064316],[0.044742829889937483,51.70111449325023],[0.044579837543856159,51.700987515982867],[0.044552955355865217,51.700973510511332],[0.044505843830774897,51.700955451728603],[0.044493853302102426,51.700951524792607],[0.04448090580792044,51.700947525486406],[0.044468955789787511,51.70094449709039],[0.044455889681856153,51.700940498946728],[0.044443895110774387,51.700936482151242],[0.044430872117361936,51.700933472426783],[0.044404962063072803,51.700922506544273],[0.044386865095255849,51.700915449487191],[0.044383865657575537,51.700912445149022],[0.044378958860881466,51.700909474007808],[0.044375960870188032,51.700906469644252],[0.04437296143383327,51.700903465305778],[0.044371917962146984,51.700901506021516],[0.044368873971679622,51.700897513286023],[0.04436690440750498,51.700893501850501],[0.044365886394375047,51.700889474752827],[0.044364945255709193,51.700884456245568],[0.044363888184891766,51.700879530580032],[0.044362868390409628,51.700867502008059],[0.044360953754661855,51.700859443901379],[0.044360877367678117,51.700844522216613],[0.044361904050584322,51.700835514569178],[0.044362884732589467,51.700825518549955],[0.044363909968713089,51.700816510927638],[0.044363892318510803,51.700813454692181],[0.044364924792207744,51.700812537474775],[0.044364921604622243,51.700804536924096],[0.044362921090337425,51.700802503472701],[0.044361873571115068,51.700800454334022],[0.04435995261676965,51.700797521149482],[0.044356908634585607,51.70079352841352],[0.044347910353515471,51.700784515395966],[0.044342910455431227,51.700779478503371],[0.044330933295634763,51.700770517330113],[0.044327978384591189,51.700768500488721],[0.044323950537602699,51.700766503220173],[0.044320921603652988,51.700765476839301],[0.044314986403912772,51.700763512766414],[0.044310958557933107,51.700761515497398],[0.044304947848737702,51.700760541011334],[0.044286988629237363,51.700756538084484],[0.04427691655522719,51.700755455330366],[0.044241881106421001,51.700748513195421],[0.044223892422744722,51.700746489116511],[0.044206960235366188,51.700741480030523],[0.04418797260610622,51.70073848415867],[0.044168984979275142,51.700735488283726],[0.044159945348126596,51.700733487405238],[0.044150907204315408,51.700731487399409],[0.044140913216139221,51.700729504027173],[0.044127921266750435,51.700724516283792],[0.044117983635030583,51.700718485314631],[0.044114941166033372,51.700714493445439],[0.044109926231983405,51.700706489287661],[0.0441079743725648,51.700705534981616],[0.044107986219219054,51.700700499888121],[0.044107014188097385,51.700697460261196],[0.04410792668214733,51.700696546033221],[0.044108955108604665,51.700695538963721],[0.044108982024587969,51.700693471125092],[0.044111995879428156,51.700691530256655],[0.044114933102264678,51.700690489969361],[0.044115917020073329,51.700688495401259],[0.044120003889731002,51.700686536758738],[0.044122941112057584,51.70068549647123],[0.044127982379280249,51.700683521219503],[0.044137942245217443,51.700679482026082],[0.044146904607949705,51.700674471018758],[0.04415592919476613,51.700673505542113],[0.044156957619637532,51.700672498472215],[0.044166009078726136,51.700669464257643],[0.044166922976594025,51.700668549105508],[0.044205918529099962,51.700649531206174],[0.044220995110785151,51.700642526264794],[0.044252956119630628,51.700631541455635],[0.044260890079080878,51.700627538409059],[0.044269940076044373,51.70062450421176],[0.04427696410728732,51.70062150437419],[0.044289983827365896,51.700616513565912],[0.044300929018017944,51.700610479764308],[0.044338959651992346,51.700596512601798],[0.044353931217431856,51.700592476088751],[0.044358972464072513,51.700590500827289],[0.044370963707434839,51.700586516183272],[0.044375961844352801,51.700583552498934],[0.044380880462178682,51.700581489446073],[0.044385877151826375,51.700578525786497],[0.044389916800257175,51.70057548795986],[0.044402888746488303,51.700561508191448],[0.044405884927478191,51.700556511080102],[0.044407928199192079,51.700551531453314],[0.044408941567491894,51.700547558025157],[0.044410879864431096,51.70054554684345],[0.04440992368073949,51.700537561980092],[0.044408876165862261,51.700535512841725],[0.044406980676659019,51.700530511844264],[0.044400937296607886,51.700523514771],[0.044396940381449972,51.700519538621748],[0.04439098611360838,51.700514518341869],[0.044385916229512781,51.700510560867123],[0.044375965052372741,51.700501564436642],[0.044364890858624814,51.700491508453844],[0.044352958325907105,51.700483535678636],[0.044343886086184579,51.700475513120416],[0.044332906468314136,51.700467522859007],[0.044321926894812964,51.700459533495028],[0.044316975599085394,51.70045557395342],[0.044310991837445517,51.700452531628486],[0.044304888054443374,51.700449491392099],[0.044297909399145546,51.700445567134103],[0.044289973788439699,51.700441570505049],[0.044281962668582281,51.700438563462811],[0.04427597891153056,51.700435521136036],[0.044267938280627146,51.700434492052054],[0.044261004182430119,51.70043155618886],[0.044254990914086391,51.700430491820228],[0.044245999982418793,51.700429570097548],[0.044235976542803764,51.700429564691895],[0.044228979408333154,51.700430495789547],[0.044221940326830696,51.700430528369175],[0.044215900148197027,51.700431531837268],[0.044196945320924046,51.700434558557482],[0.044179014900728251,51.700436489248908],[0.044161013015690906,51.700439499379193],[0.04414392101265302,51.70044150539907],[0.044126948989709848,51.700443508429245],[0.044109976965186155,51.700445511456962],[0.044086918842278319,51.700447531368873],[0.044073959636208603,51.700448566210746],[0.044067919451694595,51.700449569671257],[0.044060922310428914,51.700450500758983],[0.044055000741985817,51.700451503053927],[0.044040937595528434,51.700454534548463],[0.044024919956169965,51.700456520955733],[0.044009973879422522,51.700458489613133],[0.043994957780159827,51.700461537685023],[0.043965993049699573,51.700467525322985],[0.043953033834805991,51.700468560151592],[0.043941023517440975,51.700469488542218],[0.043930021642360671,51.700471567506433],[0.043923023048601462,51.700472498611155],[0.043907931460306568,51.700476537157797],[0.043903992705040029,51.700476515770262],[0.043899979876904256,51.70047748394461],[0.043871032532642407,51.700478527193098],[0.043867018298026861,51.700479496290065],[0.043862006572277949,51.700479493571244],[0.043852033158917267,51.700480566359353],[0.04384300715720766,51.700481531837504],[0.043833028247562585,51.700482514794878],[0.04382197781316953,51.700483516395977],[0.04381199890256867,51.700484499351568],[0.04380204948435696,51.700483503448446],[0.0436837473804721,51.700508542998229],[0.043665363419514165,51.700511521931354]],[[0.047791670317411702,51.696661987502814],[0.047613672666567512,51.696768025839482],[0.047948009344638692,51.696969789357659],[0.048031280298926705,51.69692634253073],[0.048096008101820416,51.696885646952509],[0.048117129081192339,51.696872689183813],[0.047792139125401832,51.696661634017957],[0.047791670317411702,51.696661987502814]],[[0.043125386316492709,51.693827282491689],[0.042964415597923043,51.694131244349684],[0.042739380939885545,51.694557233976717],[0.043034322438266402,51.694674186931167],[0.043161326024933513,51.694723220507186],[0.043401232894466485,51.694773166488375],[0.044689099892251963,51.695034206161957],[0.044757124077836712,51.694963170141577],[0.044767170749765578,51.694945195516546],[0.044748173986255912,51.694910195654387],[0.044698183071992172,51.694677237936901],[0.044637131457828667,51.694466229155459],[0.044627217901004691,51.694434217624298],[0.044616133014888218,51.694421195230639],[0.044590106675703303,51.694410231426581],[0.044550165969504257,51.694400228326124],[0.044394185187636943,51.694383256150182],[0.044338183113593083,51.694374251936438],[0.044299210339326323,51.694367198524724],[0.044279226618024636,51.694363231745022],[0.044259198317764384,51.694358275665294],[0.044239241477652666,51.694352240139473],[0.044220241510898373,51.694346277881451],[0.044201237499929866,51.694340225765913],[0.044182194489247442,51.694333275976845],[0.044164218773443523,51.694326216785598],[0.044145205255628546,51.694317288130655],[0.044128257877515981,51.69430922276306],[0.044111270015803283,51.694300258849118],[0.044096190688174546,51.69429126171805],[0.044080275622534096,51.694282278230268],[0.04406622463329863,51.694272274925034],[0.04405121934666259,51.694262287326382],[0.044036240990391398,51.694250231885],[0.04402226400372812,51.694239237214205],[0.04400919534469197,51.694227238460456],[0.043996246698313077,51.694215237616802],[0.043985210631348658,51.69420329341326],[0.043974244545966858,51.694190268892704],[0.043964231322970379,51.69417722868851],[0.043954222113959017,51.694164277439242],[0.043946239992104237,51.69415129091378],[0.043939287606419783,51.694137297295057],[0.043928254888057912,51.694112227597309],[0.043916224179937381,51.69407027478946],[0.043885229096535971,51.693668335705553],[0.04391033419047765,51.693497359946669],[0.043942299737392297,51.693338312023954],[0.043932290726472201,51.693325360768981],[0.043916346545005834,51.693318356113672],[0.043900259048704982,51.693329334425357],[0.043860338103360992,51.693285349047635],[0.043874248842915867,51.693268385453237],[0.043699321508387449,51.69321740067209],[0.043694339110248143,51.693223330683047],[0.043622274503692202,51.693207323508481],[0.043613291053071282,51.693222402844327],[0.043566309636171502,51.693212342968295],[0.043575314569209045,51.69319240821946],[0.043475312068894191,51.693157379644255],[0.043125386316492709,51.693827282491689]],[[0.04463621118568057,51.694382279643285],[0.044710173217614155,51.694403286269804],[0.044716110851596436,51.694413251790309],[0.044717129100487009,51.694425280397418],[0.044705157812652004,51.694440232878243],[0.044684134836558281,51.694458218728876],[0.044682155505245395,51.694467242972998],[0.044680203067435767,51.694474199376565],[0.044685146904956972,51.694499195152787],[0.04476210128427531,51.694814210211632],[0.044790158139047999,51.694915218148054],[0.044795067576884492,51.694926190737633],[0.044799083091252426,51.694933222196163],[0.044803168603972265,51.694939174237049],[0.044808093883545792,51.694945201582932],[0.044813133675720936,51.694951137010193],[0.044818057552583744,51.694957165279341],[0.044828172091189736,51.694967147102474],[0.044835123048291646,51.694973139181393],[0.044841075214477562,51.694978160374312],[0.044849055904738387,51.694983145351969],[0.044856080872982013,51.694988146967845],[0.044864061607170172,51.694993132842974],[0.04487216346911492,51.694998205634356],[0.044880099650398776,51.695002203110732],[0.0449001408343059,51.694994212381737],[0.045283031883603844,51.694844156844219],[0.045569045667551628,51.694731206872142],[0.04569703839253951,51.694667217318077],[0.045677079912243609,51.694645269859031],[0.046480956783505264,51.694637199481122],[0.046609975050805594,51.694638277777322],[0.046836939639132137,51.694639267752372],[0.04692288676251441,51.694640286955014],[0.046932908916436734,51.694640292145301],[0.047109853350140118,51.694643231501828],[0.047847749236818907,51.694648258131615],[0.047847810944709447,51.694615264512507],[0.047848819298134317,51.694566251354573],[0.047845738544457464,51.694548235560312],[0.04784478755534418,51.694511303801264],[0.047844736801067635,51.694494313377731],[0.047848835988842472,51.694458282741387],[0.047852737277155451,51.694444279960045],[0.047854806906473785,51.694429320839419],[0.047860733833048313,51.694415282740152],[0.047882845403982729,51.694363295613414],[0.04789577754457023,51.694335290535427],[0.047900811792769914,51.69431731310128],[0.047911748841221687,51.694295276950882],[0.047926797544027747,51.69426130261958],[0.047930818798439363,51.694247297743253],[0.047929840774347782,51.694220345420064],[0.047924777518234013,51.694203352468328],[0.047916776385440923,51.694187309989665],[0.047906748221777297,51.694171303752547],[0.04787983623605898,51.694143364805754],[0.047863813417895806,51.694129349709179],[0.047838808303934312,51.694109289098563],[0.047813807227892489,51.694089317437943],[0.047785791465387008,51.694071286755239],[0.047745832829181115,51.694050317811211],[0.04772187761618512,51.694040306863172],[0.047695776823951076,51.694030334215526],[0.047670838008216629,51.694022317853758],[0.047577902097017316,51.693985371949566],[0.047534824112105932,51.693969311459924],[0.047491825646663571,51.693952351218734],[0.047449824591660431,51.693936361849801],[0.047233885032129788,51.693862363335192],[0.04721194553129833,51.693857351145695],[0.047189842912190624,51.693851353520635],[0.047110852254027252,51.693819378033467],[0.046585997759889169,51.693485379281128],[0.046358016335676974,51.693337422546499],[0.046319013203330858,51.693316435576264],[0.046431047240318102,51.693221438342405],[0.04716892590683703,51.692581533363686],[0.047173959855746919,51.692571466656148],[0.047162962848903943,51.692552509720308],[0.046705957285868724,51.692611447309737],[0.046645027231301421,51.692617453116789],[0.046624958495574617,51.69261951139049],[0.046540997624091071,51.692617468211402],[0.046302024381200096,51.692577491383624],[0.046184012351900144,51.692550509717869],[0.045904107973339422,51.692478522380988],[0.045762171283700637,51.692447461688225],[0.04538711395250717,51.692376500962233],[0.045097210402310954,51.692323473851722],[0.044735299154450951,51.692271520682922],[0.044493212701262115,51.692244450051234],[0.044033282106527301,51.692193481503715],[0.043881336124711449,51.692178504947179],[0.043643367711844731,51.692147495037503],[0.043494355737989397,51.692123478040941],[0.043321363734614877,51.692091516824568],[0.043192374809191053,51.692064453358483],[0.043012445007335129,51.692021465292278],[0.042802464009630489,51.691965514491436],[0.042745435512543319,51.691949515047511],[0.042422523694466432,51.691849499581835],[0.042139610403141917,51.691747528841709],[0.042000563819754075,51.691682522498986],[0.041955591111916768,51.691743536043191],[0.042129603359390019,51.691970472775296],[0.042346469541242708,51.692224442774709],[0.042591487693110212,51.692454459608122],[0.042756474503502923,51.6925974061025],[0.042898459943450311,51.69270641193755],[0.043135454516306362,51.692869411329603],[0.043201337113276277,51.692912405778763],[0.043273346595314156,51.692956372703875],[0.043303355917448202,51.692976347216664],[0.043334397627817101,51.692995405412184],[0.043367342345720393,51.693014340567686],[0.043434374712127903,51.693048415022226],[0.043470408415805857,51.693064419711462],[0.04350735185987132,51.693079419388333],[0.043545323599662566,51.693093411989224],[0.043583370880760003,51.69310641498943],[0.043623279203940782,51.693118395523769],[0.043696355975627342,51.693138340879791],[0.043818334144539242,51.693155366993068],[0.044035296453003046,51.693183414927816],[0.044104247816175425,51.693228333818197],[0.044006307380708889,51.693289371603683],[0.044003270164285964,51.693301380868512],[0.043993319004405333,51.693345334860901],[0.043956266750268126,51.693550320405109],[0.04393521477402982,51.693668275190184],[0.043934262610751944,51.693713330622245],[0.043935315783464365,51.693845284208763],[0.043957258468416208,51.69395628777697],[0.043964228917624193,51.693981248315133],[0.043979290298464868,51.694069267236003],[0.043979193150828898,51.694096238287798],[0.043984195378380206,51.694109276668271],[0.043989193560226514,51.694122225194079],[0.043995193103652484,51.694136234492511],[0.044003249300824741,51.694148231451564],[0.044010278582668462,51.694161233655855],[0.044019217588757785,51.694174293449656],[0.044029182281859765,51.694186256294884],[0.04403926554007994,51.694198217075879],[0.044050187149338511,51.694210254090422],[0.044062257014427508,51.694221281048343],[0.044075279702042884,51.694232291422956],[0.044092255664063641,51.694246290441285],[0.044106232629192645,51.694257284205037],[0.044121237926059043,51.694267271796534],[0.044137271513810104,51.694276252316818],[0.044153185102030867,51.694285234923399],[0.044169218702434156,51.694294215439172],[0.044187164886082181,51.694303252590991],[0.044204226823581251,51.694311226930743],[0.044223155317274346,51.694318268634142],[0.044239218460932164,51.694325271178904],[0.044254161639793559,51.694331214115806],[0.044268154607261301,51.694337263513887],[0.044284173222094096,51.694343277654212],[0.04430014469488118,51.694348213514715],[0.044316238821149677,51.694353238062341],[0.044332168360918731,51.694357275399881],[0.044349168165609631,51.694361205081272],[0.044365173213353259,51.694364252826013],[0.04438225108854011,51.694367281895303],[0.044409151508938434,51.694371218191087],[0.044414207104340186,51.694372209291906],[0.04442022101476592,51.694373273636927],[0.044426184884464391,51.694373259754464],[0.04443219470518911,51.694374233345947],[0.044438158574992968,51.694374219462865],[0.044443169625394567,51.694374222164448],[0.044449134941032677,51.694374208255674],[0.044455174270701656,51.694373203884872],[0.044461142189995778,51.694373279855],[0.044467226065700548,51.694373263881573],[0.04463621118568057,51.694382279643285]]]},"properties":{"OBJECTID":17,"SHAPE.AREA":1023734.99043073,"GLOBALID":"{7E4D68BA-22B6-4F91-8D51-70D63F86A64D}"}},{"type":"Feature","id":19,"geometry":{"type":"Polygon","coordinates":[[[0.041299746081102817,51.700741468937288],[0.041287134765305836,51.700748242715264],[0.041269668256724693,51.700757624154299],[0.040894974161733093,51.700880478774302],[0.04044585650228958,51.70100891533842],[0.040433477798288243,51.701013015117752],[0.04020930307470498,51.701087257153574],[0.040135903287418243,51.701115653312499],[0.040097009340541778,51.701137651781558],[0.040087738763460452,51.701142900733892],[0.040012387686340099,51.701204171205291],[0.039960327300001409,51.701247187985871],[0.039941990524347964,51.701255635631938],[0.039918417562286278,51.70126649246891],[0.039916590020772573,51.701267335327927],[0.039810264293585688,51.701316292447757],[0.039728143323391855,51.701352547241449],[0.038936231748667116,51.701623975293273],[0.039013809646033334,51.701739684511239],[0.039150802074714657,51.701695193771052],[0.039184218164015856,51.701697472367627],[0.03922220926575283,51.701776037369434],[0.039231648545972581,51.701781583714606],[0.039322206697412494,51.701777161812849],[0.03937590250502971,51.701770518445159],[0.039471802620950125,51.701731733382687],[0.039454653636792458,51.701657086102422],[0.039460267614617031,51.701654129923078],[0.039487849417049595,51.701654369524228],[0.039621921922851008,51.701647041746149],[0.03981509751613696,51.701625847116155],[0.039833739361417389,51.701623309440002],[0.03995776884184768,51.701606412342002],[0.040253525055741542,51.701566121331958],[0.040425698313055529,51.701537439164106],[0.040546282351302372,51.701511071970685],[0.040703721240001184,51.701486927570592],[0.041053537029998095,51.701423746505384],[0.041094750895353152,51.701413394022133],[0.041282137608683774,51.701366320105585],[0.041282079675892924,51.70136760523728],[0.041375036032595097,51.701347294433909],[0.041408925695274969,51.701339745286255],[0.04148053360259972,51.701323795378059],[0.041484107051314896,51.701323030060394],[0.041500763407942128,51.701356634997097],[0.041500749290816506,51.701356707182214],[0.041497668831841653,51.701383727345288],[0.041494551096832158,51.701409855203579],[0.041490002892721548,51.701438702067705],[0.041489218235702209,51.701453099163508],[0.041486882096456235,51.701464826381724],[0.04148495307982638,51.701488234039502],[0.041483765508059559,51.701493648363893],[0.041482616937919929,51.701499961257596],[0.041482859545010228,51.701505350725562],[0.041481591117077624,51.701508968860132],[0.041482116819704914,51.701520647238766],[0.041483708710871328,51.70152421476196],[0.041484193966257028,51.701534994596372],[0.041485908648558729,51.701541257726873],[0.041486191704529253,51.701547545738954],[0.041487904941530797,51.701553808894552],[0.041488187997906149,51.701560096906618],[0.04149002126104559,51.701566357976112],[0.041491694051082786,51.701571722587452],[0.041493408735948492,51.701577985717769],[0.041495085571688219,51.70158344018347],[0.041499862823480491,51.701594145422682],[0.04150038849196884,51.701605822902479],[0.041499079614378494,51.701608542493034],[0.041496339148252848,51.701611287863898],[0.041495030270270149,51.701614007454417],[0.041492330211480244,51.701617650470787],[0.041490941715483017,51.70162126979293],[0.041488322552518511,51.701626709897525],[0.04148840340865019,51.701628506087289],[0.041487094529721796,51.70163122567773],[0.041487175426266253,51.701633022766032],[0.041488646017545421,51.701633895555119],[0.041488807770334389,51.701637488833192],[0.041490360704584818,51.7016401586854],[0.041490441601285448,51.701641955773717],[0.041493745500687816,51.701649090530601],[0.04149689037318402,51.701655328804158],[0.041506564881210468,51.701676736297166],[0.041511180350850982,51.701683847359099],[0.041512812739693351,51.701688314324379],[0.041515917168737759,51.701693654053194],[0.041517549558424675,51.701698121018389],[0.041517873069358342,51.701705307574294],[0.041516725945547402,51.701711620442985],[0.041516968558530445,51.701717009910645],[0.04151459196584293,51.70172783858488],[0.041511972799933683,51.701733278689936],[0.041510825674702156,51.701739591558578],[0.041511149144602258,51.701746777215916],[0.041509759406484902,51.701747700616878],[0.041508330499791565,51.701750422293593],[0.041505549577085903,51.701752269120583],[0.041502728164946809,51.701753216504819],[0.041499947241841681,51.701755063331667],[0.041491324056807111,51.701757010797664],[0.041456910968005987,51.701763901822318],[0.04131928828652974,51.701773575681798],[0.040926778860069492,51.701785700008777],[0.040554638860004148,51.701794412625809],[0.039906121808168243,51.701810621816946],[0.039858146678148701,51.701805162034972],[0.039802736069773782,51.701796235266706],[0.03977483583539964,51.70181263194079],[0.039730200234172432,51.701825723129701],[0.039689133460702145,51.701854484654426],[0.039667501279802279,51.701872301179655],[0.039652226763276503,51.701909424742318],[0.039642242179983828,51.701939444120342],[0.039643660244497385,51.701970974069134],[0.039679205664563358,51.70247478036265],[0.039021338980675641,51.702474335531662],[0.038798564971965148,51.7024745164005],[0.038654096426929629,51.702470011514357],[0.038510063631386024,51.702461902801055],[0.038280274642168904,51.702441438125476],[0.038138449426515952,51.702424031107867],[0.037997777095930649,51.702403098653676],[0.037858501694383755,51.702378724659532],[0.037843352851090126,51.702376200709494],[0.037457032884564971,51.702311073142532],[0.0365735005768534,51.702166644903215],[0.036284236437606351,51.702115742868251],[0.036295240836032881,51.702041924502126],[0.036302667124127018,51.701984081227835],[0.036302741324141449,51.701983090770433],[0.036313954903791613,51.701895334950812],[0.036330322608172511,51.701744290736016],[0.036316928186819947,51.70173831993872],[0.036322316650009408,51.701688242809404],[0.036330292086079213,51.701613397848277],[0.036332629475480653,51.701487409763487],[0.036334141627466364,51.70137491928476],[0.036331397355288494,51.701258009058918],[0.036336395092227046,51.701114173362562],[0.036292818557045484,51.701105669261374],[0.036227702387614621,51.701087829375354],[0.036193997200148299,51.701078614567528],[0.036138770990001914,51.701063121080743],[0.036064737243750263,51.701040670578671],[0.035997321765253429,51.701011453587896],[0.03598259584633761,51.701005056209397],[0.035863415710426262,51.700941765577348],[0.035802255510771,51.700908394348389],[0.03571272193601184,51.700854298004266],[0.0357123567303059,51.700854125383557],[0.035753074127845008,51.700705895620523],[0.035790607218838859,51.700569137861613],[0.035792231756629142,51.700536206274485],[0.035791405154378231,51.700517791441897],[0.035786913690803827,51.700486854272157],[0.035765971368165082,51.700458899059612],[0.035759624518943663,51.700442467418497],[0.035763490888391238,51.700408958328659],[0.035769203368104519,51.700368764616641],[0.035784479329628763,51.700310334794437],[0.035814115264535741,51.700218303929027],[0.035843711530200058,51.700130679150796],[0.035850337966717036,51.700089570345071],[0.035897842009845839,51.699861303232922],[0.035915666832872117,51.699769297199502],[0.035932420955192237,51.699711920825692],[0.0359300861801886,51.699659909298859],[0.035923859515086712,51.699569039537337],[0.035916671715496978,51.699541835115568],[0.035917917451115798,51.699519068876548],[0.035917493064574806,51.699496332484614],[0.035915634484660106,51.699473530127221],[0.03591234837478173,51.699450842437464],[0.035906034310243105,51.699421824377062],[0.035899304352335487,51.699399467051279],[0.035894814211166762,51.699389835710413],[0.035889856397009541,51.69938039232472],[0.035884186836795791,51.69937105119984],[0.035877811010345553,51.699361902165379],[0.035870966065739661,51.699352941110874],[0.035863409335758732,51.699344081418332],[0.035855502102253259,51.699335408548947],[0.035846892636911806,51.699327017624285],[0.03583781405422045,51.699318814679138],[0.035828266313979902,51.699310798814892],[0.035818016382757445,51.699303065793494],[0.035801893874382595,51.699292107341087],[0.035790599236996394,51.699285021896728],[0.035778723489058993,51.699278305322338],[0.035766502677085567,51.69927186450127],[0.035753816781326608,51.699265701513546],[0.035740789854486879,51.699259904133676],[0.035727420450343869,51.699254472386585],[0.035713587367746956,51.699249317548855],[0.035699531867456717,51.699244527162143],[0.035685133848919047,51.699240101509339],[0.03567039483857079,51.699236042362337],[0.035655551902622554,51.699232343814039],[0.035625085558236874,51.699226129258449],[0.035561847399680616,51.699218145486661],[0.035514933229416394,51.699215002704676],[0.035459832074050172,51.699210204181909],[0.035413681327162848,51.699213430983171],[0.035373531197983331,51.699220060848539],[0.035342921545637312,51.699226614409028],[0.035295518170007673,51.699241819252826],[0.035090517772250106,51.699313334487449],[0.035051438074840992,51.699317247955733],[0.034967146650131543,51.699326709808211],[0.034888460190861323,51.699333466684202],[0.034766414214438962,51.699336480198319],[0.034655374239811743,51.699329503849384],[0.034587131050789956,51.699313694678878],[0.034520160007235713,51.699291660431506],[0.034444953420424744,51.699250980830271],[0.034356583230499331,51.699193447981571],[0.034355848745329057,51.699193011079224],[0.034364347676735588,51.69919097546363],[0.034376576665188723,51.699170986532224],[0.034387495769580285,51.699156413067996],[0.034394368617107797,51.699150001103952],[0.034399928478873854,51.699143611880295],[0.034427813830400548,51.699121553282069],[0.034442157867541651,51.699116810405862],[0.034569431854704749,51.699020212000434],[0.034671397457125108,51.698936637709153],[0.034698091239885348,51.698903991272481],[0.034713928194203728,51.698884658302681],[0.034727790840411707,51.698871832308356],[0.034732984789679108,51.698859965800722],[0.0347424750509705,51.698845417053121],[0.034757805769491133,51.698830768029737],[0.034812505980293826,51.698792062875711],[0.034825057921602502,51.698781956416099],[0.034847744907770178,51.698771674378143],[0.034884675276788714,51.698725186506543],[0.034894365543088585,51.698715129615117],[0.034912398039864456,51.698696837676998],[0.034923316860757649,51.69868226416493],[0.034924546913526665,51.698677748419982],[0.034927247335753406,51.698674105549067],[0.034923942364761568,51.698664273790044],[0.034917775758495723,51.698654491607073],[0.034907118264678252,51.698642989631239],[0.034894908295571708,51.698628816809816],[0.034884129914653554,51.698614620085387],[0.034870409281490218,51.69859867583822],[0.034866823100108177,51.698585252861719],[0.034860738588512956,51.698577267746984],[0.03485445343625504,51.698567487614397],[0.034846937390855842,51.698559527298649],[0.034840133924021015,51.698554160654801],[0.034864345199557285,51.698561922568601],[0.034890818291644678,51.698569554469387],[0.034906916954114978,51.69857467015305],[0.034930206880864983,51.698577861856919],[0.034972093517843646,51.698575338589393],[0.035000824626049636,51.698572143982048],[0.035032576208739549,51.698569795384252],[0.03506579968337916,51.698568321422322],[0.035083246890003382,51.69856891748384],[0.035099184344230046,51.698570439846677],[0.035138691542337203,51.698578745109465],[0.035151767329704653,51.698580316148011],[0.035164884922893103,51.698582786606714],[0.03518551479354759,51.698590519683961],[0.035195849911277194,51.698594835944547],[0.035204676644772143,51.698600076687285],[0.035212230732311479,51.698606238727137],[0.035215455121634029,51.698614273381288],[0.03521908028223035,51.698628594919093],[0.035221438896423034,51.698649230431649],[0.035223231789760646,51.69865729078829],[0.035223634867938114,51.698666273573764],[0.035221377827629692,51.698679796886239],[0.035224965023376256,51.698695916675774],[0.035228229741836134,51.698704849877458],[0.035232924598924062,51.698713759198185],[0.035245094335547823,51.698727032536262],[0.035251218352570036,51.698733219352746],[0.035257302090916341,51.698738508519355],[0.035269149354513918,51.698744595267222],[0.035282346157587789,51.698748861934817],[0.035295502641654666,51.698752230052854],[0.035324475688195869,51.698754424856645],[0.03535062650846877,51.698754870962887],[0.03537661698764924,51.698754420595002],[0.03539962489371222,51.698751325063895],[0.035422674526162941,51.698749127152709],[0.035447113969940131,51.698746006805578],[0.035470242800984438,51.698745606006099],[0.035513479003279544,51.698741260665983],[0.035546581604665263,51.698737090923089],[0.035568240045815616,51.69873581723823],[0.035592961641952872,51.698738984000578],[0.0356148619684711,51.698743099797348],[0.035641132281838933,51.698746240609069],[0.035659971744835393,51.698748610950318],[0.035696016636771355,51.698746188666782],[0.035739333435818983,51.698743639440849],[0.035776926988508394,51.698741190291926],[0.035825967058304146,51.698738541839752],[0.035863361363671256,51.698734297622842],[0.035896381852706785,51.698728331609885],[0.03604936023828665,51.698686124806429],[0.036093745584185655,51.698675466403088],[0.036183985199339144,51.698655023328399],[0.036246326398154456,51.69864036758441],[0.036323221937295778,51.698628337078318],[0.036351872290113781,51.698623345046151],[0.036382072787626625,51.698618327031525],[0.036410642480887767,51.698611538788768],[0.036464838546985269,51.698593517977066],[0.036487565404219706,51.698584134174489],[0.036505958740436072,51.69857392625498],[0.036519980676773069,51.698564693371132],[0.036532774164379458,51.698559976220743],[0.036547077452182074,51.698554334543878],[0.036572585206517967,51.698543104014654],[0.036608023386843103,51.698527206862082],[0.036633645687839632,51.698515885307778],[0.03664504940816677,51.698512091489114],[0.036656492028644745,51.69850919624173],[0.036676559828595148,51.698507049785732],[0.036696909039633227,51.698508495434503],[0.036717419568308894,51.698513533471818],[0.036740951639092821,51.69852211520076],[0.036761748584280052,51.698533531118805],[0.036779680912341628,51.698547604522687],[0.036797692918346572,51.698560777295285],[0.036818605428190307,51.698574798116354],[0.036836458532818472,51.698587074391583],[0.03684568640563704,51.698598600986237],[0.036862226560613574,51.698610900025251],[0.036886162156183379,51.698628465398976],[0.036905526059564472,51.698642513059461],[0.036914632941628708,51.698651344905336],[0.03692664181445577,51.698661025672578],[0.036947715786605877,51.698678639759571],[0.036978924835682402,51.698696078980419],[0.037005722118094872,51.698713593803596],[0.037042694804783331,51.698731831401204],[0.037066388435494792,51.698744006352484],[0.037094414564868235,51.698754307666981],[0.037125180922719957,51.698764562349787],[0.03715157382409736,51.698770397539811],[0.037177725677847648,51.698773540062902],[0.037212419630974845,51.69877293833818],[0.037258597994493013,51.69877033892039],[0.037308984934780264,51.698763172051244],[0.037323250297468399,51.698759328532311],[0.037331832741842624,51.698756482828713],[0.037340254804961948,51.698752740659359],[0.037351416430877429,51.698743557287848],[0.03735975677715913,51.698735322097917],[0.03736662521651464,51.698726213191009],[0.03737431991692753,51.698703604843779],[0.037380585545572866,51.698683718125544],[0.037385822146294601,51.69867014308565],[0.03738955040124177,51.698657492556208],[0.037397727827319704,51.698645663201184],[0.037405947098660804,51.698634733265983],[0.037428350948956211,51.698618162705252],[0.037436691218326039,51.698609926611546],[0.03744630268090203,51.698600770119398],[0.037450430506199853,51.6985944055875],[0.03745300966758363,51.698588067918635],[0.037454157291437459,51.698581755081214],[0.037452081579502784,51.698567407630257],[0.037442450004118083,51.698546897412996],[0.037436000451175497,51.698530828235164],[0.037430863825765943,51.698514735383924],[0.037428903651867698,51.698502991946299],[0.037428782602147777,51.698500297204141],[0.037430052723267195,51.698496679083917],[0.03744006519954067,51.698493808566852],[0.037444396240295504,51.69849193584605],[0.037450037310762171,51.69849003950204],[0.037455838802489358,51.698489040521409],[0.037467605600973612,51.698493330849999],[0.037483704516916655,51.698498446177645],[0.037516065251995863,51.698509661373777],[0.037548342721169012,51.698518990485958],[0.037593856033509412,51.698533483668747],[0.03763487839347672,51.698546257146383],[0.037674548889692641,51.698558154814755],[0.037720102609519218,51.698573545595856],[0.037762675148784182,51.698586292136255],[0.037796343496184749,51.698597394645816],[0.037811050223672149,51.698600735587803],[0.037827028101314351,51.698603155227438],[0.03784590547767152,51.69860372696558],[0.037853259587111478,51.698605397870388],[0.037860453266866635,51.698606171411811],[0.037867725186795743,51.698606045247494],[0.037876347939515144,51.698604098051391],[0.037886241838239236,51.698601229553553],[0.037899032683433011,51.698593815457244],[0.037918779037517086,51.698584483086762],[0.037944322879239406,51.698571454036319],[0.037968439126964321,51.698561146591601],[0.03799982727411557,51.698550712969642],[0.038006899903539539,51.698548792659516],[0.038009841170798468,51.698547842379199],[0.038014052174922625,51.698545971719987],[0.038015401514037692,51.69854414981365],[0.03801671196436511,51.698541430234165],[0.038017819133518392,51.698534218845481],[0.038016146875212556,51.698528854176367],[0.038017294419250058,51.698522541334249],[0.03802122176784923,51.698511684923751],[0.038023921970185483,51.698508042882906],[0.038028092554453594,51.698505272778107],[0.038033853659237872,51.698503375222465],[0.038042476385082603,51.698501428014417],[0.038046808429612208,51.698502251196679],[0.038055794415537671,51.698508388211039],[0.038066210492060527,51.698514500410852],[0.03807973041140042,51.698525953337345],[0.038097543455783048,51.698537330870934],[0.038115434703697951,51.698547807797766],[0.038131653355432442,51.698555617801588],[0.038150895439004059,51.698564273688625],[0.038165683972399625,51.69857210760393],[0.038195544032871724,51.698591367506921],[0.038222260996304491,51.698607085854036],[0.038281779012012351,51.69864381063703],[0.038329328689459541,51.698669056467374],[0.038378390326778984,51.698698770477527],[0.038393503370547984,51.698713790911597],[0.038404323248545362,51.698728885847856],[0.038412402606866423,51.698746725184776],[0.038423346187376292,51.698767212556099],[0.038427053098570071,51.69878333017747],[0.038428646134796483,51.698786898620732],[0.038428807588346173,51.698790491008857],[0.038426147826528381,51.698795032503526],[0.038422139785682763,51.698804091833658],[0.038409875291124294,51.698820576550759],[0.038400387625389817,51.698835124658338],[0.038393799443364948,51.698847824852493],[0.038391021102441511,51.698852368404125],[0.038385459307182769,51.698856061012421],[0.038371115777710768,51.698860804365154],[0.038352518391090218,51.698863824840373],[0.03811075131974561,51.698894989449578],[0.038073034179928238,51.698892047806339],[0.038046922577318766,51.6988898040306],[0.03803527670912675,51.698888208502993],[0.038022121058592748,51.69888753751804],[0.038011987448269613,51.698887713344071],[0.038000462667091311,51.698888812554003],[0.037977656676629064,51.698896399529019],[0.037967843469250875,51.698901065128133],[0.037960813668581367,51.698906580781319],[0.037954064959977857,51.698918384487918],[0.037948746731472104,51.698927466533092],[0.037946128351542339,51.698935603387383],[0.037946289808119482,51.698939196675042],[0.037946059809682887,51.698949988033135],[0.037985463143108869,51.699035607808838],[0.038006499877628191,51.699055020848725],[0.03802578104207343,51.699064574426572],[0.038034888267328149,51.699073407080228],[0.038044035791792892,51.699083136482514],[0.038046978202912252,51.699084883922858],[0.038048489021646204,51.699086655303446],[0.038050041663036493,51.699089325205392],[0.038060619340994598,51.699099030691009],[0.038069766916623962,51.699108760989674],[0.038077364369908447,51.699118518184235],[0.038080465694505843,51.69912116121418],[0.03808651599087181,51.699128338336138],[0.038091128138668266,51.699132752745825],[0.038097053308364,51.699137145271784],[0.038101546925318294,51.699141562636996],[0.03810763100772091,51.699146850752861],[0.038112045317018763,51.6991494709997],[0.038113556140507564,51.699151242379394],[0.038118089023760758,51.699153860568558],[0.038119640266001537,51.699156531393143],[0.03812270373822764,51.699160972673624],[0.038124254940601697,51.699163642599579],[0.038127398095227152,51.699167184149559],[0.038128989676292517,51.699170752621804],[0.038132012812543359,51.699174296254164],[0.03813662753134843,51.699181408358619],[0.038139890337107525,51.699187644673941],[0.038144506464176553,51.699194755854364],[0.038150752033137912,51.699203637254854],[0.038155205283255687,51.699207156071452],[0.038158268802875879,51.699211598249434],[0.038162880966274008,51.699216012656088],[0.038165944487264229,51.699220454833835],[0.038170478458042105,51.699225769844034],[0.038175092110489355,51.699230185123611],[0.038178195972546132,51.69923552494884],[0.038182649227964549,51.699239043764337],[0.038185672373074388,51.699242587395176],[0.038188854431189849,51.699247026616206],[0.038190407126915786,51.699249697414636],[0.038190528225123865,51.699252392155188],[0.038196895989087702,51.69926666511661],[0.03819729966484476,51.699275647884555],[0.038198930555871799,51.69927741807895],[0.038199011274966881,51.699279214273119],[0.038202034424107675,51.699282757903454],[0.038204936474509538,51.699283606793216],[0.038206447306196295,51.699285378171595],[0.038210939868742931,51.699287098709107],[0.038213882259252666,51.699288845246443],[0.038218254762476936,51.699290566967754],[0.038233003207595422,51.699297503223193],[0.038247750574963185,51.699301742653624],[0.038253514258736486,51.699302540985883],[0.038259436937622432,51.699304236705132],[0.038294252377846512,51.699306329397011],[0.038307247751728384,51.699306103886528],[0.038320283507607251,51.699306776920857],[0.03833327888139363,51.699306551407489],[0.038346316043354832,51.699307223515319],[0.038360861549521813,51.699306971098629],[0.038373816580178015,51.69930584793304],[0.038404098019048219,51.699302625590413],[0.038422694135128443,51.699299605130413],[0.038441371410440239,51.699295685810441],[0.038460087540577441,51.699292663261751],[0.038471570620926335,51.69929066638322],[0.038481665379008337,51.699289591945288],[0.038498831412529584,51.699286597191012],[0.038506024153377928,51.699284674767128],[0.038511705661653184,51.699283676917986],[0.03851607707718957,51.699282701805167],[0.03851889840147333,51.699281754493306],[0.038521760071386336,51.699281704828991],[0.038524579909084443,51.699280756643532],[0.038527561598424596,51.699280704896132],[0.038530381435935505,51.699279756710546],[0.038539085018690827,51.699279605658681],[0.038547791147446747,51.699282151403999],[0.038550852164244413,51.699283896773423],[0.03855522467942897,51.699285618482065],[0.038558167123245432,51.699287365909179],[0.038564130157692098,51.699289959260575],[0.038571524751069938,51.699292527766332],[0.038578839713039402,51.699295996900752],[0.038602493658745039,51.699307272987198],[0.038627659951769477,51.699320321314978],[0.038651354310986416,51.699332495937419],[0.038731384771254145,51.69937425816282],[0.038797936883244392,51.699405466915501],[0.038814235548102691,51.699412375291637],[0.038828943730006914,51.699418412924672],[0.038845083477996596,51.699424425707129],[0.038856895121882423,51.699429705190944],[0.038884880234586618,51.699439107547136],[0.038892235637647848,51.699443475207396],[0.038901100784991469,51.69944691741361],[0.038908535816743542,51.699450384443509],[0.038914378872499905,51.699452979859956],[0.038920301554575362,51.699454674646809],[0.038926146057569062,51.699457270037541],[0.038933498898188083,51.699458940897657],[0.03894081279066558,51.699459713186272],[0.038958180750440767,51.699461209297041],[0.038975587980865325,51.699460907128589],[0.038988542997866978,51.699459782996357],[0.039002929617707134,51.699458634910634],[0.039015884633299247,51.699457510775432],[0.039033211068643568,51.699455411506698],[0.039043304443003662,51.699454337943905],[0.039050417522778914,51.699453315217461],[0.039059040382365025,51.699451367933598],[0.039080739404301727,51.699450991245747],[0.039086621694527215,51.699451787478324],[0.039095245685103718,51.699452537014274],[0.039102599936507235,51.699454206940082],[0.039111384345757769,51.69945585293712],[0.039118658976569159,51.699458423491301],[0.039126011783733317,51.69946009344072],[0.039134836593468884,51.699462637981775],[0.039136308514757155,51.699463510776788],[0.039148033918528592,51.699466903309705],[0.039155388214541419,51.699468574130734],[0.03916711358059393,51.699471965763166],[0.039171487623301693,51.699473688321817],[0.039175819820934918,51.699474512359636],[0.039180312397761735,51.699476231960844],[0.03918321303224661,51.699477080851182],[0.039186034313723278,51.699476132624781],[0.039196168048080918,51.699475956696062],[0.039201971030065952,51.699474956704741],[0.039206262828370725,51.699474882195624],[0.039212064404360453,51.699473883127432],[0.039217786319926645,51.699473783789813],[0.03922215773775372,51.699472808650739],[0.039227881099169283,51.699472709287527],[0.039243775966320921,51.699470634841148],[0.039259592699459805,51.699469461895532],[0.039275328629075373,51.699466491856349],[0.039305367733212804,51.699457878905172],[0.039315299533005346,51.699453212034783],[0.039323801173856004,51.699448569094479],[0.039340603665692218,51.699437489103033],[0.03934902453592487,51.699431049968126],[0.039356015288073906,51.699424635662467],[0.039361535262844194,51.699420045386582],[0.039365741060199515,51.699415387103492],[0.039368400802362417,51.699410846487133],[0.039372207877416313,51.699399992119517],[0.039370575827727149,51.699395526018222],[0.039370414255702417,51.699391932734031],[0.039368780720067463,51.699387465759258],[0.03936861914823149,51.699383872475067],[0.039366987099519156,51.699379406373694],[0.039366825527871914,51.699375813089489],[0.039365193439245119,51.699371346089535],[0.039364749168318836,51.699361465681136],[0.039363277205665279,51.699360591990448],[0.039363075231514395,51.699356100160536],[0.039361484735853929,51.699355229427091],[0.039359933413818861,51.699352558619864],[0.039356869807852593,51.699348117373248],[0.039350904127509634,51.699342827265461],[0.039329586545313794,51.699319823249326],[0.039318968144158271,51.699309219336129],[0.039311331176974773,51.699301261400663],[0.039302304462082389,51.699294225940967],[0.039294787519850091,51.699286265920598],[0.039285518483801282,51.699273840982173],[0.039282374088241243,51.69926760264191],[0.039277681009562387,51.699261391189019],[0.03927457701699321,51.699256051394272],[0.03927290454107827,51.699250685847055],[0.039272419891228275,51.699239906892132],[0.039273607635813002,51.699234491687349],[0.039276930069571156,51.699212858367467],[0.039279667981575603,51.699207417148635],[0.039280857210950156,51.699202002817216],[0.039287523363845799,51.69918840197181],[0.039292923559782242,51.699181116036804],[0.039296851839206434,51.699172957308541],[0.039305070700667848,51.699162026346734],[0.039311859491492553,51.699151121112138],[0.039320076899486543,51.699140190174418],[0.039328056011308718,51.699126566531021],[0.039337624239769761,51.699113815443241],[0.039345717874602427,51.699100099885449],[0.039365962635714909,51.699067384485566],[0.039374141099671467,51.699055555871929],[0.039383749663104997,51.69904370242773],[0.039400472672880618,51.69903082621078],[0.039421686767176368,51.69901966960915],[0.039458434668179894,51.699001052010274],[0.039468325908261478,51.698995485683639],[0.039479689138896532,51.698990793944112],[0.0394926414060962,51.698986972960491],[0.039504125807112635,51.698984975957138],[0.039517080673735619,51.698983851768155],[0.039528645843703254,51.698983650955192],[0.039546054043631582,51.698986045526539],[0.039563703442631437,51.698991132749654],[0.039579802765257396,51.698996247785068],[0.039592999993797819,51.699000513064334],[0.039604807529729003,51.699005701720424],[0.039618163783881534,51.699010864382025],[0.039641698094035137,51.699019445495168],[0.039682437227704238,51.699025930248695],[0.039734740342879556,51.699029516433768],[0.039739112917399386,51.699031238996746],[0.039742055348811145,51.699032985495386],[0.039745077429613578,51.699033832262785],[0.039746547902273867,51.699034705075327],[0.039749449964512386,51.699035553926819],[0.03975692395552663,51.699039919473925],[0.039759947208807392,51.699043463063134],[0.039761417682080191,51.699044335875477],[0.039761821664390906,51.699053318635023],[0.039760472381416181,51.699055140560702],[0.039757691508161261,51.699056986447509],[0.039749149574781685,51.699060730872709],[0.039746370187152921,51.699062577632709],[0.039736396661274501,51.699066346018029],[0.039726465029843123,51.699071013821438],[0.039717963500738938,51.699075656789951],[0.039707991415607928,51.699079425147794],[0.039697977554457871,51.699082296781448],[0.039688045875123763,51.699086963683158],[0.039682445196135861,51.69908975778128],[0.039678273175407681,51.699092527070619],[0.039674024435937372,51.699096196939252],[0.039672714070440686,51.69909891653608],[0.039671368823428449,51.699100828315309],[0.039670058457631628,51.699103547912109],[0.039667683028695701,51.699114377430242],[0.03966792539944787,51.699119766906492],[0.039666698422046079,51.699126979492945],[0.039667829540046599,51.699152131580107],[0.039669622077646544,51.699157495037205],[0.039678690356516617,51.699168124937721],[0.039684815033208788,51.69917431151535],[0.039693801373026784,51.699180448399858],[0.039704137044749552,51.699184764257154],[0.039707079484968315,51.699186510756554],[0.039711452073757661,51.699188233320335],[0.039714394514482027,51.699189979819536],[0.039720276821364482,51.699190776919203],[0.039724609001228747,51.699191600936977],[0.039730492714103817,51.699192397112462],[0.039761014907637435,51.699194563922816],[0.039771110823815521,51.699196187095254],[0.039779895165256152,51.699197832144094],[0.03979010965597625,51.699199453255801],[0.039809190719433139,51.69920451558049],[0.039826760625223917,51.699210503392372],[0.039845880663541923,51.699216464281555],[0.0398810597321431,51.699226641614793],[0.03989429746897704,51.699231805404438],[0.039911866215212526,51.699235096381301],[0.039923593061302512,51.699238488811829],[0.039926535513362123,51.699240235305574],[0.039926616300747057,51.699242031497803],[0.039928086824116651,51.699242905206482],[0.039928167651985133,51.699244702297293],[0.03993127172021986,51.69925004207392],[0.039931392921831704,51.69925273681153],[0.039930084013604573,51.699255456385927],[0.039927383963191079,51.699259099367559],[0.039914631017200101,51.699264714532397],[0.039904778702243848,51.699271178568416],[0.039894887457598116,51.69927674493163],[0.039885036583243647,51.699283208940933],[0.039875143847104229,51.699288774429121],[0.039863862856151719,51.699295263272766],[0.039855442084738298,51.69930170244367],[0.039847180296825761,51.699309038100232],[0.039840231450251645,51.699316350056066],[0.039833564000267947,51.69932995095612],[0.039834089197215733,51.699341628452565],[0.039835841350287976,51.699346093361235],[0.039837515302014619,51.699351457975958],[0.039840578995350685,51.699355900108053],[0.039842291914431532,51.699362163293216],[0.039845436393508731,51.699368401617484],[0.039847149313779452,51.699374664802548],[0.039850533565475785,51.699383595805131],[0.039850937570341902,51.699392578563653],[0.039852773135970625,51.699401536461174],[0.039856285254174117,51.699415948852653],[0.039858079003529771,51.699424009128258],[0.039867671450361214,51.699443620585249],[0.039873957762628767,51.699453399536552],[0.039883066603853545,51.699464928863527],[0.03989364620540789,51.699474634153127],[0.039905654442170792,51.699484313731745],[0.039913251170729677,51.699491373980081],[0.039923667722505711,51.699497486009015],[0.039934045308681408,51.699502699466535],[0.039951574972709819,51.699507789611225],[0.039960359381013305,51.699509434645741],[0.039961829913836816,51.699510308353858],[0.039978009030105344,51.699514521803458],[0.039980909681439719,51.699515370673886],[0.039985324133490326,51.699517990848605],[0.039988184369672171,51.699517941173518],[0.039989774923324492,51.699518812796825],[0.040001340226262935,51.699518611935872],[0.040004161492639169,51.699517663689988],[0.040007023174787631,51.699517613989336],[0.040011274599417029,51.699516641804017],[0.040014214439447603,51.699515691498547],[0.04002128708910007,51.699513770168146],[0.040027007818390276,51.69951097396924],[0.040034160110725851,51.699508152906837],[0.040044013646881121,51.699504385681685],[0.040053904962168208,51.69949882020429],[0.040065308631874859,51.699495026054528],[0.040073849173281974,51.699491281631097],[0.040083863139736907,51.699488410863395],[0.040092405124350583,51.699484666413525],[0.040098086660912177,51.699483669386318],[0.04010384775895557,51.699481770830452],[0.040109530700491038,51.699480772879028],[0.040123914654583051,51.69947692785955],[0.040131027711675996,51.699475905067892],[0.040145411621920417,51.699472059147276],[0.040159757793522113,51.69947001237486],[0.040174062058201329,51.699467066182073],[0.040182684869814217,51.699465118816192],[0.040199891269761659,51.699463022359097],[0.040217177227509233,51.699460024371078],[0.040251710038240809,51.699455829359607],[0.040260413645455365,51.699455678179881],[0.040270506947435045,51.69945460361339],[0.040289225703111942,51.699454278468977],[0.040326982610905462,51.699455420218442],[0.040348762462804971,51.699456840386645],[0.040367560577943024,51.69945831144657],[0.040376304608127189,51.69945905880337],[0.040390812377189562,51.699460604386218],[0.040396694730249767,51.699461401451458],[0.040405559992148524,51.699464843542813],[0.040411362709552826,51.699466540338719],[0.040420308821569689,51.699471779519115],[0.04042476223187777,51.699475297348741],[0.040429376127403729,51.69947971253692],[0.04043530156657682,51.699484104941718],[0.040447188686667732,51.699491089727019],[0.040454623841231108,51.699494556657669],[0.040481220878825289,51.699507579737684],[0.040504836418952472,51.699517956864106],[0.040516602361441424,51.699522247804147],[0.040524037526363313,51.699525714730257],[0.040531430820085666,51.699528283136026],[0.040540177531151064,51.69953172727682],[0.040546100282053868,51.699533421980874],[0.040553493578254607,51.699535990385222],[0.040560727914826199,51.699537663202534],[0.040563589597245577,51.69953761348831],[0.040568041844903771,51.699538435389357],[0.040586760631702717,51.699538110197174],[0.040617040565463891,51.699534886410632],[0.040629956615963136,51.699532864426061],[0.040658766036603261,51.699528767827793],[0.040681733515100273,51.699524772716956],[0.040694649559659901,51.699522750725286],[0.040703351731277246,51.699522599537744],[0.040720559532336983,51.699520502080723],[0.040758234235123252,51.699519847524698],[0.040768409846328665,51.699520569980038],[0.040776993443197511,51.699520420847158],[0.040787167608749758,51.69952114332601],[0.040791619858596605,51.699521965218558],[0.040803265979475783,51.699523560469828],[0.040809068718784564,51.699525257245824],[0.040813561401291366,51.699526977682417],[0.040839916004888115,51.699534610309222],[0.040841428433659684,51.699536382525842],[0.040844329061535907,51.699537230476224],[0.040845841490569003,51.699539002692781],[0.040846003180304728,51.699542595973575],[0.040847593710565448,51.699543466686535],[0.040848038347763245,51.699553347984043],[0.040846690331731626,51.699557866743007],[0.040847094536358736,51.699566849495653],[0.040846228865982985,51.699579450402233],[0.040843934521605126,51.699592076131673],[0.040843068850067193,51.699604677038174],[0.040840110912946766,51.699634394600984],[0.040841404392130409,51.699663139948349],[0.040844508637688695,51.699668480597559],[0.040846100409812881,51.699672048131688],[0.040846221708029311,51.699674743766117],[0.040847693668667383,51.699675616539196],[0.040847774534216667,51.699677413628834],[0.040849245048932691,51.699678286427016],[0.04085222803830818,51.699680932340101],[0.040853859006517008,51.699682701597681],[0.040856840509996849,51.699685346637231],[0.040859904325918989,51.699689788741189],[0.0408614975865179,51.699693357148504],[0.04086448053718212,51.699696002162703],[0.040867784147761453,51.69970313604351],[0.040869295137378171,51.699704908284758],[0.040869622565847356,51.699712184700516],[0.040868354094501305,51.69971580193095],[0.040869768854849657,51.699747242013217],[0.040866909884993141,51.699749989429648],[0.040864209841685276,51.699753631533461],[0.040861469445652054,51.699756376889525],[0.04085737970967121,51.699760942386256],[0.040851739867596146,51.699765535714874],[0.040846258991410866,51.699771024629271],[0.04083787870775421,51.699778362414371],[0.040823857296722485,51.699787595806512],[0.040816664578955573,51.699789518372],[0.040810943864783567,51.699792314609113],[0.040803830774737336,51.699793337442273],[0.040800890933973107,51.699794287767489],[0.04079802923578553,51.69979433748766],[0.040793777843387967,51.699795310600045],[0.040785114565181593,51.699796359466291],[0.040776491758526247,51.699798307775218],[0.040769378626289904,51.699799329707773],[0.04076357708576861,51.699800329751476],[0.040757934550843186,51.699802226279637],[0.040752132969253306,51.699803225424233],[0.040743510159815442,51.69980517373078],[0.040735047760665881,51.699808017597832],[0.040726424909122851,51.69980996500459],[0.040723603640324291,51.699810913267832],[0.040719191793528217,51.699810989917886],[0.040716370524509854,51.69981193818095],[0.040713510271102975,51.69981198787395],[0.040712000513492282,51.699812912451947],[0.040709138813971368,51.699812962169965],[0.040707749117429852,51.699813885561255],[0.040704927847986232,51.699814833824043],[0.040700516000757768,51.699814910473407],[0.040699126303979358,51.699815833864591],[0.040691972777667791,51.699815958146161],[0.040690581594205952,51.699816880663825],[0.040687601319670176,51.699816932441379],[0.040686211622563466,51.699817855832414],[0.040679138914713399,51.699819776304459],[0.040677629196577102,51.699820701780553],[0.040660704203952569,51.699829087249597],[0.040657965196635525,51.699831831677386],[0.040653674594680923,51.699834603061149],[0.040649544442084996,51.699838270904529],[0.040641083256227423,51.699843811586192],[0.040636953101797907,51.699847479429145],[0.040625872701458038,51.699858459298291],[0.040621743768874764,51.699864823962031],[0.040619003311044267,51.699867568414064],[0.040617694467974634,51.699870288894132],[0.040616345155863431,51.699872109930752],[0.04061364634963472,51.699878449748873],[0.040612539567172937,51.699885661156351],[0.040613590383355505,51.699909016135656],[0.040615384288954254,51.699917076397398],[0.040618729752257866,51.69992510880499],[0.040620523659485583,51.699933169066632],[0.040623749103869573,51.699941203559135],[0.040625260051816145,51.699942974904936],[0.040625340909328872,51.699944771994723],[0.040629914444349262,51.699948288629088],[0.040632816541029793,51.699949136559255],[0.040635757661184206,51.699950883957897],[0.040637270055963431,51.699952655278388],[0.040638740616206183,51.699953528977701],[0.040643394971006205,51.699958841802719],[0.04064637792699085,51.699961486822275],[0.040650871873495489,51.699965904085786],[0.040656956362789771,51.699971192064453],[0.040662881889247306,51.699975584456482],[0.040673339083026311,51.699982594960993],[0.040696953470425949,51.699992972069971],[0.040707250438114739,51.699996389265401],[0.040716115828663531,51.699999831331638],[0.040726411353270389,51.700003248550473],[0.040738138458283467,51.70000664089644],[0.04074099872393197,51.700006591202701],[0.040742470693520848,51.700007463976952],[0.040752604536735182,51.700007287912726],[0.040754076547009944,51.700008161585387],[0.040759918545730536,51.700008060086702],[0.040771563344872086,51.700009655364795],[0.040775856635605234,51.700009580772686],[0.040780307487428766,51.700010402690225],[0.040786071343153471,51.700011201795178],[0.040789092062368137,51.700012048559778],[0.040791953774304106,51.700011998839692],[0.040794855878013944,51.700012846765773],[0.040799188155263413,51.700013670742742],[0.040816838092759176,51.700018757770806],[0.04082709319619348,51.700021276435898],[0.040838824356452745,51.700024758626157],[0.040857864042998022,51.70002892315366],[0.04089876735212046,51.700038999829196],[0.040925122309955562,51.700046633331461],[0.040952986996638775,51.700053341348081],[0.040980773511595125,51.700060949064465],[0.040996951470452736,51.700065162395276],[0.041014400595259799,51.70006845528787],[0.041026168174891561,51.700072746149281],[0.041034952729942037,51.700074391101651],[0.041039325454350677,51.700076113614308],[0.041043777722849152,51.700076934598023],[0.041045248294878212,51.700077808292072],[0.041048110010506234,51.700077758565683],[0.041049582028697025,51.700078632234543],[0.041067109299989656,51.700081024514162],[0.041077325439017563,51.700082644587326],[0.041087499735024409,51.700083367038644],[0.041099146050669,51.700084963157309],[0.041129429049792117,51.700084436929679],[0.041158321055522723,51.700082136371407],[0.041174097504914825,51.700080064621709],[0.041200207224575527,51.700079610896893],[0.041210381481117865,51.700080332439022],[0.041221987359187411,51.700081030000909],[0.041240827645245517,51.700083399437197],[0.041261258531036175,51.700086640475924],[0.04128029828058246,51.700090804934192],[0.041294845276240597,51.700093248972337],[0.041307921695816846,51.700094819317989],[0.041321080447802777,51.700098186726002],[0.041327003341809644,51.700099882287937],[0.041331335596081216,51.700100705346522],[0.041332346387821892,51.700123162668596],[0.041331400000538566,51.700133967385874],[0.041333421547362609,51.700178881131045],[0.041335014863296257,51.700182449531056],[0.041335176595505188,51.700186042810373],[0.041336687619856198,51.700187815045112],[0.041336808909022041,51.700190509779929],[0.041338480358076704,51.700193177574711],[0.041340193518319218,51.7001994407346],[0.041341948568415471,51.700206602413765],[0.041343661729693247,51.700212865573562],[0.041350274651026593,51.700232527794057],[0.041353659266334407,51.700241458748209],[0.04135712748524812,51.700254883586616],[0.04136055526253675,51.700267409880439],[0.041362551454889172,51.700279961053781],[0.041367691134419203,51.700296053686039],[0.04136873573193494,51.700300709819345],[0.041374874220403153,51.700328382685328],[0.041376708683462084,51.700337340579125],[0.041378703613651008,51.700347194931403],[0.041380538078330878,51.700356152825123],[0.04138233354545906,51.700364212149232],[0.041382697463888903,51.700372297251789],[0.041384491486071345,51.700380356600981],[0.041386487690888207,51.700392907773576],[0.041390400701417293,51.700416213903182],[0.04139411022150128,51.700432330490017],[0.041395863844090046,51.700439492193055],[0.041399251202615256,51.700451119940745],[0.04140308337614293,51.700472629879364],[0.041403568553642869,51.700483408817711],[0.041405483919499386,51.700494163799469],[0.041407020386354375,51.700528298601611],[0.041408814419800863,51.700536357950092],[0.041409137900042747,51.700543544507909],[0.041411051957206374,51.700551601770407],[0.041411396509566441,51.70055469099141],[0.041413453955618948,51.700573135664861],[0.0414145828770415,51.700583523033529],[0.041415887725627661,51.700595568254336],[0.041415887816482491,51.700595602424144],[0.041416897131075242,51.70061802559843],[0.04141690172190788,51.700618063287031],[0.041417062804208815,51.700660834082996],[0.041417094686303633,51.700668615614724],[0.041390701910825126,51.700690567213549],[0.041380904803907055,51.700696202205243],[0.041345732623156051,51.700716434139416],[0.041336955446918809,51.700721483077821],[0.041310759266823524,51.700735553835621],[0.041299746081102817,51.700741468937288]]]},"properties":{"OBJECTID":19,"SHAPE.AREA":123741.981891545,"GLOBALID":"{38319BD4-43C7-4E79-AE21-3936B94F5243}"}},{"type":"Feature","id":24,"geometry":{"type":"Polygon","coordinates":[[[0.049557530629361683,51.689423001661865],[0.049480747639582115,51.689494758195785],[0.049480067417065926,51.689495394144949],[0.049418760188743867,51.689456146964879],[0.049394826479850697,51.689449192539691],[0.04932874603780197,51.68943614191658],[0.049278846307536699,51.689422178560079],[0.049250856338987604,51.689415205854175],[0.049192781429232918,51.689397160425379],[0.049157794757065963,51.689383207496853],[0.049120877748573752,51.689366140861942],[0.049090868339929088,51.689346167826173],[0.049058825487842551,51.689318138809348],[0.049025787940341375,51.689289227887635],[0.049007826444065553,51.689269224492357],[0.048981824738915297,51.689248191437258],[0.048858844699286808,51.68916915796423],[0.048893806996035329,51.689148231305445],[0.048744910156643749,51.689071177653439],[0.048625927686324143,51.689017246007303],[0.048519856532788598,51.688969202146673],[0.048451891738282238,51.688938203402692],[0.048395889394115828,51.688913199011814],[0.048317965466292273,51.688878239134631],[0.048286913148817508,51.688864217334419],[0.048224931132359573,51.688836260597007],[0.048111000838143375,51.68878322860418],[0.048045946258895252,51.688753257978412],[0.048006007516661613,51.688735255414045],[0.047538006486498259,51.688523251901444],[0.047393041620267293,51.688451252831698],[0.04727009952782988,51.688378240229589],[0.047033077593236404,51.688238263207175],[0.046865119459112564,51.688119287277168],[0.046618217539079056,51.687945319120267],[0.046427248947198463,51.687813348321036],[0.046380207297095695,51.687783332698785],[0.046333196585198078,51.687751339068946],[0.046325218434494136,51.687746353250589],[0.0463161636062785,51.687741297165054],[0.046293240203647265,51.687730279687088],[0.046278224955817869,51.687725326547337],[0.046275196898727049,51.687724301104282],[0.046190236157267861,51.687726319977415],[0.046177205216610964,51.687728345501881],[0.046165202369201949,51.687729363938992],[0.046139287222304017,51.687731343251151],[0.046095256840063499,51.687736335897974],[0.046053193541804399,51.687737338460863],[0.04601427423017674,51.687739274513966],[0.045985271325904284,51.687736273583255],[0.045957236875075601,51.687728311700575],[0.045908220184446,51.687715320718475],[0.045866326994936098,51.687688361682397],[0.045768342457331836,51.687597292885691],[0.045717329751558518,51.687545320850745],[0.04566431190144387,51.6874753132984],[0.045635307697601615,51.687419361791413],[0.045528385699566978,51.68713534450373],[0.045326411851589192,51.686539414113064],[0.045292337100494441,51.686434466178575],[0.045282341098625674,51.68637944161128],[0.045256397044544275,51.686285499171909],[0.04512437228848528,51.68590752440322],[0.045018471351162187,51.685529544228331],[0.044964495838254709,51.685345561436819],[0.044917509680522751,51.685197595973662],[0.044900538813269365,51.68514655958591],[0.044851442016422396,51.685004654019195],[0.044756533111583056,51.684719617508257],[0.044463535001840714,51.684755644424115],[0.04438950946908355,51.684764663871889],[0.041862780284553334,51.685087576889991],[0.04178786134050376,51.684241669475234],[0.041810897544018427,51.683377787055093],[0.041807957333640684,51.683378737421364],[0.041837957916929874,51.683260807114173],[0.041890967734584561,51.683065793240409],[0.041915887878708022,51.682980764856076],[0.041939962929917453,51.682908785782722],[0.041967866103426933,51.682823795444492],[0.042003956210304533,51.682737854325417],[0.042028914932260485,51.682682851189284],[0.042058879216278898,51.682619850312072],[0.042090957706431106,51.682534877264395],[0.042129885026427852,51.682429827166949],[0.042211929730506054,51.682418871175095],[0.042205967332268654,51.682373845102966],[0.042207930563759287,51.682353853913028],[0.042206925334737334,51.682328879441499],[0.042254888026009907,51.682209917254909],[0.042264958580813486,51.682189875007062],[0.042266770862225127,51.682185078367503],[0.04226797406026981,51.682185327219528],[0.042340232089187718,51.682203399146587],[0.042586315698434067,51.682270139538019],[0.04283525920874795,51.682336830570925],[0.043000678870170998,51.682381598959672],[0.04315619877591631,51.682460791773714],[0.043339774423221518,51.682553790736108],[0.043607577362882816,51.682692250283317],[0.043902058837025623,51.682840403763301],[0.04406125856924141,51.682905867248323],[0.044322223369910117,51.683014238392445],[0.044350908239235452,51.683026145129332],[0.044437647276290938,51.683055830207351],[0.04465607457430941,51.683130689559981],[0.044670896704371889,51.683136724462535],[0.044685642197298717,51.683143659048248],[0.044701898303646487,51.683152366731662],[0.044719825366684361,51.683163741272779],[0.04475094553214861,51.683179381464861],[0.044889470968546549,51.683267767768427],[0.044934069166016721,51.683296657491866],[0.04503445095644993,51.683372313448672],[0.045173949130266171,51.683482258190011],[0.045271347000106932,51.683557875085143],[0.045353762023711552,51.683621257756336],[0.045416691737839979,51.683667808549558],[0.045460101045628136,51.683699415632859],[0.045501962306457783,51.683731050561626],[0.045564569872806063,51.683773111536453],[0.045591602926908358,51.683793318046369],[0.045621295700509282,51.683811679723618],[0.045654089188130929,51.683832684236002],[0.04568966241966322,51.683851842719918],[0.045725277592595481,51.683871898813408],[0.045760810377624361,51.683890158730456],[0.045806716375599438,51.683913631644643],[0.045852587448805944,51.683936296723658],[0.04594582778918254,51.683980520729875],[0.046096621346520712,51.684052509905818],[0.046155599661324716,51.684077553441305],[0.046193912486472491,51.684093967193135],[0.046235123538317865,51.684108531936651],[0.046276337595657871,51.684125793464609],[0.046319020294360955,51.684141231788054],[0.046455809788665918,51.684190989551077],[0.046626626411738946,51.68425732537586],[0.046792705007853423,51.684316461399867],[0.046848622210978415,51.684337063486637],[0.04709438933813781,51.684425465673513],[0.04736670473311947,51.684507472195762],[0.047525615012692299,51.684553067148194],[0.047559400191196505,51.684561647789991],[0.047806755366149818,51.684624400273975],[0.04799014804291192,51.684662736113097],[0.048069885584549721,51.684671953190389],[0.048179156593462454,51.68468542029678],[0.048350574045102242,51.684698882527258],[0.04878843953325028,51.684735655309645],[0.049215840788962961,51.684778362450423],[0.049362477565352246,51.684795132286887],[0.049449976218180716,51.684807180528104],[0.049539270250132106,51.684821983251048],[0.049599095060147841,51.684839278544544],[0.049663448859214025,51.684856495666814],[0.049762618791743998,51.684886589376369],[0.049817924725198234,51.684906840129074],[0.049871682522866535,51.684927117876946],[0.050130690163277002,51.68502589111673],[0.050551060300841132,51.685208599971084],[0.050568668115494583,51.685215483850769],[0.050585881756261782,51.685218959256559],[0.050613382405363713,51.68522306437324],[0.05062763522210055,51.685224343342931],[0.050644376366458785,51.685222613135501],[0.050657067204383364,51.685215738892239],[0.050676684841300564,51.685219621035756],[0.050729158717734896,51.685229942728903],[0.050763094203770308,51.685236542378334],[0.050922607956689507,51.685403576806564],[0.051068077246938244,51.685418206713955],[0.051150834417958237,51.685430876052209],[0.051272445388709009,51.685448079684988],[0.051473507401386023,51.685473425671766],[0.051591580717431015,51.68548098245919],[0.051609761559109762,51.685482103667979],[0.051649444005881402,51.685486534395075],[0.051840354414188064,51.68550630368722],[0.051973877151035547,51.685520511712525],[0.052111916046728705,51.685536978728074],[0.052340855364746489,51.685564174186666],[0.052623849051881166,51.685597075351545],[0.052730202040120175,51.685603937483258],[0.053750618074681497,51.685705754212798],[0.054481737267393089,51.685785562870286],[0.054794126111574103,51.685814259476011],[0.054817329451972194,51.685815652017503],[0.054837673406743379,51.68581709368317],[0.054858098742833913,51.685820332423454],[0.054885673893683123,51.685823446063999],[0.055388393213299379,51.685890614312569],[0.055801214614743293,51.685942902247135],[0.056023383584574191,51.685973264713581],[0.05626374608523408,51.686026052986719],[0.056385216744121697,51.686053232790201],[0.056835125327809183,51.686173640666013],[0.056806101756211244,51.686209659483751],[0.056693127443892308,51.686314662432622],[0.056436118581054191,51.686552631809271],[0.056290139029233077,51.686650571319419],[0.056179130043553592,51.686751583536648],[0.056053197426817962,51.686886569822683],[0.056044109944329658,51.686896617973481],[0.055801161469070777,51.687147554243786],[0.05573520790223941,51.68719257953699],[0.055489216835413309,51.687368503418099],[0.055478163309927969,51.687361504660963],[0.055467229774532431,51.687354503802808],[0.055456222476011112,51.687348493410575],[0.05544414108290413,51.687342501815046],[0.055431225568921424,51.687336524816132],[0.055419190401600059,51.687331521585023],[0.055406199640083836,51.687326534177004],[0.05539321036772149,51.687321547640757],[0.055379189108736203,51.687317477514917],[0.055365171963172387,51.687313498139773],[0.055338253575235107,51.687306507233544],[0.055324161180850241,51.687303517447091],[0.055309236110455441,51.687300542230666],[0.055294234380713576,51.687298557529815],[0.055279230027796257,51.6872964829479],[0.055264154489246507,51.687295487811561],[0.055249198978553585,51.687294491472116],[0.055234241982145632,51.687293494257524],[0.05521825855039636,51.687293504178655],[0.055203227782894111,51.687293497426985],[0.055188197015341195,51.687293490673362],[0.055173212461645749,51.687294472285103],[0.055150281507264046,51.687296491296827],[0.055135250779233924,51.687296485435013],[0.055119267346013814,51.687296495342665],[0.055104281303284722,51.687297476072395],[0.055088222649463045,51.687298476467952],[0.055073285481749508,51.687300536338718],[0.055058225661347264,51.687302507529402],[0.055043284380557021,51.687304476643973],[0.055028273432860528,51.687307526975893],[0.055013258372858614,51.687310486553493],[0.054998247380347989,51.687313535983037],[0.054984229745439164,51.687317467280657],[0.054970216136815409,51.687321487531968],[0.054957201440766844,51.6873264803789],[0.054943189313208844,51.687330501500249],[0.054930219333913892,51.687336481838386],[0.054917204588389903,51.687341473782439],[0.054905311364849663,51.68734752610262],[0.054893294041399553,51.687353489768562],[0.05488128222967454,51.687359543261877],[0.054870263773310821,51.687366478624902],[0.054509313764693972,51.687714500469703],[0.054490279835188726,51.687731465069831],[0.054040309650309599,51.688234410675683],[0.053857332232067019,51.688374347945661],[0.053111406288834866,51.688155358922927],[0.052978486275896249,51.688120374318842],[0.052842418210007472,51.688084365488784],[0.052818454173419502,51.688079390642692],[0.052563477777661759,51.688025412781769],[0.052394484747077523,51.68798934936413],[0.052368569292537463,51.687983419352179],[0.052324491629647571,51.687979425358748],[0.052281529863131199,51.687976400125834],[0.052227539065697479,51.687977433470742],[0.052139597786561596,51.68798742033411],[0.05211048989668661,51.687987389374733],[0.051916591352041401,51.687970370416501],[0.051932617495458501,51.687868413987651],[0.051528588150470164,51.687773436849838],[0.051513657651580877,51.687770371321342],[0.050830702777902213,51.6876324369522],[0.050830207322248515,51.687632358376391],[0.050702067659902712,51.687936526282066],[0.05068608266872094,51.687968709883719],[0.050592264544138885,51.688157590708578],[0.050499890388822015,51.688325744601627],[0.050460595962134362,51.68839747138226],[0.050303418135196037,51.688629973732617],[0.050182124458398966,51.688798542268927],[0.050168644621665322,51.688817212196156],[0.050159977281175445,51.688829647246166],[0.050116740992620423,51.688891676853203],[0.050018016068158908,51.689021812984286],[0.049936677100749144,51.689101578038745],[0.049901500759152076,51.689136073033282],[0.049818741399884785,51.689216111884974],[0.049786546052745455,51.689240054275757],[0.049774021993106536,51.689251063849781],[0.049750227741503658,51.689270061213385],[0.049708388444382252,51.689303466536188],[0.049557530629361683,51.689423001661865]],[[0.049078066359568157,51.689167078069737],[0.049259895474768688,51.689252751535136],[0.049299740774816719,51.689270041303715],[0.049311586328526669,51.689276039441587],[0.049468238840103533,51.689348842980635],[0.049503747226133668,51.68936620835882],[0.049601613034260868,51.689290765662328],[0.049470109617720012,51.689230109357368],[0.049378488217995453,51.689187644854819],[0.049170336297295641,51.689090613794512],[0.049078066359568157,51.689167078069737]]]},"properties":{"OBJECTID":24,"SHAPE.AREA":313441.29264507,"GLOBALID":"{AFB92AF3-9E1C-41C6-82AA-3347674A7976}"}},{"type":"Feature","id":25,"geometry":{"type":"Polygon","coordinates":[[[0.059383549749766347,51.68447459851253],[0.059340642910503741,51.684530548747531],[0.059270517197860452,51.685282527628857],[0.059241567896009935,51.685572421587239],[0.059235526920918824,51.685636446311157],[0.059091522303135691,51.685730399842136],[0.058954581060774079,51.685814429319166],[0.058806643254814904,51.68590844964524],[0.058609586389126743,51.686029401855471],[0.058253601181679875,51.6862493319924],[0.057334653076972927,51.685778808605164],[0.057333902299819703,51.685778012430603],[0.057228541970741932,51.685756214899314],[0.05705178925183986,51.685727846040862],[0.05689328941554557,51.685704730804964],[0.056566915676838206,51.685646437621884],[0.056125457139652841,51.685528128040943],[0.055717737637817705,51.685393584687546],[0.055460240734969177,51.685296864628],[0.055158721067683825,51.685192013578856],[0.054982740325493981,51.685141064107313],[0.054851217717983396,51.685113069565901],[0.054678094017697521,51.685085712763012],[0.054471102948984065,51.685045373060063],[0.054433274436634059,51.685039741830749],[0.054321101512992652,51.685022825110018],[0.054246830918971117,51.685010549116591],[0.054214642592761333,51.685003020661703],[0.053959785583480774,51.684938165584242],[0.053634992044328034,51.684854035357482],[0.053358053039669222,51.684757112937142],[0.053089614352122567,51.684663544754827],[0.052681124805009763,51.684524777927052],[0.052317367518226007,51.684404468384649],[0.051991365496330287,51.684296082186997],[0.051566531685166506,51.684159665359076],[0.051450326291346486,51.684222376668004],[0.051357873996565828,51.684272266911869],[0.051290802563124779,51.684308410265345],[0.051274625809490923,51.684319929845344],[0.051260571015305248,51.684330962736013],[0.051251999812178317,51.684344507677388],[0.051242430299888356,51.684359778630572],[0.051215527087269404,51.684355662330098],[0.051168801809476229,51.684348478661704],[0.051142017143321651,51.684344360274032],[0.05115155007279891,51.684315156977419],[0.051128156468740353,51.684219822315903],[0.051117336027280434,51.684204729423854],[0.051103534502663736,51.68418699084166],[0.051086752234501764,51.684169302516068],[0.05105652780607324,51.684139264828879],[0.051042881821661876,51.684125030601152],[0.051027774339141296,51.684112708523294],[0.051009760816300938,51.684096840190747],[0.050940172613274194,51.684029732163964],[0.050814998209142613,51.683917745560215],[0.050540504447653387,51.683829852690849],[0.050343828090715949,51.683766761671912],[0.050217571647270524,51.683725812553597],[0.050161775502927788,51.683707907703763],[0.050010560279169461,51.683658406943962],[0.049868212765590773,51.683615042371876],[0.049639311107097857,51.68354352193154],[0.049447045071157096,51.683482958482287],[0.049388394371925499,51.683465193006356],[0.049287172812677568,51.683434505319767],[0.049153928253636583,51.683397275804417],[0.049004676249006757,51.683359424368042],[0.048836386863973569,51.683317410402701],[0.04872091490239009,51.683290657760175],[0.048503198043306682,51.683242313331249],[0.0482240081403753,51.683179668823186],[0.048031091615677819,51.68313628470667],[0.047867539874671253,51.683101378950006],[0.047625196635841346,51.683054363360533],[0.04741368947138138,51.683014000112941],[0.047257531154339734,51.682984358324212],[0.046741181317775257,51.682888983937239],[0.046469797361254797,51.68283797582685],[0.046094907935702471,51.682768992297696],[0.045878991774612451,51.682728703113561],[0.045725697446904738,51.682699009407166],[0.045611737959081501,51.68267402588021],[0.045522648452920818,51.682655709562191],[0.045508147321883644,51.682654163628818],[0.045390964497805691,51.682621144576281],[0.045295675104265187,51.682594934535956],[0.045243065213278234,51.682581466329616],[0.045191684050581923,51.682566180000535],[0.045149163648094209,51.682551636800319],[0.045107952957296846,51.682537072576551],[0.045041706477808273,51.682512155086734],[0.044974029047875501,51.682487262476329],[0.044843126487803378,51.682438298869201],[0.044794564245089132,51.68241936628597],[0.044745843109668726,51.682399538997608],[0.044709044190429093,51.682384896025269],[0.044672161517948637,51.682368457797864],[0.044596807876691631,51.682334617986115],[0.044525826684685882,51.682299894481417],[0.044381138655916072,51.682201725981287],[0.044218067244574298,51.682105855639762],[0.04392405979957819,51.681994642199982],[0.043602594265969283,51.681904045433683],[0.043259382075865133,51.681833692375214],[0.042973818683076745,51.681790744608428],[0.042887130569863943,51.681777958083572],[0.042827773002756558,51.681768291304401],[0.042774155725148824,51.681758886148387],[0.042718802812017218,51.681748072356598],[0.042717958096325365,51.681747817274015],[0.042683731218133382,51.681739961437813],[0.042623225873865953,51.681723303966322],[0.042588885875352339,51.681712933968683],[0.04254185858532903,51.681696311816061],[0.042484449713448572,51.681674204920434],[0.04242323837068427,51.681649827873891],[0.04243068468312975,51.68149462271937],[0.042456646490625305,51.681509634718935],[0.04257566474042071,51.68150666554353],[0.042592570543174134,51.681508617840173],[0.042609628554921786,51.681508680860595],[0.042628639044232884,51.68150969909486],[0.042682592939610305,51.681510649107729],[0.042737623403537615,51.68151167029545],[0.042929592424191122,51.681515701368653],[0.043119607908605646,51.681518688811799],[0.043618478230361149,51.681533653883484],[0.043652531119365137,51.681537645699485],[0.04368755416560393,51.681544678073749],[0.043715452339214859,51.681549676223696],[0.04372548363967102,51.681552647236757],[0.043760539104724737,51.681557700674929],[0.0439254947219377,51.681565709086321],[0.04416247125072522,51.681570663416061],[0.044652351656449644,51.681568698416399],[0.045035294734142438,51.68155465875094],[0.045503255928474061,51.68154273409597],[0.045819203851679674,51.681534712866771],[0.04598524258477002,51.681521752377769],[0.045967189293891458,51.681446731282527],[0.045947302979519364,51.681362751411058],[0.045936276151178776,51.681300733361937],[0.045919250995940311,51.681224705171424],[0.045903281617160736,51.681121779989056],[0.045905229109140161,51.681061782242125],[0.045912292364702706,51.680932744443489],[0.045927318590048838,51.680752774653698],[0.045940234114315297,51.680631814477913],[0.045952324069078225,51.680468796343426],[0.045963303998431071,51.68035784796372],[0.045969344237988048,51.680274855211216],[0.04597029343384984,51.680266838941662],[0.045971319405774064,51.680257830360418],[0.045972275461416079,51.680249902097906],[0.045970256970864605,51.680199863391977],[0.045967340661671338,51.680174832299855],[0.045964258239643618,51.680095865250927],[0.045965343111423827,51.680082900739123],[0.045964352925879699,51.680068893276705],[0.045968323741169013,51.679955910593563],[0.045980355390692652,51.679870926828741],[0.046000258491075537,51.679740944110762],[0.046015351902560959,51.679633970676655],[0.04602125867478879,51.679600965985763],[0.046051257115795892,51.67948591118757],[0.046052376223371008,51.679478969258362],[0.046053369868049705,51.679471939589895],[0.046054293599133232,51.67946599024031],[0.046057265242647569,51.679441935667747],[0.046057311044603519,51.679360935759846],[0.046055330848162788,51.679317009487718],[0.046057297143257764,51.67927598018786],[0.046059280744982688,51.679230008304039],[0.046060367053427011,51.679188005159027],[0.046058272610388862,51.679130955412148],[0.046055329059680385,51.678973053296943],[0.046043388847880826,51.678806049233039],[0.046038316097215953,51.678757052904949],[0.049277942432553241,51.678803052976612],[0.049442902665921641,51.678806107614925],[0.049571962499194447,51.67880906916686],[0.049604926057451496,51.678810112527955],[0.049623935458324497,51.678811127843638],[0.049640914494222921,51.678812090465179],[0.049659876452350239,51.678812119225171],[0.049672920062980137,51.678813060601648],[0.049684892386901373,51.678814110599163],[0.049697935917390725,51.678815050175757],[0.049714963649700843,51.678817091038219],[0.049732970507432563,51.678817046531059],[0.049784958873984889,51.678822072396976],[0.049800865462383832,51.67882305371392],[0.049809900937500928,51.678825054210144],[0.0498178932019284,51.678825094561361],[0.049826928597007318,51.678827093259194],[0.049857951002446957,51.678830058858644],[0.049886905191770248,51.678832069575456],[0.049916929028471987,51.678834063412829],[0.049993888751818906,51.678840092107492],[0.050185852362112308,51.678852112876285],[0.050219888415698459,51.678853137341932],[0.05024087677900646,51.678853130631765],[0.050253831116346639,51.678852095149381],[0.050352817053260078,51.678844074049771],[0.050355867783935401,51.678695147925069],[0.050405850897672612,51.67866110188077],[0.050799849787909981,51.678644154244225],[0.050910822849723682,51.678640148025423],[0.051039802667959329,51.67863609699512],[0.051040532773873222,51.678636408873821],[0.051065984411894985,51.678876334280439],[0.051455304218475335,51.678871422622215],[0.051438765612877017,51.678675158522417],[0.051544741814963942,51.678675104872347],[0.051673770149146418,51.678482173499489],[0.051682738814160023,51.678466023625795],[0.052046901101494125,51.678490235613381],[0.052081995593086801,51.67849861490641],[0.052114199409106325,51.678507044700495],[0.052146484488392639,51.678517271569063],[0.052162667659505467,51.678523283541629],[0.052177364863696916,51.678528422226897],[0.052192143324533626,51.678535357993624],[0.052205557698592919,51.678544116098827],[0.05221905333232485,51.678554671285767],[0.052231103626469301,51.678565251728365],[0.052238614749357412,51.678571415233478],[0.052250827564200956,51.678585589840601],[0.05225548862778355,51.678592702401218],[0.052258744973992827,51.67860073876092],[0.052260555974158698,51.678608800378186],[0.05225947627999411,51.678616912510705],[0.052256991865822007,51.678625948442502],[0.052252980846578027,51.678633212548469],[0.052246160385355234,51.678642324252664],[0.05223785394506833,51.678650562672196],[0.052228102152920577,51.678658826348446],[0.05221140800231585,51.678673506101156],[0.05219322786422962,51.678687312566751],[0.052172116388074952,51.678700271001148],[0.052155178447022957,51.678709559495971],[0.052135309171496079,51.678717999959048],[0.05211692586509406,51.678727313704634],[0.052104202081257996,51.678733830799281],[0.05209147829374132,51.678740347892585],[0.052078713877830009,51.678745966442833],[0.052057277346913691,51.678751736523218],[0.051958644859874309,51.678777739718178],[0.051934317591977794,51.678783560284401],[0.051891403830040039,51.678794201847481],[0.051841303898428996,51.678805868199952],[0.051802685536192272,51.678815535431397],[0.051779722343839686,51.678819533630111],[0.051756677910364354,51.678821734740531],[0.051743750956434548,51.678823759087372],[0.051727852056238977,51.678824036851346],[0.051723556610318085,51.678825011146678],[0.051719220546480649,51.678825086899941],[0.051710393552874934,51.678822676446217],[0.051702788070319167,51.678820600755188],[0.051583015496355633,51.678787899323922],[0.051549786325070721,51.67879016500833],[0.051553759660554095,51.678812690191485],[0.051573313895682975,51.678893281231474],[0.051574057051363711,51.678908218305438],[0.051576943814437858,51.67895947467035],[0.051589046450908185,51.678967085834373],[0.051636582124287803,51.678994015300574],[0.051640866212006878,51.679011701574915],[0.051649108430896262,51.679034038872217],[0.051672592860683875,51.67910556871977],[0.051676336551274266,51.679124387598556],[0.051677223238191801,51.679208002496217],[0.051672782144575637,51.679237755381145],[0.051670107359843842,51.679267927034076],[0.051671830239397566,51.679267896935336],[0.051718000801808363,51.679265291822226],[0.051726062371307321,51.679264431581736],[0.051759754014520688,51.679260965362566],[0.051801425978859977,51.679254841804543],[0.051834250387762584,51.679251390715493],[0.051856997836837594,51.679249014929844],[0.051878593051245148,51.67924674919653],[0.051901051421868676,51.679244378453063],[0.051913866448573653,51.679243075446571],[0.051993743115559501,51.679234126093874],[0.052046923069137538,51.679153640097489],[0.052564032631615305,51.679085783329008],[0.052569309885279747,51.679085088596246],[0.052673288028878176,51.67902631265256],[0.052828260711161631,51.679004440791864],[0.053024665202314636,51.678994173178999],[0.053054175460961805,51.678999133731516],[0.053043456352275482,51.678913227663244],[0.053050879151168316,51.678914940466058],[0.053068857481824855,51.678928654496964],[0.053126058483999185,51.678907691108023],[0.053122675145721152,51.678880862630969],[0.053144163277505402,51.678837862432374],[0.053150514762332762,51.678806171469475],[0.053128095611803094,51.678728884251917],[0.053233722414656223,51.678717138618374],[0.053230498175762364,51.678645864541579],[0.053176578972872937,51.678649002293994],[0.05317458986927983,51.678635791990345],[0.053173444385450262,51.678628184563401],[0.053158674885442639,51.678419996217585],[0.053136790089501819,51.678115262689367],[0.053123437789448495,51.678066307048219],[0.053094987190490016,51.677961771821508],[0.053054045605933797,51.677964825624265],[0.05295123680794879,51.677655391823379],[0.052921099685856246,51.677616691487344],[0.052711361391662534,51.677679818047118],[0.052705067012639946,51.677681366870068],[0.052698459188423412,51.677682381620308],[0.052581250934352113,51.677697379472171],[0.052291896514039288,51.677699199148591],[0.052198943953260267,51.677703611188754],[0.051899606264536949,51.677708571882945],[0.051756776921944317,51.677710938745705],[0.051749705067547558,51.677650265689152],[0.051736789648290857,51.67751231591263],[0.051724802024659469,51.677384329818771],[0.051712812359345793,51.67728528887254],[0.051826749453987887,51.677220278696396],[0.051841698633827135,51.677213274918834],[0.051855693990315803,51.677206289602978],[0.051869689261242087,51.677199302488376],[0.05190077851813555,51.677185274112475],[0.051963719696966344,51.677158283111744],[0.052072747818188422,51.677111338105455],[0.052121678135989162,51.677088368697717],[0.052153721135071933,51.677074323587682],[0.052167761005453006,51.677068324834522],[0.052181682357653941,51.67706232815069],[0.05219572213931517,51.677056327597164],[0.052208689587630176,51.677050347579367],[0.052221657032496323,51.677044367560185],[0.052233666515197535,51.677038314354867],[0.052340708388212399,51.676992303056927],[0.052409671836249602,51.676961341582491],[0.052686726953696854,51.676840348282973],[0.053234554679871419,51.676599370578629],[0.053277672832950672,51.676574434018221],[0.05337358966514711,51.676522413231226],[0.053522545912592992,51.676443393800803],[0.053796543794785753,51.676302405162431],[0.053882567292932719,51.676258468590149],[0.053913610553093329,51.676243451297815],[0.054231581638526656,51.676125515531602],[0.054475537902367296,51.67601651560539],[0.054506504132289975,51.676002488678421],[0.054557505812456025,51.675980469376555],[0.054582456552460648,51.675970504380736],[0.054608508619339066,51.675958539957662],[0.054635485591018405,51.675948539500325],[0.054660432228914577,51.675938484634209],[0.054685501352832337,51.675928515746364],[0.054710467663038852,51.675921516184602],[0.054735462995667949,51.675912537754542],[0.054824455067985264,51.675881494175009],[0.054848419826659861,51.675873522930502],[0.054873504591868051,51.675866521260936],[0.054897516968274766,51.675859538350672],[0.05491847427320147,51.675853508146055],[0.054941456109375952,51.675847532436869],[0.054963413194775469,51.67584256383244],[0.054986470497676854,51.675835507690941],[0.055007424888820378,51.675829477521283],[0.055030483355412489,51.675822511275911],[0.055096408491251914,51.675803557821112],[0.055107479043109961,51.675800486481329],[0.055128392720731126,51.67579355774992],[0.055157395724502067,51.675783521715388],[0.055184461887479518,51.675775496126029],[0.05519544707531325,51.675770539640205],[0.055208384665326224,51.675766536364151],[0.055225405013183231,51.67576057500348],[0.055241396551764445,51.675755530897916],[0.055309401686635347,51.675732494284134],[0.055339465307017735,51.675719562033812],[0.055374414683764965,51.675727581376002],[0.055390377820353033,51.675732515851962],[0.055408403246552967,51.675735527599187],[0.055424373348683297,51.675740551873858],[0.055443397321564718,51.675744533517808],[0.055459364540130805,51.675749557838266],[0.055477405654470936,51.675755535034895],[0.055491345538039576,51.675760506708677],[0.055505407922900867,51.675765564363402],[0.055519392488524777,51.675771522630988],[0.055540341158734831,51.675778528029007],[0.055581345092968304,51.675796509364226],[0.055626328901191284,51.675815498325107],[0.055646413259637893,51.675824497188891],[0.055688375215099672,51.675842551642802],[0.055726321327616811,51.675861485706825],[0.055767403227105043,51.675878566360538],[0.05588731702956596,51.67593256432351],[0.055940279662365699,51.675956539223314],[0.055992365112953323,51.675979540278931],[0.056045283086261347,51.676002526736063],[0.05610737060300254,51.676030478365895],[0.056170294655765764,51.676058503443237],[0.056232337551811076,51.676085466611212],[0.056290283144402077,51.676111510513813],[0.056349301271067936,51.676137537406198],[0.056415298203240392,51.676167486901932],[0.056469261220716278,51.676192523151144],[0.056502258350549173,51.676207498792898],[0.056531275442231951,51.676221463222092],[0.056591267547388684,51.676250528598004],[0.056665212765175964,51.676287530982655],[0.056807214625115829,51.676360469719612],[0.057200150745182511,51.676570515583663],[0.057328124476063537,51.676636507214113],[0.057364164160731326,51.676655474153158],[0.057448135606756975,51.676700480002829],[0.057460110317295462,51.676709440787278],[0.057476113867732527,51.676720487393467],[0.057488088589092663,51.676729448174903],[0.057505135644484506,51.676742454850647],[0.057520110437371791,51.676754418727448],[0.057542156136930069,51.676772461761466],[0.057566106739139533,51.67679047141629],[0.05758905748566303,51.676807419481563],[0.057640051358628056,51.676848418596087],[0.057665126212575711,51.676867487635832],[0.057688121841651674,51.676885424073433],[0.057712072561831175,51.676903433696893],[0.057734121301327969,51.67692147664215],[0.057763095633809054,51.676942455690039],[0.057790049477934251,51.676963470134929],[0.057818117589956169,51.676985452428049],[0.057844065818976838,51.67700540537875],[0.057871090551064985,51.677025429385353],[0.057896014039702147,51.677046387660837],[0.058249969943981218,51.677322379073395],[0.058303991215216955,51.677364403947749],[0.058332015086512506,51.677385399515927],[0.058343036253549745,51.677394376924511],[0.058354941625207955,51.677404416138984],[0.058366990394794767,51.677412386356444],[0.058386961539940843,51.677429386492626],[0.058422968570405444,51.677463365806382],[0.058520934521284346,51.677543367314733],[0.058600941143525091,51.677611367395535],[0.058661901687881227,51.677664329475121],[0.058686990425959387,51.677686363791629],[0.05871088425693792,51.677708330923146],[0.05873697467144974,51.677731336847366],[0.058775889946019788,51.677766344174771],[0.058854917480204223,51.677836339605143],[0.058881927322239409,51.677861307734446],[0.0589088993261941,51.677885377268424],[0.058935867283010278,51.677909356942003],[0.058958957694238326,51.677929359753776],[0.058979899113274017,51.677949308514613],[0.05900191713647103,51.677969330119744],[0.059020890099769956,51.677985360271251],[0.059038907897165954,51.678001315442934],[0.059056898052331677,51.678019339377514],[0.059066936683866207,51.678030310503388],[0.059078887222887275,51.678041338031534],[0.05908987985963754,51.678052294227065],[0.059106874193355967,51.678069346436423],[0.059122833981808537,51.678087316035374],[0.059138870350448937,51.678104295111609],[0.059145884001706665,51.678114331890967],[0.059161817795041267,51.678134278497716],[0.059167815591073397,51.678140288249658],[0.059173855175704802,51.678147282849395],[0.059179852893553139,51.678153290803586],[0.059190894418345207,51.678165323437213],[0.059202845105146715,51.678176352748864],[0.05921283896579517,51.678186335469618],[0.059226829049936341,51.678200294754156],[0.059240823219330808,51.678214343890716],[0.059253862213002384,51.678228318050685],[0.059268879914277137,51.678241270133391],[0.059282902940063949,51.678253340403302],[0.059297802140946897,51.678266294560267],[0.059310898907431714,51.678276312788022],[0.059323803571257154,51.678287325359307],[0.059336851428325614,51.678296265338737],[0.059345891508242155,51.678306266571887],[0.059354861915191341,51.678317346330708],[0.059363852999862639,51.678326267520042],[0.059396892989506192,51.678355266351524],[0.059412839864617623,51.678370268604567],[0.059434858286028493,51.678390290122813],[0.059455849136170913,51.678411318834897],[0.05947786054749752,51.678431248744374],[0.059545783307374589,51.678498291073488],[0.059578762933103276,51.678531245826157],[0.059595831381779846,51.678547309286728],[0.059602754234951136,51.678555277552121],[0.059611823242083556,51.678563299902095],[0.059620846214614102,51.678570243955598],[0.059623769978585671,51.678574237517111],[0.059628797934676209,51.678577296721258],[0.059631795366300352,51.678580299812729],[0.059636835201260605,51.678586234618017],[0.05963981078738316,51.678591306373377],[0.059643778182236117,51.678597259986873],[0.059701736448301831,51.67868128941133],[0.059953759222557655,51.678960232513617],[0.059958713502710308,51.67896428037556],[0.059964707356271435,51.678970198432808],[0.059969780238931375,51.678974246012395],[0.059984684221367365,51.678995199750787],[0.059993776333512903,51.679006277326707],[0.06000571173132601,51.679022250916887],[0.060021732785980414,51.679036264408026],[0.060034695712161162,51.679051228994801],[0.060056730727176939,51.679074215842277],[0.060078718093638211,51.679096216142192],[0.06010070829075826,51.679118214589877],[0.060158692309392178,51.679171228118662],[0.060275651089297749,51.679291168931812],[0.060472721593371644,51.679489176442573],[0.060663603545314339,51.679682168274923],[0.060754606488983155,51.679774156663548],[0.060763573457390599,51.679785146451515],[0.060785638050317427,51.679806156088176],[0.060794633796346503,51.679815167013146],[0.060801675660373367,51.679823134919104],[0.060810671494612271,51.679832147639836],[0.06089663532100921,51.679926110977554],[0.060966638369534122,51.680002106719058],[0.060972538260167651,51.680011173758679],[0.060977550785453527,51.68001917546902],[0.060984592713978589,51.680027143363056],[0.060989608215589679,51.680035146819144],[0.061001544160377841,51.680051118501552],[0.061014527916364879,51.680069140075084],[0.061028629043711535,51.680088131215562],[0.061043517841383531,51.680106119353049],[0.061055632822631357,51.680118132975146],[0.061066601696018283,51.680131155888027],[0.061107538758683966,51.680171162787147],[0.061120576091551429,51.680185138570756],[0.061134599029155162,51.680197118699354],[0.061147546603958013,51.68020911769964],[0.061159616753452321,51.680220142920184],[0.061175564877407898,51.680235144915741],[0.061188557362002016,51.680248132301216],[0.061200525152445083,51.680262126847623],[0.061222500977117317,51.680289071229971],[0.061233511938887826,51.680303082566638],[0.061240500468841004,51.680315096220859],[0.061247530919536018,51.680328096518224],[0.061262501067269305,51.680353095572166],[0.061269486803759828,51.680365111072206],[0.061284575498740473,51.680390108042637],[0.061291487451733545,51.680403110417238],[0.061298594535627422,51.680415121987188],[0.061308573877693104,51.680430050676378],[0.061317532604370485,51.680446076381678],[0.061328591335233884,51.68046107425041],[0.061337575924131207,51.680475121144632],[0.061348561038031456,51.680491109481451],[0.061359572089190753,51.680505120804881],[0.06136755665026454,51.680518106146678],[0.061373510683803811,51.680531037203572],[0.061394499461385116,51.680565099377574],[0.061406516980162314,51.680588083757492],[0.061419517131458025,51.680609070734],[0.0614275639711385,51.680626101615047],[0.061440530716405484,51.680641065981995],[0.061451484282857793,51.680659033218689],[0.061453559715206621,51.680660075891296],[0.061501525785103324,51.680755067268372],[0.061504539650817591,51.680761037557744],[0.061507557598774264,51.680767097700624],[0.061509454077776193,51.680772098426253],[0.061510542734285287,51.680775046849767],[0.061510505434453855,51.68078205987586],[0.061576532985601021,51.680886082805273],[0.061626442956185398,51.680966026087397],[0.061632454578300633,51.680974999409095],[0.061635430631889067,51.680980072904809],[0.061640426102953838,51.680985019226419],[0.061643440002975614,51.680990989511642],[0.061648484457035781,51.680997014076048],[0.061651527084491113,51.681001005501166],[0.061669477480329568,51.681018040562016],[0.061679416263664147,51.681032070679443],[0.061692412016380961,51.681045057952637],[0.061702496869326481,51.681057017223047],[0.061772467656698297,51.681148026978029],[0.061813463429651237,51.68120502128302],[0.061887438988243136,51.681308007048685],[0.061974424055364415,51.681426945504171],[0.062216354548060564,51.681784992009618],[0.062292408188994952,51.681896929961191],[0.062360392120292422,51.682001907278107],[0.062414374414316152,51.682076924551048],[0.062458296191295629,51.682137913885811],[0.062479356161272925,51.682170897313142],[0.062500339582414632,51.682204869460264],[0.062520327088713412,51.682237871714818],[0.062531301801023717,51.68225889593883],[0.06254430296970194,51.682279882774196],[0.0625553513101096,51.682299916525182],[0.062646347410727235,51.682472902858102],[0.062687298001600139,51.682549857462881],[0.062729220101317318,51.68262985064991],[0.062779294066599822,51.682723815307774],[0.062831261205342936,51.68281486908365],[0.062858242625689689,51.682833813619432],[0.062917234681999529,51.682845812981562],[0.062934235721922568,51.682849828964372],[0.063007277947235374,51.682871831162018],[0.063046228160645437,51.682883822814404],[0.06308126289502021,51.682898848970886],[0.063111212930888283,51.682914865490972],[0.063139180090925201,51.68293181429113],[0.063160171827170347,51.682952840537389],[0.063168262575177991,51.682962858158064],[0.063174172524369979,51.682974800721126],[0.063179209031515179,51.682985859375677],[0.063182194615721735,51.682993808474656],[0.063189246420116529,51.683009865740146],[0.063192260664880762,51.683015835979944],[0.063201152397469956,51.683027816083857],[0.063209169575482227,51.683038824171938],[0.063215153138519664,51.68304977626201],[0.063221172336443046,51.683058839295526],[0.063243229366689829,51.683092794249156],[0.063253188197956625,51.683109789617554],[0.063262181843337845,51.683131837755539],[0.063271244922333575,51.68315280377152],[0.063277211867958066,51.683173825979374],[0.063285150138849514,51.683206770014436],[0.063287190772367233,51.683222825387034],[0.063287248582123368,51.683239814847198],[0.063286170312766898,51.683273816540584],[0.063284246489415691,51.683291829992484],[0.063281246028137311,51.683309772433809],[0.063280154802503319,51.683327771258092],[0.063282222981271952,51.683341759664479],[0.063284198393297436,51.683353771345267],[0.06328817870520706,51.683367816083646],[0.063291198020516359,51.683381787779844],[0.063310198848053903,51.683408782244406],[0.063323209159934085,51.683424736617212],[0.063330224503824958,51.683434771321771],[0.063336138645846585,51.683446803728096],[0.063341171244207198,51.683457774317461],[0.063346184159672927,51.683478811484036],[0.063348199492693158,51.683483810091879],[0.063348147154048129,51.683495767471605],[0.063358144856679469,51.683526786888748],[0.063363166224485748,51.683542791689476],[0.063370215839330404,51.683579796167983],[0.063373119556129551,51.683593769892866],[0.06337518488697011,51.683607758347399],[0.063379116143138209,51.683620723042942],[0.0633821109425413,51.683636763447865],[0.063387160980267226,51.683650789388416],[0.063392133264529568,51.683665714148717],[0.063421168744703715,51.683729752350288],[0.063430142221042429,51.683748743370913],[0.063440208567887485,51.683770770849115],[0.063497122065792208,51.683878729699749],[0.063609147964873311,51.684070674322612],[0.063708155583122233,51.684217719514869],[0.063711051448274075,51.684223691821373],[0.0637241273305586,51.684243688036723],[0.06374206972389887,51.684273670362074],[0.063755145634787944,51.684293666573517],[0.063789083479317166,51.684339638886506],[0.063866029984796013,51.684452639242267],[0.06400101211456144,51.684653618630875],[0.063738090375886694,51.684697615467563],[0.063469131952744007,51.684742617027197],[0.063203168934048912,51.684782619457643],[0.063034127431214892,51.684813638447515],[0.062844152840977496,51.684848620082164],[0.062663243775352151,51.684883620242644],[0.062594249692059734,51.684895621184623],[0.062524209478074272,51.684766585566422],[0.062463257486766566,51.684619592308003],[0.062446232644927033,51.684575660667214],[0.062427247969660309,51.684551631517621],[0.062419193637831917,51.684547638197408],[0.062404222631837744,51.684543674614979],[0.062381243017054298,51.684544617702784],[0.061991278812821855,51.684635611648979],[0.061730288155130209,51.684690627274499],[0.061316370893373016,51.68480055684838],[0.061188370419432994,51.684826538224627],[0.061111326229122097,51.684842542761025],[0.060847364083215019,51.684892574542928],[0.060739406986018749,51.684905526061613],[0.060363457349730969,51.684937563686717],[0.060258411122891493,51.684951542797229],[0.060237527018969256,51.684956585261695],[0.060208530959594268,51.684961588373341],[0.060195423739663897,51.684964516054251],[0.060179458341625032,51.684967581997732],[0.060098441503997777,51.684977544236659],[0.059976438471154588,51.68500953039635],[0.059960516722699926,51.685013494796003],[0.059943523646958929,51.685017569707874],[0.059918544239954338,51.684987532193581],[0.059909502662022884,51.684977531031244],[0.059899507111466306,51.684967548398731],[0.059881526607081806,51.684944580336222],[0.059875483007150031,51.684937584045237],[0.059806550827908631,51.684848533335661],[0.059763546358793926,51.684794539316833],[0.059717541164798951,51.684737540452588],[0.059692534362505649,51.684709569851982],[0.059685593283336051,51.684698544456474],[0.059678485920537969,51.684686532799837],[0.059672547841101327,51.684676568915634],[0.059666544772052472,51.684662559537863],[0.05966154180755498,51.68464961172274],[0.059657565382174899,51.684635566802548],[0.059655559161639907,51.684625533963214],[0.059655538794362646,51.684614567045578],[0.05965150585869175,51.684604567950728],[0.059648491965788759,51.684598597617615],[0.059644519944894746,51.684592554162109],[0.059638521290773711,51.684586546247878],[0.059630572567804178,51.68457958335491],[0.059621519560697472,51.684574618181195],[0.059533509949136858,51.684535617907379],[0.059497568698825345,51.68452159396999],[0.059481623861147907,51.684514591435963],[0.059466543444132804,51.684505597186217],[0.059453611006423525,51.684496563469949],[0.059438530600953159,51.684487569216422],[0.059411574326470165,51.68446655518202],[0.059399581192912665,51.684454629181793],[0.059383549749766347,51.68447459851253]],[[0.04990629807725426,51.682337747313277],[0.051217981032871937,51.682157240638041],[0.051215247421625851,51.68214976165148],[0.051852501782444362,51.682067087197666],[0.051652970105406475,51.681596845786927],[0.051647116392841114,51.681490910149861],[0.05164685753271659,51.681486207991369],[0.051588787475753337,51.681356640370304],[0.051551639934077645,51.681331755957466],[0.051533539125404794,51.681319631912928],[0.0513785827337465,51.680922677276278],[0.051319839034313752,51.680758904778621],[0.051222705156772332,51.680767280995369],[0.051167369323356283,51.680774276056994],[0.051104953796668684,51.680782930660321],[0.050932322236057218,51.680822895769658],[0.050867711677773743,51.680842327436217],[0.050611825277353896,51.680901651803673],[0.050536338230100175,51.680914658306015],[0.050255518427938878,51.680954907076469],[0.050130221979859037,51.680965070755327],[0.050009347327016354,51.680974619362857],[0.049888369634047282,51.680980094238478],[0.049780716565992138,51.680983174627144],[0.049654651012659146,51.680978170065664],[0.049584690748460017,51.680966220602528],[0.049513454640041137,51.680944532893172],[0.04944087582266686,51.680910343804889],[0.049343147205924941,51.680854819074945],[0.049448004529326961,51.681158734596011],[0.049188383931039678,51.681495987717724],[0.048599402950997468,51.681587195663035],[0.049166523427155932,51.68197297208129],[0.049426299910068264,51.681959446633009],[0.04955370447944854,51.682218006028108],[0.049827531010672492,51.682195241996354],[0.04990629807725426,51.682337747313277]],[[0.051251956034185628,51.683271522380068],[0.051196826897599496,51.683289430728422],[0.051143252662712795,51.683310983535563],[0.051098002814749265,51.683330370319901],[0.051055021326073188,51.683349182417203],[0.050994747225973608,51.683377417593171],[0.050966342821089985,51.683392374486978],[0.050943805895429482,51.683405344978411],[0.050920331970439818,51.683421302053617],[0.050896880627959655,51.683442240579168],[0.050871504766366482,51.683469859069596],[0.050854456811014415,51.683496668481872],[0.050842139883473261,51.683525441971533],[0.05083356032257999,51.68355221410993],[0.050831806176553217,51.683571914952928],[0.050831875255682217,51.683587688403897],[0.050832063293424289,51.683587687818076],[0.050853934484040804,51.683581718850995],[0.050870718695941369,51.683577914182443],[0.051072885991278752,51.683525032763171],[0.051085418296754066,51.683528233745434],[0.051088060323212316,51.683541014517701],[0.051096851939032989,51.683552832703029],[0.051115214161748058,51.6835632014091],[0.051131987824079926,51.683568893875169],[0.051153459197147096,51.683571939630163],[0.051199977611595282,51.683566307193381],[0.051243583561329395,51.683555962274774],[0.051265233370707083,51.683547369486192],[0.051321444398833675,51.683547756354336],[0.051396310008738295,51.683546448696696],[0.051464900871037007,51.683546246966408],[0.051512343520127311,51.683543268136994],[0.051538272888006498,51.683539612966477],[0.051547249842320404,51.683536232339925],[0.051603420476620636,51.683504878919862],[0.051609195657646247,51.683494611103498],[0.051613152829933208,51.683499360162379],[0.051643521606677734,51.683470323395568],[0.051706147657496156,51.683399627332825],[0.051723442181381765,51.683385386811828],[0.051742741780569056,51.683373898937383],[0.051906924194665784,51.683328855681019],[0.05192090264927874,51.683325742845938],[0.051798206039271419,51.683124970504409],[0.051753754452990276,51.683134325943378],[0.051617078939151614,51.683167018363527],[0.051458870398442234,51.683209798665978],[0.05131668218982071,51.683251759385683],[0.051294795217586731,51.683260414778772],[0.05128119888318599,51.683264012755238],[0.051262965128529847,51.683269830145761],[0.051262148002713538,51.683268714958551],[0.051251956034185628,51.683271522380068]]]},"properties":{"OBJECTID":25,"SHAPE.AREA":818420.82613486995,"GLOBALID":"{A999D684-E3F4-4274-AC6D-7B1549BB89A3}"}}]}