{
  "type": "FeatureCollection",
  "name": "Epping Forest paths and bridleways",
  "generatedAt": "2026-05-16T16:59:11.839604Z",
  "source": {
    "name": "OpenStreetMap via Overpass API",
    "license": "Open Data Commons Open Database License (ODbL)",
    "queryFile": "data/local-paths.overpassql",
    "bbox": [
      -0.035,
      51.595,
      0.145,
      51.745
    ]
  },
  "features": [
    {
      "type": "Feature",
      "id": "way/4043580",
      "geometry": {
        "type": "LineString",
        "coordinates": [
          [
            0.0442636,
            51.6699515
          ],
          [
            0.0443077,
            51.6700214
          ],
          [
            0.044399,
            51.670166
          ],
          [
            0.044439,
            51.670316
          ],
          [
            0.0444561,
            51.6704618
          ],
          [
            0.044474,
            51.670615
          ],
          [
            0.044589,
            51.670968
          ],
          [
            0.0446259,
            51.6710206
          ],
          [
            0.044683,
            51.671102
          ],
          [
            0.04483,
            51.671254
          ],
          [
            0.044946,
            51.671342
          ],
          [
            0.045197,
            51.671444
          ],
          [
            0.046021,
            51.671623
          ],
          [
            0.046647,
            51.671805
          ],
          [
            0.046959,
            51.671919
          ],
          [
            0.047448,
            51.672311
          ],
          [
            0.047549,
            51.672417
          ],
          [
            0.047667,
            51.672658
          ],
          [
            0.047748,
            51.672758
          ],
          [
            0.0480018,
            51.6729317
          ],
          [
            0.048147,
            51.673031
          ],
          [
            0.04872,
            51.673501
          ],
          [
            0.049169,
            51.673991
          ],
          [
            0.049209,
            51.67403
          ],
          [
            0.04929,
            51.674108
          ],
          [
            0.049409,
            51.674171
          ],
          [
            0.049921,
            51.674261
          ],
          [
            0.050492,
            51.674285
          ],
          [
            0.051462,
            51.674268
          ],
          [
            0.051656,
            51.674286
          ],
          [
            0.051728,
            51.674308
          ],
          [
            0.0519978,
            51.6745507
          ],
          [
            0.052037,
            51.674586
          ],
          [
            0.052541,
            51.674857
          ],
          [
            0.052773,
            51.674962
          ],
          [
            0.052951,
            51.67508
          ],
          [
            0.053032,
            51.675174
          ],
          [
            0.053229,
            51.675518
          ],
          [
            0.053275,
            51.6757
          ],
          [
            0.0533545,
            51.6758415
          ],
          [
            0.053393,
            51.67591
          ]
        ]
      },
      "properties": {
        "id": "way/4043580",
        "osmType": "way",
        "osmId": 4043580,
        "name": "Main path",
        "ref": null,
        "highway": "footway",
        "designation": null,
        "foot": null,
        "horse": null,
        "bicycle": "yes",
        "surface": null,
        "osmcSymbol": null,
        "trailVisibility": null,
        "pathType": "footway"
      }
    },
    {
      "type": "Feature",
      "id": "way/4211999",
      "geometry": {
        "type": "LineString",
        "coordinates": [
          [
            -0.0317927,
            51.6792542
          ],
          [
            -0.0313402,
            51.6792431
          ],
          [
            -0.031236,
            51.6792405
          ],
          [
            -0.0306622,
            51.6792106
          ],
          [
            -0.0303354,
            51.6791573
          ],
          [
            -0.0302067,
            51.6791421
          ]
        ]
      },
      "properties": {
        "id": "way/4211999",
        "osmType": "way",
        "osmId": 4211999,
        "name": "Painters Lane",
        "ref": null,
        "highway": "footway",
        "designation": null,
        "foot": null,
        "horse": null,
        "bicycle": null,
        "surface": "asphalt",
        "osmcSymbol": null,
        "trailVisibility": null,
        "pathType": "footway"
      }
    },
    {
      "type": "Feature",
      "id": "way/4216616",
      "geometry": {
        "type": "LineString",
        "coordinates": [
          [
            -0.0127276,
            51.6937818
          ],
          [
            -0.0127837,
            51.6939207
          ],
          [
            -0.0128114,
            51.6939891
          ],
          [
            -0.0128586,
            51.6941145
          ],
          [
            -0.0128763,
            51.6941557
          ],
          [
            -0.0129537,
            51.69434
          ],
          [
            -0.0130244,
            51.6944905
          ],
          [
            -0.0131298,
            51.6947051
          ],
          [
            -0.0132324,
            51.6948734
          ],
          [
            -0.013299,
            51.6949883
          ],
          [
            -0.01335,
            51.6950789
          ],
          [
            -0.0133851,
            51.6951811
          ],
          [
            -0.0133941,
            51.6952652
          ],
          [
            -0.0133973,
            51.6954434
          ],
          [
            -0.0133806,
            51.6956341
          ],
          [
            -0.0133977,
            51.6958774
          ],
          [
            -0.0134487,
            51.6961142
          ],
          [
            -0.0134754,
            51.6962418
          ],
          [
            -0.013517,
            51.6963453
          ],
          [
            -0.013577,
            51.6964472
          ],
          [
            -0.0136562,
            51.696567
          ],
          [
            -0.0137088,
            51.6966418
          ],
          [
            -0.0137676,
            51.696748
          ],
          [
            -0.0138167,
            51.6968736
          ],
          [
            -0.013864,
            51.6970321
          ],
          [
            -0.0138761,
            51.697138
          ],
          [
            -0.0138749,
            51.6972386
          ],
          [
            -0.0138499,
            51.6973902
          ],
          [
            -0.0138172,
            51.6975329
          ],
          [
            -0.0138029,
            51.6976564
          ],
          [
            -0.0137927,
            51.6978037
          ],
          [
            -0.0137974,
            51.697935
          ],
          [
            -0.0137934,
            51.6980442
          ],
          [
            -0.013793,
            51.6981431
          ],
          [
            -0.0137895,
            51.6982442
          ],
          [
            -0.0137587,
            51.6983962
          ],
          [
            -0.0137349,
            51.6985172
          ],
          [
            -0.01372,
            51.6986276
          ],
          [
            -0.0137103,
            51.6987401
          ],
          [
            -0.013711,
            51.698855
          ],
          [
            -0.0137235,
            51.6989068
          ],
          [
            -0.0137421,
            51.6989545
          ],
          [
            -0.013793,
            51.6990117
          ],
          [
            -0.0138752,
            51.6990807
          ],
          [
            -0.0139596,
            51.6991638
          ],
          [
            -0.0139999,
            51.6992221
          ],
          [
            -0.0140263,
            51.6992991
          ],
          [
            -0.0140428,
            51.6993985
          ]
        ]
      },
      "properties": {
        "id": "way/4216616",
        "osmType": "way",
        "osmId": 4216616,
        "name": "Waltons Walk",
        "ref": null,
        "highway": "cycleway",
        "designation": null,
        "foot": "designated",
        "horse": null,
        "bicycle": "designated",
        "surface": "asphalt",
        "osmcSymbol": null,
        "trailVisibility": null,
        "pathType": "cycleway"
      }
    },
    {
      "type": "Feature",
      "id": "way/4218914",
      "geometry": {
        "type": "LineString",
        "coordinates": [
          [
            -0.0173717,
            51.7073751
          ],
          [
            -0.0175705,
            51.7074018
          ]
        ]
      },
      "properties": {
        "id": "way/4218914",
        "osmType": "way",
        "osmId": 4218914,
        "name": "Cadmore Lane",
        "ref": null,
        "highway": "track",
        "designation": null,
        "foot": null,
        "horse": null,
        "bicycle": "yes",
        "surface": null,
        "osmcSymbol": null,
        "trailVisibility": null,
        "pathType": "track"
      }
    },
    {
      "type": "Feature",
      "id": "way/4269922",
      "geometry": {
        "type": "LineString",
        "coordinates": [
          [
            0.0577189,
            51.6178361
          ],
          [
            0.058819,
            51.6176143
          ],
          [
            0.059277,
            51.6174877
          ],
          [
            0.0597714,
            51.6173151
          ],
          [
            0.0600784,
            51.6172113
          ],
          [
            0.0607459,
            51.61698
          ]
        ]
      },
      "properties": {
        "id": "way/4269922",
        "osmType": "way",
        "osmId": 4269922,
        "name": "Luxborough Lane",
        "ref": null,
        "highway": "unclassified",
        "designation": "public_bridleway",
        "foot": "designated",
        "horse": "designated",
        "bicycle": "designated",
        "surface": "asphalt",
        "osmcSymbol": null,
        "trailVisibility": null,
        "pathType": "bridleway"
      }
    },
    {
      "type": "Feature",
      "id": "way/4369319",
      "geometry": {
        "type": "LineString",
        "coordinates": [
          [
            -0.0115419,
            51.6666133
          ],
          [
            -0.0110014,
            51.6665786
          ]
        ]
      },
      "properties": {
        "id": "way/4369319",
        "osmType": "way",
        "osmId": 4369319,
        "name": "Cattlegate Access Bridge",
        "ref": "0625353EF0132R02008",
        "highway": "cycleway",
        "designation": null,
        "foot": "yes",
        "horse": null,
        "bicycle": null,
        "surface": "asphalt",
        "osmcSymbol": null,
        "trailVisibility": null,
        "pathType": "cycleway"
      }
    },
    {
      "type": "Feature",
      "id": "way/4386320",
      "geometry": {
        "type": "LineString",
        "coordinates": [
          [
            -0.0260441,
            51.7366668
          ],
          [
            -0.0262285,
            51.7368484
          ],
          [
            -0.0263452,
            51.7369308
          ],
          [
            -0.0264784,
            51.7370534
          ],
          [
            -0.0264862,
            51.7370782
          ],
          [
            -0.0264683,
            51.737111
          ],
          [
            -0.0264283,
            51.7372124
          ],
          [
            -0.0262839,
            51.7375485
          ],
          [
            -0.0256565,
            51.7389553
          ],
          [
            -0.0255477,
            51.73921
          ]
        ]
      },
      "properties": {
        "id": "way/4386320",
        "osmType": "way",
        "osmId": 4386320,
        "name": "New River Path",
        "ref": null,
        "highway": "footway",
        "designation": null,
        "foot": null,
        "horse": null,
        "bicycle": null,
        "surface": "compacted",
        "osmcSymbol": null,
        "trailVisibility": null,
        "pathType": "footway"
      }
    },
    {
      "type": "Feature",
      "id": "way/4386322",
      "geometry": {
        "type": "LineString",
        "coordinates": [
          [
            -0.0270256,
            51.7328465
          ],
          [
            -0.0268616,
            51.7328061
          ],
          [
            -0.0266992,
            51.7324031
          ],
          [
            -0.0266283,
            51.7321688
          ],
          [
            -0.0265817,
            51.7319713
          ],
          [
            -0.02653,
            51.7317376
          ],
          [
            -0.0265418,
            51.7314986
          ],
          [
            -0.0266719,
            51.731095
          ],
          [
            -0.0268435,
            51.7306963
          ],
          [
            -0.0271982,
            51.7299103
          ],
          [
            -0.0272079,
            51.7298888
          ]
        ]
      },
      "properties": {
        "id": "way/4386322",
        "osmType": "way",
        "osmId": 4386322,
        "name": "New River Path",
        "ref": null,
        "highway": "path",
        "designation": "public_footpath",
        "foot": "designated",
        "horse": "no",
        "bicycle": "no",
        "surface": "ground",
        "osmcSymbol": null,
        "trailVisibility": null,
        "pathType": "trail"
      }
    },
    {
      "type": "Feature",
      "id": "way/4386938",
      "geometry": {
        "type": "LineString",
        "coordinates": [
          [
            -0.0111254,
            51.6539363
          ],
          [
            -0.0108303,
            51.6539195
          ],
          [
            -0.0098645,
            51.6538645
          ],
          [
            -0.0086855,
            51.6538287
          ]
        ]
      },
      "properties": {
        "id": "way/4386938",
        "osmType": "way",
        "osmId": 4386938,
        "name": "Mill Lane",
        "ref": null,
        "highway": "footway",
        "designation": "public_footpath",
        "foot": "designated",
        "horse": null,
        "bicycle": null,
        "surface": null,
        "osmcSymbol": null,
        "trailVisibility": null,
        "pathType": "footway"
      }
    },
    {
      "type": "Feature",
      "id": "way/4472471",
      "geometry": {
        "type": "LineString",
        "coordinates": [
          [
            0.0222182,
            51.7218218
          ],
          [
            0.0229692,
            51.7220677
          ],
          [
            0.0230443,
            51.7221475
          ],
          [
            0.0229907,
            51.7226925
          ],
          [
            0.0229799,
            51.7233305
          ],
          [
            0.0229156,
            51.7242543
          ],
          [
            0.0228834,
            51.7249654
          ],
          [
            0.0229478,
            51.7253376
          ],
          [
            0.0231087,
            51.7259091
          ],
          [
            0.0232267,
            51.7261816
          ],
          [
            0.0236129,
            51.7267199
          ],
          [
            0.0238061,
            51.7269791
          ],
          [
            0.0239455,
            51.727205
          ],
          [
            0.0241601,
            51.7276503
          ],
          [
            0.0242674,
            51.7278961
          ],
          [
            0.0242898,
            51.7282334
          ],
          [
            0.0242996,
            51.7283812
          ],
          [
            0.0243532,
            51.728966
          ],
          [
            0.0243318,
            51.729285
          ],
          [
            0.0242245,
            51.7295707
          ],
          [
            0.0241894,
            51.7296648
          ],
          [
            0.0241061,
            51.7298886
          ]
        ]
      },
      "properties": {
        "id": "way/4472471",
        "osmType": "way",
        "osmId": 4472471,
        "name": "Cemetery Lane",
        "ref": null,
        "highway": "bridleway",
        "designation": "public_bridleway",
        "foot": "yes",
        "horse": "yes",
        "bicycle": "yes",
        "surface": null,
        "osmcSymbol": null,
        "trailVisibility": null,
        "pathType": "bridleway"
      }
    },
    {
      "type": "Feature",
      "id": "way/4472472",
      "geometry": {
        "type": "LineString",
        "coordinates": [
          [
            0.0238473,
            51.7309628
          ],
          [
            0.0233264,
            51.730974
          ],
          [
            0.0227433,
            51.731006
          ],
          [
            0.0220587,
            51.7310645
          ],
          [
            0.0214028,
            51.7311282
          ],
          [
            0.0212583,
            51.7311422
          ],
          [
            0.0211458,
            51.7311655
          ],
          [
            0.0211035,
            51.7311865
          ],
          [
            0.0210976,
            51.7312151
          ],
          [
            0.0211326,
            51.7312957
          ]
        ]
      },
      "properties": {
        "id": "way/4472472",
        "osmType": "way",
        "osmId": 4472472,
        "name": "Old House Lane",
        "ref": null,
        "highway": "service",
        "designation": "public_bridleway",
        "foot": "yes",
        "horse": "yes",
        "bicycle": "yes",
        "surface": null,
        "osmcSymbol": null,
        "trailVisibility": null,
        "pathType": "bridleway"
      }
    },
    {
      "type": "Feature",
      "id": "way/4539272",
      "geometry": {
        "type": "LineString",
        "coordinates": [
          [
            -0.0057298,
            51.6873652
          ],
          [
            -0.0057678,
            51.6875548
          ],
          [
            -0.0057913,
            51.6877053
          ],
          [
            -0.0057232,
            51.6878395
          ],
          [
            -0.0056263,
            51.6878508
          ]
        ]
      },
      "properties": {
        "id": "way/4539272",
        "osmType": "way",
        "osmId": 4539272,
        "name": "North Place",
        "ref": null,
        "highway": "footway",
        "designation": null,
        "foot": null,
        "horse": null,
        "bicycle": null,
        "surface": null,
        "osmcSymbol": null,
        "trailVisibility": null,
        "pathType": "footway"
      }
    },
    {
      "type": "Feature",
      "id": "way/5192107",
      "geometry": {
        "type": "LineString",
        "coordinates": [
          [
            -0.0248995,
            51.7325517
          ],
          [
            -0.0249779,
            51.7324707
          ],
          [
            -0.0250484,
            51.7323732
          ],
          [
            -0.025157,
            51.732269
          ],
          [
            -0.0252384,
            51.7321782
          ],
          [
            -0.0252818,
            51.7320942
          ],
          [
            -0.0253144,
            51.7319563
          ],
          [
            -0.0253198,
            51.7318252
          ],
          [
            -0.0253144,
            51.7317109
          ],
          [
            -0.025271,
            51.7315932
          ]
        ]
      },
      "properties": {
        "id": "way/5192107",
        "osmType": "way",
        "osmId": 5192107,
        "name": "Queens Head Walk",
        "ref": null,
        "highway": "footway",
        "designation": null,
        "foot": null,
        "horse": null,
        "bicycle": null,
        "surface": null,
        "osmcSymbol": null,
        "trailVisibility": null,
        "pathType": "footway"
      }
    },
    {
      "type": "Feature",
      "id": "way/5369082",
      "geometry": {
        "type": "LineString",
        "coordinates": [
          [
            -0.0225031,
            51.7398321
          ],
          [
            -0.0224883,
            51.7398365
          ],
          [
            -0.0224613,
            51.7398446
          ],
          [
            -0.0222775,
            51.7398997
          ],
          [
            -0.0215586,
            51.7401521
          ],
          [
            -0.0209926,
            51.7403117
          ],
          [
            -0.0206643,
            51.7404195
          ],
          [
            -0.0203356,
            51.7405058
          ],
          [
            -0.0195457,
            51.7406944
          ],
          [
            -0.0194487,
            51.7407391
          ],
          [
            -0.0193468,
            51.7408023
          ],
          [
            -0.0191924,
            51.7409067
          ],
          [
            -0.0188228,
            51.7411993
          ],
          [
            -0.0181951,
            51.7416735
          ]
        ]
      },
      "properties": {
        "id": "way/5369082",
        "osmType": "way",
        "osmId": 5369082,
        "name": "New River Path",
        "ref": null,
        "highway": "footway",
        "designation": "public_footpath",
        "foot": "designated",
        "horse": null,
        "bicycle": null,
        "surface": "asphalt",
        "osmcSymbol": null,
        "trailVisibility": null,
        "pathType": "footway"
      }
    },
    {
      "type": "Feature",
      "id": "way/8128609",
      "geometry": {
        "type": "LineString",
        "coordinates": [
          [
            -0.0110335,
            51.6633859
          ],
          [
            -0.0113585,
            51.6633179
          ]
        ]
      },
      "properties": {
        "id": "way/8128609",
        "osmType": "way",
        "osmId": 8128609,
        "name": "Cattlegate Foot Bridge",
        "ref": "53EF0101/BRO3",
        "highway": "footway",
        "designation": "public_footpath",
        "foot": "designated",
        "horse": "no",
        "bicycle": "no",
        "surface": null,
        "osmcSymbol": null,
        "trailVisibility": null,
        "pathType": "footway"
      }
    },
    {
      "type": "Feature",
      "id": "way/19848716",
      "geometry": {
        "type": "LineString",
        "coordinates": [
          [
            -0.0271352,
            51.6093351
          ],
          [
            -0.0272191,
            51.6094007
          ],
          [
            -0.0272431,
            51.609546
          ]
        ]
      },
      "properties": {
        "id": "way/19848716",
        "osmType": "way",
        "osmId": 19848716,
        "name": "Lilac Close",
        "ref": null,
        "highway": "footway",
        "designation": null,
        "foot": null,
        "horse": null,
        "bicycle": null,
        "surface": null,
        "osmcSymbol": null,
        "trailVisibility": null,
        "pathType": "footway"
      }
    },
    {
      "type": "Feature",
      "id": "way/20169248",
      "geometry": {
        "type": "LineString",
        "coordinates": [
          [
            0.052308,
            51.6829159
          ],
          [
            0.0523622,
            51.6828901
          ],
          [
            0.0522895,
            51.6827852
          ],
          [
            0.052213,
            51.682675
          ],
          [
            0.051781,
            51.681702
          ],
          [
            0.051445,
            51.680876
          ],
          [
            0.051431,
            51.680645
          ],
          [
            0.051549,
            51.679863
          ],
          [
            0.051602,
            51.679327
          ],
          [
            0.0515615,
            51.6791227
          ],
          [
            0.0515265,
            51.6789472
          ]
        ]
      },
      "properties": {
        "id": "way/20169248",
        "osmType": "way",
        "osmId": 20169248,
        "name": "Green Lane",
        "ref": null,
        "highway": "track",
        "designation": "public_bridleway",
        "foot": "yes",
        "horse": "yes",
        "bicycle": "yes",
        "surface": "unpaved",
        "osmcSymbol": null,
        "trailVisibility": null,
        "pathType": "bridleway"
      }
    },
    {
      "type": "Feature",
      "id": "way/20817305",
      "geometry": {
        "type": "LineString",
        "coordinates": [
          [
            0.0507277,
            51.6852899
          ],
          [
            0.0507014,
            51.685368
          ],
          [
            0.050727,
            51.6854047
          ],
          [
            0.0508901,
            51.6855857
          ],
          [
            0.0510189,
            51.6857027
          ],
          [
            0.0509244,
            51.6865222
          ],
          [
            0.0508326,
            51.6873402
          ],
          [
            0.0504846,
            51.688265
          ],
          [
            0.0500297,
            51.688946
          ],
          [
            0.049713,
            51.6892738
          ],
          [
            0.0494376,
            51.6895029
          ],
          [
            0.049394,
            51.6895633
          ]
        ]
      },
      "properties": {
        "id": "way/20817305",
        "osmType": "way",
        "osmId": 20817305,
        "name": "Green Lane",
        "ref": null,
        "highway": "bridleway",
        "designation": "public_bridleway",
        "foot": "yes",
        "horse": "yes",
        "bicycle": "yes",
        "surface": "unpaved",
        "osmcSymbol": null,
        "trailVisibility": null,
        "pathType": "bridleway"
      }
    },
    {
      "type": "Feature",
      "id": "way/21364464",
      "geometry": {
        "type": "LineString",
        "coordinates": [
          [
            0.0738509,
            51.6453086
          ],
          [
            0.0732329,
            51.6450529
          ]
        ]
      },
      "properties": {
        "id": "way/21364464",
        "osmType": "way",
        "osmId": 21364464,
        "name": "Deepdene Path",
        "ref": null,
        "highway": "footway",
        "designation": null,
        "foot": "yes",
        "horse": null,
        "bicycle": null,
        "surface": null,
        "osmcSymbol": null,
        "trailVisibility": null,
        "pathType": "footway"
      }
    },
    {
      "type": "Feature",
      "id": "way/21878930",
      "geometry": {
        "type": "LineString",
        "coordinates": [
          [
            -0.0226465,
            51.6103314
          ],
          [
            -0.0226463,
            51.6103847
          ]
        ]
      },
      "properties": {
        "id": "way/21878930",
        "osmType": "way",
        "osmId": 21878930,
        "name": "York Road",
        "ref": null,
        "highway": "cycleway",
        "designation": null,
        "foot": "yes",
        "horse": null,
        "bicycle": null,
        "surface": "asphalt",
        "osmcSymbol": null,
        "trailVisibility": null,
        "pathType": "cycleway"
      }
    },
    {
      "type": "Feature",
      "id": "way/22560238",
      "geometry": {
        "type": "LineString",
        "coordinates": [
          [
            0.0206923,
            51.6052434
          ],
          [
            0.0205571,
            51.6052616
          ],
          [
            0.0204321,
            51.6051875
          ],
          [
            0.020161,
            51.6047516
          ]
        ]
      },
      "properties": {
        "id": "way/22560238",
        "osmType": "way",
        "osmId": 22560238,
        "name": "Broomhill Walk",
        "ref": "Footpath number 15",
        "highway": "footway",
        "designation": null,
        "foot": "yes",
        "horse": null,
        "bicycle": null,
        "surface": "asphalt",
        "osmcSymbol": null,
        "trailVisibility": null,
        "pathType": "footway"
      }
    },
    {
      "type": "Feature",
      "id": "way/22926799",
      "geometry": {
        "type": "LineString",
        "coordinates": [
          [
            -0.0222804,
            51.7235611
          ],
          [
            -0.0215271,
            51.7234322
          ]
        ]
      },
      "properties": {
        "id": "way/22926799",
        "osmType": "way",
        "osmId": 22926799,
        "name": "Hayes Walk",
        "ref": null,
        "highway": "footway",
        "designation": null,
        "foot": null,
        "horse": null,
        "bicycle": null,
        "surface": null,
        "osmcSymbol": null,
        "trailVisibility": null,
        "pathType": "footway"
      }
    },
    {
      "type": "Feature",
      "id": "way/22926800",
      "geometry": {
        "type": "LineString",
        "coordinates": [
          [
            -0.0229061,
            51.722742
          ],
          [
            -0.0225802,
            51.7226888
          ],
          [
            -0.022515,
            51.722682
          ],
          [
            -0.0224662,
            51.7226921
          ],
          [
            -0.0224119,
            51.7227056
          ],
          [
            -0.0223576,
            51.7226988
          ],
          [
            -0.0220862,
            51.7226585
          ]
        ]
      },
      "properties": {
        "id": "way/22926800",
        "osmType": "way",
        "osmId": 22926800,
        "name": "Clydesdale Walk",
        "ref": null,
        "highway": "footway",
        "designation": null,
        "foot": null,
        "horse": null,
        "bicycle": null,
        "surface": null,
        "osmcSymbol": null,
        "trailVisibility": null,
        "pathType": "footway"
      }
    },
    {
      "type": "Feature",
      "id": "way/23067970",
      "geometry": {
        "type": "LineString",
        "coordinates": [
          [
            0.0077208,
            51.6486734
          ],
          [
            0.0076461,
            51.6486567
          ],
          [
            0.0072465,
            51.6486654
          ]
        ]
      },
      "properties": {
        "id": "way/23067970",
        "osmType": "way",
        "osmId": 23067970,
        "name": "Gilwell Road",
        "ref": null,
        "highway": "unclassified",
        "designation": "public_bridleway",
        "foot": "designated",
        "horse": "designated",
        "bicycle": "designated",
        "surface": null,
        "osmcSymbol": null,
        "trailVisibility": null,
        "pathType": "bridleway"
      }
    },
    {
      "type": "Feature",
      "id": "way/23069749",
      "geometry": {
        "type": "LineString",
        "coordinates": [
          [
            0.028737,
            51.6251865
          ],
          [
            0.0287582,
            51.6253173
          ],
          [
            0.0286209,
            51.6254345
          ],
          [
            0.0283634,
            51.6255677
          ],
          [
            0.0280544,
            51.6257009
          ]
        ]
      },
      "properties": {
        "id": "way/23069749",
        "osmType": "way",
        "osmId": 23069749,
        "name": "Tuttlebee Lane",
        "ref": null,
        "highway": "residential",
        "designation": "public_bridleway",
        "foot": "designated",
        "horse": "designated",
        "bicycle": "designated",
        "surface": null,
        "osmcSymbol": null,
        "trailVisibility": null,
        "pathType": "bridleway"
      }
    },
    {
      "type": "Feature",
      "id": "way/23242167",
      "geometry": {
        "type": "LineString",
        "coordinates": [
          [
            -0.0165726,
            51.6007892
          ],
          [
            -0.0166154,
            51.6008093
          ],
          [
            -0.0169865,
            51.6009308
          ]
        ]
      },
      "properties": {
        "id": "way/23242167",
        "osmType": "way",
        "osmId": 23242167,
        "name": "Billet Road",
        "ref": null,
        "highway": "cycleway",
        "designation": null,
        "foot": "designated",
        "horse": null,
        "bicycle": "designated",
        "surface": "asphalt",
        "osmcSymbol": null,
        "trailVisibility": null,
        "pathType": "cycleway"
      }
    },
    {
      "type": "Feature",
      "id": "way/23242168",
      "geometry": {
        "type": "LineString",
        "coordinates": [
          [
            -0.0169865,
            51.6009308
          ],
          [
            -0.0173724,
            51.6010464
          ]
        ]
      },
      "properties": {
        "id": "way/23242168",
        "osmType": "way",
        "osmId": 23242168,
        "name": "Billet Road",
        "ref": null,
        "highway": "cycleway",
        "designation": null,
        "foot": "designated",
        "horse": null,
        "bicycle": "designated",
        "surface": "asphalt",
        "osmcSymbol": null,
        "trailVisibility": null,
        "pathType": "cycleway"
      }
    },
    {
      "type": "Feature",
      "id": "way/23242171",
      "geometry": {
        "type": "LineString",
        "coordinates": [
          [
            -0.0173724,
            51.6010464
          ],
          [
            -0.0174632,
            51.601078
          ]
        ]
      },
      "properties": {
        "id": "way/23242171",
        "osmType": "way",
        "osmId": 23242171,
        "name": "Billet Road",
        "ref": null,
        "highway": "cycleway",
        "designation": null,
        "foot": "designated",
        "horse": null,
        "bicycle": "designated",
        "surface": "asphalt",
        "osmcSymbol": null,
        "trailVisibility": null,
        "pathType": "cycleway"
      }
    },
    {
      "type": "Feature",
      "id": "way/23242190",
      "geometry": {
        "type": "LineString",
        "coordinates": [
          [
            -0.0174757,
            51.600631
          ],
          [
            -0.0181637,
            51.6005525
          ],
          [
            -0.0188545,
            51.6004456
          ],
          [
            -0.0189828,
            51.600435
          ],
          [
            -0.0194157,
            51.6004134
          ],
          [
            -0.0198257,
            51.6003948
          ],
          [
            -0.0202731,
            51.6003509
          ],
          [
            -0.0210257,
            51.6002708
          ],
          [
            -0.021628,
            51.6001894
          ],
          [
            -0.0216637,
            51.6001855
          ],
          [
            -0.021674,
            51.6001833
          ],
          [
            -0.0219635,
            51.6001228
          ],
          [
            -0.0231789,
            51.5998083
          ],
          [
            -0.0232002,
            51.5997995
          ]
        ]
      },
      "properties": {
        "id": "way/23242190",
        "osmType": "way",
        "osmId": 23242190,
        "name": "Billet Road",
        "ref": null,
        "highway": "cycleway",
        "designation": null,
        "foot": "yes",
        "horse": null,
        "bicycle": null,
        "surface": "asphalt",
        "osmcSymbol": null,
        "trailVisibility": null,
        "pathType": "cycleway"
      }
    },
    {
      "type": "Feature",
      "id": "way/23299457",
      "geometry": {
        "type": "LineString",
        "coordinates": [
          [
            0.0096815,
            51.6826208
          ],
          [
            0.0094927,
            51.6820887
          ],
          [
            0.0093382,
            51.6821046
          ]
        ]
      },
      "properties": {
        "id": "way/23299457",
        "osmType": "way",
        "osmId": 23299457,
        "name": "Greenleas",
        "ref": null,
        "highway": "footway",
        "designation": null,
        "foot": null,
        "horse": null,
        "bicycle": null,
        "surface": null,
        "osmcSymbol": null,
        "trailVisibility": null,
        "pathType": "footway"
      }
    },
    {
      "type": "Feature",
      "id": "way/23299505",
      "geometry": {
        "type": "LineString",
        "coordinates": [
          [
            0.0093382,
            51.6821046
          ],
          [
            0.0091783,
            51.6816732
          ],
          [
            0.0091119,
            51.6814941
          ],
          [
            0.0090206,
            51.6812478
          ]
        ]
      },
      "properties": {
        "id": "way/23299505",
        "osmType": "way",
        "osmId": 23299505,
        "name": "Greenleas",
        "ref": null,
        "highway": "footway",
        "designation": null,
        "foot": null,
        "horse": null,
        "bicycle": null,
        "surface": null,
        "osmcSymbol": null,
        "trailVisibility": null,
        "pathType": "footway"
      }
    },
    {
      "type": "Feature",
      "id": "way/23653192",
      "geometry": {
        "type": "LineString",
        "coordinates": [
          [
            -0.0334911,
            51.6015374
          ],
          [
            -0.0335064,
            51.6017084
          ],
          [
            -0.0334915,
            51.6017754
          ],
          [
            -0.0334577,
            51.601831
          ],
          [
            -0.033437,
            51.6018776
          ]
        ]
      },
      "properties": {
        "id": "way/23653192",
        "osmType": "way",
        "osmId": 23653192,
        "name": "Folly Lane",
        "ref": null,
        "highway": "cycleway",
        "designation": null,
        "foot": "designated",
        "horse": null,
        "bicycle": "designated",
        "surface": "asphalt",
        "osmcSymbol": null,
        "trailVisibility": null,
        "pathType": "cycleway"
      }
    },
    {
      "type": "Feature",
      "id": "way/24231941",
      "geometry": {
        "type": "LineString",
        "coordinates": [
          [
            0.0102366,
            51.6575752
          ],
          [
            0.010258,
            51.657626
          ],
          [
            0.010325,
            51.657682
          ],
          [
            0.010436,
            51.657736
          ],
          [
            0.010831,
            51.657864
          ],
          [
            0.010862,
            51.6578707
          ],
          [
            0.0109544,
            51.6578906
          ],
          [
            0.011211,
            51.657946
          ],
          [
            0.011435,
            51.657972
          ],
          [
            0.011664,
            51.657972
          ],
          [
            0.012649,
            51.657856
          ],
          [
            0.012789,
            51.657861
          ],
          [
            0.013504,
            51.657962
          ],
          [
            0.013694,
            51.658001
          ]
        ]
      },
      "properties": {
        "id": "way/24231941",
        "osmType": "way",
        "osmId": 24231941,
        "name": "Blind Lane",
        "ref": null,
        "highway": "bridleway",
        "designation": "public_bridleway",
        "foot": "designated",
        "horse": "designated",
        "bicycle": "designated",
        "surface": null,
        "osmcSymbol": null,
        "trailVisibility": null,
        "pathType": "bridleway"
      }
    },
    {
      "type": "Feature",
      "id": "way/24236385",
      "geometry": {
        "type": "LineString",
        "coordinates": [
          [
            0.0245781,
            51.6411034
          ],
          [
            0.0248142,
            51.6410583
          ],
          [
            0.0250337,
            51.6410671
          ],
          [
            0.0252945,
            51.6410954
          ],
          [
            0.02541,
            51.6411279
          ],
          [
            0.0254692,
            51.6411694
          ],
          [
            0.0255284,
            51.6411931
          ],
          [
            0.0255994,
            51.641196
          ],
          [
            0.025709,
            51.6412168
          ],
          [
            0.0259903,
            51.6413174
          ],
          [
            0.02604,
            51.6413406
          ],
          [
            0.0262626,
            51.6414447
          ],
          [
            0.0264995,
            51.6415572
          ],
          [
            0.0266031,
            51.6416253
          ],
          [
            0.0269791,
            51.6417645
          ],
          [
            0.0271775,
            51.6418267
          ],
          [
            0.027284,
            51.641918
          ],
          [
            0.0274913,
            51.6419984
          ],
          [
            0.0276542,
            51.6420487
          ],
          [
            0.0277992,
            51.6420546
          ],
          [
            0.0278606,
            51.6420658
          ],
          [
            0.0280598,
            51.642102
          ],
          [
            0.028247,
            51.642154
          ]
        ]
      },
      "properties": {
        "id": "way/24236385",
        "osmType": "way",
        "osmId": 24236385,
        "name": "Main path",
        "ref": null,
        "highway": "bridleway",
        "designation": null,
        "foot": "yes",
        "horse": null,
        "bicycle": "yes",
        "surface": "fine_gravel",
        "osmcSymbol": null,
        "trailVisibility": null,
        "pathType": "bridleway"
      }
    },
    {
      "type": "Feature",
      "id": "way/24236387",
      "geometry": {
        "type": "LineString",
        "coordinates": [
          [
            0.025587,
            51.6377933
          ],
          [
            0.0255666,
            51.6377533
          ],
          [
            0.0255156,
            51.6377252
          ],
          [
            0.0254613,
            51.6376741
          ],
          [
            0.0253567,
            51.637579
          ],
          [
            0.025245,
            51.6374863
          ],
          [
            0.02516,
            51.6374358
          ]
        ]
      },
      "properties": {
        "id": "way/24236387",
        "osmType": "way",
        "osmId": 24236387,
        "name": "Main footpath",
        "ref": null,
        "highway": "footway",
        "designation": null,
        "foot": "permissive",
        "horse": null,
        "bicycle": null,
        "surface": "dirt",
        "osmcSymbol": null,
        "trailVisibility": null,
        "pathType": "permissive"
      }
    },
    {
      "type": "Feature",
      "id": "way/24236388",
      "geometry": {
        "type": "LineString",
        "coordinates": [
          [
            0.0181599,
            51.633356
          ],
          [
            0.0178005,
            51.6326727
          ]
        ]
      },
      "properties": {
        "id": "way/24236388",
        "osmType": "way",
        "osmId": 24236388,
        "name": "Warren Pond Road",
        "ref": null,
        "highway": "footway",
        "designation": null,
        "foot": "yes",
        "horse": null,
        "bicycle": "yes",
        "surface": "unpaved",
        "osmcSymbol": null,
        "trailVisibility": null,
        "pathType": "permissive"
      }
    },
    {
      "type": "Feature",
      "id": "way/24893738",
      "geometry": {
        "type": "LineString",
        "coordinates": [
          [
            -0.0093079,
            51.7098844
          ],
          [
            -0.0088462,
            51.7100439
          ]
        ]
      },
      "properties": {
        "id": "way/24893738",
        "osmType": "way",
        "osmId": 24893738,
        "name": "The Glade Footbridge",
        "ref": null,
        "highway": "cycleway",
        "designation": null,
        "foot": "designated",
        "horse": "no",
        "bicycle": "designated",
        "surface": "concrete",
        "osmcSymbol": null,
        "trailVisibility": null,
        "pathType": "cycleway"
      }
    },
    {
      "type": "Feature",
      "id": "way/26642477",
      "geometry": {
        "type": "LineString",
        "coordinates": [
          [
            0.0617914,
            51.6166176
          ],
          [
            0.0620699,
            51.6165232
          ],
          [
            0.0625434,
            51.61636
          ],
          [
            0.0633108,
            51.6160721
          ],
          [
            0.0636142,
            51.615946
          ],
          [
            0.0639408,
            51.6157919
          ],
          [
            0.0641146,
            51.6156991
          ],
          [
            0.0642755,
            51.6155999
          ],
          [
            0.064445,
            51.6154697
          ],
          [
            0.0645673,
            51.6153469
          ],
          [
            0.0647774,
            51.6151553
          ],
          [
            0.0649544,
            51.6150121
          ],
          [
            0.0650963,
            51.6148848
          ],
          [
            0.0651918,
            51.6147704
          ],
          [
            0.065304,
            51.6145854
          ],
          [
            0.0657332,
            51.6138955
          ],
          [
            0.0664722,
            51.6126353
          ],
          [
            0.0665951,
            51.6124478
          ],
          [
            0.0666786,
            51.6123205
          ],
          [
            0.0667262,
            51.6122479
          ]
        ]
      },
      "properties": {
        "id": "way/26642477",
        "osmType": "way",
        "osmId": 26642477,
        "name": "Luxborough Lane",
        "ref": null,
        "highway": "unclassified",
        "designation": "public_bridleway",
        "foot": "designated",
        "horse": "designated",
        "bicycle": "designated",
        "surface": null,
        "osmcSymbol": null,
        "trailVisibility": null,
        "pathType": "bridleway"
      }
    },
    {
      "type": "Feature",
      "id": "way/26642478",
      "geometry": {
        "type": "LineString",
        "coordinates": [
          [
            0.0607459,
            51.61698
          ],
          [
            0.0617914,
            51.6166176
          ]
        ]
      },
      "properties": {
        "id": "way/26642478",
        "osmType": "way",
        "osmId": 26642478,
        "name": "Luxborough Lane",
        "ref": null,
        "highway": "unclassified",
        "designation": "public_bridleway",
        "foot": "designated",
        "horse": "designated",
        "bicycle": "designated",
        "surface": "asphalt",
        "osmcSymbol": null,
        "trailVisibility": null,
        "pathType": "bridleway"
      }
    },
    {
      "type": "Feature",
      "id": "way/28823915",
      "geometry": {
        "type": "LineString",
        "coordinates": [
          [
            0.0447954,
            51.7204343
          ],
          [
            0.0489115,
            51.7208672
          ],
          [
            0.0490574,
            51.7221061
          ],
          [
            0.0499072,
            51.722037
          ],
          [
            0.0501389,
            51.7219306
          ],
          [
            0.0506539,
            51.7219697
          ],
          [
            0.0517107,
            51.7219712
          ],
          [
            0.0526979,
            51.7220122
          ]
        ]
      },
      "properties": {
        "id": "way/28823915",
        "osmType": "way",
        "osmId": 28823915,
        "name": "Forest Way",
        "ref": null,
        "highway": "track",
        "designation": "public_bridleway",
        "foot": "designated",
        "horse": "designated",
        "bicycle": "designated",
        "surface": "dirt",
        "osmcSymbol": null,
        "trailVisibility": null,
        "pathType": "bridleway"
      }
    },
    {
      "type": "Feature",
      "id": "way/30240289",
      "geometry": {
        "type": "LineString",
        "coordinates": [
          [
            -0.0117325,
            51.5949134
          ],
          [
            -0.011026,
            51.5951981
          ],
          [
            -0.0109286,
            51.5952623
          ]
        ]
      },
      "properties": {
        "id": "way/30240289",
        "osmType": "way",
        "osmId": 30240289,
        "name": "Warburton Terrace",
        "ref": null,
        "highway": "footway",
        "designation": null,
        "foot": "yes",
        "horse": null,
        "bicycle": null,
        "surface": null,
        "osmcSymbol": null,
        "trailVisibility": null,
        "pathType": "footway"
      }
    },
    {
      "type": "Feature",
      "id": "way/31338299",
      "geometry": {
        "type": "LineString",
        "coordinates": [
          [
            0.1368461,
            51.6448462
          ],
          [
            0.1369206,
            51.6447358
          ],
          [
            0.137059,
            51.644482
          ],
          [
            0.137043,
            51.644425
          ],
          [
            0.137081,
            51.64434
          ],
          [
            0.137153,
            51.64411
          ],
          [
            0.137191,
            51.644021
          ],
          [
            0.137208,
            51.643946
          ],
          [
            0.137239,
            51.643913
          ],
          [
            0.13727,
            51.643902
          ],
          [
            0.137304,
            51.643609
          ],
          [
            0.137244,
            51.643502
          ],
          [
            0.137257,
            51.643331
          ],
          [
            0.137247,
            51.64319
          ],
          [
            0.137235,
            51.643039
          ],
          [
            0.137205,
            51.642929
          ],
          [
            0.137197,
            51.642811
          ],
          [
            0.137192,
            51.642669
          ],
          [
            0.137122,
            51.642512
          ],
          [
            0.137153,
            51.642238
          ],
          [
            0.137162,
            51.642193
          ],
          [
            0.137159,
            51.64215
          ],
          [
            0.137274,
            51.641906
          ],
          [
            0.137309,
            51.64174
          ],
          [
            0.137365,
            51.641675
          ],
          [
            0.137346,
            51.641606
          ],
          [
            0.137355,
            51.641536
          ],
          [
            0.1374,
            51.641502
          ],
          [
            0.137462,
            51.641353
          ],
          [
            0.137539,
            51.64128
          ],
          [
            0.137638,
            51.641065
          ],
          [
            0.137821,
            51.6407962
          ]
        ]
      },
      "properties": {
        "id": "way/31338299",
        "osmType": "way",
        "osmId": 31338299,
        "name": "Featherbed Lane",
        "ref": null,
        "highway": "bridleway",
        "designation": "public_bridleway",
        "foot": "designated",
        "horse": "designated",
        "bicycle": "designated",
        "surface": "dirt",
        "osmcSymbol": null,
        "trailVisibility": null,
        "pathType": "bridleway"
      }
    },
    {
      "type": "Feature",
      "id": "way/31690521",
      "geometry": {
        "type": "LineString",
        "coordinates": [
          [
            0.029332,
            51.639467
          ],
          [
            0.029288,
            51.639572
          ],
          [
            0.029203,
            51.639665
          ],
          [
            0.029101,
            51.639709
          ],
          [
            0.028957,
            51.639711
          ],
          [
            0.0287584,
            51.6397129
          ],
          [
            0.028583,
            51.6397093
          ],
          [
            0.028062,
            51.639687
          ],
          [
            0.027866,
            51.639727
          ],
          [
            0.027328,
            51.639926
          ],
          [
            0.027165,
            51.63994
          ],
          [
            0.0269647,
            51.6399699
          ],
          [
            0.0267951,
            51.6399492
          ],
          [
            0.026553,
            51.639714
          ],
          [
            0.025997,
            51.639295
          ],
          [
            0.025862,
            51.639173
          ],
          [
            0.0257486,
            51.6390689
          ],
          [
            0.025735,
            51.6389875
          ],
          [
            0.0257199,
            51.6389183
          ],
          [
            0.0256457,
            51.6388592
          ],
          [
            0.0255455,
            51.6388028
          ],
          [
            0.0254662,
            51.6387212
          ],
          [
            0.0254446,
            51.6386369
          ],
          [
            0.0254323,
            51.6385532
          ],
          [
            0.025335,
            51.638367
          ],
          [
            0.0252969,
            51.6382718
          ],
          [
            0.025305,
            51.638163
          ],
          [
            0.0253664,
            51.63802
          ],
          [
            0.025396,
            51.637951
          ],
          [
            0.025479,
            51.63786
          ],
          [
            0.025587,
            51.6377933
          ],
          [
            0.025668,
            51.637764
          ],
          [
            0.02617,
            51.637659
          ],
          [
            0.027046,
            51.637618
          ],
          [
            0.027348,
            51.637545
          ],
          [
            0.027446,
            51.637512
          ],
          [
            0.02754,
            51.637449
          ],
          [
            0.027659,
            51.637315
          ],
          [
            0.027816,
            51.637202
          ],
          [
            0.027897,
            51.637171
          ],
          [
            0.028018,
            51.637155
          ],
          [
            0.028129,
            51.637167
          ],
          [
            0.028184,
            51.6371986
          ],
          [
            0.0282318,
            51.6372422
          ],
          [
            0.0283417,
            51.6372965
          ],
          [
            0.0282619,
            51.6374058
          ],
          [
            0.0281059,
            51.6376098
          ],
          [
            0.027927,
            51.637888
          ],
          [
            0.027842,
            51.638134
          ],
          [
            0.027853,
            51.638228
          ],
          [
            0.02801,
            51.638358
          ],
          [
            0.0281741,
            51.638515
          ],
          [
            0.028262,
            51.638586
          ],
          [
            0.0284612,
            51.638731
          ],
          [
            0.0286692,
            51.6388778
          ],
          [
            0.0288076,
            51.6389922
          ],
          [
            0.0289068,
            51.6391706
          ],
          [
            0.029243,
            51.639261
          ],
          [
            0.029305,
            51.639412
          ]
        ]
      },
      "properties": {
        "id": "way/31690521",
        "osmType": "way",
        "osmId": 31690521,
        "name": "Main footpath",
        "ref": null,
        "highway": "footway",
        "designation": null,
        "foot": null,
        "horse": null,
        "bicycle": "no",
        "surface": "compacted",
        "osmcSymbol": null,
        "trailVisibility": null,
        "pathType": "permissive"
      }
    },
    {
      "type": "Feature",
      "id": "way/31690549",
      "geometry": {
        "type": "LineString",
        "coordinates": [
          [
            0.033734,
            51.643442
          ],
          [
            0.0337219,
            51.643528
          ]
        ]
      },
      "properties": {
        "id": "way/31690549",
        "osmType": "way",
        "osmId": 31690549,
        "name": "Palmers Bridge",
        "ref": null,
        "highway": "track",
        "designation": null,
        "foot": null,
        "horse": null,
        "bicycle": null,
        "surface": null,
        "osmcSymbol": null,
        "trailVisibility": null,
        "pathType": "track"
      }
    },
    {
      "type": "Feature",
      "id": "way/31690622",
      "geometry": {
        "type": "LineString",
        "coordinates": [
          [
            0.0449923,
            51.6516575
          ],
          [
            0.044792,
            51.651627
          ],
          [
            0.044697,
            51.65158
          ],
          [
            0.044477,
            51.651364
          ],
          [
            0.04417,
            51.651195
          ],
          [
            0.0439,
            51.651083
          ],
          [
            0.0438041,
            51.6510246
          ],
          [
            0.043729,
            51.650979
          ],
          [
            0.043474,
            51.650756
          ],
          [
            0.04338,
            51.650653
          ],
          [
            0.0432766,
            51.6505408
          ],
          [
            0.043238,
            51.650499
          ],
          [
            0.0431136,
            51.6503132
          ]
        ]
      },
      "properties": {
        "id": "way/31690622",
        "osmType": "way",
        "osmId": 31690622,
        "name": "Green Ride",
        "ref": null,
        "highway": "bridleway",
        "designation": null,
        "foot": "yes",
        "horse": null,
        "bicycle": "yes",
        "surface": null,
        "osmcSymbol": null,
        "trailVisibility": null,
        "pathType": "bridleway"
      }
    },
    {
      "type": "Feature",
      "id": "way/31690634",
      "geometry": {
        "type": "LineString",
        "coordinates": [
          [
            0.0431136,
            51.6503132
          ],
          [
            0.042942,
            51.650285
          ],
          [
            0.04282,
            51.650283
          ],
          [
            0.042599,
            51.650358
          ],
          [
            0.042516,
            51.650348
          ],
          [
            0.042314,
            51.65023
          ],
          [
            0.042187,
            51.650177
          ],
          [
            0.041762,
            51.650074
          ],
          [
            0.0416982,
            51.6500497
          ],
          [
            0.041594,
            51.65001
          ],
          [
            0.0414,
            51.649852
          ],
          [
            0.0413046,
            51.6498017
          ],
          [
            0.041233,
            51.649764
          ],
          [
            0.041109,
            51.649734
          ],
          [
            0.040887,
            51.649715
          ],
          [
            0.0407,
            51.64967
          ],
          [
            0.040463,
            51.649589
          ],
          [
            0.04024,
            51.649478
          ],
          [
            0.040114,
            51.649416
          ],
          [
            0.039984,
            51.649405
          ],
          [
            0.039713,
            51.64942
          ],
          [
            0.039556,
            51.649389
          ],
          [
            0.039049,
            51.649128
          ],
          [
            0.038559,
            51.648842
          ],
          [
            0.038245,
            51.648746
          ],
          [
            0.037989,
            51.648629
          ],
          [
            0.0374786,
            51.6483539
          ],
          [
            0.037414,
            51.648319
          ],
          [
            0.037307,
            51.648228
          ],
          [
            0.037269,
            51.648088
          ],
          [
            0.0372534,
            51.6480491
          ]
        ]
      },
      "properties": {
        "id": "way/31690634",
        "osmType": "way",
        "osmId": 31690634,
        "name": "Green Ride",
        "ref": null,
        "highway": "footway",
        "designation": null,
        "foot": "yes",
        "horse": null,
        "bicycle": null,
        "surface": null,
        "osmcSymbol": null,
        "trailVisibility": null,
        "pathType": "footway"
      }
    },
    {
      "type": "Feature",
      "id": "way/31696583",
      "geometry": {
        "type": "LineString",
        "coordinates": [
          [
            -0.0045551,
            51.6181864
          ],
          [
            -0.0045496,
            51.6181525
          ]
        ]
      },
      "properties": {
        "id": "way/31696583",
        "osmType": "way",
        "osmId": 31696583,
        "name": "Woodview Avenue",
        "ref": null,
        "highway": "footway",
        "designation": null,
        "foot": null,
        "horse": null,
        "bicycle": null,
        "surface": null,
        "osmcSymbol": null,
        "trailVisibility": null,
        "pathType": "footway"
      }
    },
    {
      "type": "Feature",
      "id": "way/31726849",
      "geometry": {
        "type": "LineString",
        "coordinates": [
          [
            0.053851,
            51.6183839
          ],
          [
            0.0540124,
            51.6183741
          ],
          [
            0.0543745,
            51.6183897
          ],
          [
            0.0549753,
            51.618372
          ],
          [
            0.0556023,
            51.6182395
          ],
          [
            0.0567224,
            51.6180027
          ]
        ]
      },
      "properties": {
        "id": "way/31726849",
        "osmType": "way",
        "osmId": 31726849,
        "name": "Luxborough Lane",
        "ref": null,
        "highway": "unclassified",
        "designation": "public_bridleway",
        "foot": "designated",
        "horse": "designated",
        "bicycle": "designated",
        "surface": "asphalt",
        "osmcSymbol": null,
        "trailVisibility": null,
        "pathType": "bridleway"
      }
    },
    {
      "type": "Feature",
      "id": "way/31727156",
      "geometry": {
        "type": "LineString",
        "coordinates": [
          [
            0.0318923,
            51.6230204
          ],
          [
            0.0320908,
            51.6228482
          ]
        ]
      },
      "properties": {
        "id": "way/31727156",
        "osmType": "way",
        "osmId": 31727156,
        "name": "Monkham's Lane",
        "ref": null,
        "highway": "service",
        "designation": "public_bridleway",
        "foot": "designated",
        "horse": "designated",
        "bicycle": "designated",
        "surface": "compacted",
        "osmcSymbol": null,
        "trailVisibility": null,
        "pathType": "bridleway"
      }
    },
    {
      "type": "Feature",
      "id": "way/32523201",
      "geometry": {
        "type": "LineString",
        "coordinates": [
          [
            0.0239614,
            51.6165481
          ],
          [
            0.0238553,
            51.6164651
          ],
          [
            0.0234849,
            51.6161451
          ],
          [
            0.0232382,
            51.6159424
          ],
          [
            0.0229507,
            51.6157784
          ],
          [
            0.0228621,
            51.6157209
          ],
          [
            0.0225188,
            51.6155238
          ],
          [
            0.0223128,
            51.6153852
          ],
          [
            0.022184,
            51.6152626
          ],
          [
            0.0220982,
            51.615108
          ],
          [
            0.0220724,
            51.6149215
          ],
          [
            0.0220488,
            51.6146859
          ]
        ]
      },
      "properties": {
        "id": "way/32523201",
        "osmType": "way",
        "osmId": 32523201,
        "name": "Friary Lane",
        "ref": null,
        "highway": "footway",
        "designation": null,
        "foot": null,
        "horse": null,
        "bicycle": null,
        "surface": null,
        "osmcSymbol": null,
        "trailVisibility": null,
        "pathType": "footway"
      }
    },
    {
      "type": "Feature",
      "id": "way/32612739",
      "geometry": {
        "type": "LineString",
        "coordinates": [
          [
            -0.0183725,
            51.5969471
          ],
          [
            -0.0185901,
            51.596961
          ],
          [
            -0.0188783,
            51.5969257
          ],
          [
            -0.0207363,
            51.5964417
          ],
          [
            -0.0182817,
            51.5959715
          ],
          [
            -0.0185577,
            51.5946241
          ],
          [
            -0.0181964,
            51.5945901
          ],
          [
            -0.0181643,
            51.5945357
          ],
          [
            -0.0181521,
            51.5945133
          ],
          [
            -0.018498,
            51.5944343
          ],
          [
            -0.0189087,
            51.5943404
          ],
          [
            -0.019023,
            51.594333
          ],
          [
            -0.019993,
            51.5942701
          ],
          [
            -0.0202297,
            51.5942548
          ],
          [
            -0.0201039,
            51.5935218
          ],
          [
            -0.0202796,
            51.5934364
          ],
          [
            -0.0199026,
            51.5929234
          ],
          [
            -0.0199269,
            51.5929094
          ],
          [
            -0.0199252,
            51.5927829
          ],
          [
            -0.01992,
            51.592747
          ],
          [
            -0.0198198,
            51.5920507
          ],
          [
            -0.0197397,
            51.591684
          ],
          [
            -0.01971,
            51.5912732
          ],
          [
            -0.0197009,
            51.5911436
          ],
          [
            -0.0196921,
            51.5911242
          ],
          [
            -0.019692,
            51.5910094
          ],
          [
            -0.0195793,
            51.5910104
          ],
          [
            -0.0195792,
            51.5908191
          ],
          [
            -0.0198192,
            51.5908755
          ],
          [
            -0.0198534,
            51.5909053
          ],
          [
            -0.0199063,
            51.5909195
          ],
          [
            -0.0199912,
            51.5909224
          ],
          [
            -0.0200142,
            51.590916
          ],
          [
            -0.0203115,
            51.5909334
          ],
          [
            -0.0204642,
            51.5909383
          ],
          [
            -0.0206703,
            51.5909393
          ],
          [
            -0.0208814,
            51.5909268
          ],
          [
            -0.0211542,
            51.590901
          ],
          [
            -0.0213528,
            51.5908703
          ],
          [
            -0.0214957,
            51.5908371
          ],
          [
            -0.0216353,
            51.590866
          ],
          [
            -0.0217225,
            51.5912054
          ],
          [
            -0.021845,
            51.59167
          ],
          [
            -0.0221529,
            51.5927322
          ],
          [
            -0.0221781,
            51.592805
          ],
          [
            -0.0222038,
            51.5928626
          ],
          [
            -0.0226639,
            51.5945069
          ],
          [
            -0.0231151,
            51.5960368
          ],
          [
            -0.0215439,
            51.5963488
          ],
          [
            -0.0214868,
            51.5963601
          ],
          [
            -0.020946,
            51.5964675
          ],
          [
            -0.0199298,
            51.5967108
          ],
          [
            -0.0194152,
            51.5968788
          ],
          [
            -0.0183636,
            51.5971289
          ],
          [
            -0.0176435,
            51.5972069
          ],
          [
            -0.0176359,
            51.5971048
          ],
          [
            -0.0177622,
            51.5971027
          ],
          [
            -0.0177669,
            51.5969578
          ],
          [
            -0.0181091,
            51.5969571
          ],
          [
            -0.0181144,
            51.596944
          ],
          [
            -0.0181227,
            51.5969143
          ],
          [
            -0.0183725,
            51.5969471
          ]
        ]
      },
      "properties": {
        "id": "way/32612739",
        "osmType": "way",
        "osmId": 32612739,
        "name": "Lloyd Park",
        "ref": null,
        "highway": null,
        "designation": null,
        "foot": "permissive",
        "horse": null,
        "bicycle": null,
        "surface": null,
        "osmcSymbol": null,
        "trailVisibility": null,
        "pathType": "permissive"
      }
    },
    {
      "type": "Feature",
      "id": "way/33228400",
      "geometry": {
        "type": "LineString",
        "coordinates": [
          [
            0.082347,
            51.6483276
          ],
          [
            0.082674,
            51.6480294
          ]
        ]
      },
      "properties": {
        "id": "way/33228400",
        "osmType": "way",
        "osmId": 33228400,
        "name": "Brickclamps Path",
        "ref": null,
        "highway": "footway",
        "designation": null,
        "foot": "yes",
        "horse": null,
        "bicycle": null,
        "surface": null,
        "osmcSymbol": null,
        "trailVisibility": null,
        "pathType": "footway"
      }
    },
    {
      "type": "Feature",
      "id": "way/37053947",
      "geometry": {
        "type": "LineString",
        "coordinates": [
          [
            0.0323862,
            51.6474818
          ],
          [
            0.031899,
            51.647523
          ],
          [
            0.031599,
            51.647573
          ],
          [
            0.031334,
            51.647638
          ],
          [
            0.031013,
            51.647685
          ],
          [
            0.030303,
            51.647884
          ],
          [
            0.02989,
            51.647971
          ],
          [
            0.029686,
            51.648045
          ],
          [
            0.0291896,
            51.6481625
          ],
          [
            0.029028,
            51.648181
          ],
          [
            0.02878,
            51.648237
          ]
        ]
      },
      "properties": {
        "id": "way/37053947",
        "osmType": "way",
        "osmId": 37053947,
        "name": "Green Ride",
        "ref": null,
        "highway": "bridleway",
        "designation": null,
        "foot": "permissive",
        "horse": null,
        "bicycle": "yes",
        "surface": "fine_gravel",
        "osmcSymbol": null,
        "trailVisibility": null,
        "pathType": "bridleway"
      }
    },
    {
      "type": "Feature",
      "id": "way/37238479",
      "geometry": {
        "type": "LineString",
        "coordinates": [
          [
            0.031414,
            51.652173
          ],
          [
            0.0314954,
            51.6521904
          ],
          [
            0.0315359,
            51.6522231
          ],
          [
            0.0316052,
            51.6523334
          ],
          [
            0.0317258,
            51.6524437
          ],
          [
            0.031834,
            51.6525212
          ],
          [
            0.0319215,
            51.6525792
          ],
          [
            0.032007,
            51.652632
          ],
          [
            0.0321201,
            51.6527179
          ],
          [
            0.0322583,
            51.6528125
          ],
          [
            0.032368,
            51.652881
          ],
          [
            0.0324466,
            51.6529309
          ],
          [
            0.0326882,
            51.653071
          ],
          [
            0.0329491,
            51.653163
          ],
          [
            0.033149,
            51.6532266
          ],
          [
            0.0332862,
            51.6532908
          ],
          [
            0.033348,
            51.653341
          ],
          [
            0.0334493,
            51.653424
          ],
          [
            0.0336184,
            51.6535327
          ],
          [
            0.0337327,
            51.6536045
          ],
          [
            0.033831,
            51.65367
          ],
          [
            0.0339542,
            51.6537448
          ],
          [
            0.0342354,
            51.6539357
          ],
          [
            0.0344135,
            51.6540539
          ],
          [
            0.0345304,
            51.6541315
          ],
          [
            0.0346358,
            51.6541991
          ],
          [
            0.034839,
            51.65434
          ],
          [
            0.0349165,
            51.654394
          ],
          [
            0.0350348,
            51.654514
          ],
          [
            0.0351209,
            51.654653
          ],
          [
            0.0351428,
            51.6547088
          ],
          [
            0.035251,
            51.654878
          ],
          [
            0.0352757,
            51.6549749
          ],
          [
            0.0352862,
            51.6550411
          ],
          [
            0.0352546,
            51.6550877
          ],
          [
            0.0352396,
            51.6551224
          ],
          [
            0.0351994,
            51.6551612
          ],
          [
            0.0350657,
            51.6552758
          ],
          [
            0.0350374,
            51.6554001
          ],
          [
            0.0350279,
            51.6554784
          ],
          [
            0.0350444,
            51.6555799
          ],
          [
            0.0351178,
            51.6556963
          ],
          [
            0.0351518,
            51.6557943
          ],
          [
            0.0352136,
            51.6560363
          ],
          [
            0.0352973,
            51.6562853
          ],
          [
            0.0353596,
            51.6564417
          ],
          [
            0.0354264,
            51.6565608
          ],
          [
            0.0354508,
            51.6566612
          ],
          [
            0.0354884,
            51.6567683
          ],
          [
            0.0355747,
            51.65696
          ],
          [
            0.0356766,
            51.6571947
          ],
          [
            0.0358111,
            51.65735
          ],
          [
            0.0359038,
            51.657588
          ],
          [
            0.0359528,
            51.6577212
          ],
          [
            0.0361162,
            51.6579225
          ],
          [
            0.0363439,
            51.6580229
          ],
          [
            0.0365061,
            51.6580516
          ],
          [
            0.0366301,
            51.6580632
          ],
          [
            0.0367668,
            51.6580853
          ]
        ]
      },
      "properties": {
        "id": "way/37238479",
        "osmType": "way",
        "osmId": 37238479,
        "name": "Main path",
        "ref": null,
        "highway": "bridleway",
        "designation": null,
        "foot": "yes",
        "horse": null,
        "bicycle": "yes",
        "surface": "fine_gravel",
        "osmcSymbol": null,
        "trailVisibility": null,
        "pathType": "bridleway"
      }
    },
    {
      "type": "Feature",
      "id": "way/37238776",
      "geometry": {
        "type": "LineString",
        "coordinates": [
          [
            0.044249,
            51.6698205
          ],
          [
            0.0443798,
            51.6696882
          ],
          [
            0.044328,
            51.66958
          ],
          [
            0.0442768,
            51.6694694
          ],
          [
            0.0442597,
            51.6693364
          ],
          [
            0.0441996,
            51.6690702
          ],
          [
            0.0439936,
            51.6687827
          ],
          [
            0.0435878,
            51.6684112
          ],
          [
            0.0432415,
            51.6682219
          ],
          [
            0.0430108,
            51.6681294
          ],
          [
            0.042852,
            51.6680109
          ],
          [
            0.0425945,
            51.6678724
          ],
          [
            0.0423027,
            51.6677553
          ],
          [
            0.0418531,
            51.6676376
          ],
          [
            0.041725,
            51.667596
          ],
          [
            0.0415615,
            51.66753
          ],
          [
            0.0414164,
            51.6674706
          ],
          [
            0.0410375,
            51.6668882
          ],
          [
            0.0407744,
            51.6666167
          ],
          [
            0.0407909,
            51.666531
          ],
          [
            0.0408093,
            51.6664357
          ]
        ]
      },
      "properties": {
        "id": "way/37238776",
        "osmType": "way",
        "osmId": 37238776,
        "name": "Main path",
        "ref": null,
        "highway": "footway",
        "designation": null,
        "foot": null,
        "horse": null,
        "bicycle": "yes",
        "surface": null,
        "osmcSymbol": null,
        "trailVisibility": null,
        "pathType": "footway"
      }
    },
    {
      "type": "Feature",
      "id": "way/37256167",
      "geometry": {
        "type": "LineString",
        "coordinates": [
          [
            0.0245781,
            51.6411034
          ],
          [
            0.023843,
            51.641208
          ],
          [
            0.023648,
            51.64122
          ],
          [
            0.02348,
            51.641213
          ],
          [
            0.023393,
            51.641193
          ],
          [
            0.022689,
            51.641035
          ],
          [
            0.022474,
            51.640987
          ],
          [
            0.022077,
            51.640928
          ],
          [
            0.021351,
            51.64078
          ],
          [
            0.020875,
            51.640666
          ],
          [
            0.020494,
            51.640608
          ],
          [
            0.018771,
            51.640198
          ],
          [
            0.01855,
            51.640178
          ],
          [
            0.0184237,
            51.6401829
          ],
          [
            0.017826,
            51.640206
          ],
          [
            0.017288,
            51.64025
          ],
          [
            0.017065,
            51.640235
          ],
          [
            0.016904,
            51.640189
          ],
          [
            0.01658,
            51.640136
          ],
          [
            0.016329,
            51.64007
          ],
          [
            0.015919,
            51.640006
          ],
          [
            0.0157246,
            51.6399657
          ],
          [
            0.015388,
            51.639896
          ],
          [
            0.015016,
            51.639834
          ],
          [
            0.0149712,
            51.6398299
          ],
          [
            0.014874,
            51.639821
          ],
          [
            0.014523,
            51.639791
          ],
          [
            0.0141183,
            51.6397822
          ],
          [
            0.0140326,
            51.6397858
          ],
          [
            0.0132264,
            51.6397997
          ],
          [
            0.0130137,
            51.6398046
          ],
          [
            0.0129019,
            51.6398046
          ],
          [
            0.0127337,
            51.6398167
          ],
          [
            0.0125661,
            51.6398169
          ],
          [
            0.0125013,
            51.6398047
          ],
          [
            0.0124978,
            51.6398087
          ]
        ]
      },
      "properties": {
        "id": "way/37256167",
        "osmType": "way",
        "osmId": 37256167,
        "name": "Main path",
        "ref": null,
        "highway": "bridleway",
        "designation": null,
        "foot": "yes",
        "horse": null,
        "bicycle": "yes",
        "surface": "fine_gravel",
        "osmcSymbol": null,
        "trailVisibility": null,
        "pathType": "bridleway"
      }
    },
    {
      "type": "Feature",
      "id": "way/38282099",
      "geometry": {
        "type": "LineString",
        "coordinates": [
          [
            0.023613,
            51.6367316
          ],
          [
            0.0232689,
            51.6366458
          ],
          [
            0.022718,
            51.6364367
          ],
          [
            0.0220606,
            51.6361723
          ],
          [
            0.0217374,
            51.6360189
          ],
          [
            0.0215774,
            51.6359184
          ],
          [
            0.0214103,
            51.6357899
          ],
          [
            0.0208009,
            51.635389
          ],
          [
            0.020428,
            51.6351789
          ],
          [
            0.020213,
            51.635105
          ],
          [
            0.0198305,
            51.6349916
          ],
          [
            0.0189857,
            51.6348026
          ]
        ]
      },
      "properties": {
        "id": "way/38282099",
        "osmType": "way",
        "osmId": 38282099,
        "name": "Gloucester Ride",
        "ref": null,
        "highway": "footway",
        "designation": null,
        "foot": "permissive",
        "horse": null,
        "bicycle": "yes",
        "surface": "ground",
        "osmcSymbol": null,
        "trailVisibility": null,
        "pathType": "permissive"
      }
    },
    {
      "type": "Feature",
      "id": "way/38673304",
      "geometry": {
        "type": "LineString",
        "coordinates": [
          [
            0.0165794,
            51.631028
          ],
          [
            0.0165989,
            51.6310575
          ],
          [
            0.016687,
            51.631191
          ],
          [
            0.0167409,
            51.6312551
          ],
          [
            0.016952,
            51.631506
          ],
          [
            0.017081,
            51.631702
          ],
          [
            0.017241,
            51.632078
          ],
          [
            0.017309,
            51.632176
          ],
          [
            0.0174003,
            51.632261
          ],
          [
            0.017671,
            51.632513
          ],
          [
            0.0178005,
            51.6326727
          ]
        ]
      },
      "properties": {
        "id": "way/38673304",
        "osmType": "way",
        "osmId": 38673304,
        "name": "Warren Pond Road",
        "ref": null,
        "highway": "footway",
        "designation": null,
        "foot": null,
        "horse": null,
        "bicycle": "yes",
        "surface": "unpaved",
        "osmcSymbol": null,
        "trailVisibility": null,
        "pathType": "footway"
      }
    },
    {
      "type": "Feature",
      "id": "way/38673307",
      "geometry": {
        "type": "LineString",
        "coordinates": [
          [
            0.0178806,
            51.6353899
          ],
          [
            0.01824,
            51.635446
          ],
          [
            0.018811,
            51.635527
          ],
          [
            0.019039,
            51.635547
          ],
          [
            0.0195496,
            51.6355566
          ],
          [
            0.01969,
            51.635598
          ],
          [
            0.019797,
            51.635612
          ],
          [
            0.020104,
            51.6355665
          ],
          [
            0.0201434,
            51.6355669
          ],
          [
            0.020283,
            51.6355868
          ],
          [
            0.0206964,
            51.6355683
          ],
          [
            0.0214103,
            51.6357899
          ],
          [
            0.0215814,
            51.6358255
          ],
          [
            0.0216604,
            51.6358464
          ],
          [
            0.0217256,
            51.6358741
          ],
          [
            0.0218724,
            51.6359679
          ],
          [
            0.0218926,
            51.6359799
          ],
          [
            0.0219138,
            51.6359909
          ],
          [
            0.0222149,
            51.6361169
          ],
          [
            0.0222407,
            51.6361244
          ],
          [
            0.0223455,
            51.6361444
          ],
          [
            0.0224437,
            51.6361563
          ],
          [
            0.0225005,
            51.6361732
          ],
          [
            0.0227343,
            51.6362619
          ],
          [
            0.0229525,
            51.636374
          ],
          [
            0.023216,
            51.6364674
          ],
          [
            0.0236843,
            51.6366109
          ]
        ]
      },
      "properties": {
        "id": "way/38673307",
        "osmType": "way",
        "osmId": 38673307,
        "name": "Gloucester Ride",
        "ref": null,
        "highway": "footway",
        "designation": null,
        "foot": "permissive",
        "horse": null,
        "bicycle": "yes",
        "surface": "ground",
        "osmcSymbol": null,
        "trailVisibility": null,
        "pathType": "permissive"
      }
    },
    {
      "type": "Feature",
      "id": "way/39273544",
      "geometry": {
        "type": "LineString",
        "coordinates": [
          [
            -0.0137669,
            51.6278201
          ],
          [
            -0.0144973,
            51.6281701
          ],
          [
            -0.0151059,
            51.6284328
          ],
          [
            -0.0154321,
            51.6286193
          ],
          [
            -0.0159685,
            51.6288436
          ],
          [
            -0.0164728,
            51.6290251
          ],
          [
            -0.0165754,
            51.6291043
          ]
        ]
      },
      "properties": {
        "id": "way/39273544",
        "osmType": "way",
        "osmId": 39273544,
        "name": "Valley Side",
        "ref": null,
        "highway": "footway",
        "designation": null,
        "foot": null,
        "horse": null,
        "bicycle": null,
        "surface": null,
        "osmcSymbol": null,
        "trailVisibility": null,
        "pathType": "footway"
      }
    },
    {
      "type": "Feature",
      "id": "way/39357886",
      "geometry": {
        "type": "LineString",
        "coordinates": [
          [
            0.0117974,
            51.6200842
          ],
          [
            0.012156,
            51.620208
          ],
          [
            0.012717,
            51.620349
          ],
          [
            0.013237,
            51.620504
          ],
          [
            0.013472,
            51.620599
          ],
          [
            0.0136921,
            51.6206531
          ],
          [
            0.013851,
            51.620712
          ],
          [
            0.0140258,
            51.6207927
          ],
          [
            0.014176,
            51.620862
          ],
          [
            0.0143279,
            51.620912
          ],
          [
            0.014434,
            51.620947
          ],
          [
            0.014521,
            51.620987
          ],
          [
            0.014873,
            51.62115
          ],
          [
            0.015123,
            51.621295
          ],
          [
            0.015544,
            51.621623
          ],
          [
            0.015744,
            51.621753
          ],
          [
            0.015836,
            51.6218179
          ],
          [
            0.0159839,
            51.6218326
          ],
          [
            0.0161469,
            51.6218177
          ],
          [
            0.0161926,
            51.6218071
          ]
        ]
      },
      "properties": {
        "id": "way/39357886",
        "osmType": "way",
        "osmId": 39357886,
        "name": "Newgate Street",
        "ref": null,
        "highway": "track",
        "designation": null,
        "foot": null,
        "horse": null,
        "bicycle": null,
        "surface": null,
        "osmcSymbol": null,
        "trailVisibility": null,
        "pathType": "track"
      }
    },
    {
      "type": "Feature",
      "id": "way/41954660",
      "geometry": {
        "type": "LineString",
        "coordinates": [
          [
            0.0250902,
            51.637407
          ],
          [
            0.024987,
            51.637341
          ],
          [
            0.024636,
            51.63717
          ],
          [
            0.0235969,
            51.6367699
          ]
        ]
      },
      "properties": {
        "id": "way/41954660",
        "osmType": "way",
        "osmId": 41954660,
        "name": "Main footpath",
        "ref": null,
        "highway": "footway",
        "designation": null,
        "foot": "permissive",
        "horse": null,
        "bicycle": null,
        "surface": null,
        "osmcSymbol": null,
        "trailVisibility": null,
        "pathType": "permissive"
      }
    },
    {
      "type": "Feature",
      "id": "way/42102988",
      "geometry": {
        "type": "LineString",
        "coordinates": [
          [
            0.1191512,
            51.705071
          ],
          [
            0.1192014,
            51.7050497
          ]
        ]
      },
      "properties": {
        "id": "way/42102988",
        "osmType": "way",
        "osmId": 42102988,
        "name": "Fairfield Road",
        "ref": null,
        "highway": "footway",
        "designation": null,
        "foot": null,
        "horse": null,
        "bicycle": null,
        "surface": null,
        "osmcSymbol": null,
        "trailVisibility": null,
        "pathType": "footway"
      }
    },
    {
      "type": "Feature",
      "id": "way/42876952",
      "geometry": {
        "type": "LineString",
        "coordinates": [
          [
            0.0072465,
            51.6486654
          ],
          [
            0.0070195,
            51.6486764
          ]
        ]
      },
      "properties": {
        "id": "way/42876952",
        "osmType": "way",
        "osmId": 42876952,
        "name": "Gilwell Lane",
        "ref": null,
        "highway": "unclassified",
        "designation": "public_bridleway",
        "foot": "designated",
        "horse": "designated",
        "bicycle": "designated",
        "surface": "asphalt",
        "osmcSymbol": null,
        "trailVisibility": null,
        "pathType": "bridleway"
      }
    },
    {
      "type": "Feature",
      "id": "way/42944792",
      "geometry": {
        "type": "LineString",
        "coordinates": [
          [
            0.0886443,
            51.6258151
          ],
          [
            0.0886834,
            51.625758
          ],
          [
            0.0887874,
            51.6256671
          ],
          [
            0.0888914,
            51.6255792
          ],
          [
            0.0889894,
            51.6254813
          ],
          [
            0.0891694,
            51.6253166
          ],
          [
            0.0896116,
            51.6249418
          ]
        ]
      },
      "properties": {
        "id": "way/42944792",
        "osmType": "way",
        "osmId": 42944792,
        "name": "Green Lane",
        "ref": null,
        "highway": "track",
        "designation": "public_bridleway",
        "foot": "designated",
        "horse": "designated",
        "bicycle": "designated",
        "surface": "compacted",
        "osmcSymbol": null,
        "trailVisibility": null,
        "pathType": "bridleway"
      }
    },
    {
      "type": "Feature",
      "id": "way/43029459",
      "geometry": {
        "type": "LineString",
        "coordinates": [
          [
            0.137106,
            51.6241677
          ],
          [
            0.137524,
            51.624307
          ],
          [
            0.1379172,
            51.6244731
          ],
          [
            0.1382124,
            51.6245497
          ],
          [
            0.1382858,
            51.6246263
          ],
          [
            0.1383151,
            51.6246693
          ],
          [
            0.1384884,
            51.6248135
          ],
          [
            0.1387111,
            51.6249041
          ],
          [
            0.1390974,
            51.6250909
          ],
          [
            0.139408,
            51.6252604
          ],
          [
            0.1397084,
            51.6254266
          ],
          [
            0.1400143,
            51.6256051
          ],
          [
            0.1405243,
            51.6259028
          ],
          [
            0.1424044,
            51.6269017
          ],
          [
            0.1428145,
            51.6270908
          ],
          [
            0.1457209,
            51.6286286
          ],
          [
            0.1458308,
            51.6287177
          ],
          [
            0.1462359,
            51.6290268
          ]
        ]
      },
      "properties": {
        "id": "way/43029459",
        "osmType": "way",
        "osmId": 43029459,
        "name": "Cavill's Walk",
        "ref": null,
        "highway": "footway",
        "designation": "public_footpath",
        "foot": "designated",
        "horse": null,
        "bicycle": null,
        "surface": null,
        "osmcSymbol": null,
        "trailVisibility": null,
        "pathType": "footway"
      }
    },
    {
      "type": "Feature",
      "id": "way/43030975",
      "geometry": {
        "type": "LineString",
        "coordinates": [
          [
            0.1383505,
            51.622697
          ],
          [
            0.1384535,
            51.6225904
          ]
        ]
      },
      "properties": {
        "id": "way/43030975",
        "osmType": "way",
        "osmId": 43030975,
        "name": "Three Forests Way",
        "ref": null,
        "highway": "footway",
        "designation": null,
        "foot": null,
        "horse": null,
        "bicycle": null,
        "surface": "unpaved",
        "osmcSymbol": null,
        "trailVisibility": null,
        "pathType": "footway"
      }
    },
    {
      "type": "Feature",
      "id": "way/43040772",
      "geometry": {
        "type": "LineString",
        "coordinates": [
          [
            0.0570051,
            51.6390182
          ],
          [
            0.0564459,
            51.6394974
          ],
          [
            0.0560844,
            51.6397871
          ],
          [
            0.0557404,
            51.6400628
          ],
          [
            0.0552844,
            51.6404125
          ],
          [
            0.0550338,
            51.6406252
          ],
          [
            0.0549334,
            51.6408043
          ]
        ]
      },
      "properties": {
        "id": "way/43040772",
        "osmType": "way",
        "osmId": 43040772,
        "name": "Great Eastern Path",
        "ref": null,
        "highway": "footway",
        "designation": "public_footpath",
        "foot": "designated",
        "horse": null,
        "bicycle": null,
        "surface": null,
        "osmcSymbol": null,
        "trailVisibility": null,
        "pathType": "footway"
      }
    },
    {
      "type": "Feature",
      "id": "way/43083492",
      "geometry": {
        "type": "LineString",
        "coordinates": [
          [
            0.0703214,
            51.6379193
          ],
          [
            0.0706046,
            51.6378607
          ]
        ]
      },
      "properties": {
        "id": "way/43083492",
        "osmType": "way",
        "osmId": 43083492,
        "name": "Charlie Moules Bridge",
        "ref": null,
        "highway": "footway",
        "designation": null,
        "foot": null,
        "horse": null,
        "bicycle": "designated",
        "surface": null,
        "osmcSymbol": null,
        "trailVisibility": null,
        "pathType": "footway"
      }
    },
    {
      "type": "Feature",
      "id": "way/43173189",
      "geometry": {
        "type": "LineString",
        "coordinates": [
          [
            0.0391356,
            51.6323549
          ],
          [
            0.0391864,
            51.6324097
          ],
          [
            0.039341,
            51.6326185
          ],
          [
            0.0396283,
            51.6330779
          ],
          [
            0.0396447,
            51.6331097
          ]
        ]
      },
      "properties": {
        "id": "way/43173189",
        "osmType": "way",
        "osmId": 43173189,
        "name": "North End",
        "ref": null,
        "highway": "footway",
        "designation": "public_footpath",
        "foot": "designated",
        "horse": null,
        "bicycle": null,
        "surface": null,
        "osmcSymbol": null,
        "trailVisibility": null,
        "pathType": "footway"
      }
    },
    {
      "type": "Feature",
      "id": "way/43173746",
      "geometry": {
        "type": "LineString",
        "coordinates": [
          [
            0.0516676,
            51.6339753
          ],
          [
            0.0517192,
            51.6339572
          ]
        ]
      },
      "properties": {
        "id": "way/43173746",
        "osmType": "way",
        "osmId": 43173746,
        "name": "Green Walk",
        "ref": null,
        "highway": "footway",
        "designation": null,
        "foot": null,
        "horse": null,
        "bicycle": null,
        "surface": "asphalt",
        "osmcSymbol": null,
        "trailVisibility": null,
        "pathType": "footway"
      }
    },
    {
      "type": "Feature",
      "id": "way/51653860",
      "geometry": {
        "type": "LineString",
        "coordinates": [
          [
            -0.0334754,
            51.6720217
          ],
          [
            -0.0335461,
            51.672013
          ],
          [
            -0.033588,
            51.6716245
          ],
          [
            -0.0335941,
            51.6715503
          ],
          [
            -0.0335379,
            51.6715282
          ],
          [
            -0.0335446,
            51.6714439
          ]
        ]
      },
      "properties": {
        "id": "way/51653860",
        "osmType": "way",
        "osmId": 51653860,
        "name": "Mandeville Road",
        "ref": null,
        "highway": "footway",
        "designation": null,
        "foot": null,
        "horse": null,
        "bicycle": null,
        "surface": null,
        "osmcSymbol": null,
        "trailVisibility": null,
        "pathType": "footway"
      }
    },
    {
      "type": "Feature",
      "id": "way/61463458",
      "geometry": {
        "type": "LineString",
        "coordinates": [
          [
            0.1131014,
            51.6018152
          ],
          [
            0.113123,
            51.6018275
          ],
          [
            0.1134992,
            51.6020246
          ],
          [
            0.1135795,
            51.6020758
          ],
          [
            0.1137976,
            51.6021936
          ],
          [
            0.1138278,
            51.6021988
          ],
          [
            0.1139663,
            51.6022265
          ],
          [
            0.1147928,
            51.6023916
          ],
          [
            0.1148266,
            51.6024024
          ],
          [
            0.1148478,
            51.6023908
          ]
        ]
      },
      "properties": {
        "id": "way/61463458",
        "osmType": "way",
        "osmId": 61463458,
        "name": "Forest Road",
        "ref": null,
        "highway": "footway",
        "designation": null,
        "foot": null,
        "horse": null,
        "bicycle": null,
        "surface": "paved",
        "osmcSymbol": null,
        "trailVisibility": null,
        "pathType": "footway"
      }
    },
    {
      "type": "Feature",
      "id": "way/61854887",
      "geometry": {
        "type": "LineString",
        "coordinates": [
          [
            0.1274128,
            51.6046081
          ],
          [
            0.1275351,
            51.6046115
          ],
          [
            0.1276431,
            51.6046032
          ],
          [
            0.1277975,
            51.6046071
          ],
          [
            0.1278926,
            51.6046041
          ],
          [
            0.1279311,
            51.6046011
          ],
          [
            0.1279607,
            51.6045655
          ],
          [
            0.1279292,
            51.6045147
          ],
          [
            0.1279211,
            51.6044797
          ],
          [
            0.1279291,
            51.604461
          ],
          [
            0.1279801,
            51.6044381
          ],
          [
            0.1280391,
            51.6044464
          ],
          [
            0.1281062,
            51.604463
          ],
          [
            0.1281518,
            51.604483
          ],
          [
            0.1282188,
            51.604518
          ],
          [
            0.1282966,
            51.6045513
          ],
          [
            0.1283637,
            51.6045497
          ],
          [
            0.1284093,
            51.6045397
          ],
          [
            0.1284227,
            51.6045247
          ],
          [
            0.1284307,
            51.6045014
          ],
          [
            0.128412,
            51.6044714
          ],
          [
            0.1283825,
            51.6044431
          ],
          [
            0.1283261,
            51.6044064
          ],
          [
            0.1282859,
            51.6043781
          ],
          [
            0.1282296,
            51.6043464
          ],
          [
            0.1282162,
            51.6043198
          ],
          [
            0.1282135,
            51.6042948
          ],
          [
            0.1282483,
            51.6042748
          ],
          [
            0.128302,
            51.6042781
          ],
          [
            0.1283556,
            51.6042915
          ],
          [
            0.1284173,
            51.6043181
          ],
          [
            0.128479,
            51.6043498
          ],
          [
            0.1285327,
            51.6043764
          ],
          [
            0.1285997,
            51.6043981
          ],
          [
            0.128656,
            51.6044247
          ],
          [
            0.1287097,
            51.6044214
          ],
          [
            0.1287499,
            51.6043997
          ],
          [
            0.1287499,
            51.6043781
          ],
          [
            0.1287392,
            51.6043448
          ],
          [
            0.1287124,
            51.6043115
          ],
          [
            0.1286721,
            51.6042815
          ],
          [
            0.1286158,
            51.6042332
          ],
          [
            0.1285756,
            51.6042048
          ],
          [
            0.1285434,
            51.6041815
          ],
          [
            0.1285273,
            51.6041449
          ],
          [
            0.1285434,
            51.6041215
          ],
          [
            0.1285756,
            51.6041049
          ],
          [
            0.1286453,
            51.6041049
          ],
          [
            0.1287043,
            51.6041215
          ],
          [
            0.1287821,
            51.6041649
          ],
          [
            0.1288679,
            51.6042315
          ],
          [
            0.1289323,
            51.6042698
          ],
          [
            0.1289833,
            51.6042865
          ],
          [
            0.1290262,
            51.6042848
          ],
          [
            0.1290611,
            51.6042681
          ],
          [
            0.1290691,
            51.6042332
          ],
          [
            0.1290476,
            51.6041948
          ],
          [
            0.128994,
            51.6041432
          ],
          [
            0.1289511,
            51.6040999
          ],
          [
            0.1289135,
            51.6040732
          ],
          [
            0.1288384,
            51.6040199
          ],
          [
            0.1287606,
            51.6039566
          ],
          [
            0.1287446,
            51.6039333
          ],
          [
            0.128758,
            51.6038983
          ],
          [
            0.1288116,
            51.6038883
          ],
          [
            0.1288733,
            51.60389
          ],
          [
            0.1289216,
            51.60391
          ],
          [
            0.1290074,
            51.6039633
          ],
          [
            0.1290986,
            51.6040332
          ],
          [
            0.1291576,
            51.6040966
          ],
          [
            0.1292005,
            51.6041499
          ],
          [
            0.1292595,
            51.6042098
          ],
          [
            0.1292971,
            51.6042282
          ],
          [
            0.1293373,
            51.6042215
          ],
          [
            0.129332,
            51.6041848
          ],
          [
            0.1293266,
            51.6041299
          ],
          [
            0.1293051,
            51.6040366
          ],
          [
            0.1293051,
            51.6039766
          ],
          [
            0.1292944,
            51.60389
          ],
          [
            0.1293025,
            51.6038333
          ],
          [
            0.1293132,
            51.6037834
          ],
          [
            0.1293293,
            51.6037167
          ],
          [
            0.1293427,
            51.6036751
          ],
          [
            0.1293588,
            51.6036384
          ],
          [
            0.1293681,
            51.6036155
          ],
          [
            0.1294178,
            51.6035685
          ],
          [
            0.1294741,
            51.6035485
          ],
          [
            0.1295065,
            51.6035404
          ]
        ]
      },
      "properties": {
        "id": "way/61854887",
        "osmType": "way",
        "osmId": 61854887,
        "name": "Descent",
        "ref": null,
        "highway": "cycleway",
        "designation": null,
        "foot": "no",
        "horse": "no",
        "bicycle": null,
        "surface": "dirt",
        "osmcSymbol": null,
        "trailVisibility": null,
        "pathType": "cycleway"
      }
    },
    {
      "type": "Feature",
      "id": "way/62289590",
      "geometry": {
        "type": "LineString",
        "coordinates": [
          [
            0.037582,
            51.7237865
          ],
          [
            0.0375216,
            51.7235623
          ],
          [
            0.0374009,
            51.7233314
          ],
          [
            0.0372714,
            51.7230775
          ],
          [
            0.0371766,
            51.7229099
          ],
          [
            0.0371198,
            51.7224956
          ],
          [
            0.0370765,
            51.7221781
          ],
          [
            0.0370305,
            51.7218972
          ],
          [
            0.0370191,
            51.7217737
          ],
          [
            0.0370446,
            51.7215945
          ],
          [
            0.036981,
            51.7213959
          ],
          [
            0.0369075,
            51.7212717
          ]
        ]
      },
      "properties": {
        "id": "way/62289590",
        "osmType": "way",
        "osmId": 62289590,
        "name": "Bumbles Green Lane",
        "ref": null,
        "highway": "track",
        "designation": "byway_open_to_all_traffic",
        "foot": "yes",
        "horse": "yes",
        "bicycle": "yes",
        "surface": "dirt",
        "osmcSymbol": null,
        "trailVisibility": null,
        "pathType": "byway"
      }
    },
    {
      "type": "Feature",
      "id": "way/69257213",
      "geometry": {
        "type": "LineString",
        "coordinates": [
          [
            0.052393,
            51.676648
          ],
          [
            0.0526726,
            51.6764687
          ],
          [
            0.0528856,
            51.6762788
          ],
          [
            0.0529838,
            51.6761094
          ],
          [
            0.0529489,
            51.6759782
          ]
        ]
      },
      "properties": {
        "id": "way/69257213",
        "osmType": "way",
        "osmId": 69257213,
        "name": "Woodredon Farm Lane",
        "ref": null,
        "highway": "service",
        "designation": "public_bridleway",
        "foot": "yes",
        "horse": "yes",
        "bicycle": "yes",
        "surface": "asphalt",
        "osmcSymbol": null,
        "trailVisibility": null,
        "pathType": "bridleway"
      }
    },
    {
      "type": "Feature",
      "id": "way/75077643",
      "geometry": {
        "type": "LineString",
        "coordinates": [
          [
            0.0746063,
            51.6769804
          ],
          [
            0.0746322,
            51.6770366
          ],
          [
            0.0748687,
            51.6777098
          ],
          [
            0.074927,
            51.6781465
          ],
          [
            0.0749066,
            51.678235
          ],
          [
            0.0749125,
            51.6783254
          ],
          [
            0.0749659,
            51.6785608
          ],
          [
            0.0750202,
            51.6788131
          ],
          [
            0.075061,
            51.6789901
          ],
          [
            0.0750824,
            51.6790515
          ],
          [
            0.0750766,
            51.6791189
          ],
          [
            0.074999,
            51.679194
          ],
          [
            0.0750329,
            51.6792586
          ],
          [
            0.0750474,
            51.6794677
          ],
          [
            0.0750613,
            51.6799666
          ],
          [
            0.0751746,
            51.6801804
          ],
          [
            0.0752137,
            51.6804088
          ],
          [
            0.0752591,
            51.680532
          ],
          [
            0.0753858,
            51.6806737
          ],
          [
            0.0756082,
            51.6808766
          ],
          [
            0.0757164,
            51.6809613
          ],
          [
            0.0758767,
            51.6810292
          ]
        ]
      },
      "properties": {
        "id": "way/75077643",
        "osmType": "way",
        "osmId": 75077643,
        "name": "Forest Road",
        "ref": null,
        "highway": "footway",
        "designation": null,
        "foot": null,
        "horse": null,
        "bicycle": "yes",
        "surface": "fine_gravel",
        "osmcSymbol": null,
        "trailVisibility": null,
        "pathType": "footway"
      }
    },
    {
      "type": "Feature",
      "id": "way/76823597",
      "geometry": {
        "type": "LineString",
        "coordinates": [
          [
            0.0529726,
            51.6602202
          ],
          [
            0.0531874,
            51.6601969
          ],
          [
            0.053306,
            51.660184
          ],
          [
            0.0539623,
            51.6599959
          ],
          [
            0.054098,
            51.659957
          ],
          [
            0.054711,
            51.659658
          ],
          [
            0.05493,
            51.659484
          ],
          [
            0.055426,
            51.659238
          ],
          [
            0.0556141,
            51.6591258
          ],
          [
            0.055696,
            51.659077
          ],
          [
            0.056059,
            51.658938
          ],
          [
            0.056652,
            51.658743
          ],
          [
            0.057047,
            51.658537
          ],
          [
            0.057263,
            51.658455
          ],
          [
            0.057583,
            51.658364
          ],
          [
            0.0577531,
            51.6583043
          ],
          [
            0.0580549,
            51.6581985
          ],
          [
            0.0585076,
            51.6580556
          ],
          [
            0.0585649,
            51.6580313
          ],
          [
            0.0588381,
            51.657907
          ],
          [
            0.059171,
            51.657775
          ],
          [
            0.0595286,
            51.6575979
          ],
          [
            0.059729,
            51.657523
          ],
          [
            0.05993,
            51.657427
          ],
          [
            0.060185,
            51.657272
          ],
          [
            0.060482,
            51.657166
          ],
          [
            0.060694,
            51.65706
          ],
          [
            0.060851,
            51.65702
          ],
          [
            0.061159,
            51.656972
          ]
        ]
      },
      "properties": {
        "id": "way/76823597",
        "osmType": "way",
        "osmId": 76823597,
        "name": "Main path",
        "ref": null,
        "highway": "footway",
        "designation": null,
        "foot": null,
        "horse": null,
        "bicycle": "yes",
        "surface": null,
        "osmcSymbol": null,
        "trailVisibility": null,
        "pathType": "footway"
      }
    },
    {
      "type": "Feature",
      "id": "way/76823763",
      "geometry": {
        "type": "LineString",
        "coordinates": [
          [
            0.049394,
            51.6895633
          ],
          [
            0.0488766,
            51.6893298
          ],
          [
            0.0488304,
            51.6892267
          ],
          [
            0.0479572,
            51.6888035
          ],
          [
            0.0469702,
            51.6883246
          ],
          [
            0.0458329,
            51.6876595
          ],
          [
            0.0457042,
            51.6875264
          ],
          [
            0.0456183,
            51.6873801
          ],
          [
            0.0453291,
            51.6871173
          ],
          [
            0.045317,
            51.6870516
          ],
          [
            0.0452739,
            51.6869769
          ],
          [
            0.0453094,
            51.68675
          ],
          [
            0.0452611,
            51.686484
          ],
          [
            0.0452075,
            51.6863376
          ],
          [
            0.0450466,
            51.6860982
          ],
          [
            0.045009,
            51.6857556
          ],
          [
            0.0449178,
            51.6854197
          ],
          [
            0.0448535,
            51.6851769
          ],
          [
            0.0449876,
            51.6850979
          ]
        ]
      },
      "properties": {
        "id": "way/76823763",
        "osmType": "way",
        "osmId": 76823763,
        "name": "Blind Lane",
        "ref": null,
        "highway": "bridleway",
        "designation": "public_bridleway",
        "foot": "yes",
        "horse": "yes",
        "bicycle": "yes",
        "surface": null,
        "osmcSymbol": null,
        "trailVisibility": null,
        "pathType": "bridleway"
      }
    },
    {
      "type": "Feature",
      "id": "way/76823764",
      "geometry": {
        "type": "LineString",
        "coordinates": [
          [
            0.0414413,
            51.6852699
          ],
          [
            0.041713,
            51.6852516
          ],
          [
            0.042228,
            51.6852649
          ],
          [
            0.0426786,
            51.6852649
          ],
          [
            0.044832,
            51.6850645
          ],
          [
            0.0449876,
            51.6850979
          ],
          [
            0.045318,
            51.6851265
          ],
          [
            0.0455449,
            51.6850735
          ],
          [
            0.0459151,
            51.6850387
          ],
          [
            0.0463434,
            51.6850046
          ],
          [
            0.0466827,
            51.6849481
          ],
          [
            0.0468922,
            51.6848763
          ],
          [
            0.0470046,
            51.6847979
          ],
          [
            0.0470842,
            51.6847116
          ],
          [
            0.0475518,
            51.6846476
          ],
          [
            0.0481367,
            51.6847717
          ],
          [
            0.0485667,
            51.6848344
          ],
          [
            0.0488373,
            51.6848648
          ],
          [
            0.0492415,
            51.6848651
          ],
          [
            0.0495795,
            51.6848859
          ],
          [
            0.049754,
            51.6848962
          ],
          [
            0.0501245,
            51.6850319
          ],
          [
            0.0504258,
            51.6851547
          ],
          [
            0.0505841,
            51.6852389
          ],
          [
            0.0507277,
            51.6852899
          ]
        ]
      },
      "properties": {
        "id": "way/76823764",
        "osmType": "way",
        "osmId": 76823764,
        "name": "Green Lane",
        "ref": null,
        "highway": "bridleway",
        "designation": "public_bridleway",
        "foot": "yes",
        "horse": "yes",
        "bicycle": "yes",
        "surface": null,
        "osmcSymbol": null,
        "trailVisibility": null,
        "pathType": "bridleway"
      }
    },
    {
      "type": "Feature",
      "id": "way/76823765",
      "geometry": {
        "type": "LineString",
        "coordinates": [
          [
            0.0452739,
            51.6869769
          ],
          [
            0.0451874,
            51.6870263
          ],
          [
            0.0451056,
            51.6870903
          ],
          [
            0.0449499,
            51.6871442
          ],
          [
            0.0448669,
            51.6871923
          ],
          [
            0.0447435,
            51.6872373
          ],
          [
            0.0445307,
            51.6872587
          ],
          [
            0.0443967,
            51.6873421
          ],
          [
            0.0442696,
            51.6873722
          ],
          [
            0.0440285,
            51.6874348
          ],
          [
            0.0438803,
            51.6874779
          ],
          [
            0.043661,
            51.6875661
          ],
          [
            0.0434872,
            51.6876874
          ],
          [
            0.0431833,
            51.6878415
          ],
          [
            0.0422896,
            51.6883233
          ],
          [
            0.0418203,
            51.6885374
          ],
          [
            0.0411766,
            51.6888567
          ],
          [
            0.0409259,
            51.6890121
          ],
          [
            0.0407045,
            51.6891493
          ],
          [
            0.04049,
            51.6893489
          ],
          [
            0.0401466,
            51.6895484
          ],
          [
            0.0400823,
            51.689586
          ],
          [
            0.0397604,
            51.6897745
          ],
          [
            0.0396673,
            51.6899059
          ],
          [
            0.0394819,
            51.6899801
          ]
        ]
      },
      "properties": {
        "id": "way/76823765",
        "osmType": "way",
        "osmId": 76823765,
        "name": "Sergeants Green Lane",
        "ref": null,
        "highway": "bridleway",
        "designation": "public_bridleway",
        "foot": "yes",
        "horse": "yes",
        "bicycle": "yes",
        "surface": "mud",
        "osmcSymbol": null,
        "trailVisibility": null,
        "pathType": "bridleway"
      }
    },
    {
      "type": "Feature",
      "id": "way/76823767",
      "geometry": {
        "type": "LineString",
        "coordinates": [
          [
            0.052308,
            51.6829159
          ],
          [
            0.0523784,
            51.6829332
          ],
          [
            0.052534,
            51.682931
          ],
          [
            0.052843,
            51.682871
          ],
          [
            0.05349,
            51.682791
          ],
          [
            0.054457,
            51.682628
          ],
          [
            0.055322,
            51.682552
          ],
          [
            0.055789,
            51.682546
          ],
          [
            0.055988,
            51.68253
          ],
          [
            0.056455,
            51.682447
          ],
          [
            0.056927,
            51.682339
          ],
          [
            0.057151,
            51.682308
          ],
          [
            0.05751,
            51.682285
          ],
          [
            0.057723,
            51.682294
          ],
          [
            0.058062,
            51.682346
          ],
          [
            0.058241,
            51.682314
          ],
          [
            0.058948,
            51.682049
          ],
          [
            0.059585,
            51.681751
          ],
          [
            0.060862,
            51.681262
          ],
          [
            0.061361,
            51.681002
          ],
          [
            0.061557,
            51.680863
          ],
          [
            0.06164,
            51.680823
          ],
          [
            0.061731,
            51.680824
          ]
        ]
      },
      "properties": {
        "id": "way/76823767",
        "osmType": "way",
        "osmId": 76823767,
        "name": "Green Lane",
        "ref": null,
        "highway": "bridleway",
        "designation": "public_bridleway",
        "foot": "yes",
        "horse": "yes",
        "bicycle": "yes",
        "surface": null,
        "osmcSymbol": null,
        "trailVisibility": null,
        "pathType": "bridleway"
      }
    },
    {
      "type": "Feature",
      "id": "way/76823768",
      "geometry": {
        "type": "LineString",
        "coordinates": [
          [
            0.0508161,
            51.7061654
          ],
          [
            0.050972,
            51.706386
          ],
          [
            0.051237,
            51.706672
          ],
          [
            0.051781,
            51.707188
          ],
          [
            0.05215,
            51.707464
          ],
          [
            0.0522228,
            51.7075691
          ],
          [
            0.052228,
            51.707697
          ],
          [
            0.05211,
            51.708099
          ],
          [
            0.051946,
            51.708577
          ],
          [
            0.051785,
            51.708888
          ],
          [
            0.051567,
            51.709147
          ],
          [
            0.051237,
            51.709396
          ],
          [
            0.0505154,
            51.7098842
          ],
          [
            0.0504164,
            51.7099188
          ],
          [
            0.0500211,
            51.7100083
          ],
          [
            0.04993,
            51.71004
          ],
          [
            0.0497422,
            51.7101251
          ],
          [
            0.049652,
            51.710166
          ],
          [
            0.049125,
            51.710445
          ],
          [
            0.048711,
            51.710635
          ],
          [
            0.048164,
            51.710813
          ],
          [
            0.047813,
            51.710888
          ],
          [
            0.0473086,
            51.7110265
          ],
          [
            0.046451,
            51.711262
          ],
          [
            0.044869,
            51.711782
          ],
          [
            0.0445895,
            51.7119117
          ],
          [
            0.044543,
            51.7119333
          ],
          [
            0.044397,
            51.712001
          ],
          [
            0.044212,
            51.712048
          ],
          [
            0.043915,
            51.71208
          ],
          [
            0.043368,
            51.712095
          ],
          [
            0.0433031,
            51.7120922
          ],
          [
            0.0425998,
            51.7120618
          ],
          [
            0.041817,
            51.712028
          ],
          [
            0.040661,
            51.712038
          ],
          [
            0.038463,
            51.711949
          ],
          [
            0.037986,
            51.711947
          ],
          [
            0.0377046,
            51.7119758
          ],
          [
            0.0373595,
            51.712036
          ],
          [
            0.036978,
            51.712116
          ],
          [
            0.035718,
            51.71232
          ],
          [
            0.03549,
            51.712335
          ],
          [
            0.0353372,
            51.7123242
          ],
          [
            0.034527,
            51.712168
          ],
          [
            0.033956,
            51.712019
          ],
          [
            0.0334294,
            51.7119057
          ]
        ]
      },
      "properties": {
        "id": "way/76823768",
        "osmType": "way",
        "osmId": 76823768,
        "name": "Claverhambury Road",
        "ref": null,
        "highway": "unclassified",
        "designation": "byway_open_to_all_traffic",
        "foot": "designated",
        "horse": "designated",
        "bicycle": "designated",
        "surface": "dirt",
        "osmcSymbol": null,
        "trailVisibility": null,
        "pathType": "bridleway"
      }
    },
    {
      "type": "Feature",
      "id": "way/77732443",
      "geometry": {
        "type": "LineString",
        "coordinates": [
          [
            0.0085823,
            51.6538126
          ],
          [
            0.0087121,
            51.6539197
          ],
          [
            0.008856,
            51.654063
          ],
          [
            0.009025,
            51.654193
          ],
          [
            0.0090812,
            51.6542651
          ],
          [
            0.009148,
            51.654351
          ],
          [
            0.009212,
            51.65455
          ],
          [
            0.009314,
            51.654705
          ],
          [
            0.0093394,
            51.6547651
          ],
          [
            0.009422,
            51.654961
          ],
          [
            0.009612,
            51.655562
          ],
          [
            0.00975,
            51.655736
          ],
          [
            0.009842,
            51.656012
          ],
          [
            0.009888,
            51.6563921
          ],
          [
            0.009899,
            51.656483
          ],
          [
            0.009999,
            51.656703
          ],
          [
            0.010139,
            51.657343
          ],
          [
            0.0102366,
            51.6575752
          ],
          [
            0.0100827,
            51.658591
          ],
          [
            0.0100613,
            51.6589371
          ],
          [
            0.0098896,
            51.6596293
          ],
          [
            0.0098253,
            51.6602549
          ],
          [
            0.0099111,
            51.6608139
          ],
          [
            0.0101471,
            51.6613064
          ],
          [
            0.0103617,
            51.6616658
          ],
          [
            0.0103866,
            51.6617361
          ],
          [
            0.0104369,
            51.6619747
          ]
        ]
      },
      "properties": {
        "id": "way/77732443",
        "osmType": "way",
        "osmId": 77732443,
        "name": "Green Lane",
        "ref": null,
        "highway": "bridleway",
        "designation": "public_bridleway",
        "foot": "designated",
        "horse": "designated",
        "bicycle": "designated",
        "surface": null,
        "osmcSymbol": null,
        "trailVisibility": null,
        "pathType": "bridleway"
      }
    },
    {
      "type": "Feature",
      "id": "way/77732455",
      "geometry": {
        "type": "LineString",
        "coordinates": [
          [
            0.075891,
            51.6656133
          ],
          [
            0.075676,
            51.66546
          ],
          [
            0.075481,
            51.665358
          ],
          [
            0.075276,
            51.665282
          ],
          [
            0.074976,
            51.665229
          ],
          [
            0.074749,
            51.665222
          ],
          [
            0.074094,
            51.665249
          ],
          [
            0.073357,
            51.665212
          ],
          [
            0.072699,
            51.665129
          ],
          [
            0.071854,
            51.664986
          ],
          [
            0.071586,
            51.664964
          ],
          [
            0.0708,
            51.664844
          ],
          [
            0.0705423,
            51.6648265
          ],
          [
            0.069447,
            51.664752
          ],
          [
            0.068552,
            51.664737
          ],
          [
            0.067917,
            51.664808
          ],
          [
            0.06737,
            51.664798
          ],
          [
            0.0671179,
            51.6647711
          ],
          [
            0.066855,
            51.664743
          ],
          [
            0.066248,
            51.664679
          ],
          [
            0.065599,
            51.664526
          ],
          [
            0.065295,
            51.664471
          ]
        ]
      },
      "properties": {
        "id": "way/77732455",
        "osmType": "way",
        "osmId": 77732455,
        "name": "Main path",
        "ref": null,
        "highway": "footway",
        "designation": null,
        "foot": null,
        "horse": null,
        "bicycle": null,
        "surface": null,
        "osmcSymbol": null,
        "trailVisibility": null,
        "pathType": "footway"
      }
    },
    {
      "type": "Feature",
      "id": "way/77732457",
      "geometry": {
        "type": "LineString",
        "coordinates": [
          [
            0.0758767,
            51.6810292
          ],
          [
            0.076574,
            51.68131
          ],
          [
            0.077117,
            51.681444
          ],
          [
            0.077471,
            51.681575
          ],
          [
            0.078395,
            51.681837
          ],
          [
            0.078952,
            51.682041
          ],
          [
            0.079752,
            51.682302
          ],
          [
            0.080148,
            51.682404
          ],
          [
            0.08066,
            51.682492
          ],
          [
            0.0809908,
            51.6825231
          ],
          [
            0.0816382,
            51.6825841
          ],
          [
            0.081807,
            51.6826
          ],
          [
            0.082624,
            51.68272
          ],
          [
            0.083132,
            51.682727
          ],
          [
            0.083625,
            51.682771
          ],
          [
            0.083917,
            51.682846
          ],
          [
            0.085237,
            51.682965
          ],
          [
            0.085544,
            51.683009
          ],
          [
            0.085941,
            51.683041
          ],
          [
            0.086285,
            51.683092
          ],
          [
            0.087191,
            51.683308
          ],
          [
            0.0878889,
            51.6835034
          ],
          [
            0.088123,
            51.683569
          ],
          [
            0.088293,
            51.683648
          ],
          [
            0.0883509,
            51.6836872
          ],
          [
            0.089099,
            51.684193
          ],
          [
            0.0893155,
            51.6843582
          ],
          [
            0.089635,
            51.684602
          ],
          [
            0.09047,
            51.685292
          ],
          [
            0.09094,
            51.685739
          ],
          [
            0.091522,
            51.686223
          ],
          [
            0.0915867,
            51.6862943
          ],
          [
            0.091727,
            51.686449
          ],
          [
            0.092353,
            51.686984
          ],
          [
            0.093036,
            51.687759
          ],
          [
            0.093566,
            51.688223
          ],
          [
            0.093941,
            51.688686
          ],
          [
            0.0939492,
            51.6887162
          ],
          [
            0.093968,
            51.688785
          ],
          [
            0.093925,
            51.688847
          ],
          [
            0.093814,
            51.688924
          ],
          [
            0.09377,
            51.688956
          ],
          [
            0.093589,
            51.689025
          ],
          [
            0.093378,
            51.689051
          ],
          [
            0.093076,
            51.689063
          ],
          [
            0.093004,
            51.689067
          ],
          [
            0.0928935,
            51.68906
          ],
          [
            0.0927015,
            51.6890568
          ],
          [
            0.0925298,
            51.6890539
          ]
        ]
      },
      "properties": {
        "id": "way/77732457",
        "osmType": "way",
        "osmId": 77732457,
        "name": "Green Ride",
        "ref": null,
        "highway": "footway",
        "designation": null,
        "foot": null,
        "horse": null,
        "bicycle": "yes",
        "surface": "fine_gravel",
        "osmcSymbol": null,
        "trailVisibility": null,
        "pathType": "footway"
      }
    },
    {
      "type": "Feature",
      "id": "way/77732459",
      "geometry": {
        "type": "LineString",
        "coordinates": [
          [
            0.0719107,
            51.670667
          ],
          [
            0.071891,
            51.670273
          ],
          [
            0.071926,
            51.669927
          ],
          [
            0.072001,
            51.669591
          ],
          [
            0.07198,
            51.66902
          ],
          [
            0.071975,
            51.668863
          ],
          [
            0.072017,
            51.66858
          ],
          [
            0.072162,
            51.668152
          ],
          [
            0.072145,
            51.667973
          ],
          [
            0.0720798,
            51.6676712
          ],
          [
            0.072106,
            51.667533
          ],
          [
            0.072251,
            51.667344
          ],
          [
            0.072351,
            51.6672327
          ],
          [
            0.072457,
            51.667123
          ],
          [
            0.0725959,
            51.6668193
          ],
          [
            0.07265,
            51.666782
          ],
          [
            0.072858,
            51.666718
          ],
          [
            0.072942,
            51.6666794
          ],
          [
            0.072995,
            51.666655
          ],
          [
            0.0730854,
            51.6665644
          ]
        ]
      },
      "properties": {
        "id": "way/77732459",
        "osmType": "way",
        "osmId": 77732459,
        "name": "Main path",
        "ref": null,
        "highway": "footway",
        "designation": null,
        "foot": null,
        "horse": null,
        "bicycle": "yes",
        "surface": null,
        "osmcSymbol": null,
        "trailVisibility": null,
        "pathType": "footway"
      }
    },
    {
      "type": "Feature",
      "id": "way/77732461",
      "geometry": {
        "type": "LineString",
        "coordinates": [
          [
            0.0514702,
            51.6786502
          ],
          [
            0.0514639,
            51.6784652
          ],
          [
            0.05147,
            51.67813
          ],
          [
            0.051471,
            51.677869
          ],
          [
            0.051526,
            51.677387
          ],
          [
            0.051614,
            51.677208
          ],
          [
            0.051822,
            51.676992
          ],
          [
            0.052183,
            51.676725
          ],
          [
            0.052393,
            51.676648
          ]
        ]
      },
      "properties": {
        "id": "way/77732461",
        "osmType": "way",
        "osmId": 77732461,
        "name": "Woodredon Farm Lane",
        "ref": null,
        "highway": "service",
        "designation": "public_bridleway",
        "foot": "yes",
        "horse": "yes",
        "bicycle": "yes",
        "surface": null,
        "osmcSymbol": null,
        "trailVisibility": null,
        "pathType": "bridleway"
      }
    },
    {
      "type": "Feature",
      "id": "way/80864362",
      "geometry": {
        "type": "LineString",
        "coordinates": [
          [
            0.0746322,
            51.6770366
          ],
          [
            0.0747899,
            51.6770249
          ],
          [
            0.0749402,
            51.6769949
          ],
          [
            0.075043,
            51.676985
          ],
          [
            0.075162,
            51.677
          ],
          [
            0.075492,
            51.6771079
          ],
          [
            0.0756838,
            51.6771305
          ],
          [
            0.0761096,
            51.6771864
          ],
          [
            0.076548,
            51.677275
          ],
          [
            0.076849,
            51.677285
          ],
          [
            0.0771856,
            51.6772738
          ],
          [
            0.0772795,
            51.6772707
          ],
          [
            0.0777056,
            51.6772469
          ],
          [
            0.077793,
            51.677242
          ],
          [
            0.078115,
            51.677167
          ],
          [
            0.078785,
            51.676958
          ],
          [
            0.0789369,
            51.6769195
          ],
          [
            0.0790054,
            51.6769122
          ],
          [
            0.079107,
            51.676912
          ],
          [
            0.079267,
            51.676905
          ],
          [
            0.079704,
            51.676819
          ],
          [
            0.079936,
            51.676748
          ],
          [
            0.080063,
            51.676689
          ],
          [
            0.080575,
            51.67635
          ],
          [
            0.080709,
            51.676284
          ],
          [
            0.080891,
            51.676235
          ],
          [
            0.08128,
            51.676179
          ],
          [
            0.08142,
            51.676127
          ],
          [
            0.081472,
            51.676076
          ],
          [
            0.081554,
            51.675859
          ],
          [
            0.081688,
            51.675702
          ],
          [
            0.082117,
            51.675456
          ],
          [
            0.082301,
            51.675321
          ],
          [
            0.082414,
            51.675272
          ],
          [
            0.083216,
            51.675119
          ],
          [
            0.08333,
            51.675118
          ],
          [
            0.0836662,
            51.6751757
          ]
        ]
      },
      "properties": {
        "id": "way/80864362",
        "osmType": "way",
        "osmId": 80864362,
        "name": "Main path",
        "ref": null,
        "highway": "footway",
        "designation": null,
        "foot": null,
        "horse": null,
        "bicycle": "yes",
        "surface": "gravel",
        "osmcSymbol": null,
        "trailVisibility": null,
        "pathType": "footway"
      }
    },
    {
      "type": "Feature",
      "id": "way/83815128",
      "geometry": {
        "type": "LineString",
        "coordinates": [
          [
            0.0211326,
            51.7312957
          ],
          [
            0.021336,
            51.7316291
          ]
        ]
      },
      "properties": {
        "id": "way/83815128",
        "osmType": "way",
        "osmId": 83815128,
        "name": "Old House Lane",
        "ref": null,
        "highway": "service",
        "designation": "public_bridleway",
        "foot": "yes",
        "horse": "yes",
        "bicycle": "yes",
        "surface": null,
        "osmcSymbol": null,
        "trailVisibility": null,
        "pathType": "bridleway"
      }
    },
    {
      "type": "Feature",
      "id": "way/83815130",
      "geometry": {
        "type": "LineString",
        "coordinates": [
          [
            0.021336,
            51.7316291
          ],
          [
            0.0214625,
            51.7318469
          ],
          [
            0.0215963,
            51.7321158
          ],
          [
            0.0217248,
            51.7324138
          ],
          [
            0.0217856,
            51.7326209
          ],
          [
            0.0218322,
            51.7328658
          ],
          [
            0.0218524,
            51.733104
          ],
          [
            0.0218698,
            51.7334015
          ],
          [
            0.0218695,
            51.7334317
          ],
          [
            0.0218647,
            51.733883
          ]
        ]
      },
      "properties": {
        "id": "way/83815130",
        "osmType": "way",
        "osmId": 83815130,
        "name": "Old House Lane",
        "ref": null,
        "highway": "service",
        "designation": "public_bridleway",
        "foot": "yes",
        "horse": "yes",
        "bicycle": "yes",
        "surface": null,
        "osmcSymbol": null,
        "trailVisibility": null,
        "pathType": "bridleway"
      }
    },
    {
      "type": "Feature",
      "id": "way/84981248",
      "geometry": {
        "type": "LineString",
        "coordinates": [
          [
            0.0555458,
            51.6528737
          ],
          [
            0.0555747,
            51.6529466
          ],
          [
            0.0556807,
            51.6530716
          ],
          [
            0.0557914,
            51.6531991
          ],
          [
            0.0559032,
            51.6534204
          ],
          [
            0.0559549,
            51.6535844
          ],
          [
            0.0560994,
            51.6537174
          ],
          [
            0.0563806,
            51.65384
          ],
          [
            0.0566395,
            51.653958
          ],
          [
            0.0568279,
            51.6540791
          ],
          [
            0.0570284,
            51.6542317
          ],
          [
            0.0571681,
            51.6543481
          ]
        ]
      },
      "properties": {
        "id": "way/84981248",
        "osmType": "way",
        "osmId": 84981248,
        "name": "Woodbury Hill",
        "ref": null,
        "highway": "service",
        "designation": "public_bridleway",
        "foot": "designated",
        "horse": "designated",
        "bicycle": "designated",
        "surface": null,
        "osmcSymbol": null,
        "trailVisibility": null,
        "pathType": "bridleway"
      }
    },
    {
      "type": "Feature",
      "id": "way/90072095",
      "geometry": {
        "type": "LineString",
        "coordinates": [
          [
            0.0650362,
            51.6580389
          ],
          [
            0.0653949,
            51.6579716
          ],
          [
            0.0659394,
            51.657727
          ],
          [
            0.0660869,
            51.6575772
          ],
          [
            0.0665885,
            51.6573493
          ],
          [
            0.0668899,
            51.6572363
          ],
          [
            0.0671109,
            51.6572312
          ]
        ]
      },
      "properties": {
        "id": "way/90072095",
        "osmType": "way",
        "osmId": 90072095,
        "name": "Stony Path",
        "ref": null,
        "highway": "footway",
        "designation": "public_footpath",
        "foot": "designated",
        "horse": null,
        "bicycle": null,
        "surface": "paved",
        "osmcSymbol": null,
        "trailVisibility": null,
        "pathType": "footway"
      }
    },
    {
      "type": "Feature",
      "id": "way/98140895",
      "geometry": {
        "type": "LineString",
        "coordinates": [
          [
            0.0835854,
            51.6287692
          ],
          [
            0.0849079,
            51.6280474
          ],
          [
            0.0852042,
            51.6278941
          ],
          [
            0.085305,
            51.6278419
          ],
          [
            0.0865816,
            51.6271816
          ],
          [
            0.0869035,
            51.6269152
          ],
          [
            0.0869421,
            51.6268899
          ],
          [
            0.0876545,
            51.6264224
          ],
          [
            0.0880329,
            51.6261717
          ],
          [
            0.0883292,
            51.6259981
          ],
          [
            0.0884971,
            51.6258783
          ],
          [
            0.0885565,
            51.6258407
          ],
          [
            0.0886028,
            51.625824
          ],
          [
            0.0886443,
            51.6258151
          ]
        ]
      },
      "properties": {
        "id": "way/98140895",
        "osmType": "way",
        "osmId": 98140895,
        "name": "Green Lane",
        "ref": null,
        "highway": "unclassified",
        "designation": "public_bridleway",
        "foot": "designated",
        "horse": "designated",
        "bicycle": "designated",
        "surface": null,
        "osmcSymbol": null,
        "trailVisibility": null,
        "pathType": "bridleway"
      }
    },
    {
      "type": "Feature",
      "id": "way/102691669",
      "geometry": {
        "type": "LineString",
        "coordinates": [
          [
            -0.0169159,
            51.6892611
          ],
          [
            -0.0169617,
            51.6892352
          ],
          [
            -0.0170173,
            51.6892183
          ],
          [
            -0.017065,
            51.6892114
          ],
          [
            -0.0171561,
            51.6892204
          ],
          [
            -0.0173622,
            51.6892407
          ],
          [
            -0.0173387,
            51.6892484
          ],
          [
            -0.0173233,
            51.6892574
          ],
          [
            -0.0173162,
            51.6892692
          ],
          [
            -0.0170754,
            51.6892432
          ],
          [
            -0.017029,
            51.6892482
          ],
          [
            -0.0169809,
            51.6892665
          ],
          [
            -0.0169488,
            51.6892894
          ],
          [
            -0.0169304,
            51.6893277
          ],
          [
            -0.0169291,
            51.6893532
          ],
          [
            -0.0169422,
            51.6893775
          ],
          [
            -0.0169711,
            51.6894018
          ],
          [
            -0.0170209,
            51.6894241
          ],
          [
            -0.0170662,
            51.6894311
          ],
          [
            -0.0170583,
            51.6894596
          ],
          [
            -0.0169955,
            51.6894521
          ],
          [
            -0.0169459,
            51.6894348
          ],
          [
            -0.016907,
            51.6894107
          ],
          [
            -0.0168844,
            51.6893828
          ],
          [
            -0.0168761,
            51.6893726
          ],
          [
            -0.01687,
            51.6893394
          ],
          [
            -0.0168689,
            51.6893337
          ],
          [
            -0.0168826,
            51.6892955
          ],
          [
            -0.0169159,
            51.6892611
          ]
        ]
      },
      "properties": {
        "id": "way/102691669",
        "osmType": "way",
        "osmId": 102691669,
        "name": "Drop Off Zone",
        "ref": null,
        "highway": null,
        "designation": null,
        "foot": null,
        "horse": null,
        "bicycle": null,
        "surface": null,
        "osmcSymbol": null,
        "trailVisibility": null,
        "pathType": "permissive"
      }
    },
    {
      "type": "Feature",
      "id": "way/105606088",
      "geometry": {
        "type": "LineString",
        "coordinates": [
          [
            0.0537133,
            51.6468179
          ],
          [
            0.0536254,
            51.6468195
          ],
          [
            0.0528279,
            51.6469225
          ],
          [
            0.0527726,
            51.6469243
          ]
        ]
      },
      "properties": {
        "id": "way/105606088",
        "osmType": "way",
        "osmId": 105606088,
        "name": "Cuthberts Alley",
        "ref": null,
        "highway": "footway",
        "designation": "public_footpath",
        "foot": "designated",
        "horse": null,
        "bicycle": null,
        "surface": "asphalt",
        "osmcSymbol": null,
        "trailVisibility": null,
        "pathType": "footway"
      }
    },
    {
      "type": "Feature",
      "id": "way/105608386",
      "geometry": {
        "type": "LineString",
        "coordinates": [
          [
            0.0527591,
            51.647512
          ],
          [
            0.0522038,
            51.6474993
          ]
        ]
      },
      "properties": {
        "id": "way/105608386",
        "osmType": "way",
        "osmId": 105608386,
        "name": "Beech Terrace",
        "ref": null,
        "highway": "footway",
        "designation": null,
        "foot": null,
        "horse": null,
        "bicycle": null,
        "surface": null,
        "osmcSymbol": null,
        "trailVisibility": null,
        "pathType": "footway"
      }
    },
    {
      "type": "Feature",
      "id": "way/107201672",
      "geometry": {
        "type": "LineString",
        "coordinates": [
          [
            -0.0161174,
            51.6864558
          ],
          [
            -0.0161602,
            51.6866266
          ],
          [
            -0.0161707,
            51.6866686
          ],
          [
            -0.0153093,
            51.6867516
          ],
          [
            -0.015256,
            51.6865388
          ],
          [
            -0.0161174,
            51.6864558
          ]
        ]
      },
      "properties": {
        "id": "way/107201672",
        "osmType": "way",
        "osmId": 107201672,
        "name": "Orange Zone",
        "ref": null,
        "highway": null,
        "designation": null,
        "foot": null,
        "horse": null,
        "bicycle": null,
        "surface": null,
        "osmcSymbol": null,
        "trailVisibility": null,
        "pathType": "permissive"
      }
    },
    {
      "type": "Feature",
      "id": "way/108199481",
      "geometry": {
        "type": "LineString",
        "coordinates": [
          [
            0.041478,
            51.6898035
          ],
          [
            0.0415309,
            51.6896584
          ],
          [
            0.0414772,
            51.6895055
          ],
          [
            0.0413485,
            51.6893924
          ],
          [
            0.0410266,
            51.6890731
          ],
          [
            0.0409259,
            51.6890121
          ]
        ]
      },
      "properties": {
        "id": "way/108199481",
        "osmType": "way",
        "osmId": 108199481,
        "name": "Sergeants Green Lane",
        "ref": null,
        "highway": "track",
        "designation": null,
        "foot": null,
        "horse": null,
        "bicycle": null,
        "surface": null,
        "osmcSymbol": null,
        "trailVisibility": null,
        "pathType": "track"
      }
    },
    {
      "type": "Feature",
      "id": "way/117261278",
      "geometry": {
        "type": "LineString",
        "coordinates": [
          [
            -0.0329543,
            51.6442679
          ],
          [
            -0.0331388,
            51.6441673
          ],
          [
            -0.0334307,
            51.6439406
          ],
          [
            -0.0335407,
            51.6438413
          ],
          [
            -0.0336558,
            51.6437379
          ]
        ]
      },
      "properties": {
        "id": "way/117261278",
        "osmType": "way",
        "osmId": 117261278,
        "name": "Meridian Way",
        "ref": null,
        "highway": "cycleway",
        "designation": null,
        "foot": null,
        "horse": null,
        "bicycle": null,
        "surface": "asphalt",
        "osmcSymbol": null,
        "trailVisibility": null,
        "pathType": "cycleway"
      }
    },
    {
      "type": "Feature",
      "id": "way/118514883",
      "geometry": {
        "type": "LineString",
        "coordinates": [
          [
            0.1302755,
            51.7177995
          ],
          [
            0.130302,
            51.7173308
          ],
          [
            0.130345,
            51.7168988
          ],
          [
            0.1304308,
            51.7164268
          ],
          [
            0.1304737,
            51.7155029
          ],
          [
            0.1307634,
            51.7150708
          ],
          [
            0.1310101,
            51.7146321
          ],
          [
            0.1314393,
            51.7137679
          ],
          [
            0.1315466,
            51.7135486
          ],
          [
            0.1317182,
            51.7132959
          ],
          [
            0.1317612,
            51.7129902
          ],
          [
            0.1318792,
            51.7125248
          ],
          [
            0.1319006,
            51.7120329
          ],
          [
            0.1319435,
            51.7117537
          ],
          [
            0.131965,
            51.7114412
          ],
          [
            0.132083,
            51.7111953
          ],
          [
            0.1322225,
            51.7109692
          ],
          [
            0.1324156,
            51.7107765
          ],
          [
            0.1325014,
            51.7105637
          ],
          [
            0.1326409,
            51.7103177
          ],
          [
            0.1326731,
            51.7101316
          ],
          [
            0.1327911,
            51.709972
          ],
          [
            0.1329842,
            51.7097726
          ],
          [
            0.1331344,
            51.7095798
          ],
          [
            0.1332015,
            51.7094753
          ],
          [
            0.1332469,
            51.7093931
          ]
        ]
      },
      "properties": {
        "id": "way/118514883",
        "osmType": "way",
        "osmId": 118514883,
        "name": "Stump Road Track",
        "ref": null,
        "highway": "track",
        "designation": null,
        "foot": null,
        "horse": null,
        "bicycle": null,
        "surface": null,
        "osmcSymbol": null,
        "trailVisibility": null,
        "pathType": "track"
      }
    },
    {
      "type": "Feature",
      "id": "way/118517863",
      "geometry": {
        "type": "LineString",
        "coordinates": [
          [
            0.1257297,
            51.7056706
          ],
          [
            0.1256975,
            51.7056473
          ],
          [
            0.1256278,
            51.7056091
          ],
          [
            0.1255688,
            51.7055858
          ],
          [
            0.1254964,
            51.7055543
          ],
          [
            0.1253911,
            51.705525
          ],
          [
            0.125279,
            51.7055107
          ],
          [
            0.125196,
            51.7055035
          ],
          [
            0.1250885,
            51.7055019
          ],
          [
            0.1249791,
            51.7055137
          ],
          [
            0.1248801,
            51.7055168
          ],
          [
            0.1248141,
            51.7055211
          ],
          [
            0.124761,
            51.705526
          ]
        ]
      },
      "properties": {
        "id": "way/118517863",
        "osmType": "way",
        "osmId": 118517863,
        "name": "Seymour Chase",
        "ref": null,
        "highway": "footway",
        "designation": null,
        "foot": null,
        "horse": null,
        "bicycle": null,
        "surface": null,
        "osmcSymbol": null,
        "trailVisibility": null,
        "pathType": "footway"
      }
    },
    {
      "type": "Feature",
      "id": "way/118518507",
      "geometry": {
        "type": "LineString",
        "coordinates": [
          [
            0.126242,
            51.7044612
          ],
          [
            0.1259577,
            51.7044639
          ],
          [
            0.1257995,
            51.7044605
          ],
          [
            0.1255983,
            51.7044539
          ],
          [
            0.1254132,
            51.7044339
          ],
          [
            0.1253067,
            51.7044207
          ]
        ]
      },
      "properties": {
        "id": "way/118518507",
        "osmType": "way",
        "osmId": 118518507,
        "name": "King Henrys Walk",
        "ref": null,
        "highway": "footway",
        "designation": null,
        "foot": null,
        "horse": null,
        "bicycle": null,
        "surface": null,
        "osmcSymbol": null,
        "trailVisibility": null,
        "pathType": "footway"
      }
    },
    {
      "type": "Feature",
      "id": "way/130131202",
      "geometry": {
        "type": "LineString",
        "coordinates": [
          [
            -0.0216475,
            51.5965959
          ],
          [
            -0.0215176,
            51.5963505
          ],
          [
            -0.0214949,
            51.5963175
          ]
        ]
      },
      "properties": {
        "id": "way/130131202",
        "osmType": "way",
        "osmId": 130131202,
        "name": "Lime Avenue",
        "ref": null,
        "highway": "footway",
        "designation": null,
        "foot": null,
        "horse": null,
        "bicycle": "yes",
        "surface": "asphalt",
        "osmcSymbol": null,
        "trailVisibility": null,
        "pathType": "footway"
      }
    },
    {
      "type": "Feature",
      "id": "way/131350820",
      "geometry": {
        "type": "LineString",
        "coordinates": [
          [
            0.0552833,
            51.6417554
          ],
          [
            0.0553095,
            51.6417289
          ],
          [
            0.0553411,
            51.6416969
          ],
          [
            0.0554164,
            51.6416205
          ],
          [
            0.0560004,
            51.6418604
          ],
          [
            0.0563273,
            51.6419111
          ],
          [
            0.0569646,
            51.6420913
          ],
          [
            0.0571468,
            51.6420914
          ]
        ]
      },
      "properties": {
        "id": "way/131350820",
        "osmType": "way",
        "osmId": 131350820,
        "name": "Gillingham Path",
        "ref": null,
        "highway": "footway",
        "designation": null,
        "foot": null,
        "horse": null,
        "bicycle": null,
        "surface": null,
        "osmcSymbol": null,
        "trailVisibility": null,
        "pathType": "footway"
      }
    },
    {
      "type": "Feature",
      "id": "way/135802904",
      "geometry": {
        "type": "LineString",
        "coordinates": [
          [
            0.0090226,
            51.6039252
          ],
          [
            0.0088446,
            51.6040206
          ],
          [
            0.008502,
            51.6042568
          ],
          [
            0.0078667,
            51.6046509
          ],
          [
            0.0077219,
            51.6047259
          ],
          [
            0.0075878,
            51.6047725
          ],
          [
            0.0073544,
            51.6047942
          ],
          [
            0.0071425,
            51.6047609
          ],
          [
            0.0066804,
            51.6045956
          ]
        ]
      },
      "properties": {
        "id": "way/135802904",
        "osmType": "way",
        "osmId": 135802904,
        "name": "Oak Hill",
        "ref": null,
        "highway": "footway",
        "designation": null,
        "foot": null,
        "horse": null,
        "bicycle": null,
        "surface": null,
        "osmcSymbol": null,
        "trailVisibility": null,
        "pathType": "footway"
      }
    },
    {
      "type": "Feature",
      "id": "way/135802905",
      "geometry": {
        "type": "LineString",
        "coordinates": [
          [
            0.008657,
            51.6035607
          ],
          [
            0.0085597,
            51.6036032
          ],
          [
            0.0086052,
            51.6036966
          ],
          [
            0.0088446,
            51.6040206
          ]
        ]
      },
      "properties": {
        "id": "way/135802905",
        "osmType": "way",
        "osmId": 135802905,
        "name": "Mapperley Drive",
        "ref": null,
        "highway": "footway",
        "designation": null,
        "foot": null,
        "horse": null,
        "bicycle": null,
        "surface": null,
        "osmcSymbol": null,
        "trailVisibility": null,
        "pathType": "footway"
      }
    },
    {
      "type": "Feature",
      "id": "way/138396706",
      "geometry": {
        "type": "LineString",
        "coordinates": [
          [
            0.0883509,
            51.6836872
          ],
          [
            0.088348,
            51.683574
          ],
          [
            0.0883666,
            51.6835206
          ],
          [
            0.088428,
            51.683344
          ],
          [
            0.088415,
            51.683194
          ],
          [
            0.088356,
            51.682945
          ],
          [
            0.088222,
            51.682598
          ],
          [
            0.08794,
            51.6816883
          ]
        ]
      },
      "properties": {
        "id": "way/138396706",
        "osmType": "way",
        "osmId": 138396706,
        "name": "Main path",
        "ref": null,
        "highway": "footway",
        "designation": null,
        "foot": null,
        "horse": null,
        "bicycle": "yes",
        "surface": null,
        "osmcSymbol": null,
        "trailVisibility": null,
        "pathType": "footway"
      }
    },
    {
      "type": "Feature",
      "id": "way/138396712",
      "geometry": {
        "type": "LineString",
        "coordinates": [
          [
            0.0740759,
            51.6760337
          ],
          [
            0.0740213,
            51.6759867
          ],
          [
            0.0739402,
            51.6758463
          ],
          [
            0.0735586,
            51.6752652
          ],
          [
            0.0734216,
            51.6750769
          ],
          [
            0.0732748,
            51.6749343
          ],
          [
            0.0729834,
            51.6745602
          ],
          [
            0.0727745,
            51.6743821
          ],
          [
            0.0725507,
            51.6741751
          ],
          [
            0.0724108,
            51.6738913
          ],
          [
            0.0723077,
            51.6735274
          ],
          [
            0.0722705,
            51.6732078
          ],
          [
            0.0722134,
            51.6728958
          ],
          [
            0.0721448,
            51.6725797
          ],
          [
            0.0721277,
            51.6723937
          ],
          [
            0.0721044,
            51.6721993
          ],
          [
            0.0720861,
            51.6721279
          ],
          [
            0.071989,
            51.6718691
          ],
          [
            0.0718856,
            51.6715382
          ],
          [
            0.071909,
            51.671168
          ],
          [
            0.0719382,
            51.6709246
          ],
          [
            0.0719107,
            51.670667
          ]
        ]
      },
      "properties": {
        "id": "way/138396712",
        "osmType": "way",
        "osmId": 138396712,
        "name": "Main path",
        "ref": null,
        "highway": "footway",
        "designation": null,
        "foot": null,
        "horse": null,
        "bicycle": "yes",
        "surface": "fine_gravel",
        "osmcSymbol": null,
        "trailVisibility": null,
        "pathType": "footway"
      }
    },
    {
      "type": "Feature",
      "id": "way/138406375",
      "geometry": {
        "type": "LineString",
        "coordinates": [
          [
            0.0503005,
            51.6535489
          ],
          [
            0.0502915,
            51.6536739
          ]
        ]
      },
      "properties": {
        "id": "way/138406375",
        "osmType": "way",
        "osmId": 138406375,
        "name": "foot bridge",
        "ref": null,
        "highway": "path",
        "designation": null,
        "foot": null,
        "horse": null,
        "bicycle": "no",
        "surface": null,
        "osmcSymbol": null,
        "trailVisibility": null,
        "pathType": "trail"
      }
    },
    {
      "type": "Feature",
      "id": "way/138406379",
      "geometry": {
        "type": "LineString",
        "coordinates": [
          [
            0.0493706,
            51.6524133
          ],
          [
            0.0493936,
            51.6523732
          ]
        ]
      },
      "properties": {
        "id": "way/138406379",
        "osmType": "way",
        "osmId": 138406379,
        "name": "foot bridge",
        "ref": null,
        "highway": "path",
        "designation": null,
        "foot": null,
        "horse": null,
        "bicycle": "no",
        "surface": null,
        "osmcSymbol": null,
        "trailVisibility": null,
        "pathType": "trail"
      }
    },
    {
      "type": "Feature",
      "id": "way/138406387",
      "geometry": {
        "type": "LineString",
        "coordinates": [
          [
            0.0503095,
            51.6544178
          ],
          [
            0.050188,
            51.6542847
          ]
        ]
      },
      "properties": {
        "id": "way/138406387",
        "osmType": "way",
        "osmId": 138406387,
        "name": "Green Ride",
        "ref": null,
        "highway": "footway",
        "designation": null,
        "foot": "yes",
        "horse": null,
        "bicycle": "yes",
        "surface": null,
        "osmcSymbol": null,
        "trailVisibility": null,
        "pathType": "footway"
      }
    },
    {
      "type": "Feature",
      "id": "way/138406408",
      "geometry": {
        "type": "LineString",
        "coordinates": [
          [
            0.0486099,
            51.6527288
          ],
          [
            0.0484898,
            51.6526398
          ],
          [
            0.048064,
            51.652443
          ],
          [
            0.0472132,
            51.6521241
          ],
          [
            0.045965,
            51.6517787
          ],
          [
            0.045683,
            51.651746
          ],
          [
            0.0452869,
            51.6517401
          ],
          [
            0.045183,
            51.6517281
          ],
          [
            0.0451557,
            51.6517249
          ],
          [
            0.0449923,
            51.6516575
          ]
        ]
      },
      "properties": {
        "id": "way/138406408",
        "osmType": "way",
        "osmId": 138406408,
        "name": "Green Ride",
        "ref": null,
        "highway": "footway",
        "designation": null,
        "foot": "yes",
        "horse": null,
        "bicycle": "yes",
        "surface": null,
        "osmcSymbol": null,
        "trailVisibility": null,
        "pathType": "footway"
      }
    },
    {
      "type": "Feature",
      "id": "way/138406636",
      "geometry": {
        "type": "LineString",
        "coordinates": [
          [
            0.0878845,
            51.6815633
          ],
          [
            0.087732,
            51.681396
          ],
          [
            0.087691,
            51.681106
          ],
          [
            0.087697,
            51.681037
          ],
          [
            0.087783,
            51.680848
          ],
          [
            0.087817,
            51.680701
          ],
          [
            0.0878343,
            51.6804801
          ],
          [
            0.087869,
            51.680039
          ],
          [
            0.087936,
            51.679938
          ],
          [
            0.088295,
            51.6795905
          ],
          [
            0.0883773,
            51.6794742
          ],
          [
            0.088463,
            51.679353
          ]
        ]
      },
      "properties": {
        "id": "way/138406636",
        "osmType": "way",
        "osmId": 138406636,
        "name": "Main path",
        "ref": null,
        "highway": "footway",
        "designation": null,
        "foot": null,
        "horse": null,
        "bicycle": "yes",
        "surface": null,
        "osmcSymbol": null,
        "trailVisibility": null,
        "pathType": "footway"
      }
    },
    {
      "type": "Feature",
      "id": "way/141814941",
      "geometry": {
        "type": "LineString",
        "coordinates": [
          [
            -4.19e-05,
            51.6351592
          ],
          [
            -0.000118,
            51.6351135
          ],
          [
            -0.0003836,
            51.6348438
          ],
          [
            -0.0005163,
            51.6346241
          ],
          [
            -0.0006196,
            51.6344967
          ],
          [
            -0.0007483,
            51.6343719
          ],
          [
            -0.0008301,
            51.6342878
          ],
          [
            -0.0010154,
            51.6341389
          ],
          [
            -0.0012474,
            51.6338709
          ],
          [
            -0.0013867,
            51.6336002
          ],
          [
            -0.0014698,
            51.6332415
          ]
        ]
      },
      "properties": {
        "id": "way/141814941",
        "osmType": "way",
        "osmId": 141814941,
        "name": "Organ Lane",
        "ref": null,
        "highway": "footway",
        "designation": null,
        "foot": null,
        "horse": null,
        "bicycle": null,
        "surface": null,
        "osmcSymbol": null,
        "trailVisibility": null,
        "pathType": "footway"
      }
    },
    {
      "type": "Feature",
      "id": "way/143861964",
      "geometry": {
        "type": "LineString",
        "coordinates": [
          [
            0.0687509,
            51.6787575
          ],
          [
            0.0687298,
            51.678855
          ],
          [
            0.068727,
            51.6789341
          ],
          [
            0.0687567,
            51.6790368
          ],
          [
            0.0687595,
            51.6790903
          ]
        ]
      },
      "properties": {
        "id": "way/143861964",
        "osmType": "way",
        "osmId": 143861964,
        "name": "Lodge Road",
        "ref": null,
        "highway": "track",
        "designation": null,
        "foot": null,
        "horse": null,
        "bicycle": null,
        "surface": null,
        "osmcSymbol": null,
        "trailVisibility": null,
        "pathType": "track"
      }
    },
    {
      "type": "Feature",
      "id": "way/144554924",
      "geometry": {
        "type": "LineString",
        "coordinates": [
          [
            0.0190359,
            51.5950167
          ],
          [
            0.0191507,
            51.5951451
          ],
          [
            0.019435,
            51.5951984
          ],
          [
            0.0197988,
            51.5951739
          ],
          [
            0.0203566,
            51.5952772
          ],
          [
            0.0203406,
            51.5954305
          ],
          [
            0.0215407,
            51.5956636
          ],
          [
            0.0215669,
            51.5956687
          ]
        ]
      },
      "properties": {
        "id": "way/144554924",
        "osmType": "way",
        "osmId": 144554924,
        "name": "Rosie's Walk",
        "ref": null,
        "highway": "footway",
        "designation": null,
        "foot": "designated",
        "horse": null,
        "bicycle": null,
        "surface": null,
        "osmcSymbol": null,
        "trailVisibility": null,
        "pathType": "footway"
      }
    },
    {
      "type": "Feature",
      "id": "way/144815794",
      "geometry": {
        "type": "LineString",
        "coordinates": [
          [
            0.0797001,
            51.6485393
          ],
          [
            0.0798823,
            51.6484992
          ],
          [
            0.0799905,
            51.6483172
          ],
          [
            0.0799395,
            51.6483049
          ]
        ]
      },
      "properties": {
        "id": "way/144815794",
        "osmType": "way",
        "osmId": 144815794,
        "name": "Barrington Green",
        "ref": null,
        "highway": "footway",
        "designation": null,
        "foot": null,
        "horse": null,
        "bicycle": null,
        "surface": null,
        "osmcSymbol": null,
        "trailVisibility": null,
        "pathType": "footway"
      }
    },
    {
      "type": "Feature",
      "id": "way/145301437",
      "geometry": {
        "type": "LineString",
        "coordinates": [
          [
            -0.0230363,
            51.6016866
          ],
          [
            -0.0230366,
            51.6016941
          ],
          [
            -0.023082,
            51.6027764
          ]
        ]
      },
      "properties": {
        "id": "way/145301437",
        "osmType": "way",
        "osmId": 145301437,
        "name": "Academy Way",
        "ref": null,
        "highway": "track",
        "designation": null,
        "foot": "designated",
        "horse": null,
        "bicycle": null,
        "surface": "dirt",
        "osmcSymbol": null,
        "trailVisibility": null,
        "pathType": "track"
      }
    },
    {
      "type": "Feature",
      "id": "way/147394995",
      "geometry": {
        "type": "LineString",
        "coordinates": [
          [
            0.0481867,
            51.6653393
          ],
          [
            0.0482092,
            51.6653282
          ],
          [
            0.0482875,
            51.6652422
          ],
          [
            0.0483213,
            51.6651787
          ],
          [
            0.0483426,
            51.6651369
          ],
          [
            0.0483727,
            51.6650471
          ],
          [
            0.0483296,
            51.6648143
          ],
          [
            0.0484181,
            51.6645982
          ],
          [
            0.0486864,
            51.6643254
          ],
          [
            0.0492873,
            51.6638339
          ],
          [
            0.0493971,
            51.6637363
          ],
          [
            0.0494781,
            51.6635932
          ],
          [
            0.049813,
            51.662957
          ],
          [
            0.0499644,
            51.6628255
          ],
          [
            0.0502759,
            51.6626886
          ],
          [
            0.0504733,
            51.6625615
          ],
          [
            0.0506192,
            51.6624314
          ],
          [
            0.0506997,
            51.662304
          ],
          [
            0.050865,
            51.6622048
          ],
          [
            0.0510548,
            51.6621284
          ],
          [
            0.0515357,
            51.6619902
          ],
          [
            0.0517507,
            51.6619493
          ],
          [
            0.0519495,
            51.6618864
          ],
          [
            0.0523083,
            51.661652
          ],
          [
            0.0525925,
            51.6614238
          ],
          [
            0.0526698,
            51.6613419
          ],
          [
            0.0527889,
            51.6612158
          ],
          [
            0.0529513,
            51.6610172
          ],
          [
            0.0530182,
            51.660956
          ],
          [
            0.0531269,
            51.6609005
          ]
        ]
      },
      "properties": {
        "id": "way/147394995",
        "osmType": "way",
        "osmId": 147394995,
        "name": "Main path",
        "ref": null,
        "highway": "footway",
        "designation": null,
        "foot": null,
        "horse": null,
        "bicycle": "yes",
        "surface": "fine_gravel",
        "osmcSymbol": null,
        "trailVisibility": null,
        "pathType": "footway"
      }
    },
    {
      "type": "Feature",
      "id": "way/148181968",
      "geometry": {
        "type": "LineString",
        "coordinates": [
          [
            -0.0296127,
            51.7111647
          ],
          [
            -0.0293756,
            51.7111778
          ],
          [
            -0.0293005,
            51.7111741
          ],
          [
            -0.0292122,
            51.711161
          ],
          [
            -0.0291073,
            51.7111376
          ],
          [
            -0.0290457,
            51.7111213
          ],
          [
            -0.0288928,
            51.7110628
          ],
          [
            -0.0287989,
            51.7110249
          ],
          [
            -0.0286245,
            51.7109597
          ]
        ]
      },
      "properties": {
        "id": "way/148181968",
        "osmType": "way",
        "osmId": 148181968,
        "name": "Fairfield Walk",
        "ref": null,
        "highway": "footway",
        "designation": null,
        "foot": null,
        "horse": null,
        "bicycle": null,
        "surface": null,
        "osmcSymbol": null,
        "trailVisibility": null,
        "pathType": "footway"
      }
    },
    {
      "type": "Feature",
      "id": "way/150936134",
      "geometry": {
        "type": "LineString",
        "coordinates": [
          [
            -0.0336558,
            51.6437379
          ],
          [
            -0.0337518,
            51.6436161
          ],
          [
            -0.0338435,
            51.6434865
          ],
          [
            -0.0339783,
            51.6432666
          ],
          [
            -0.0344585,
            51.6424103
          ],
          [
            -0.0346814,
            51.6420067
          ],
          [
            -0.0348399,
            51.6417303
          ],
          [
            -0.0349843,
            51.641459
          ],
          [
            -0.0351908,
            51.6410324
          ],
          [
            -0.0352744,
            51.6408514
          ]
        ]
      },
      "properties": {
        "id": "way/150936134",
        "osmType": "way",
        "osmId": 150936134,
        "name": "Meridian Way",
        "ref": null,
        "highway": "cycleway",
        "designation": null,
        "foot": "yes",
        "horse": null,
        "bicycle": null,
        "surface": "asphalt",
        "osmcSymbol": null,
        "trailVisibility": null,
        "pathType": "cycleway"
      }
    },
    {
      "type": "Feature",
      "id": "way/155221473",
      "geometry": {
        "type": "LineString",
        "coordinates": [
          [
            -0.0138466,
            51.600228
          ],
          [
            -0.0140858,
            51.6002486
          ],
          [
            -0.0143068,
            51.6002331
          ],
          [
            -0.0143922,
            51.6002306
          ],
          [
            -0.0144477,
            51.6002467
          ]
        ]
      },
      "properties": {
        "id": "way/155221473",
        "osmType": "way",
        "osmId": 155221473,
        "name": "Roberts Road",
        "ref": null,
        "highway": "cycleway",
        "designation": null,
        "foot": "yes",
        "horse": null,
        "bicycle": null,
        "surface": "asphalt",
        "osmcSymbol": null,
        "trailVisibility": null,
        "pathType": "cycleway"
      }
    },
    {
      "type": "Feature",
      "id": "way/163563056",
      "geometry": {
        "type": "LineString",
        "coordinates": [
          [
            0.0581122,
            51.7241667
          ],
          [
            0.0582851,
            51.7242711
          ],
          [
            0.058413,
            51.7243498
          ],
          [
            0.0589709,
            51.7245731
          ]
        ]
      },
      "properties": {
        "id": "way/163563056",
        "osmType": "way",
        "osmId": 163563056,
        "name": "Forest Way",
        "ref": null,
        "highway": "bridleway",
        "designation": "public_bridleway",
        "foot": "designated",
        "horse": "yes",
        "bicycle": "yes",
        "surface": "dirt",
        "osmcSymbol": null,
        "trailVisibility": null,
        "pathType": "bridleway"
      }
    },
    {
      "type": "Feature",
      "id": "way/164078660",
      "geometry": {
        "type": "LineString",
        "coordinates": [
          [
            0.061555,
            51.6757017
          ],
          [
            0.061563,
            51.675706
          ],
          [
            0.061652,
            51.675798
          ],
          [
            0.062004,
            51.676258
          ],
          [
            0.062116,
            51.67637
          ],
          [
            0.062364,
            51.676533
          ],
          [
            0.062495,
            51.676651
          ],
          [
            0.062747,
            51.677046
          ],
          [
            0.062827,
            51.677108
          ],
          [
            0.062983,
            51.67717
          ],
          [
            0.063221,
            51.677229
          ],
          [
            0.063653,
            51.677364
          ],
          [
            0.063743,
            51.677406
          ],
          [
            0.063987,
            51.677626
          ],
          [
            0.064358,
            51.677886
          ],
          [
            0.064555,
            51.678082
          ],
          [
            0.064702,
            51.678192
          ],
          [
            0.064865,
            51.67828
          ],
          [
            0.065237,
            51.678449
          ],
          [
            0.066021,
            51.678666
          ],
          [
            0.0664095,
            51.67885
          ],
          [
            0.066626,
            51.678938
          ],
          [
            0.066795,
            51.678985
          ],
          [
            0.0668044,
            51.6789861
          ]
        ]
      },
      "properties": {
        "id": "way/164078660",
        "osmType": "way",
        "osmId": 164078660,
        "name": "Forest Way",
        "ref": null,
        "highway": "footway",
        "designation": null,
        "foot": null,
        "horse": null,
        "bicycle": "yes",
        "surface": null,
        "osmcSymbol": null,
        "trailVisibility": null,
        "pathType": "footway"
      }
    },
    {
      "type": "Feature",
      "id": "way/165213146",
      "geometry": {
        "type": "LineString",
        "coordinates": [
          [
            0.0643889,
            51.6678743
          ],
          [
            0.0643301,
            51.6678537
          ],
          [
            0.0641238,
            51.6677777
          ],
          [
            0.0636811,
            51.6671544
          ],
          [
            0.0636048,
            51.6670944
          ],
          [
            0.0633809,
            51.6669183
          ],
          [
            0.0633214,
            51.6668715
          ],
          [
            0.0629324,
            51.6665998
          ],
          [
            0.0627472,
            51.666471
          ],
          [
            0.062599,
            51.6663809
          ],
          [
            0.0618048,
            51.6660683
          ],
          [
            0.0615266,
            51.6659593
          ],
          [
            0.0611215,
            51.6657515
          ],
          [
            0.0607874,
            51.6655122
          ],
          [
            0.0606645,
            51.6654449
          ],
          [
            0.0603234,
            51.6651128
          ],
          [
            0.0602193,
            51.6647925
          ],
          [
            0.0600229,
            51.6645429
          ],
          [
            0.059886,
            51.664381
          ],
          [
            0.0597632,
            51.6642358
          ],
          [
            0.0594037,
            51.6638079
          ],
          [
            0.0592993,
            51.6633221
          ],
          [
            0.0593138,
            51.6630627
          ],
          [
            0.0593198,
            51.6629561
          ],
          [
            0.0593117,
            51.6628793
          ],
          [
            0.0591793,
            51.662558
          ],
          [
            0.059188,
            51.6624706
          ],
          [
            0.059008,
            51.662341
          ],
          [
            0.0589349,
            51.662293
          ],
          [
            0.058737,
            51.662163
          ],
          [
            0.0584118,
            51.6620708
          ],
          [
            0.058066,
            51.6620397
          ],
          [
            0.0576968,
            51.662076
          ],
          [
            0.0574732,
            51.6621718
          ],
          [
            0.0565755,
            51.6625824
          ],
          [
            0.0564334,
            51.6626384
          ],
          [
            0.0562739,
            51.6626801
          ],
          [
            0.0561299,
            51.6627235
          ],
          [
            0.055935,
            51.6627308
          ],
          [
            0.0557385,
            51.6627329
          ],
          [
            0.0555426,
            51.6627022
          ],
          [
            0.0551838,
            51.6626524
          ],
          [
            0.0546945,
            51.6625703
          ],
          [
            0.0544299,
            51.6625097
          ],
          [
            0.0541709,
            51.6624234
          ],
          [
            0.0540006,
            51.6622788
          ],
          [
            0.0536021,
            51.6618613
          ],
          [
            0.0534945,
            51.6617295
          ],
          [
            0.053359,
            51.661538
          ],
          [
            0.0533079,
            51.6614314
          ],
          [
            0.0532435,
            51.6613165
          ],
          [
            0.0532193,
            51.6612585
          ],
          [
            0.0531802,
            51.6611647
          ],
          [
            0.0531269,
            51.6609005
          ]
        ]
      },
      "properties": {
        "id": "way/165213146",
        "osmType": "way",
        "osmId": 165213146,
        "name": "Green Ride",
        "ref": null,
        "highway": "footway",
        "designation": null,
        "foot": "yes",
        "horse": null,
        "bicycle": "yes",
        "surface": "fine_gravel",
        "osmcSymbol": null,
        "trailVisibility": null,
        "pathType": "footway"
      }
    },
    {
      "type": "Feature",
      "id": "way/165213148",
      "geometry": {
        "type": "LineString",
        "coordinates": [
          [
            0.0721893,
            51.6807496
          ],
          [
            0.0722807,
            51.6807284
          ],
          [
            0.072628,
            51.680648
          ],
          [
            0.072829,
            51.680585
          ],
          [
            0.073005,
            51.680495
          ],
          [
            0.073253,
            51.680282
          ],
          [
            0.073501,
            51.680137
          ],
          [
            0.073569,
            51.68008
          ],
          [
            0.074017,
            51.679539
          ],
          [
            0.074157,
            51.679407
          ],
          [
            0.074324,
            51.67933
          ],
          [
            0.0744873,
            51.6792868
          ],
          [
            0.0747275,
            51.6792269
          ],
          [
            0.0747523,
            51.6792238
          ],
          [
            0.074999,
            51.679194
          ]
        ]
      },
      "properties": {
        "id": "way/165213148",
        "osmType": "way",
        "osmId": 165213148,
        "name": "Forest Road",
        "ref": null,
        "highway": "footway",
        "designation": null,
        "foot": null,
        "horse": null,
        "bicycle": "yes",
        "surface": null,
        "osmcSymbol": null,
        "trailVisibility": null,
        "pathType": "footway"
      }
    },
    {
      "type": "Feature",
      "id": "way/165213149",
      "geometry": {
        "type": "LineString",
        "coordinates": [
          [
            0.0687595,
            51.6790903
          ],
          [
            0.0688877,
            51.6791078
          ],
          [
            0.069028,
            51.6791436
          ],
          [
            0.0691666,
            51.6791913
          ],
          [
            0.0697986,
            51.6795157
          ],
          [
            0.0704201,
            51.6798854
          ],
          [
            0.0712389,
            51.6804328
          ]
        ]
      },
      "properties": {
        "id": "way/165213149",
        "osmType": "way",
        "osmId": 165213149,
        "name": "Forest Way",
        "ref": null,
        "highway": "footway",
        "designation": null,
        "foot": null,
        "horse": null,
        "bicycle": "yes",
        "surface": null,
        "osmcSymbol": null,
        "trailVisibility": null,
        "pathType": "footway"
      }
    },
    {
      "type": "Feature",
      "id": "way/166095759",
      "geometry": {
        "type": "LineString",
        "coordinates": [
          [
            0.0987708,
            51.6927144
          ],
          [
            0.099005,
            51.6924858
          ],
          [
            0.0991224,
            51.6924033
          ],
          [
            0.0994498,
            51.6922091
          ]
        ]
      },
      "properties": {
        "id": "way/166095759",
        "osmType": "way",
        "osmId": 166095759,
        "name": "Bell Common",
        "ref": null,
        "highway": "footway",
        "designation": null,
        "foot": null,
        "horse": null,
        "bicycle": null,
        "surface": null,
        "osmcSymbol": null,
        "trailVisibility": null,
        "pathType": "footway"
      }
    },
    {
      "type": "Feature",
      "id": "way/167776401",
      "geometry": {
        "type": "LineString",
        "coordinates": [
          [
            0.0912122,
            51.6240226
          ],
          [
            0.0913884,
            51.6238518
          ],
          [
            0.0916566,
            51.623632
          ],
          [
            0.0919999,
            51.6232989
          ],
          [
            0.0923004,
            51.6229293
          ],
          [
            0.0925418,
            51.6226795
          ],
          [
            0.0928422,
            51.622433
          ],
          [
            0.093223,
            51.62213
          ],
          [
            0.09351,
            51.6219085
          ],
          [
            0.0936897,
            51.6217936
          ],
          [
            0.0939714,
            51.6215688
          ],
          [
            0.0942369,
            51.6213206
          ],
          [
            0.0944783,
            51.6210675
          ],
          [
            0.0950094,
            51.6204847
          ],
          [
            0.0952696,
            51.6202232
          ],
          [
            0.0956853,
            51.6198052
          ],
          [
            0.0959428,
            51.6195954
          ],
          [
            0.0960554,
            51.6194488
          ],
          [
            0.0960501,
            51.6193523
          ],
          [
            0.0960125,
            51.6192157
          ],
          [
            0.0959636,
            51.6191091
          ]
        ]
      },
      "properties": {
        "id": "way/167776401",
        "osmType": "way",
        "osmId": 167776401,
        "name": "Green Lane",
        "ref": null,
        "highway": "track",
        "designation": "public_bridleway",
        "foot": "designated",
        "horse": "designated",
        "bicycle": "designated",
        "surface": null,
        "osmcSymbol": null,
        "trailVisibility": null,
        "pathType": "bridleway"
      }
    },
    {
      "type": "Feature",
      "id": "way/170093260",
      "geometry": {
        "type": "LineString",
        "coordinates": [
          [
            -0.0143404,
            51.7222695
          ],
          [
            -0.0143268,
            51.7223566
          ],
          [
            -0.0143193,
            51.7225018
          ],
          [
            -0.0142876,
            51.7228348
          ],
          [
            -0.0142563,
            51.7232138
          ],
          [
            -0.0142244,
            51.7235855
          ],
          [
            -0.0141655,
            51.7241453
          ],
          [
            -0.0141097,
            51.7247379
          ],
          [
            -0.0140719,
            51.7251671
          ],
          [
            -0.0140165,
            51.7257313
          ],
          [
            -0.0139698,
            51.7262554
          ],
          [
            -0.0139143,
            51.7268197
          ],
          [
            -0.0138907,
            51.7269696
          ]
        ]
      },
      "properties": {
        "id": "way/170093260",
        "osmType": "way",
        "osmId": 170093260,
        "name": "River Lee Navigation towpath",
        "ref": null,
        "highway": "footway",
        "designation": "public_footpath",
        "foot": "yes",
        "horse": null,
        "bicycle": "yes",
        "surface": "dirt",
        "osmcSymbol": null,
        "trailVisibility": null,
        "pathType": "footway"
      }
    },
    {
      "type": "Feature",
      "id": "way/179206338",
      "geometry": {
        "type": "LineString",
        "coordinates": [
          [
            0.093909,
            51.603728
          ],
          [
            0.0939122,
            51.6038194
          ],
          [
            0.0938801,
            51.6040867
          ]
        ]
      },
      "properties": {
        "id": "way/179206338",
        "osmType": "way",
        "osmId": 179206338,
        "name": "David's Way",
        "ref": "33",
        "highway": "footway",
        "designation": null,
        "foot": null,
        "horse": null,
        "bicycle": null,
        "surface": null,
        "osmcSymbol": null,
        "trailVisibility": null,
        "pathType": "footway"
      }
    },
    {
      "type": "Feature",
      "id": "way/179212557",
      "geometry": {
        "type": "LineString",
        "coordinates": [
          [
            0.0832421,
            51.6065187
          ],
          [
            0.0832191,
            51.6065663
          ],
          [
            0.0840452,
            51.6067059
          ],
          [
            0.0844707,
            51.6067782
          ],
          [
            0.0850213,
            51.6068661
          ],
          [
            0.0852314,
            51.6069081
          ],
          [
            0.0852924,
            51.6069242
          ],
          [
            0.0853511,
            51.6069508
          ]
        ]
      },
      "properties": {
        "id": "way/179212557",
        "osmType": "way",
        "osmId": 179212557,
        "name": "Westmede",
        "ref": null,
        "highway": "footway",
        "designation": null,
        "foot": null,
        "horse": null,
        "bicycle": null,
        "surface": "asphalt",
        "osmcSymbol": null,
        "trailVisibility": null,
        "pathType": "footway"
      }
    },
    {
      "type": "Feature",
      "id": "way/188369396",
      "geometry": {
        "type": "LineString",
        "coordinates": [
          [
            0.1478742,
            51.6833175
          ],
          [
            0.1477915,
            51.6832265
          ],
          [
            0.147668,
            51.683078
          ],
          [
            0.14721,
            51.682687
          ],
          [
            0.146727,
            51.682241
          ],
          [
            0.146595,
            51.682148
          ],
          [
            0.146415,
            51.682058
          ],
          [
            0.146256,
            51.681954
          ],
          [
            0.146102,
            51.681824
          ],
          [
            0.145835,
            51.681567
          ],
          [
            0.145641,
            51.681326
          ],
          [
            0.145553,
            51.681245
          ],
          [
            0.144396,
            51.680298
          ],
          [
            0.1438186,
            51.6797917
          ]
        ]
      },
      "properties": {
        "id": "way/188369396",
        "osmType": "way",
        "osmId": 188369396,
        "name": "Former Roman Road",
        "ref": null,
        "highway": "bridleway",
        "designation": "public_bridleway",
        "foot": "designated",
        "horse": "designated",
        "bicycle": "designated",
        "surface": null,
        "osmcSymbol": null,
        "trailVisibility": null,
        "pathType": "bridleway"
      }
    },
    {
      "type": "Feature",
      "id": "way/201014218",
      "geometry": {
        "type": "LineString",
        "coordinates": [
          [
            0.0083911,
            51.620757
          ],
          [
            0.0083929,
            51.6207047
          ]
        ]
      },
      "properties": {
        "id": "way/201014218",
        "osmType": "way",
        "osmId": 201014218,
        "name": "Friday Hill West",
        "ref": null,
        "highway": "footway",
        "designation": null,
        "foot": null,
        "horse": null,
        "bicycle": null,
        "surface": null,
        "osmcSymbol": null,
        "trailVisibility": null,
        "pathType": "footway"
      }
    },
    {
      "type": "Feature",
      "id": "way/201014220",
      "geometry": {
        "type": "LineString",
        "coordinates": [
          [
            0.008838,
            51.6208456
          ],
          [
            0.0088486,
            51.6208195
          ],
          [
            0.0088517,
            51.620796
          ]
        ]
      },
      "properties": {
        "id": "way/201014220",
        "osmType": "way",
        "osmId": 201014220,
        "name": "Friday Hill East",
        "ref": null,
        "highway": "cycleway",
        "designation": null,
        "foot": "yes",
        "horse": null,
        "bicycle": null,
        "surface": "asphalt",
        "osmcSymbol": null,
        "trailVisibility": null,
        "pathType": "cycleway"
      }
    },
    {
      "type": "Feature",
      "id": "way/201017062",
      "geometry": {
        "type": "LineString",
        "coordinates": [
          [
            0.0459606,
            51.6262608
          ],
          [
            0.0464263,
            51.6262345
          ],
          [
            0.0466033,
            51.6262595
          ]
        ]
      },
      "properties": {
        "id": "way/201017062",
        "osmType": "way",
        "osmId": 201017062,
        "name": "Salisbury Gardens",
        "ref": null,
        "highway": "footway",
        "designation": null,
        "foot": null,
        "horse": null,
        "bicycle": null,
        "surface": null,
        "osmcSymbol": null,
        "trailVisibility": null,
        "pathType": "footway"
      }
    },
    {
      "type": "Feature",
      "id": "way/202988258",
      "geometry": {
        "type": "LineString",
        "coordinates": [
          [
            0.0773282,
            51.6022259
          ],
          [
            0.0775354,
            51.6021503
          ],
          [
            0.077809,
            51.6022194
          ],
          [
            0.0782764,
            51.6015417
          ]
        ]
      },
      "properties": {
        "id": "way/202988258",
        "osmType": "way",
        "osmId": 202988258,
        "name": "Footpath 32",
        "ref": "32",
        "highway": "footway",
        "designation": null,
        "foot": "designated",
        "horse": null,
        "bicycle": null,
        "surface": "asphalt",
        "osmcSymbol": null,
        "trailVisibility": null,
        "pathType": "footway"
      }
    },
    {
      "type": "Feature",
      "id": "way/205961867",
      "geometry": {
        "type": "LineString",
        "coordinates": [
          [
            0.0480937,
            51.6006459
          ],
          [
            0.0481872,
            51.6006629
          ],
          [
            0.0482347,
            51.6006799
          ],
          [
            0.0483876,
            51.6007977
          ],
          [
            0.048497,
            51.6008977
          ],
          [
            0.0485375,
            51.6009122
          ],
          [
            0.048692,
            51.6009376
          ]
        ]
      },
      "properties": {
        "id": "way/205961867",
        "osmType": "way",
        "osmId": 205961867,
        "name": "Roding Valley Way",
        "ref": "50",
        "highway": "cycleway",
        "designation": null,
        "foot": "designated",
        "horse": null,
        "bicycle": "designated",
        "surface": "gravel",
        "osmcSymbol": null,
        "trailVisibility": null,
        "pathType": "cycleway"
      }
    },
    {
      "type": "Feature",
      "id": "way/205961869",
      "geometry": {
        "type": "LineString",
        "coordinates": [
          [
            0.0475051,
            51.5996839
          ],
          [
            0.0476888,
            51.6000599
          ],
          [
            0.0479086,
            51.6005257
          ],
          [
            0.0479385,
            51.600589
          ],
          [
            0.0480937,
            51.6006459
          ]
        ]
      },
      "properties": {
        "id": "way/205961869",
        "osmType": "way",
        "osmId": 205961869,
        "name": "Roding Valley Way",
        "ref": null,
        "highway": "cycleway",
        "designation": null,
        "foot": "designated",
        "horse": null,
        "bicycle": "designated",
        "surface": "gravel",
        "osmcSymbol": null,
        "trailVisibility": null,
        "pathType": "cycleway"
      }
    },
    {
      "type": "Feature",
      "id": "way/205961876",
      "geometry": {
        "type": "LineString",
        "coordinates": [
          [
            0.0474864,
            51.5996456
          ],
          [
            0.0475051,
            51.5996839
          ]
        ]
      },
      "properties": {
        "id": "way/205961876",
        "osmType": "way",
        "osmId": 205961876,
        "name": "Roding Valley Way",
        "ref": null,
        "highway": "path",
        "designation": null,
        "foot": "yes",
        "horse": null,
        "bicycle": "yes",
        "surface": "wood",
        "osmcSymbol": null,
        "trailVisibility": null,
        "pathType": "trail"
      }
    },
    {
      "type": "Feature",
      "id": "way/220871233",
      "geometry": {
        "type": "LineString",
        "coordinates": [
          [
            0.0381856,
            51.6089981
          ],
          [
            0.0382621,
            51.6089438
          ],
          [
            0.0388307,
            51.6087894
          ],
          [
            0.0389281,
            51.6087806
          ]
        ]
      },
      "properties": {
        "id": "way/220871233",
        "osmType": "way",
        "osmId": 220871233,
        "name": "Footpath 21",
        "ref": "21",
        "highway": "footway",
        "designation": null,
        "foot": null,
        "horse": null,
        "bicycle": null,
        "surface": "asphalt",
        "osmcSymbol": null,
        "trailVisibility": null,
        "pathType": "footway"
      }
    },
    {
      "type": "Feature",
      "id": "way/221488955",
      "geometry": {
        "type": "LineString",
        "coordinates": [
          [
            0.059503,
            51.7247645
          ],
          [
            0.0595985,
            51.7248114
          ]
        ]
      },
      "properties": {
        "id": "way/221488955",
        "osmType": "way",
        "osmId": 221488955,
        "name": "Forest Way",
        "ref": null,
        "highway": "bridleway",
        "designation": "public_bridleway",
        "foot": "yes",
        "horse": "yes",
        "bicycle": "yes",
        "surface": "dirt",
        "osmcSymbol": null,
        "trailVisibility": null,
        "pathType": "bridleway"
      }
    },
    {
      "type": "Feature",
      "id": "way/228519266",
      "geometry": {
        "type": "LineString",
        "coordinates": [
          [
            0.1061662,
            51.6959365
          ],
          [
            0.1062218,
            51.6958725
          ],
          [
            0.1062318,
            51.6958643
          ],
          [
            0.1068813,
            51.6953551
          ]
        ]
      },
      "properties": {
        "id": "way/228519266",
        "osmType": "way",
        "osmId": 228519266,
        "name": "Queens Alley",
        "ref": null,
        "highway": "footway",
        "designation": null,
        "foot": null,
        "horse": null,
        "bicycle": null,
        "surface": "asphalt",
        "osmcSymbol": null,
        "trailVisibility": null,
        "pathType": "footway"
      }
    },
    {
      "type": "Feature",
      "id": "way/232315068",
      "geometry": {
        "type": "LineString",
        "coordinates": [
          [
            -0.0252094,
            51.691561
          ],
          [
            -0.025039,
            51.6915367
          ],
          [
            -0.0248675,
            51.6915264
          ],
          [
            -0.0247079,
            51.6915053
          ],
          [
            -0.0245607,
            51.691489
          ],
          [
            -0.0244138,
            51.6914804
          ],
          [
            -0.0242202,
            51.6914769
          ],
          [
            -0.0240284,
            51.6914834
          ],
          [
            -0.0238652,
            51.691498
          ],
          [
            -0.0237135,
            51.6915113
          ],
          [
            -0.0235682,
            51.6915219
          ],
          [
            -0.0234231,
            51.6915238
          ],
          [
            -0.0232681,
            51.6915146
          ],
          [
            -0.0231168,
            51.6914965
          ],
          [
            -0.02297,
            51.6914705
          ],
          [
            -0.0228877,
            51.6914542
          ],
          [
            -0.0228099,
            51.6914461
          ],
          [
            -0.0226703,
            51.6914374
          ],
          [
            -0.0224774,
            51.6914322
          ],
          [
            -0.0222506,
            51.6914319
          ]
        ]
      },
      "properties": {
        "id": "way/232315068",
        "osmType": "way",
        "osmId": 232315068,
        "name": "Trinity Marsh Lane",
        "ref": null,
        "highway": "cycleway",
        "designation": "public_footpath",
        "foot": "designated",
        "horse": null,
        "bicycle": "yes",
        "surface": "asphalt",
        "osmcSymbol": null,
        "trailVisibility": null,
        "pathType": "cycleway"
      }
    },
    {
      "type": "Feature",
      "id": "way/233003667",
      "geometry": {
        "type": "LineString",
        "coordinates": [
          [
            -0.0014122,
            51.7000204
          ],
          [
            -0.0014117,
            51.699686
          ],
          [
            -0.0014091,
            51.6980487
          ],
          [
            -0.001417,
            51.6970661
          ],
          [
            -0.001403,
            51.6959585
          ],
          [
            -0.0014032,
            51.6953704
          ],
          [
            -0.0014035,
            51.6944892
          ],
          [
            -0.0014032,
            51.6942916
          ],
          [
            -0.0013997,
            51.6920871
          ],
          [
            -0.0013995,
            51.6919651
          ]
        ]
      },
      "properties": {
        "id": "way/233003667",
        "osmType": "way",
        "osmId": 233003667,
        "name": "Meridian Path",
        "ref": null,
        "highway": "path",
        "designation": null,
        "foot": null,
        "horse": null,
        "bicycle": null,
        "surface": "grass",
        "osmcSymbol": null,
        "trailVisibility": null,
        "pathType": "trail"
      }
    },
    {
      "type": "Feature",
      "id": "way/234282211",
      "geometry": {
        "type": "LineString",
        "coordinates": [
          [
            -0.0241853,
            51.6983716
          ],
          [
            -0.0241639,
            51.698336
          ],
          [
            -0.0241456,
            51.698294
          ],
          [
            -0.0241455,
            51.6982495
          ],
          [
            -0.0241466,
            51.6981738
          ],
          [
            -0.0241682,
            51.6980942
          ],
          [
            -0.0241947,
            51.6980231
          ],
          [
            -0.0242095,
            51.697936
          ],
          [
            -0.0242283,
            51.6978353
          ],
          [
            -0.0242483,
            51.6976968
          ],
          [
            -0.0242665,
            51.6975964
          ],
          [
            -0.0242657,
            51.6974793
          ],
          [
            -0.0242678,
            51.6973936
          ],
          [
            -0.0242649,
            51.6973347
          ],
          [
            -0.0242457,
            51.6972924
          ],
          [
            -0.0242146,
            51.6972599
          ],
          [
            -0.0241596,
            51.6972149
          ],
          [
            -0.0240827,
            51.6971716
          ],
          [
            -0.0240113,
            51.6971159
          ],
          [
            -0.0239384,
            51.6970295
          ],
          [
            -0.0238941,
            51.6969709
          ],
          [
            -0.0238489,
            51.6969078
          ],
          [
            -0.0238102,
            51.6968429
          ],
          [
            -0.0237642,
            51.6967616
          ],
          [
            -0.0237539,
            51.696713
          ],
          [
            -0.0237832,
            51.6966658
          ],
          [
            -0.0238339,
            51.6966433
          ],
          [
            -0.0239145,
            51.6966065
          ],
          [
            -0.0239866,
            51.696574
          ],
          [
            -0.0240265,
            51.6965322
          ],
          [
            -0.0240528,
            51.6964903
          ],
          [
            -0.0240746,
            51.6964249
          ],
          [
            -0.024094,
            51.6963438
          ],
          [
            -0.0241216,
            51.6962606
          ],
          [
            -0.0241665,
            51.6961797
          ],
          [
            -0.0242205,
            51.6960947
          ],
          [
            -0.0242539,
            51.6960421
          ],
          [
            -0.0242959,
            51.6959609
          ],
          [
            -0.0243168,
            51.6959144
          ],
          [
            -0.0243521,
            51.6958824
          ],
          [
            -0.0243984,
            51.6958514
          ],
          [
            -0.0244223,
            51.6958242
          ],
          [
            -0.0244812,
            51.6957589
          ],
          [
            -0.0245217,
            51.6956926
          ],
          [
            -0.0245547,
            51.6956221
          ],
          [
            -0.0245836,
            51.6955406
          ],
          [
            -0.0246262,
            51.6954137
          ],
          [
            -0.0246675,
            51.6951721
          ],
          [
            -0.0247064,
            51.6948837
          ],
          [
            -0.0247354,
            51.6946748
          ],
          [
            -0.024739,
            51.6946491
          ],
          [
            -0.0247466,
            51.6945604
          ],
          [
            -0.0247702,
            51.6944694
          ],
          [
            -0.0247946,
            51.6943854
          ],
          [
            -0.0248108,
            51.6943265
          ],
          [
            -0.0248202,
            51.6942828
          ],
          [
            -0.0248133,
            51.6942206
          ],
          [
            -0.024802,
            51.6941784
          ],
          [
            -0.0248043,
            51.6940977
          ],
          [
            -0.0248038,
            51.6940003
          ],
          [
            -0.0247896,
            51.6939413
          ],
          [
            -0.0247833,
            51.6939085
          ],
          [
            -0.0247859,
            51.6938873
          ],
          [
            -0.0248045,
            51.6938707
          ],
          [
            -0.024837,
            51.6938614
          ],
          [
            -0.0248588,
            51.6938465
          ],
          [
            -0.0248762,
            51.6938233
          ],
          [
            -0.0248859,
            51.6937916
          ],
          [
            -0.0248929,
            51.6937459
          ],
          [
            -0.0249033,
            51.6936492
          ],
          [
            -0.0249123,
            51.6935068
          ],
          [
            -0.0249122,
            51.6934027
          ],
          [
            -0.0249313,
            51.693274
          ],
          [
            -0.0249542,
            51.693154
          ],
          [
            -0.0249811,
            51.6930184
          ],
          [
            -0.0249886,
            51.6929808
          ],
          [
            -0.0250153,
            51.6928246
          ],
          [
            -0.0250506,
            51.6926078
          ],
          [
            -0.0250928,
            51.6923688
          ]
        ]
      },
      "properties": {
        "id": "way/234282211",
        "osmType": "way",
        "osmId": 234282211,
        "name": "Waterlilly Walk",
        "ref": null,
        "highway": "footway",
        "designation": null,
        "foot": "yes",
        "horse": null,
        "bicycle": "yes",
        "surface": "asphalt",
        "osmcSymbol": null,
        "trailVisibility": null,
        "pathType": "footway"
      }
    },
    {
      "type": "Feature",
      "id": "way/234282212",
      "geometry": {
        "type": "LineString",
        "coordinates": [
          [
            -0.0241798,
            51.698409
          ],
          [
            -0.0241853,
            51.6983716
          ]
        ]
      },
      "properties": {
        "id": "way/234282212",
        "osmType": "way",
        "osmId": 234282212,
        "name": "Waterlilly Walk",
        "ref": null,
        "highway": "footway",
        "designation": null,
        "foot": "yes",
        "horse": null,
        "bicycle": "yes",
        "surface": "asphalt",
        "osmcSymbol": null,
        "trailVisibility": null,
        "pathType": "footway"
      }
    },
    {
      "type": "Feature",
      "id": "way/234960896",
      "geometry": {
        "type": "LineString",
        "coordinates": [
          [
            0.0978704,
            51.7015284
          ],
          [
            0.0982641,
            51.7016715
          ],
          [
            0.0984333,
            51.701733
          ],
          [
            0.099433,
            51.7021206
          ],
          [
            0.1002197,
            51.7024644
          ],
          [
            0.1020972,
            51.7032158
          ],
          [
            0.1027409,
            51.7034784
          ],
          [
            0.1029489,
            51.7035583
          ],
          [
            0.1041559,
            51.7039572
          ],
          [
            0.1042621,
            51.7040243
          ],
          [
            0.1043153,
            51.7040578
          ],
          [
            0.1047245,
            51.7043162
          ],
          [
            0.1052091,
            51.7046614
          ],
          [
            0.105409,
            51.7048039
          ]
        ]
      },
      "properties": {
        "id": "way/234960896",
        "osmType": "way",
        "osmId": 234960896,
        "name": "Bolt Cellar Lane",
        "ref": null,
        "highway": "bridleway",
        "designation": "public_bridleway",
        "foot": "designated",
        "horse": "designated",
        "bicycle": "designated",
        "surface": "grass",
        "osmcSymbol": null,
        "trailVisibility": null,
        "pathType": "bridleway"
      }
    },
    {
      "type": "Feature",
      "id": "way/235023588",
      "geometry": {
        "type": "LineString",
        "coordinates": [
          [
            0.0476159,
            51.6186748
          ],
          [
            0.0480169,
            51.6185543
          ],
          [
            0.0484165,
            51.6184844
          ],
          [
            0.0485855,
            51.6184677
          ],
          [
            0.0488135,
            51.618461
          ],
          [
            0.0489529,
            51.6184574
          ]
        ]
      },
      "properties": {
        "id": "way/235023588",
        "osmType": "way",
        "osmId": 235023588,
        "name": "Squirrel's Lane",
        "ref": null,
        "highway": "service",
        "designation": "public_bridleway",
        "foot": "designated",
        "horse": "designated",
        "bicycle": "designated",
        "surface": "asphalt",
        "osmcSymbol": null,
        "trailVisibility": null,
        "pathType": "bridleway"
      }
    },
    {
      "type": "Feature",
      "id": "way/239894558",
      "geometry": {
        "type": "LineString",
        "coordinates": [
          [
            0.0389714,
            51.6332937
          ],
          [
            0.0390101,
            51.6332831
          ]
        ]
      },
      "properties": {
        "id": "way/239894558",
        "osmType": "way",
        "osmId": 239894558,
        "name": "North End",
        "ref": null,
        "highway": "service",
        "designation": "byway_open_to_all_traffic",
        "foot": "yes",
        "horse": "yes",
        "bicycle": "yes",
        "surface": null,
        "osmcSymbol": null,
        "trailVisibility": null,
        "pathType": "byway"
      }
    },
    {
      "type": "Feature",
      "id": "way/240827156",
      "geometry": {
        "type": "LineString",
        "coordinates": [
          [
            -0.0099423,
            51.60717
          ],
          [
            -0.0098662,
            51.6071739
          ],
          [
            -0.0094977,
            51.6072008
          ],
          [
            -0.0094802,
            51.6071025
          ],
          [
            -0.009284,
            51.607116
          ],
          [
            -0.0091885,
            51.6070833
          ]
        ]
      },
      "properties": {
        "id": "way/240827156",
        "osmType": "way",
        "osmId": 240827156,
        "name": "Long Leys",
        "ref": null,
        "highway": "footway",
        "designation": null,
        "foot": null,
        "horse": null,
        "bicycle": null,
        "surface": null,
        "osmcSymbol": null,
        "trailVisibility": null,
        "pathType": "footway"
      }
    },
    {
      "type": "Feature",
      "id": "way/240827161",
      "geometry": {
        "type": "LineString",
        "coordinates": [
          [
            -0.0094977,
            51.6072008
          ],
          [
            -0.0095259,
            51.6073665
          ]
        ]
      },
      "properties": {
        "id": "way/240827161",
        "osmType": "way",
        "osmId": 240827161,
        "name": "Long Leys",
        "ref": null,
        "highway": "footway",
        "designation": null,
        "foot": null,
        "horse": null,
        "bicycle": null,
        "surface": null,
        "osmcSymbol": null,
        "trailVisibility": null,
        "pathType": "footway"
      }
    },
    {
      "type": "Feature",
      "id": "way/254919881",
      "geometry": {
        "type": "LineString",
        "coordinates": [
          [
            0.0216134,
            51.6594983
          ],
          [
            0.0218337,
            51.6596212
          ],
          [
            0.0230586,
            51.660137
          ],
          [
            0.0239128,
            51.6604821
          ],
          [
            0.0246016,
            51.6607578
          ],
          [
            0.0252822,
            51.6610507
          ],
          [
            0.0257168,
            51.661231
          ],
          [
            0.0259392,
            51.6613207
          ],
          [
            0.0261388,
            51.6614083
          ],
          [
            0.026314,
            51.661498
          ]
        ]
      },
      "properties": {
        "id": "way/254919881",
        "osmType": "way",
        "osmId": 254919881,
        "name": "Pepper Alley",
        "ref": null,
        "highway": "bridleway",
        "designation": "public_bridleway",
        "foot": "designated",
        "horse": "designated",
        "bicycle": "designated",
        "surface": null,
        "osmcSymbol": null,
        "trailVisibility": null,
        "pathType": "bridleway"
      }
    },
    {
      "type": "Feature",
      "id": "way/256834133",
      "geometry": {
        "type": "LineString",
        "coordinates": [
          [
            -0.0317222,
            51.7021254
          ],
          [
            -0.0317187,
            51.7020506
          ],
          [
            -0.0316583,
            51.7014853
          ]
        ]
      },
      "properties": {
        "id": "way/256834133",
        "osmType": "way",
        "osmId": 256834133,
        "name": "Glendale Walk",
        "ref": null,
        "highway": "footway",
        "designation": null,
        "foot": null,
        "horse": null,
        "bicycle": null,
        "surface": null,
        "osmcSymbol": null,
        "trailVisibility": null,
        "pathType": "footway"
      }
    },
    {
      "type": "Feature",
      "id": "way/263343551",
      "geometry": {
        "type": "LineString",
        "coordinates": [
          [
            0.0436716,
            51.6644847
          ],
          [
            0.0435292,
            51.664703
          ],
          [
            0.0434569,
            51.6648472
          ],
          [
            0.0432316,
            51.6650261
          ],
          [
            0.043119,
            51.6651588
          ],
          [
            0.0429661,
            51.6652482
          ],
          [
            0.0427756,
            51.6653115
          ],
          [
            0.042697,
            51.665321
          ],
          [
            0.0425182,
            51.6654272
          ],
          [
            0.0422455,
            51.6655548
          ],
          [
            0.0420434,
            51.6656432
          ],
          [
            0.0417625,
            51.665766
          ]
        ]
      },
      "properties": {
        "id": "way/263343551",
        "osmType": "way",
        "osmId": 263343551,
        "name": "Main path",
        "ref": null,
        "highway": "footway",
        "designation": null,
        "foot": null,
        "horse": null,
        "bicycle": "yes",
        "surface": "fine_gravel",
        "osmcSymbol": null,
        "trailVisibility": null,
        "pathType": "footway"
      }
    },
    {
      "type": "Feature",
      "id": "way/263343553",
      "geometry": {
        "type": "LineString",
        "coordinates": [
          [
            0.05287,
            51.660034
          ],
          [
            0.0527432,
            51.6597392
          ],
          [
            0.0527438,
            51.6591492
          ],
          [
            0.0527494,
            51.6590641
          ],
          [
            0.0526984,
            51.6585102
          ],
          [
            0.0526214,
            51.6583447
          ],
          [
            0.0525163,
            51.6582323
          ],
          [
            0.0522136,
            51.6580526
          ],
          [
            0.0519884,
            51.6578157
          ],
          [
            0.0518208,
            51.6576335
          ],
          [
            0.0517567,
            51.6574827
          ],
          [
            0.0517757,
            51.6572934
          ],
          [
            0.0519163,
            51.6570782
          ],
          [
            0.0519045,
            51.6569247
          ],
          [
            0.051805,
            51.656724
          ],
          [
            0.051505,
            51.6564346
          ],
          [
            0.051253,
            51.6559764
          ],
          [
            0.0509641,
            51.6554633
          ],
          [
            0.0507745,
            51.6550621
          ],
          [
            0.0505364,
            51.6546519
          ]
        ]
      },
      "properties": {
        "id": "way/263343553",
        "osmType": "way",
        "osmId": 263343553,
        "name": "Green Ride",
        "ref": null,
        "highway": "footway",
        "designation": null,
        "foot": "yes",
        "horse": null,
        "bicycle": "yes",
        "surface": null,
        "osmcSymbol": null,
        "trailVisibility": null,
        "pathType": "footway"
      }
    },
    {
      "type": "Feature",
      "id": "way/263343555",
      "geometry": {
        "type": "LineString",
        "coordinates": [
          [
            0.1028464,
            51.6929327
          ],
          [
            0.1035659,
            51.6922143
          ],
          [
            0.1047534,
            51.6919005
          ]
        ]
      },
      "properties": {
        "id": "way/263343555",
        "osmType": "way",
        "osmId": 263343555,
        "name": "Western Road",
        "ref": null,
        "highway": "bridleway",
        "designation": "public_bridleway",
        "foot": "designated",
        "horse": "designated",
        "bicycle": "designated",
        "surface": null,
        "osmcSymbol": null,
        "trailVisibility": null,
        "pathType": "bridleway"
      }
    },
    {
      "type": "Feature",
      "id": "way/263343559",
      "geometry": {
        "type": "LineString",
        "coordinates": [
          [
            0.1048202,
            51.6918829
          ],
          [
            0.1052946,
            51.6917575
          ],
          [
            0.1070205,
            51.6913015
          ],
          [
            0.1075275,
            51.6911818
          ],
          [
            0.1076655,
            51.6911583
          ]
        ]
      },
      "properties": {
        "id": "way/263343559",
        "osmType": "way",
        "osmId": 263343559,
        "name": "Western Road",
        "ref": null,
        "highway": "bridleway",
        "designation": "public_bridleway",
        "foot": "designated",
        "horse": "designated",
        "bicycle": "designated",
        "surface": null,
        "osmcSymbol": null,
        "trailVisibility": null,
        "pathType": "bridleway"
      }
    },
    {
      "type": "Feature",
      "id": "way/263346540",
      "geometry": {
        "type": "LineString",
        "coordinates": [
          [
            0.0263075,
            51.6449935
          ],
          [
            0.0261874,
            51.6448365
          ],
          [
            0.0261188,
            51.6447542
          ],
          [
            0.025986,
            51.6445547
          ],
          [
            0.025878,
            51.6444082
          ],
          [
            0.0256523,
            51.6441683
          ],
          [
            0.0255505,
            51.6440821
          ],
          [
            0.0253574,
            51.6438544
          ],
          [
            0.0252074,
            51.6437327
          ],
          [
            0.0250629,
            51.643609
          ],
          [
            0.0250052,
            51.6435626
          ],
          [
            0.0249538,
            51.6434939
          ],
          [
            0.0249312,
            51.6434004
          ],
          [
            0.0249371,
            51.6433382
          ],
          [
            0.0249749,
            51.6432426
          ],
          [
            0.0250465,
            51.6429812
          ],
          [
            0.02509,
            51.6428076
          ],
          [
            0.0251112,
            51.6427252
          ],
          [
            0.0251032,
            51.6426116
          ],
          [
            0.025099,
            51.642569
          ],
          [
            0.0250898,
            51.6424637
          ],
          [
            0.0250832,
            51.642409
          ],
          [
            0.0250328,
            51.6423204
          ],
          [
            0.0250086,
            51.6422019
          ],
          [
            0.0249748,
            51.6421026
          ],
          [
            0.0249285,
            51.6420118
          ],
          [
            0.0248841,
            51.6419115
          ],
          [
            0.0248366,
            51.6418165
          ],
          [
            0.0248094,
            51.6417261
          ],
          [
            0.0247055,
            51.6414503
          ],
          [
            0.0246314,
            51.641318
          ],
          [
            0.0245955,
            51.6412047
          ],
          [
            0.0245781,
            51.6411034
          ]
        ]
      },
      "properties": {
        "id": "way/263346540",
        "osmType": "way",
        "osmId": 263346540,
        "name": "Green Ride",
        "ref": null,
        "highway": "bridleway",
        "designation": null,
        "foot": "permissive",
        "horse": null,
        "bicycle": "yes",
        "surface": "fine_gravel",
        "osmcSymbol": null,
        "trailVisibility": null,
        "pathType": "bridleway"
      }
    },
    {
      "type": "Feature",
      "id": "way/283441164",
      "geometry": {
        "type": "LineString",
        "coordinates": [
          [
            -0.0039634,
            51.6884757
          ],
          [
            -0.003915,
            51.6884739
          ]
        ]
      },
      "properties": {
        "id": "way/283441164",
        "osmType": "way",
        "osmId": 283441164,
        "name": "Waltham Abbey gateway bridge",
        "ref": null,
        "highway": "path",
        "designation": null,
        "foot": "yes",
        "horse": null,
        "bicycle": null,
        "surface": null,
        "osmcSymbol": null,
        "trailVisibility": null,
        "pathType": "trail"
      }
    },
    {
      "type": "Feature",
      "id": "way/289648076",
      "geometry": {
        "type": "LineString",
        "coordinates": [
          [
            0.0049548,
            51.6188445
          ],
          [
            0.0050206,
            51.6188824
          ],
          [
            0.0052638,
            51.6188933
          ]
        ]
      },
      "properties": {
        "id": "way/289648076",
        "osmType": "way",
        "osmId": 289648076,
        "name": "Hatch Lane",
        "ref": null,
        "highway": "footway",
        "designation": null,
        "foot": null,
        "horse": null,
        "bicycle": null,
        "surface": "asphalt",
        "osmcSymbol": null,
        "trailVisibility": null,
        "pathType": "footway"
      }
    },
    {
      "type": "Feature",
      "id": "way/301098722",
      "geometry": {
        "type": "LineString",
        "coordinates": [
          [
            -0.0329659,
            51.6651707
          ],
          [
            -0.0316323,
            51.6651843
          ],
          [
            -0.0303132,
            51.665192
          ]
        ]
      },
      "properties": {
        "id": "way/301098722",
        "osmType": "way",
        "osmId": 301098722,
        "name": "Park Terrace",
        "ref": null,
        "highway": "footway",
        "designation": null,
        "foot": null,
        "horse": null,
        "bicycle": null,
        "surface": "asphalt",
        "osmcSymbol": null,
        "trailVisibility": null,
        "pathType": "footway"
      }
    },
    {
      "type": "Feature",
      "id": "way/303176686",
      "geometry": {
        "type": "LineString",
        "coordinates": [
          [
            0.0404332,
            51.7000566
          ],
          [
            0.0404464,
            51.6999585
          ]
        ]
      },
      "properties": {
        "id": "way/303176686",
        "osmType": "way",
        "osmId": 303176686,
        "name": "Boudicca Footbridge",
        "ref": null,
        "highway": "footway",
        "designation": "public_footpath",
        "foot": "designated",
        "horse": null,
        "bicycle": null,
        "surface": "paved",
        "osmcSymbol": null,
        "trailVisibility": null,
        "pathType": "footway"
      }
    },
    {
      "type": "Feature",
      "id": "way/322509111",
      "geometry": {
        "type": "LineString",
        "coordinates": [
          [
            0.0127442,
            51.5973173
          ],
          [
            0.0131964,
            51.5973005
          ],
          [
            0.013266,
            51.5972975
          ],
          [
            0.0133955,
            51.5972947
          ],
          [
            0.0138143,
            51.5972781
          ],
          [
            0.0142408,
            51.5972615
          ],
          [
            0.0143282,
            51.5972574
          ],
          [
            0.0144586,
            51.597253
          ],
          [
            0.0152856,
            51.5972162
          ],
          [
            0.0153875,
            51.5972131
          ],
          [
            0.0155285,
            51.597207
          ],
          [
            0.0163391,
            51.5971743
          ],
          [
            0.0164522,
            51.5971707
          ],
          [
            0.0165761,
            51.597166
          ],
          [
            0.01743,
            51.5971284
          ],
          [
            0.0175098,
            51.5971264
          ],
          [
            0.0176794,
            51.5971198
          ],
          [
            0.018089,
            51.5971028
          ],
          [
            0.0184824,
            51.5970845
          ],
          [
            0.0185725,
            51.5970792
          ]
        ]
      },
      "properties": {
        "id": "way/322509111",
        "osmType": "way",
        "osmId": 322509111,
        "name": "Woodford Hall Path",
        "ref": null,
        "highway": "footway",
        "designation": null,
        "foot": null,
        "horse": null,
        "bicycle": null,
        "surface": null,
        "osmcSymbol": null,
        "trailVisibility": null,
        "pathType": "footway"
      }
    },
    {
      "type": "Feature",
      "id": "way/323149475",
      "geometry": {
        "type": "LineString",
        "coordinates": [
          [
            0.0556976,
            51.6513405
          ],
          [
            0.0558961,
            51.6513912
          ],
          [
            0.0558274,
            51.6517173
          ]
        ]
      },
      "properties": {
        "id": "way/323149475",
        "osmType": "way",
        "osmId": 323149475,
        "name": "Hardings Path",
        "ref": null,
        "highway": "footway",
        "designation": "public_footpath",
        "foot": "designated",
        "horse": null,
        "bicycle": null,
        "surface": null,
        "osmcSymbol": null,
        "trailVisibility": null,
        "pathType": "footway"
      }
    },
    {
      "type": "Feature",
      "id": "way/329359383",
      "geometry": {
        "type": "LineString",
        "coordinates": [
          [
            0.105409,
            51.7048039
          ],
          [
            0.1057021,
            51.7049079
          ],
          [
            0.1061313,
            51.7051838
          ],
          [
            0.1065604,
            51.7053434
          ],
          [
            0.1070325,
            51.7057789
          ],
          [
            0.1074218,
            51.7061989
          ],
          [
            0.107467,
            51.7062476
          ],
          [
            0.1085219,
            51.7069808
          ],
          [
            0.1093834,
            51.7075245
          ],
          [
            0.1094458,
            51.7075656
          ],
          [
            0.1094931,
            51.7075991
          ]
        ]
      },
      "properties": {
        "id": "way/329359383",
        "osmType": "way",
        "osmId": 329359383,
        "name": "Bolt Cellar Lane",
        "ref": null,
        "highway": "bridleway",
        "designation": "public_bridleway",
        "foot": "designated",
        "horse": "designated",
        "bicycle": "designated",
        "surface": "grass",
        "osmcSymbol": null,
        "trailVisibility": null,
        "pathType": "bridleway"
      }
    },
    {
      "type": "Feature",
      "id": "way/334246982",
      "geometry": {
        "type": "LineString",
        "coordinates": [
          [
            -0.029223,
            51.700237
          ],
          [
            -0.0292202,
            51.6999816
          ],
          [
            -0.0275766,
            51.6999771
          ]
        ]
      },
      "properties": {
        "id": "way/334246982",
        "osmType": "way",
        "osmId": 334246982,
        "name": "Manor Way",
        "ref": null,
        "highway": "path",
        "designation": null,
        "foot": null,
        "horse": null,
        "bicycle": null,
        "surface": null,
        "osmcSymbol": null,
        "trailVisibility": null,
        "pathType": "trail"
      }
    },
    {
      "type": "Feature",
      "id": "way/334254785",
      "geometry": {
        "type": "LineString",
        "coordinates": [
          [
            -0.0229359,
            51.7080003
          ],
          [
            -0.0227961,
            51.7079871
          ],
          [
            -0.0227376,
            51.707982
          ]
        ]
      },
      "properties": {
        "id": "way/334254785",
        "osmType": "way",
        "osmId": 334254785,
        "name": "Cadmore Lane",
        "ref": null,
        "highway": "track",
        "designation": null,
        "foot": "yes",
        "horse": null,
        "bicycle": "yes",
        "surface": null,
        "osmcSymbol": null,
        "trailVisibility": null,
        "pathType": "track"
      }
    },
    {
      "type": "Feature",
      "id": "way/334255517",
      "geometry": {
        "type": "LineString",
        "coordinates": [
          [
            -0.0214377,
            51.7078368
          ],
          [
            -0.0213196,
            51.707828
          ],
          [
            -0.0207367,
            51.7077832
          ],
          [
            -0.0200356,
            51.7076991
          ],
          [
            -0.0196777,
            51.7076563
          ],
          [
            -0.0188844,
            51.7075612
          ],
          [
            -0.0185678,
            51.7075232
          ],
          [
            -0.0180379,
            51.7074553
          ]
        ]
      },
      "properties": {
        "id": "way/334255517",
        "osmType": "way",
        "osmId": 334255517,
        "name": "Cadmore Lane",
        "ref": null,
        "highway": "track",
        "designation": "public_footpath",
        "foot": "designated",
        "horse": null,
        "bicycle": "yes",
        "surface": "asphalt",
        "osmcSymbol": null,
        "trailVisibility": null,
        "pathType": "track"
      }
    },
    {
      "type": "Feature",
      "id": "way/334255518",
      "geometry": {
        "type": "LineString",
        "coordinates": [
          [
            -0.0216424,
            51.7078553
          ],
          [
            -0.0214377,
            51.7078368
          ]
        ]
      },
      "properties": {
        "id": "way/334255518",
        "osmType": "way",
        "osmId": 334255518,
        "name": "Cadmore Lane",
        "ref": null,
        "highway": "track",
        "designation": "public_footpath",
        "foot": "designated",
        "horse": null,
        "bicycle": "yes",
        "surface": null,
        "osmcSymbol": null,
        "trailVisibility": null,
        "pathType": "track"
      }
    },
    {
      "type": "Feature",
      "id": "way/334259748",
      "geometry": {
        "type": "LineString",
        "coordinates": [
          [
            -0.0180379,
            51.7074553
          ],
          [
            -0.0178381,
            51.7074377
          ]
        ]
      },
      "properties": {
        "id": "way/334259748",
        "osmType": "way",
        "osmId": 334259748,
        "name": "Cadmore Lane",
        "ref": null,
        "highway": "track",
        "designation": "public_footpath",
        "foot": "designated",
        "horse": null,
        "bicycle": "yes",
        "surface": null,
        "osmcSymbol": null,
        "trailVisibility": null,
        "pathType": "track"
      }
    },
    {
      "type": "Feature",
      "id": "way/362325981",
      "geometry": {
        "type": "LineString",
        "coordinates": [
          [
            0.0320908,
            51.6228482
          ],
          [
            0.0322124,
            51.6227981
          ],
          [
            0.0325379,
            51.6226641
          ],
          [
            0.0328151,
            51.6224255
          ],
          [
            0.0330279,
            51.6222202
          ],
          [
            0.0332155,
            51.6220695
          ],
          [
            0.0340557,
            51.6213948
          ],
          [
            0.034954,
            51.6205936
          ],
          [
            0.0364458,
            51.6193513
          ],
          [
            0.0372994,
            51.6186404
          ],
          [
            0.0374136,
            51.6185381
          ],
          [
            0.0374662,
            51.6184281
          ],
          [
            0.0374604,
            51.618235
          ],
          [
            0.0374242,
            51.6180017
          ]
        ]
      },
      "properties": {
        "id": "way/362325981",
        "osmType": "way",
        "osmId": 362325981,
        "name": "Monkham's Lane",
        "ref": null,
        "highway": "bridleway",
        "designation": "public_bridleway",
        "foot": "designated",
        "horse": "designated",
        "bicycle": "designated",
        "surface": "compacted",
        "osmcSymbol": null,
        "trailVisibility": null,
        "pathType": "bridleway"
      }
    },
    {
      "type": "Feature",
      "id": "way/367141044",
      "geometry": {
        "type": "LineString",
        "coordinates": [
          [
            0.0438041,
            51.6510246
          ],
          [
            0.044177,
            51.650914
          ],
          [
            0.044297,
            51.650858
          ],
          [
            0.044521,
            51.650679
          ],
          [
            0.044812,
            51.650496
          ],
          [
            0.045131,
            51.650349
          ],
          [
            0.045277,
            51.650302
          ],
          [
            0.045711,
            51.650211
          ],
          [
            0.045923,
            51.650068
          ],
          [
            0.046067,
            51.650011
          ],
          [
            0.046471,
            51.649946
          ],
          [
            0.04668,
            51.649898
          ],
          [
            0.046812,
            51.64989
          ],
          [
            0.04713,
            51.649916
          ],
          [
            0.047487,
            51.649906
          ]
        ]
      },
      "properties": {
        "id": "way/367141044",
        "osmType": "way",
        "osmId": 367141044,
        "name": "Slippery Snake",
        "ref": null,
        "highway": "footway",
        "designation": null,
        "foot": null,
        "horse": null,
        "bicycle": null,
        "surface": null,
        "osmcSymbol": null,
        "trailVisibility": null,
        "pathType": "footway"
      }
    },
    {
      "type": "Feature",
      "id": "way/367700645",
      "geometry": {
        "type": "LineString",
        "coordinates": [
          [
            -0.0234197,
            51.7337284
          ],
          [
            -0.0236129,
            51.7337519
          ],
          [
            -0.0251376,
            51.7339753
          ],
          [
            -0.0261448,
            51.7341279
          ],
          [
            -0.0263114,
            51.7338
          ],
          [
            -0.0265384,
            51.7333347
          ],
          [
            -0.0265653,
            51.7332683
          ],
          [
            -0.026584,
            51.7332102
          ],
          [
            -0.0265968,
            51.7331537
          ],
          [
            -0.0265976,
            51.7330191
          ],
          [
            -0.0265968,
            51.732866
          ],
          [
            -0.0265966,
            51.7328231
          ]
        ]
      },
      "properties": {
        "id": "way/367700645",
        "osmType": "way",
        "osmId": 367700645,
        "name": "Croft Walk",
        "ref": null,
        "highway": "path",
        "designation": null,
        "foot": null,
        "horse": null,
        "bicycle": null,
        "surface": "asphalt",
        "osmcSymbol": null,
        "trailVisibility": null,
        "pathType": "trail"
      }
    },
    {
      "type": "Feature",
      "id": "way/391561350",
      "geometry": {
        "type": "LineString",
        "coordinates": [
          [
            0.0178238,
            51.605139
          ],
          [
            0.0177039,
            51.6049906
          ]
        ]
      },
      "properties": {
        "id": "way/391561350",
        "osmType": "way",
        "osmId": 391561350,
        "name": "Woodford New Road",
        "ref": null,
        "highway": "footway",
        "designation": null,
        "foot": null,
        "horse": null,
        "bicycle": null,
        "surface": "asphalt",
        "osmcSymbol": null,
        "trailVisibility": null,
        "pathType": "footway"
      }
    },
    {
      "type": "Feature",
      "id": "way/440258020",
      "geometry": {
        "type": "LineString",
        "coordinates": [
          [
            -0.002985,
            51.5954107
          ],
          [
            -0.0029641,
            51.5954148
          ],
          [
            -0.0028856,
            51.5954303
          ],
          [
            -0.0028624,
            51.5954349
          ]
        ]
      },
      "properties": {
        "id": "way/440258020",
        "osmType": "way",
        "osmId": 440258020,
        "name": "Macdonald Road",
        "ref": null,
        "highway": "cycleway",
        "designation": null,
        "foot": "yes",
        "horse": null,
        "bicycle": null,
        "surface": "asphalt",
        "osmcSymbol": null,
        "trailVisibility": null,
        "pathType": "cycleway"
      }
    },
    {
      "type": "Feature",
      "id": "way/440783236",
      "geometry": {
        "type": "LineString",
        "coordinates": [
          [
            0.0127216,
            51.6829219
          ],
          [
            0.0124695,
            51.6834225
          ],
          [
            0.0124609,
            51.6834489
          ],
          [
            0.0124212,
            51.6834774
          ],
          [
            0.011921,
            51.6838551
          ],
          [
            0.0118794,
            51.6838865
          ],
          [
            0.0106995,
            51.6843181
          ]
        ]
      },
      "properties": {
        "id": "way/440783236",
        "osmType": "way",
        "osmId": 440783236,
        "name": "Springfields",
        "ref": null,
        "highway": "footway",
        "designation": null,
        "foot": null,
        "horse": null,
        "bicycle": null,
        "surface": null,
        "osmcSymbol": null,
        "trailVisibility": null,
        "pathType": "footway"
      }
    },
    {
      "type": "Feature",
      "id": "way/440783240",
      "geometry": {
        "type": "LineString",
        "coordinates": [
          [
            0.0112889,
            51.6823705
          ],
          [
            0.0110833,
            51.6818306
          ]
        ]
      },
      "properties": {
        "id": "way/440783240",
        "osmType": "way",
        "osmId": 440783240,
        "name": "Fairways",
        "ref": null,
        "highway": "footway",
        "designation": null,
        "foot": null,
        "horse": null,
        "bicycle": null,
        "surface": null,
        "osmcSymbol": null,
        "trailVisibility": null,
        "pathType": "footway"
      }
    },
    {
      "type": "Feature",
      "id": "way/440783243",
      "geometry": {
        "type": "LineString",
        "coordinates": [
          [
            0.0114838,
            51.6838165
          ],
          [
            0.0107663,
            51.6840761
          ]
        ]
      },
      "properties": {
        "id": "way/440783243",
        "osmType": "way",
        "osmId": 440783243,
        "name": "Longcrofts",
        "ref": null,
        "highway": "footway",
        "designation": null,
        "foot": null,
        "horse": null,
        "bicycle": null,
        "surface": null,
        "osmcSymbol": null,
        "trailVisibility": null,
        "pathType": "footway"
      }
    },
    {
      "type": "Feature",
      "id": "way/440783247",
      "geometry": {
        "type": "LineString",
        "coordinates": [
          [
            0.0114717,
            51.6834009
          ],
          [
            0.0114395,
            51.6833876
          ]
        ]
      },
      "properties": {
        "id": "way/440783247",
        "osmType": "way",
        "osmId": 440783247,
        "name": "Nightingales",
        "ref": null,
        "highway": "footway",
        "designation": null,
        "foot": null,
        "horse": null,
        "bicycle": null,
        "surface": null,
        "osmcSymbol": null,
        "trailVisibility": null,
        "pathType": "footway"
      }
    },
    {
      "type": "Feature",
      "id": "way/440783249",
      "geometry": {
        "type": "LineString",
        "coordinates": [
          [
            0.0102856,
            51.6819511
          ],
          [
            0.0104876,
            51.6824805
          ]
        ]
      },
      "properties": {
        "id": "way/440783249",
        "osmType": "way",
        "osmId": 440783249,
        "name": "Fairways",
        "ref": null,
        "highway": "footway",
        "designation": null,
        "foot": null,
        "horse": null,
        "bicycle": null,
        "surface": null,
        "osmcSymbol": null,
        "trailVisibility": null,
        "pathType": "footway"
      }
    },
    {
      "type": "Feature",
      "id": "way/440783250",
      "geometry": {
        "type": "LineString",
        "coordinates": [
          [
            0.0115409,
            51.6836957
          ],
          [
            0.0122253,
            51.6828477
          ]
        ]
      },
      "properties": {
        "id": "way/440783250",
        "osmType": "way",
        "osmId": 440783250,
        "name": "Robinsway",
        "ref": null,
        "highway": "footway",
        "designation": null,
        "foot": null,
        "horse": null,
        "bicycle": null,
        "surface": null,
        "osmcSymbol": null,
        "trailVisibility": null,
        "pathType": "footway"
      }
    },
    {
      "type": "Feature",
      "id": "way/440784171",
      "geometry": {
        "type": "LineString",
        "coordinates": [
          [
            0.0100099,
            51.6846199
          ],
          [
            0.0100499,
            51.6845995
          ],
          [
            0.0106871,
            51.6842741
          ]
        ]
      },
      "properties": {
        "id": "way/440784171",
        "osmType": "way",
        "osmId": 440784171,
        "name": "Roundhills",
        "ref": null,
        "highway": "footway",
        "designation": null,
        "foot": null,
        "horse": null,
        "bicycle": null,
        "surface": null,
        "osmcSymbol": null,
        "trailVisibility": null,
        "pathType": "footway"
      }
    },
    {
      "type": "Feature",
      "id": "way/440784173",
      "geometry": {
        "type": "LineString",
        "coordinates": [
          [
            0.0104632,
            51.6853383
          ],
          [
            0.0107019,
            51.684999
          ],
          [
            0.0107314,
            51.6849608
          ],
          [
            0.0108922,
            51.6849234
          ]
        ]
      },
      "properties": {
        "id": "way/440784173",
        "osmType": "way",
        "osmId": 440784173,
        "name": "Roundhills",
        "ref": null,
        "highway": "footway",
        "designation": null,
        "foot": null,
        "horse": null,
        "bicycle": null,
        "surface": null,
        "osmcSymbol": null,
        "trailVisibility": null,
        "pathType": "footway"
      }
    },
    {
      "type": "Feature",
      "id": "way/440784176",
      "geometry": {
        "type": "LineString",
        "coordinates": [
          [
            0.0107172,
            51.682449
          ],
          [
            0.0107663,
            51.682621
          ],
          [
            0.0108172,
            51.6826509
          ],
          [
            0.0110345,
            51.6826226
          ],
          [
            0.0110559,
            51.6825877
          ],
          [
            0.0110012,
            51.68241
          ]
        ]
      },
      "properties": {
        "id": "way/440784176",
        "osmType": "way",
        "osmId": 440784176,
        "name": "Fairways",
        "ref": null,
        "highway": "footway",
        "designation": null,
        "foot": null,
        "horse": null,
        "bicycle": null,
        "surface": null,
        "osmcSymbol": null,
        "trailVisibility": null,
        "pathType": "footway"
      }
    },
    {
      "type": "Feature",
      "id": "way/440784177",
      "geometry": {
        "type": "LineString",
        "coordinates": [
          [
            0.0106161,
            51.6855445
          ],
          [
            0.0108601,
            51.6854347
          ],
          [
            0.0109299,
            51.68531
          ],
          [
            0.0109728,
            51.6852701
          ],
          [
            0.0111558,
            51.685221
          ]
        ]
      },
      "properties": {
        "id": "way/440784177",
        "osmType": "way",
        "osmId": 440784177,
        "name": "Roundhills",
        "ref": null,
        "highway": "footway",
        "designation": null,
        "foot": null,
        "horse": null,
        "bicycle": null,
        "surface": null,
        "osmcSymbol": null,
        "trailVisibility": null,
        "pathType": "footway"
      }
    },
    {
      "type": "Feature",
      "id": "way/440784181",
      "geometry": {
        "type": "LineString",
        "coordinates": [
          [
            0.0117292,
            51.6823101
          ],
          [
            0.011795,
            51.682499
          ],
          [
            0.011815,
            51.6825179
          ],
          [
            0.0119947,
            51.6824946
          ],
          [
            0.012051,
            51.6824846
          ],
          [
            0.0120591,
            51.682473
          ],
          [
            0.0120645,
            51.682443
          ],
          [
            0.0120013,
            51.6822727
          ]
        ]
      },
      "properties": {
        "id": "way/440784181",
        "osmType": "way",
        "osmId": 440784181,
        "name": "Fairways",
        "ref": null,
        "highway": "footway",
        "designation": null,
        "foot": null,
        "horse": null,
        "bicycle": null,
        "surface": null,
        "osmcSymbol": null,
        "trailVisibility": null,
        "pathType": "footway"
      }
    },
    {
      "type": "Feature",
      "id": "way/442646151",
      "geometry": {
        "type": "LineString",
        "coordinates": [
          [
            0.010046,
            51.6842185
          ],
          [
            0.0100499,
            51.6845995
          ]
        ]
      },
      "properties": {
        "id": "way/442646151",
        "osmType": "way",
        "osmId": 442646151,
        "name": "The Padgets",
        "ref": null,
        "highway": "footway",
        "designation": null,
        "foot": null,
        "horse": null,
        "bicycle": null,
        "surface": null,
        "osmcSymbol": null,
        "trailVisibility": null,
        "pathType": "footway"
      }
    },
    {
      "type": "Feature",
      "id": "way/442646153",
      "geometry": {
        "type": "LineString",
        "coordinates": [
          [
            0.0113037,
            51.6857818
          ],
          [
            0.0111064,
            51.6857458
          ],
          [
            0.0112557,
            51.6853667
          ]
        ]
      },
      "properties": {
        "id": "way/442646153",
        "osmType": "way",
        "osmId": 442646153,
        "name": "Roundhills",
        "ref": null,
        "highway": "footway",
        "designation": null,
        "foot": null,
        "horse": null,
        "bicycle": null,
        "surface": null,
        "osmcSymbol": null,
        "trailVisibility": null,
        "pathType": "footway"
      }
    },
    {
      "type": "Feature",
      "id": "way/442646595",
      "geometry": {
        "type": "LineString",
        "coordinates": [
          [
            0.0102005,
            51.6849892
          ],
          [
            0.0107539,
            51.6845225
          ]
        ]
      },
      "properties": {
        "id": "way/442646595",
        "osmType": "way",
        "osmId": 442646595,
        "name": "Roundhills",
        "ref": null,
        "highway": "footway",
        "designation": null,
        "foot": null,
        "horse": null,
        "bicycle": null,
        "surface": null,
        "osmcSymbol": null,
        "trailVisibility": null,
        "pathType": "footway"
      }
    },
    {
      "type": "Feature",
      "id": "way/442653032",
      "geometry": {
        "type": "LineString",
        "coordinates": [
          [
            0.0110868,
            51.6834552
          ],
          [
            0.0105038,
            51.6837058
          ],
          [
            0.0104202,
            51.6837407
          ]
        ]
      },
      "properties": {
        "id": "way/442653032",
        "osmType": "way",
        "osmId": 442653032,
        "name": "Aldersgrove",
        "ref": null,
        "highway": "footway",
        "designation": null,
        "foot": null,
        "horse": null,
        "bicycle": null,
        "surface": null,
        "osmcSymbol": null,
        "trailVisibility": null,
        "pathType": "footway"
      }
    },
    {
      "type": "Feature",
      "id": "way/442653037",
      "geometry": {
        "type": "LineString",
        "coordinates": [
          [
            0.0105533,
            51.68391
          ],
          [
            0.0106414,
            51.6838746
          ],
          [
            0.011282,
            51.6836329
          ],
          [
            0.0114214,
            51.6835777
          ]
        ]
      },
      "properties": {
        "id": "way/442653037",
        "osmType": "way",
        "osmId": 442653037,
        "name": "Birchwood",
        "ref": null,
        "highway": "footway",
        "designation": null,
        "foot": null,
        "horse": null,
        "bicycle": null,
        "surface": null,
        "osmcSymbol": null,
        "trailVisibility": null,
        "pathType": "footway"
      }
    },
    {
      "type": "Feature",
      "id": "way/442654397",
      "geometry": {
        "type": "LineString",
        "coordinates": [
          [
            0.0124609,
            51.6834489
          ],
          [
            0.0125387,
            51.6834688
          ]
        ]
      },
      "properties": {
        "id": "way/442654397",
        "osmType": "way",
        "osmId": 442654397,
        "name": "Springfields",
        "ref": null,
        "highway": "footway",
        "designation": null,
        "foot": null,
        "horse": null,
        "bicycle": null,
        "surface": null,
        "osmcSymbol": null,
        "trailVisibility": null,
        "pathType": "footway"
      }
    },
    {
      "type": "Feature",
      "id": "way/442654399",
      "geometry": {
        "type": "LineString",
        "coordinates": [
          [
            0.012595,
            51.6834904
          ],
          [
            0.0126866,
            51.6835194
          ]
        ]
      },
      "properties": {
        "id": "way/442654399",
        "osmType": "way",
        "osmId": 442654399,
        "name": "Springfields",
        "ref": null,
        "highway": "footway",
        "designation": null,
        "foot": null,
        "horse": null,
        "bicycle": null,
        "surface": null,
        "osmcSymbol": null,
        "trailVisibility": null,
        "pathType": "footway"
      }
    },
    {
      "type": "Feature",
      "id": "way/442656468",
      "geometry": {
        "type": "LineString",
        "coordinates": [
          [
            0.0112776,
            51.6834482
          ],
          [
            0.0114395,
            51.6833876
          ],
          [
            0.0117678,
            51.6829921
          ],
          [
            0.0119346,
            51.6827911
          ]
        ]
      },
      "properties": {
        "id": "way/442656468",
        "osmType": "way",
        "osmId": 442656468,
        "name": "Nightingales",
        "ref": null,
        "highway": "footway",
        "designation": null,
        "foot": null,
        "horse": null,
        "bicycle": null,
        "surface": null,
        "osmcSymbol": null,
        "trailVisibility": null,
        "pathType": "footway"
      }
    },
    {
      "type": "Feature",
      "id": "way/442656547",
      "geometry": {
        "type": "LineString",
        "coordinates": [
          [
            0.0118735,
            51.6836152
          ],
          [
            0.0120215,
            51.6836154
          ],
          [
            0.0125865,
            51.6829022
          ]
        ]
      },
      "properties": {
        "id": "way/442656547",
        "osmType": "way",
        "osmId": 442656547,
        "name": "Heronswood",
        "ref": null,
        "highway": "footway",
        "designation": null,
        "foot": null,
        "horse": null,
        "bicycle": null,
        "surface": null,
        "osmcSymbol": null,
        "trailVisibility": null,
        "pathType": "footway"
      }
    },
    {
      "type": "Feature",
      "id": "way/442660649",
      "geometry": {
        "type": "LineString",
        "coordinates": [
          [
            0.0125762,
            51.682471
          ],
          [
            0.0134495,
            51.6823228
          ]
        ]
      },
      "properties": {
        "id": "way/442660649",
        "osmType": "way",
        "osmId": 442660649,
        "name": "The Dale",
        "ref": null,
        "highway": "footway",
        "designation": null,
        "foot": null,
        "horse": null,
        "bicycle": null,
        "surface": null,
        "osmcSymbol": null,
        "trailVisibility": null,
        "pathType": "footway"
      }
    },
    {
      "type": "Feature",
      "id": "way/442660655",
      "geometry": {
        "type": "LineString",
        "coordinates": [
          [
            0.0137683,
            51.6823091
          ],
          [
            0.0132263,
            51.6821046
          ],
          [
            0.0128681,
            51.6821538
          ],
          [
            0.0120013,
            51.6822727
          ],
          [
            0.0117292,
            51.6823101
          ],
          [
            0.0113726,
            51.682359
          ],
          [
            0.0112889,
            51.6823705
          ],
          [
            0.0110012,
            51.68241
          ],
          [
            0.0107172,
            51.682449
          ],
          [
            0.0104876,
            51.6824805
          ],
          [
            0.010358,
            51.6825043
          ],
          [
            0.0098532,
            51.6825676
          ],
          [
            0.0097073,
            51.6826155
          ]
        ]
      },
      "properties": {
        "id": "way/442660655",
        "osmType": "way",
        "osmId": 442660655,
        "name": "Fairways",
        "ref": null,
        "highway": "footway",
        "designation": null,
        "foot": null,
        "horse": null,
        "bicycle": null,
        "surface": null,
        "osmcSymbol": null,
        "trailVisibility": null,
        "pathType": "footway"
      }
    },
    {
      "type": "Feature",
      "id": "way/442661671",
      "geometry": {
        "type": "LineString",
        "coordinates": [
          [
            0.0137683,
            51.6823091
          ],
          [
            0.0140434,
            51.6820503
          ],
          [
            0.0139902,
            51.6820301
          ]
        ]
      },
      "properties": {
        "id": "way/442661671",
        "osmType": "way",
        "osmId": 442661671,
        "name": "The Pinnacles",
        "ref": null,
        "highway": "footway",
        "designation": null,
        "foot": null,
        "horse": null,
        "bicycle": null,
        "surface": null,
        "osmcSymbol": null,
        "trailVisibility": null,
        "pathType": "footway"
      }
    },
    {
      "type": "Feature",
      "id": "way/442666205",
      "geometry": {
        "type": "LineString",
        "coordinates": [
          [
            0.0161194,
            51.682466
          ],
          [
            0.0161731,
            51.6823812
          ],
          [
            0.0161784,
            51.6822964
          ],
          [
            0.0161275,
            51.6822033
          ],
          [
            0.0160062,
            51.6820887
          ],
          [
            0.0159386,
            51.6820248
          ]
        ]
      },
      "properties": {
        "id": "way/442666205",
        "osmType": "way",
        "osmId": 442666205,
        "name": "Holecroft",
        "ref": null,
        "highway": "footway",
        "designation": null,
        "foot": null,
        "horse": null,
        "bicycle": null,
        "surface": null,
        "osmcSymbol": null,
        "trailVisibility": null,
        "pathType": "footway"
      }
    },
    {
      "type": "Feature",
      "id": "way/442667249",
      "geometry": {
        "type": "LineString",
        "coordinates": [
          [
            0.011579,
            51.6850506
          ],
          [
            0.0116977,
            51.6851745
          ]
        ]
      },
      "properties": {
        "id": "way/442667249",
        "osmType": "way",
        "osmId": 442667249,
        "name": "Bray Spring",
        "ref": null,
        "highway": "footway",
        "designation": null,
        "foot": null,
        "horse": null,
        "bicycle": null,
        "surface": null,
        "osmcSymbol": null,
        "trailVisibility": null,
        "pathType": "footway"
      }
    },
    {
      "type": "Feature",
      "id": "way/442672130",
      "geometry": {
        "type": "LineString",
        "coordinates": [
          [
            0.0093382,
            51.6821046
          ],
          [
            0.0092009,
            51.6821259
          ],
          [
            0.009467,
            51.6828231
          ]
        ]
      },
      "properties": {
        "id": "way/442672130",
        "osmType": "way",
        "osmId": 442672130,
        "name": "Greenleas",
        "ref": null,
        "highway": "footway",
        "designation": null,
        "foot": null,
        "horse": null,
        "bicycle": null,
        "surface": null,
        "osmcSymbol": null,
        "trailVisibility": null,
        "pathType": "footway"
      }
    },
    {
      "type": "Feature",
      "id": "way/444447861",
      "geometry": {
        "type": "LineString",
        "coordinates": [
          [
            0.008932,
            51.6839737
          ],
          [
            0.0086186,
            51.6837561
          ],
          [
            0.0085278,
            51.6836927
          ],
          [
            0.0081523,
            51.6834799
          ],
          [
            0.0078516,
            51.6832872
          ],
          [
            0.0078278,
            51.683272
          ],
          [
            0.0075541,
            51.6830722
          ],
          [
            0.0075408,
            51.6830624
          ],
          [
            0.0072829,
            51.6828719
          ],
          [
            0.0079401,
            51.6826528
          ]
        ]
      },
      "properties": {
        "id": "way/444447861",
        "osmType": "way",
        "osmId": 444447861,
        "name": "Roundhills",
        "ref": null,
        "highway": "footway",
        "designation": "public_footpath",
        "foot": "designated",
        "horse": "no",
        "bicycle": "no",
        "surface": null,
        "osmcSymbol": null,
        "trailVisibility": null,
        "pathType": "footway"
      }
    },
    {
      "type": "Feature",
      "id": "way/444447863",
      "geometry": {
        "type": "LineString",
        "coordinates": [
          [
            0.00886,
            51.6831511
          ],
          [
            0.0087091,
            51.6829501
          ],
          [
            0.0085376,
            51.6825425
          ],
          [
            0.0083748,
            51.6820635
          ]
        ]
      },
      "properties": {
        "id": "way/444447863",
        "osmType": "way",
        "osmId": 444447863,
        "name": "Mayfield",
        "ref": null,
        "highway": "footway",
        "designation": null,
        "foot": null,
        "horse": null,
        "bicycle": null,
        "surface": null,
        "osmcSymbol": null,
        "trailVisibility": null,
        "pathType": "footway"
      }
    },
    {
      "type": "Feature",
      "id": "way/444447864",
      "geometry": {
        "type": "LineString",
        "coordinates": [
          [
            0.0080891,
            51.6828768
          ],
          [
            0.0075541,
            51.6830722
          ]
        ]
      },
      "properties": {
        "id": "way/444447864",
        "osmType": "way",
        "osmId": 444447864,
        "name": "Roundhills",
        "ref": null,
        "highway": "footway",
        "designation": null,
        "foot": null,
        "horse": null,
        "bicycle": null,
        "surface": null,
        "osmcSymbol": null,
        "trailVisibility": null,
        "pathType": "footway"
      }
    },
    {
      "type": "Feature",
      "id": "way/444447871",
      "geometry": {
        "type": "LineString",
        "coordinates": [
          [
            0.0086186,
            51.6837561
          ],
          [
            0.0091499,
            51.6832442
          ]
        ]
      },
      "properties": {
        "id": "way/444447871",
        "osmType": "way",
        "osmId": 444447871,
        "name": "Roundhills",
        "ref": null,
        "highway": "footway",
        "designation": null,
        "foot": null,
        "horse": null,
        "bicycle": null,
        "surface": null,
        "osmcSymbol": null,
        "trailVisibility": null,
        "pathType": "footway"
      }
    },
    {
      "type": "Feature",
      "id": "way/444450162",
      "geometry": {
        "type": "LineString",
        "coordinates": [
          [
            0.0078939,
            51.6823462
          ],
          [
            0.0073322,
            51.6819199
          ]
        ]
      },
      "properties": {
        "id": "way/444450162",
        "osmType": "way",
        "osmId": 444450162,
        "name": "Caldbeck",
        "ref": null,
        "highway": "footway",
        "designation": null,
        "foot": null,
        "horse": null,
        "bicycle": null,
        "surface": null,
        "osmcSymbol": null,
        "trailVisibility": null,
        "pathType": "footway"
      }
    },
    {
      "type": "Feature",
      "id": "way/444450163",
      "geometry": {
        "type": "LineString",
        "coordinates": [
          [
            0.0076884,
            51.6817747
          ],
          [
            0.0073322,
            51.6819199
          ],
          [
            0.0070789,
            51.6820497
          ],
          [
            0.0070226,
            51.6820076
          ],
          [
            0.0069027,
            51.6820659
          ]
        ]
      },
      "properties": {
        "id": "way/444450163",
        "osmType": "way",
        "osmId": 444450163,
        "name": "Caldbeck",
        "ref": null,
        "highway": "footway",
        "designation": null,
        "foot": null,
        "horse": null,
        "bicycle": null,
        "surface": null,
        "osmcSymbol": null,
        "trailVisibility": null,
        "pathType": "footway"
      }
    },
    {
      "type": "Feature",
      "id": "way/444455430",
      "geometry": {
        "type": "LineString",
        "coordinates": [
          [
            0.0132831,
            51.6829974
          ],
          [
            0.0131292,
            51.6831682
          ],
          [
            0.0132527,
            51.6833891
          ],
          [
            0.0135128,
            51.6835308
          ],
          [
            0.0137623,
            51.6836069
          ],
          [
            0.0140573,
            51.6834973
          ],
          [
            0.0145053,
            51.6832744
          ],
          [
            0.0148083,
            51.6830948
          ],
          [
            0.0151633,
            51.6828624
          ]
        ]
      },
      "properties": {
        "id": "way/444455430",
        "osmType": "way",
        "osmId": 444455430,
        "name": "Roundhills",
        "ref": null,
        "highway": "footway",
        "designation": null,
        "foot": null,
        "horse": null,
        "bicycle": null,
        "surface": null,
        "osmcSymbol": null,
        "trailVisibility": null,
        "pathType": "footway"
      }
    },
    {
      "type": "Feature",
      "id": "way/444458950",
      "geometry": {
        "type": "LineString",
        "coordinates": [
          [
            0.0116977,
            51.6851745
          ],
          [
            0.011809,
            51.6852907
          ]
        ]
      },
      "properties": {
        "id": "way/444458950",
        "osmType": "way",
        "osmId": 444458950,
        "name": "Brays Spring",
        "ref": null,
        "highway": "footway",
        "designation": null,
        "foot": null,
        "horse": null,
        "bicycle": null,
        "surface": null,
        "osmcSymbol": null,
        "trailVisibility": null,
        "pathType": "footway"
      }
    },
    {
      "type": "Feature",
      "id": "way/448230126",
      "geometry": {
        "type": "LineString",
        "coordinates": [
          [
            0.0571681,
            51.6543481
          ],
          [
            0.0571085,
            51.654556
          ],
          [
            0.0570939,
            51.6546546
          ],
          [
            0.0570732,
            51.654834
          ]
        ]
      },
      "properties": {
        "id": "way/448230126",
        "osmType": "way",
        "osmId": 448230126,
        "name": "King's Hill",
        "ref": null,
        "highway": "service",
        "designation": "public_bridleway",
        "foot": "designated",
        "horse": "designated",
        "bicycle": "designated",
        "surface": null,
        "osmcSymbol": null,
        "trailVisibility": null,
        "pathType": "bridleway"
      }
    },
    {
      "type": "Feature",
      "id": "way/449761809",
      "geometry": {
        "type": "LineString",
        "coordinates": [
          [
            0.0408927,
            51.6475858
          ],
          [
            0.040753,
            51.647563
          ],
          [
            0.040015,
            51.64755
          ],
          [
            0.0398822,
            51.6475355
          ],
          [
            0.039686,
            51.647514
          ],
          [
            0.039219,
            51.647516
          ],
          [
            0.038927,
            51.647554
          ],
          [
            0.038784,
            51.647589
          ],
          [
            0.038587,
            51.647683
          ],
          [
            0.038492,
            51.647748
          ],
          [
            0.038162,
            51.648026
          ],
          [
            0.038066,
            51.648076
          ],
          [
            0.0379957,
            51.6480971
          ],
          [
            0.037814,
            51.648126
          ],
          [
            0.037603,
            51.648127
          ],
          [
            0.0372534,
            51.6480491
          ],
          [
            0.0370898,
            51.6480126
          ],
          [
            0.036993,
            51.647991
          ],
          [
            0.036865,
            51.648005
          ],
          [
            0.0365673,
            51.6480522
          ],
          [
            0.0363861,
            51.6481059
          ],
          [
            0.0362699,
            51.6481475
          ],
          [
            0.036205,
            51.648213
          ],
          [
            0.0361007,
            51.6483265
          ],
          [
            0.0358196,
            51.6485495
          ],
          [
            0.035712,
            51.648627
          ],
          [
            0.03556,
            51.648688
          ],
          [
            0.035342,
            51.648747
          ],
          [
            0.035082,
            51.648786
          ],
          [
            0.034852,
            51.648851
          ],
          [
            0.03465,
            51.64901
          ],
          [
            0.0345396,
            51.649063
          ],
          [
            0.034359,
            51.6491035
          ],
          [
            0.034248,
            51.649106
          ],
          [
            0.034022,
            51.64908
          ],
          [
            0.0338576,
            51.6490441
          ],
          [
            0.033779,
            51.649027
          ],
          [
            0.0337434,
            51.6490147
          ],
          [
            0.0336401,
            51.6489784
          ],
          [
            0.033327,
            51.648871
          ],
          [
            0.0330764,
            51.6486441
          ],
          [
            0.033034,
            51.648546
          ],
          [
            0.0329782,
            51.6483598
          ],
          [
            0.032696,
            51.647766
          ],
          [
            0.032568,
            51.647622
          ],
          [
            0.0323862,
            51.6474818
          ],
          [
            0.032214,
            51.647241
          ],
          [
            0.031972,
            51.646995
          ],
          [
            0.031555,
            51.646424
          ],
          [
            0.031393,
            51.646274
          ],
          [
            0.031068,
            51.64589
          ],
          [
            0.030761,
            51.64548
          ],
          [
            0.030491,
            51.645209
          ],
          [
            0.030206,
            51.644922
          ],
          [
            0.029576,
            51.644178
          ],
          [
            0.029241,
            51.643736
          ],
          [
            0.028341,
            51.642759
          ],
          [
            0.0282762,
            51.6425808
          ],
          [
            0.028249,
            51.642506
          ],
          [
            0.028268,
            51.642315
          ],
          [
            0.028247,
            51.642154
          ]
        ]
      },
      "properties": {
        "id": "way/449761809",
        "osmType": "way",
        "osmId": 449761809,
        "name": "Main path",
        "ref": null,
        "highway": "bridleway",
        "designation": null,
        "foot": "yes",
        "horse": null,
        "bicycle": "yes",
        "surface": "fine_gravel",
        "osmcSymbol": null,
        "trailVisibility": null,
        "pathType": "bridleway"
      }
    },
    {
      "type": "Feature",
      "id": "way/449762707",
      "geometry": {
        "type": "LineString",
        "coordinates": [
          [
            0.0337219,
            51.643528
          ],
          [
            0.033695,
            51.643719
          ],
          [
            0.0337016,
            51.6437671
          ]
        ]
      },
      "properties": {
        "id": "way/449762707",
        "osmType": "way",
        "osmId": 449762707,
        "name": "Fairmead Road",
        "ref": null,
        "highway": "track",
        "designation": null,
        "foot": null,
        "horse": null,
        "bicycle": null,
        "surface": "asphalt",
        "osmcSymbol": null,
        "trailVisibility": null,
        "pathType": "track"
      }
    },
    {
      "type": "Feature",
      "id": "way/449762709",
      "geometry": {
        "type": "LineString",
        "coordinates": [
          [
            0.028286,
            51.648027
          ],
          [
            0.0282239,
            51.6479443
          ],
          [
            0.0281152,
            51.6477901
          ],
          [
            0.0280878,
            51.64773
          ],
          [
            0.028044,
            51.647617
          ],
          [
            0.0279593,
            51.6475258
          ],
          [
            0.0278586,
            51.6474028
          ],
          [
            0.0278048,
            51.6473461
          ],
          [
            0.0277306,
            51.6472587
          ],
          [
            0.0276238,
            51.647153
          ],
          [
            0.0274929,
            51.6469603
          ],
          [
            0.0274901,
            51.6469489
          ],
          [
            0.0273777,
            51.6466208
          ],
          [
            0.0273439,
            51.6464253
          ],
          [
            0.0272974,
            51.6462878
          ],
          [
            0.027274,
            51.6461878
          ],
          [
            0.0272171,
            51.6460444
          ],
          [
            0.0271482,
            51.6459402
          ],
          [
            0.0270762,
            51.6458443
          ],
          [
            0.0269419,
            51.6456881
          ],
          [
            0.0267358,
            51.6454576
          ],
          [
            0.0266022,
            51.6453488
          ],
          [
            0.0265391,
            51.6452889
          ],
          [
            0.0264002,
            51.6451428
          ],
          [
            0.0263075,
            51.6449935
          ]
        ]
      },
      "properties": {
        "id": "way/449762709",
        "osmType": "way",
        "osmId": 449762709,
        "name": "Green Ride",
        "ref": null,
        "highway": "bridleway",
        "designation": null,
        "foot": "permissive",
        "horse": null,
        "bicycle": "yes",
        "surface": "fine_gravel",
        "osmcSymbol": null,
        "trailVisibility": null,
        "pathType": "bridleway"
      }
    },
    {
      "type": "Feature",
      "id": "way/449763580",
      "geometry": {
        "type": "LineString",
        "coordinates": [
          [
            0.0839697,
            51.6782434
          ],
          [
            0.08325,
            51.678178
          ],
          [
            0.0831224,
            51.6781561
          ],
          [
            0.0829281,
            51.6781463
          ],
          [
            0.082447,
            51.678189
          ],
          [
            0.082051,
            51.678162
          ],
          [
            0.081092,
            51.678164
          ],
          [
            0.080789,
            51.67812
          ],
          [
            0.080646,
            51.678074
          ],
          [
            0.080517,
            51.678009
          ],
          [
            0.080384,
            51.677901
          ],
          [
            0.0801925,
            51.6776898
          ],
          [
            0.0801749,
            51.6776693
          ],
          [
            0.079941,
            51.67741
          ],
          [
            0.0798785,
            51.6773657
          ],
          [
            0.079814,
            51.67732
          ],
          [
            0.079107,
            51.676912
          ]
        ]
      },
      "properties": {
        "id": "way/449763580",
        "osmType": "way",
        "osmId": 449763580,
        "name": "Main path",
        "ref": null,
        "highway": "footway",
        "designation": null,
        "foot": null,
        "horse": null,
        "bicycle": "yes",
        "surface": null,
        "osmcSymbol": null,
        "trailVisibility": null,
        "pathType": "footway"
      }
    },
    {
      "type": "Feature",
      "id": "way/449763581",
      "geometry": {
        "type": "LineString",
        "coordinates": [
          [
            0.088463,
            51.679353
          ],
          [
            0.088376,
            51.6793505
          ],
          [
            0.088149,
            51.679343
          ],
          [
            0.088,
            51.67932
          ],
          [
            0.087405,
            51.679162
          ],
          [
            0.08702,
            51.678958
          ],
          [
            0.086553,
            51.678773
          ],
          [
            0.085901,
            51.678602
          ],
          [
            0.085644,
            51.678483
          ],
          [
            0.085473,
            51.678427
          ],
          [
            0.084872,
            51.678315
          ],
          [
            0.084214,
            51.678243
          ],
          [
            0.0839697,
            51.6782434
          ]
        ]
      },
      "properties": {
        "id": "way/449763581",
        "osmType": "way",
        "osmId": 449763581,
        "name": "Main path",
        "ref": null,
        "highway": "footway",
        "designation": null,
        "foot": null,
        "horse": null,
        "bicycle": "yes",
        "surface": null,
        "osmcSymbol": null,
        "trailVisibility": null,
        "pathType": "footway"
      }
    },
    {
      "type": "Feature",
      "id": "way/457767671",
      "geometry": {
        "type": "LineString",
        "coordinates": [
          [
            0.0563511,
            51.6505627
          ],
          [
            0.0560627,
            51.6508531
          ],
          [
            0.0560353,
            51.6508399
          ]
        ]
      },
      "properties": {
        "id": "way/457767671",
        "osmType": "way",
        "osmId": 457767671,
        "name": "Hardings Path",
        "ref": null,
        "highway": "footway",
        "designation": "public_footpath",
        "foot": "designated",
        "horse": null,
        "bicycle": "no",
        "surface": "asphalt",
        "osmcSymbol": null,
        "trailVisibility": null,
        "pathType": "footway"
      }
    },
    {
      "type": "Feature",
      "id": "way/462067079",
      "geometry": {
        "type": "LineString",
        "coordinates": [
          [
            -0.0131348,
            51.6038945
          ],
          [
            -0.0130047,
            51.6038119
          ],
          [
            -0.0129157,
            51.6037
          ],
          [
            -0.0128845,
            51.6036087
          ],
          [
            -0.0128859,
            51.6035013
          ],
          [
            -0.012937,
            51.6033448
          ]
        ]
      },
      "properties": {
        "id": "way/462067079",
        "osmType": "way",
        "osmId": 462067079,
        "name": "Parade Gardens",
        "ref": null,
        "highway": "pedestrian",
        "designation": null,
        "foot": "permissive",
        "horse": null,
        "bicycle": null,
        "surface": "asphalt",
        "osmcSymbol": null,
        "trailVisibility": null,
        "pathType": "permissive"
      }
    },
    {
      "type": "Feature",
      "id": "way/462067080",
      "geometry": {
        "type": "LineString",
        "coordinates": [
          [
            -0.012937,
            51.6033448
          ],
          [
            -0.0131409,
            51.6032774
          ],
          [
            -0.0142573,
            51.6031817
          ],
          [
            -0.0149763,
            51.6031237
          ]
        ]
      },
      "properties": {
        "id": "way/462067080",
        "osmType": "way",
        "osmId": 462067080,
        "name": "Parade Gardens",
        "ref": null,
        "highway": "residential",
        "designation": null,
        "foot": "permissive",
        "horse": null,
        "bicycle": null,
        "surface": null,
        "osmcSymbol": null,
        "trailVisibility": null,
        "pathType": "permissive"
      }
    },
    {
      "type": "Feature",
      "id": "way/462067081",
      "geometry": {
        "type": "LineString",
        "coordinates": [
          [
            -0.015386,
            51.6036922
          ],
          [
            -0.0152403,
            51.6037294
          ],
          [
            -0.0131348,
            51.6038945
          ]
        ]
      },
      "properties": {
        "id": "way/462067081",
        "osmType": "way",
        "osmId": 462067081,
        "name": "Parade Gardens",
        "ref": null,
        "highway": "residential",
        "designation": null,
        "foot": "permissive",
        "horse": null,
        "bicycle": null,
        "surface": "paving_stones",
        "osmcSymbol": null,
        "trailVisibility": null,
        "pathType": "permissive"
      }
    },
    {
      "type": "Feature",
      "id": "way/462067086",
      "geometry": {
        "type": "LineString",
        "coordinates": [
          [
            -0.0149763,
            51.6031237
          ],
          [
            -0.0151297,
            51.6031332
          ],
          [
            -0.0152413,
            51.6031487
          ],
          [
            -0.015355,
            51.6031907
          ],
          [
            -0.0154395,
            51.6032565
          ],
          [
            -0.0154931,
            51.6033298
          ],
          [
            -0.0155146,
            51.6034706
          ],
          [
            -0.0154663,
            51.6035872
          ],
          [
            -0.015386,
            51.6036922
          ]
        ]
      },
      "properties": {
        "id": "way/462067086",
        "osmType": "way",
        "osmId": 462067086,
        "name": "Parade Gardens",
        "ref": null,
        "highway": "residential",
        "designation": null,
        "foot": "permissive",
        "horse": null,
        "bicycle": null,
        "surface": null,
        "osmcSymbol": null,
        "trailVisibility": null,
        "pathType": "permissive"
      }
    },
    {
      "type": "Feature",
      "id": "way/509468218",
      "geometry": {
        "type": "LineString",
        "coordinates": [
          [
            0.0400127,
            51.5932222
          ],
          [
            0.0402077,
            51.5934654
          ],
          [
            0.0406972,
            51.5940034
          ],
          [
            0.041273,
            51.5946675
          ],
          [
            0.0417308,
            51.5949879
          ],
          [
            0.0417865,
            51.5950242
          ],
          [
            0.0425343,
            51.5955118
          ],
          [
            0.0433875,
            51.5959608
          ],
          [
            0.0437394,
            51.5960856
          ],
          [
            0.044023,
            51.5962331
          ],
          [
            0.0440776,
            51.5962615
          ],
          [
            0.0441345,
            51.596452
          ],
          [
            0.0442856,
            51.5966914
          ],
          [
            0.044578,
            51.5968948
          ],
          [
            0.0447489,
            51.5971576
          ],
          [
            0.0454442,
            51.5974164
          ],
          [
            0.0459269,
            51.5976557
          ],
          [
            0.0464151,
            51.5979427
          ],
          [
            0.0466813,
            51.5981183
          ],
          [
            0.0469151,
            51.5983005
          ],
          [
            0.0472954,
            51.5986288
          ],
          [
            0.0473509,
            51.5987259
          ],
          [
            0.0473343,
            51.5988125
          ],
          [
            0.0471961,
            51.5990408
          ],
          [
            0.0474098,
            51.5994777
          ],
          [
            0.0474617,
            51.5995951
          ],
          [
            0.0474864,
            51.5996456
          ]
        ]
      },
      "properties": {
        "id": "way/509468218",
        "osmType": "way",
        "osmId": 509468218,
        "name": "Roding Valley Way",
        "ref": null,
        "highway": "cycleway",
        "designation": null,
        "foot": "yes",
        "horse": null,
        "bicycle": "yes",
        "surface": "gravel",
        "osmcSymbol": null,
        "trailVisibility": null,
        "pathType": "cycleway"
      }
    },
    {
      "type": "Feature",
      "id": "way/523058453",
      "geometry": {
        "type": "LineString",
        "coordinates": [
          [
            0.0579827,
            51.6549122
          ],
          [
            0.0574665,
            51.6549943
          ],
          [
            0.0574032,
            51.6549885
          ],
          [
            0.0573471,
            51.654974
          ],
          [
            0.057221,
            51.6549139
          ],
          [
            0.0570732,
            51.654834
          ]
        ]
      },
      "properties": {
        "id": "way/523058453",
        "osmType": "way",
        "osmId": 523058453,
        "name": "King's Hill",
        "ref": null,
        "highway": "bridleway",
        "designation": "public_bridleway",
        "foot": "designated",
        "horse": "designated",
        "bicycle": "designated",
        "surface": null,
        "osmcSymbol": null,
        "trailVisibility": null,
        "pathType": "bridleway"
      }
    },
    {
      "type": "Feature",
      "id": "way/551736685",
      "geometry": {
        "type": "LineString",
        "coordinates": [
          [
            0.0430709,
            51.6988167
          ],
          [
            0.0430545,
            51.6990249
          ],
          [
            0.043166,
            51.6991131
          ],
          [
            0.0433709,
            51.6993136
          ],
          [
            0.0434322,
            51.6995191
          ],
          [
            0.0433634,
            51.6997323
          ],
          [
            0.0432125,
            51.6998886
          ],
          [
            0.0430346,
            51.700024
          ],
          [
            0.0428569,
            51.700156
          ],
          [
            0.04247,
            51.7003668
          ]
        ]
      },
      "properties": {
        "id": "way/551736685",
        "osmType": "way",
        "osmId": 551736685,
        "name": "Cobbins Brook Flood Alleviation Scheme walkway",
        "ref": null,
        "highway": "footway",
        "designation": null,
        "foot": null,
        "horse": "no",
        "bicycle": "no",
        "surface": "concrete:plates",
        "osmcSymbol": null,
        "trailVisibility": null,
        "pathType": "footway"
      }
    },
    {
      "type": "Feature",
      "id": "way/556736849",
      "geometry": {
        "type": "LineString",
        "coordinates": [
          [
            -0.0009987,
            51.6009259
          ],
          [
            -0.0010915,
            51.6009531
          ],
          [
            -0.0011249,
            51.6009543
          ],
          [
            -0.0011813,
            51.6009437
          ],
          [
            -0.0012159,
            51.6009326
          ],
          [
            -0.0012554,
            51.6009271
          ],
          [
            -0.0012846,
            51.6009162
          ],
          [
            -0.0013414,
            51.6009147
          ]
        ]
      },
      "properties": {
        "id": "way/556736849",
        "osmType": "way",
        "osmId": 556736849,
        "name": "Beech Hall Road",
        "ref": null,
        "highway": "cycleway",
        "designation": null,
        "foot": "yes",
        "horse": null,
        "bicycle": null,
        "surface": "asphalt",
        "osmcSymbol": null,
        "trailVisibility": null,
        "pathType": "cycleway"
      }
    },
    {
      "type": "Feature",
      "id": "way/566470860",
      "geometry": {
        "type": "LineString",
        "coordinates": [
          [
            -0.0024007,
            51.6044444
          ],
          [
            -0.0017876,
            51.6043161
          ]
        ]
      },
      "properties": {
        "id": "way/566470860",
        "osmType": "way",
        "osmId": 566470860,
        "name": "River Walk",
        "ref": null,
        "highway": "cycleway",
        "designation": null,
        "foot": "yes",
        "horse": null,
        "bicycle": null,
        "surface": "asphalt",
        "osmcSymbol": null,
        "trailVisibility": null,
        "pathType": "cycleway"
      }
    },
    {
      "type": "Feature",
      "id": "way/566470861",
      "geometry": {
        "type": "LineString",
        "coordinates": [
          [
            -0.00247,
            51.6045914
          ],
          [
            -0.0025231,
            51.6046185
          ],
          [
            -0.0025384,
            51.6046534
          ]
        ]
      },
      "properties": {
        "id": "way/566470861",
        "osmType": "way",
        "osmId": 566470861,
        "name": "Haldan Road",
        "ref": null,
        "highway": "cycleway",
        "designation": null,
        "foot": "yes",
        "horse": null,
        "bicycle": null,
        "surface": "asphalt",
        "osmcSymbol": null,
        "trailVisibility": null,
        "pathType": "cycleway"
      }
    },
    {
      "type": "Feature",
      "id": "way/566470862",
      "geometry": {
        "type": "LineString",
        "coordinates": [
          [
            -0.0023664,
            51.6045667
          ],
          [
            -0.0023512,
            51.6045648
          ],
          [
            -0.0023711,
            51.6045165
          ],
          [
            -0.0024007,
            51.6044444
          ]
        ]
      },
      "properties": {
        "id": "way/566470862",
        "osmType": "way",
        "osmId": 566470862,
        "name": "Winchester Road",
        "ref": null,
        "highway": "cycleway",
        "designation": null,
        "foot": "yes",
        "horse": null,
        "bicycle": null,
        "surface": "asphalt",
        "osmcSymbol": null,
        "trailVisibility": null,
        "pathType": "cycleway"
      }
    },
    {
      "type": "Feature",
      "id": "way/566470866",
      "geometry": {
        "type": "LineString",
        "coordinates": [
          [
            -0.00247,
            51.6045914
          ],
          [
            -0.0024743,
            51.6045804
          ],
          [
            -0.0024651,
            51.6045793
          ]
        ]
      },
      "properties": {
        "id": "way/566470866",
        "osmType": "way",
        "osmId": 566470866,
        "name": "Winchester Road",
        "ref": null,
        "highway": "cycleway",
        "designation": null,
        "foot": "yes",
        "horse": null,
        "bicycle": null,
        "surface": "asphalt",
        "osmcSymbol": null,
        "trailVisibility": null,
        "pathType": "cycleway"
      }
    },
    {
      "type": "Feature",
      "id": "way/566476268",
      "geometry": {
        "type": "LineString",
        "coordinates": [
          [
            -0.008579,
            51.6060318
          ],
          [
            -0.0086376,
            51.6060529
          ],
          [
            -0.008739,
            51.6060894
          ]
        ]
      },
      "properties": {
        "id": "way/566476268",
        "osmType": "way",
        "osmId": 566476268,
        "name": "Nelson Road",
        "ref": null,
        "highway": "cycleway",
        "designation": null,
        "foot": "yes",
        "horse": null,
        "bicycle": null,
        "surface": "asphalt",
        "osmcSymbol": null,
        "trailVisibility": null,
        "pathType": "cycleway"
      }
    },
    {
      "type": "Feature",
      "id": "way/566480375",
      "geometry": {
        "type": "LineString",
        "coordinates": [
          [
            -0.0077061,
            51.6169726
          ],
          [
            -0.0077444,
            51.617003
          ],
          [
            -0.007743,
            51.6172282
          ],
          [
            -0.0077503,
            51.6172851
          ],
          [
            -0.0077971,
            51.6175485
          ],
          [
            -0.0078232,
            51.6176913
          ],
          [
            -0.0078261,
            51.6177077
          ]
        ]
      },
      "properties": {
        "id": "way/566480375",
        "osmType": "way",
        "osmId": 566480375,
        "name": "Normanshire Avenue",
        "ref": null,
        "highway": "cycleway",
        "designation": null,
        "foot": "yes",
        "horse": null,
        "bicycle": null,
        "surface": "asphalt",
        "osmcSymbol": null,
        "trailVisibility": null,
        "pathType": "cycleway"
      }
    },
    {
      "type": "Feature",
      "id": "way/580657738",
      "geometry": {
        "type": "LineString",
        "coordinates": [
          [
            -0.0221236,
            51.6570805
          ],
          [
            -0.0221335,
            51.6570355
          ],
          [
            -0.0219753,
            51.6569939
          ],
          [
            -0.0214764,
            51.6569423
          ],
          [
            -0.0213825,
            51.6569257
          ],
          [
            -0.0213235,
            51.656909
          ],
          [
            -0.021294,
            51.6568841
          ],
          [
            -0.021274,
            51.6568343
          ]
        ]
      },
      "properties": {
        "id": "way/580657738",
        "osmType": "way",
        "osmId": 580657738,
        "name": "Millmarsh Lane",
        "ref": null,
        "highway": "cycleway",
        "designation": null,
        "foot": null,
        "horse": null,
        "bicycle": null,
        "surface": "asphalt",
        "osmcSymbol": null,
        "trailVisibility": null,
        "pathType": "cycleway"
      }
    },
    {
      "type": "Feature",
      "id": "way/583434876",
      "geometry": {
        "type": "LineString",
        "coordinates": [
          [
            0.0440126,
            51.69322
          ],
          [
            0.0439271,
            51.6932179
          ],
          [
            0.0437785,
            51.6931932
          ],
          [
            0.0436771,
            51.6931617
          ],
          [
            0.0435642,
            51.6931266
          ],
          [
            0.0433999,
            51.6930469
          ],
          [
            0.0427315,
            51.6925968
          ],
          [
            0.0427232,
            51.6925919
          ],
          [
            0.0426828,
            51.6925552
          ],
          [
            0.0420904,
            51.6920166
          ],
          [
            0.041766,
            51.6915938
          ],
          [
            0.0410424,
            51.6911085
          ],
          [
            0.0405655,
            51.6908015
          ],
          [
            0.0398134,
            51.6903492
          ],
          [
            0.0392875,
            51.6900058
          ]
        ]
      },
      "properties": {
        "id": "way/583434876",
        "osmType": "way",
        "osmId": 583434876,
        "name": "Warlies",
        "ref": null,
        "highway": "service",
        "designation": "public_bridleway",
        "foot": "yes",
        "horse": "yes",
        "bicycle": "yes",
        "surface": "asphalt",
        "osmcSymbol": null,
        "trailVisibility": null,
        "pathType": "bridleway"
      }
    },
    {
      "type": "Feature",
      "id": "way/583437911",
      "geometry": {
        "type": "LineString",
        "coordinates": [
          [
            0.04247,
            51.7003668
          ],
          [
            0.0421478,
            51.70073
          ],
          [
            0.0419114,
            51.700938
          ],
          [
            0.0414994,
            51.7011464
          ],
          [
            0.0412555,
            51.7011964
          ],
          [
            0.0410131,
            51.7012494
          ],
          [
            0.0405602,
            51.7013378
          ],
          [
            0.0399013,
            51.7014866
          ],
          [
            0.0390613,
            51.7016479
          ]
        ]
      },
      "properties": {
        "id": "way/583437911",
        "osmType": "way",
        "osmId": 583437911,
        "name": "Cobbins Brook Flood Alleviation Scheme pathway",
        "ref": null,
        "highway": "footway",
        "designation": null,
        "foot": "permissive",
        "horse": null,
        "bicycle": null,
        "surface": "concrete:plates",
        "osmcSymbol": null,
        "trailVisibility": null,
        "pathType": "permissive"
      }
    },
    {
      "type": "Feature",
      "id": "way/609803977",
      "geometry": {
        "type": "LineString",
        "coordinates": [
          [
            0.02878,
            51.648237
          ],
          [
            0.028691,
            51.648227
          ],
          [
            0.028583,
            51.648194
          ],
          [
            0.028286,
            51.648027
          ]
        ]
      },
      "properties": {
        "id": "way/609803977",
        "osmType": "way",
        "osmId": 609803977,
        "name": "Green Ride",
        "ref": null,
        "highway": "bridleway",
        "designation": null,
        "foot": "yes",
        "horse": null,
        "bicycle": null,
        "surface": "fine_gravel",
        "osmcSymbol": null,
        "trailVisibility": null,
        "pathType": "bridleway"
      }
    },
    {
      "type": "Feature",
      "id": "way/609822846",
      "geometry": {
        "type": "LineString",
        "coordinates": [
          [
            0.042898,
            51.659838
          ],
          [
            0.0430708,
            51.6599922
          ],
          [
            0.0431459,
            51.6601153
          ],
          [
            0.0432532,
            51.6602201
          ],
          [
            0.0432854,
            51.6602684
          ],
          [
            0.0433391,
            51.6603815
          ],
          [
            0.0433686,
            51.6604015
          ],
          [
            0.0434732,
            51.6604131
          ],
          [
            0.0435054,
            51.6604747
          ],
          [
            0.0435215,
            51.6605512
          ],
          [
            0.0435644,
            51.6606128
          ],
          [
            0.0435805,
            51.6606627
          ],
          [
            0.0436126,
            51.6607076
          ],
          [
            0.0436851,
            51.6607708
          ],
          [
            0.0437789,
            51.660899
          ],
          [
            0.0439265,
            51.6610604
          ],
          [
            0.044053,
            51.661104
          ]
        ]
      },
      "properties": {
        "id": "way/609822846",
        "osmType": "way",
        "osmId": 609822846,
        "name": "Off Camber to Cannonball",
        "ref": null,
        "highway": "path",
        "designation": null,
        "foot": "yes",
        "horse": null,
        "bicycle": "yes",
        "surface": "earth",
        "osmcSymbol": null,
        "trailVisibility": null,
        "pathType": "trail"
      }
    },
    {
      "type": "Feature",
      "id": "way/610926868",
      "geometry": {
        "type": "LineString",
        "coordinates": [
          [
            -0.0169467,
            51.6005269
          ],
          [
            -0.0171441,
            51.600589
          ],
          [
            -0.0172574,
            51.600615
          ],
          [
            -0.017344,
            51.60063
          ],
          [
            -0.017394,
            51.600632
          ],
          [
            -0.0174757,
            51.600631
          ]
        ]
      },
      "properties": {
        "id": "way/610926868",
        "osmType": "way",
        "osmId": 610926868,
        "name": "Billet Road",
        "ref": null,
        "highway": "cycleway",
        "designation": null,
        "foot": "yes",
        "horse": null,
        "bicycle": null,
        "surface": "asphalt",
        "osmcSymbol": null,
        "trailVisibility": null,
        "pathType": "cycleway"
      }
    },
    {
      "type": "Feature",
      "id": "way/611913623",
      "geometry": {
        "type": "LineString",
        "coordinates": [
          [
            0.0337016,
            51.6437671
          ],
          [
            0.0337334,
            51.6439984
          ],
          [
            0.033757,
            51.64417
          ],
          [
            0.033761,
            51.644358
          ],
          [
            0.033972,
            51.646017
          ],
          [
            0.03407,
            51.646553
          ],
          [
            0.034359,
            51.6491035
          ],
          [
            0.034421,
            51.649651
          ],
          [
            0.034531,
            51.650306
          ],
          [
            0.0345484,
            51.6503775
          ],
          [
            0.0345726,
            51.650477
          ],
          [
            0.034778,
            51.651323
          ],
          [
            0.034914,
            51.651732
          ],
          [
            0.0350515,
            51.6520074
          ],
          [
            0.035128,
            51.6521606
          ],
          [
            0.035334,
            51.652573
          ],
          [
            0.035619,
            51.65306
          ],
          [
            0.035798,
            51.653491
          ],
          [
            0.035944,
            51.653944
          ],
          [
            0.0360228,
            51.6541473
          ],
          [
            0.036316,
            51.654904
          ],
          [
            0.0364088,
            51.6551915
          ],
          [
            0.03659,
            51.655753
          ],
          [
            0.0366157,
            51.6558613
          ],
          [
            0.036692,
            51.656183
          ],
          [
            0.0367945,
            51.6565225
          ]
        ]
      },
      "properties": {
        "id": "way/611913623",
        "osmType": "way",
        "osmId": 611913623,
        "name": "Fairmead Road",
        "ref": null,
        "highway": "track",
        "designation": null,
        "foot": null,
        "horse": null,
        "bicycle": null,
        "surface": "paved",
        "osmcSymbol": null,
        "trailVisibility": null,
        "pathType": "track"
      }
    },
    {
      "type": "Feature",
      "id": "way/611913624",
      "geometry": {
        "type": "LineString",
        "coordinates": [
          [
            0.031756,
            51.642366
          ],
          [
            0.0319139,
            51.6423501
          ],
          [
            0.032004,
            51.6423249
          ],
          [
            0.0321621,
            51.6423089
          ]
        ]
      },
      "properties": {
        "id": "way/611913624",
        "osmType": "way",
        "osmId": 611913624,
        "name": "Main path",
        "ref": null,
        "highway": "footway",
        "designation": null,
        "foot": null,
        "horse": null,
        "bicycle": null,
        "surface": "fine_gravel",
        "osmcSymbol": null,
        "trailVisibility": null,
        "pathType": "permissive"
      }
    },
    {
      "type": "Feature",
      "id": "way/627976036",
      "geometry": {
        "type": "LineString",
        "coordinates": [
          [
            0.0485475,
            51.6288841
          ],
          [
            0.0495323,
            51.6289519
          ],
          [
            0.0495284,
            51.6289763
          ],
          [
            0.0495936,
            51.6289808
          ]
        ]
      },
      "properties": {
        "id": "way/627976036",
        "osmType": "way",
        "osmId": 627976036,
        "name": "Dene Road",
        "ref": null,
        "highway": "footway",
        "designation": "public_footpath",
        "foot": "designated",
        "horse": null,
        "bicycle": null,
        "surface": "asphalt",
        "osmcSymbol": null,
        "trailVisibility": null,
        "pathType": "footway"
      }
    },
    {
      "type": "Feature",
      "id": "way/650812536",
      "geometry": {
        "type": "LineString",
        "coordinates": [
          [
            0.0821284,
            51.6451776
          ],
          [
            0.0821724,
            51.6451059
          ],
          [
            0.082121,
            51.6450901
          ],
          [
            0.0821409,
            51.6450582
          ]
        ]
      },
      "properties": {
        "id": "way/650812536",
        "osmType": "way",
        "osmId": 650812536,
        "name": "Chigwell Lane",
        "ref": null,
        "highway": "footway",
        "designation": null,
        "foot": null,
        "horse": null,
        "bicycle": "dismount",
        "surface": "asphalt",
        "osmcSymbol": null,
        "trailVisibility": null,
        "pathType": "footway"
      }
    },
    {
      "type": "Feature",
      "id": "way/650812537",
      "geometry": {
        "type": "LineString",
        "coordinates": [
          [
            0.0821409,
            51.6450582
          ],
          [
            0.0825087,
            51.6444406
          ],
          [
            0.082526,
            51.6443972
          ],
          [
            0.0825325,
            51.6443679
          ],
          [
            0.0825221,
            51.6443427
          ],
          [
            0.082515,
            51.6443062
          ],
          [
            0.08264,
            51.6439871
          ],
          [
            0.0826596,
            51.6439301
          ],
          [
            0.0826428,
            51.6437888
          ],
          [
            0.0826633,
            51.6435423
          ],
          [
            0.0827158,
            51.6433978
          ],
          [
            0.0828507,
            51.6434216
          ]
        ]
      },
      "properties": {
        "id": "way/650812537",
        "osmType": "way",
        "osmId": 650812537,
        "name": "Chigwell Lane",
        "ref": null,
        "highway": "cycleway",
        "designation": null,
        "foot": "yes",
        "horse": null,
        "bicycle": null,
        "surface": "asphalt",
        "osmcSymbol": null,
        "trailVisibility": null,
        "pathType": "cycleway"
      }
    },
    {
      "type": "Feature",
      "id": "way/657702499",
      "geometry": {
        "type": "LineString",
        "coordinates": [
          [
            -0.016347,
            51.6038295
          ],
          [
            -0.0163223,
            51.603829
          ],
          [
            -0.015927,
            51.6038041
          ],
          [
            -0.0157593,
            51.6037827
          ],
          [
            -0.015386,
            51.6036922
          ]
        ]
      },
      "properties": {
        "id": "way/657702499",
        "osmType": "way",
        "osmId": 657702499,
        "name": "Parade Gardens",
        "ref": null,
        "highway": "residential",
        "designation": null,
        "foot": "permissive",
        "horse": null,
        "bicycle": null,
        "surface": "paving_stones",
        "osmcSymbol": null,
        "trailVisibility": null,
        "pathType": "permissive"
      }
    },
    {
      "type": "Feature",
      "id": "way/657731868",
      "geometry": {
        "type": "LineString",
        "coordinates": [
          [
            -0.0078261,
            51.6177077
          ],
          [
            -0.0077952,
            51.6177255
          ]
        ]
      },
      "properties": {
        "id": "way/657731868",
        "osmType": "way",
        "osmId": 657731868,
        "name": "Normanshire Avenue",
        "ref": null,
        "highway": "cycleway",
        "designation": null,
        "foot": "yes",
        "horse": null,
        "bicycle": null,
        "surface": "asphalt",
        "osmcSymbol": null,
        "trailVisibility": null,
        "pathType": "cycleway"
      }
    },
    {
      "type": "Feature",
      "id": "way/658351541",
      "geometry": {
        "type": "LineString",
        "coordinates": [
          [
            -0.035039,
            51.6769089
          ],
          [
            -0.0350298,
            51.6768882
          ],
          [
            -0.0350248,
            51.6768859
          ],
          [
            -0.0349901,
            51.6768702
          ],
          [
            -0.0349956,
            51.6768538
          ]
        ]
      },
      "properties": {
        "id": "way/658351541",
        "osmType": "way",
        "osmId": 658351541,
        "name": "Mandeville Road",
        "ref": null,
        "highway": "cycleway",
        "designation": null,
        "foot": "designated",
        "horse": null,
        "bicycle": "designated",
        "surface": "paving_stones",
        "osmcSymbol": null,
        "trailVisibility": null,
        "pathType": "cycleway"
      }
    },
    {
      "type": "Feature",
      "id": "way/658353732",
      "geometry": {
        "type": "LineString",
        "coordinates": [
          [
            -0.0341721,
            51.6794844
          ],
          [
            -0.0340275,
            51.6795263
          ]
        ]
      },
      "properties": {
        "id": "way/658353732",
        "osmType": "way",
        "osmId": 658353732,
        "name": "Hertford Road",
        "ref": null,
        "highway": "footway",
        "designation": null,
        "foot": null,
        "horse": null,
        "bicycle": null,
        "surface": "asphalt",
        "osmcSymbol": null,
        "trailVisibility": null,
        "pathType": "footway"
      }
    },
    {
      "type": "Feature",
      "id": "way/662331415",
      "geometry": {
        "type": "LineString",
        "coordinates": [
          [
            -0.0257717,
            51.5995231
          ],
          [
            -0.0265939,
            51.5995128
          ],
          [
            -0.026775,
            51.5995074
          ],
          [
            -0.0271169,
            51.599529
          ],
          [
            -0.0279212,
            51.5995635
          ],
          [
            -0.027972,
            51.5995635
          ],
          [
            -0.0285697,
            51.5995686
          ],
          [
            -0.0296046,
            51.5995693
          ],
          [
            -0.0298435,
            51.5995596
          ]
        ]
      },
      "properties": {
        "id": "way/662331415",
        "osmType": "way",
        "osmId": 662331415,
        "name": "Billet Road",
        "ref": null,
        "highway": "cycleway",
        "designation": null,
        "foot": "yes",
        "horse": null,
        "bicycle": null,
        "surface": "asphalt",
        "osmcSymbol": null,
        "trailVisibility": null,
        "pathType": "cycleway"
      }
    },
    {
      "type": "Feature",
      "id": "way/662336960",
      "geometry": {
        "type": "LineString",
        "coordinates": [
          [
            -0.0175391,
            51.6007545
          ],
          [
            -0.0175107,
            51.6007847
          ],
          [
            -0.0174978,
            51.6008431
          ],
          [
            -0.0175209,
            51.6009005
          ],
          [
            -0.0175873,
            51.600977
          ],
          [
            -0.0175923,
            51.6010006
          ],
          [
            -0.017581,
            51.6010194
          ],
          [
            -0.0175643,
            51.6010321
          ],
          [
            -0.0175465,
            51.6010439
          ],
          [
            -0.0174632,
            51.601078
          ]
        ]
      },
      "properties": {
        "id": "way/662336960",
        "osmType": "way",
        "osmId": 662336960,
        "name": "Billet Road",
        "ref": null,
        "highway": "cycleway",
        "designation": null,
        "foot": "designated",
        "horse": null,
        "bicycle": "designated",
        "surface": "asphalt",
        "osmcSymbol": null,
        "trailVisibility": null,
        "pathType": "cycleway"
      }
    },
    {
      "type": "Feature",
      "id": "way/662457990",
      "geometry": {
        "type": "LineString",
        "coordinates": [
          [
            -0.0350881,
            51.5992914
          ],
          [
            -0.0349759,
            51.5993137
          ],
          [
            -0.034914,
            51.5993201
          ],
          [
            -0.0348632,
            51.5993252
          ],
          [
            -0.0345331,
            51.5993417
          ],
          [
            -0.0343093,
            51.5993544
          ],
          [
            -0.0334458,
            51.5993889
          ]
        ]
      },
      "properties": {
        "id": "way/662457990",
        "osmType": "way",
        "osmId": 662457990,
        "name": "Billet Road",
        "ref": null,
        "highway": "cycleway",
        "designation": null,
        "foot": "yes",
        "horse": null,
        "bicycle": null,
        "surface": "asphalt",
        "osmcSymbol": null,
        "trailVisibility": null,
        "pathType": "cycleway"
      }
    },
    {
      "type": "Feature",
      "id": "way/662457994",
      "geometry": {
        "type": "LineString",
        "coordinates": [
          [
            -0.0332289,
            51.5992578
          ],
          [
            -0.0332879,
            51.599254
          ],
          [
            -0.0333231,
            51.5992571
          ],
          [
            -0.0333773,
            51.5992586
          ],
          [
            -0.0334399,
            51.5992503
          ],
          [
            -0.0346789,
            51.5992051
          ],
          [
            -0.0348338,
            51.5991951
          ],
          [
            -0.0349265,
            51.5991829
          ],
          [
            -0.0349481,
            51.5991787
          ],
          [
            -0.0349962,
            51.5991649
          ]
        ]
      },
      "properties": {
        "id": "way/662457994",
        "osmType": "way",
        "osmId": 662457994,
        "name": "Billet Road",
        "ref": null,
        "highway": "cycleway",
        "designation": null,
        "foot": "yes",
        "horse": null,
        "bicycle": null,
        "surface": "asphalt",
        "osmcSymbol": null,
        "trailVisibility": null,
        "pathType": "cycleway"
      }
    },
    {
      "type": "Feature",
      "id": "way/663862256",
      "geometry": {
        "type": "LineString",
        "coordinates": [
          [
            -0.0016474,
            51.6042912
          ],
          [
            -0.0013632,
            51.6042379
          ],
          [
            -0.0010761,
            51.6041954
          ],
          [
            -0.0010319,
            51.6041897
          ]
        ]
      },
      "properties": {
        "id": "way/663862256",
        "osmType": "way",
        "osmId": 663862256,
        "name": "River Walk",
        "ref": null,
        "highway": "cycleway",
        "designation": null,
        "foot": "yes",
        "horse": null,
        "bicycle": null,
        "surface": "asphalt",
        "osmcSymbol": null,
        "trailVisibility": null,
        "pathType": "cycleway"
      }
    },
    {
      "type": "Feature",
      "id": "way/663862257",
      "geometry": {
        "type": "LineString",
        "coordinates": [
          [
            -0.0017876,
            51.6043161
          ],
          [
            -0.0016474,
            51.6042912
          ]
        ]
      },
      "properties": {
        "id": "way/663862257",
        "osmType": "way",
        "osmId": 663862257,
        "name": "River Walk",
        "ref": null,
        "highway": "cycleway",
        "designation": null,
        "foot": "yes",
        "horse": null,
        "bicycle": null,
        "surface": "paved",
        "osmcSymbol": null,
        "trailVisibility": null,
        "pathType": "cycleway"
      }
    },
    {
      "type": "Feature",
      "id": "way/664911220",
      "geometry": {
        "type": "LineString",
        "coordinates": [
          [
            0.001297,
            51.6314979
          ],
          [
            0.0010545,
            51.6315775
          ],
          [
            0.0009466,
            51.6316232
          ],
          [
            0.0008942,
            51.6316621
          ],
          [
            0.0008884,
            51.6316737
          ]
        ]
      },
      "properties": {
        "id": "way/664911220",
        "osmType": "way",
        "osmId": 664911220,
        "name": "The Green Walk",
        "ref": null,
        "highway": "footway",
        "designation": null,
        "foot": null,
        "horse": null,
        "bicycle": null,
        "surface": "concrete",
        "osmcSymbol": null,
        "trailVisibility": null,
        "pathType": "footway"
      }
    },
    {
      "type": "Feature",
      "id": "way/666773064",
      "geometry": {
        "type": "LineString",
        "coordinates": [
          [
            0.0059772,
            51.6067481
          ],
          [
            0.0060654,
            51.6065124
          ]
        ]
      },
      "properties": {
        "id": "way/666773064",
        "osmType": "way",
        "osmId": 666773064,
        "name": "Brookfield Path",
        "ref": null,
        "highway": "path",
        "designation": null,
        "foot": "yes",
        "horse": null,
        "bicycle": "yes",
        "surface": "asphalt",
        "osmcSymbol": null,
        "trailVisibility": null,
        "pathType": "trail"
      }
    },
    {
      "type": "Feature",
      "id": "way/673893909",
      "geometry": {
        "type": "LineString",
        "coordinates": [
          [
            0.0282533,
            51.5958512
          ],
          [
            0.0280093,
            51.5958949
          ],
          [
            0.0272017,
            51.5960171
          ],
          [
            0.0268193,
            51.5960677
          ],
          [
            0.0264657,
            51.5961133
          ],
          [
            0.0259309,
            51.5961662
          ],
          [
            0.0254335,
            51.5961802
          ],
          [
            0.0249718,
            51.5961684
          ],
          [
            0.0245227,
            51.5961455
          ],
          [
            0.0240541,
            51.5961002
          ],
          [
            0.0236166,
            51.5960446
          ],
          [
            0.0230084,
            51.5959412
          ],
          [
            0.0220753,
            51.5957609
          ],
          [
            0.0220462,
            51.5957644
          ]
        ]
      },
      "properties": {
        "id": "way/673893909",
        "osmType": "way",
        "osmId": 673893909,
        "name": "Rookery Path",
        "ref": null,
        "highway": "footway",
        "designation": null,
        "foot": "yes",
        "horse": null,
        "bicycle": "no",
        "surface": null,
        "osmcSymbol": null,
        "trailVisibility": null,
        "pathType": "footway"
      }
    },
    {
      "type": "Feature",
      "id": "way/676231775",
      "geometry": {
        "type": "LineString",
        "coordinates": [
          [
            -0.0314518,
            51.61199
          ],
          [
            -0.0314275,
            51.611995
          ],
          [
            -0.0313412,
            51.6120288
          ],
          [
            -0.0313046,
            51.6120887
          ],
          [
            -0.0312768,
            51.6121606
          ],
          [
            -0.0312446,
            51.6122206
          ],
          [
            -0.0311565,
            51.6122913
          ],
          [
            -0.0310599,
            51.6123432
          ],
          [
            -0.0309956,
            51.6123912
          ],
          [
            -0.0309594,
            51.6124275
          ]
        ]
      },
      "properties": {
        "id": "way/676231775",
        "osmType": "way",
        "osmId": 676231775,
        "name": "Hall Lane",
        "ref": null,
        "highway": "cycleway",
        "designation": null,
        "foot": "yes",
        "horse": null,
        "bicycle": null,
        "surface": "asphalt",
        "osmcSymbol": null,
        "trailVisibility": null,
        "pathType": "cycleway"
      }
    },
    {
      "type": "Feature",
      "id": "way/676243589",
      "geometry": {
        "type": "LineString",
        "coordinates": [
          [
            -0.033437,
            51.6018776
          ],
          [
            -0.0333897,
            51.6018862
          ],
          [
            -0.0333499,
            51.601903
          ],
          [
            -0.0332797,
            51.6019192
          ],
          [
            -0.0330872,
            51.6019235
          ],
          [
            -0.0326898,
            51.601938
          ],
          [
            -0.0323422,
            51.6019716
          ],
          [
            -0.0316625,
            51.6020239
          ],
          [
            -0.0313413,
            51.602077
          ],
          [
            -0.0310114,
            51.6021377
          ],
          [
            -0.030774,
            51.6021972
          ],
          [
            -0.0305921,
            51.6022547
          ],
          [
            -0.0304302,
            51.6023042
          ],
          [
            -0.0302496,
            51.6023655
          ],
          [
            -0.030065,
            51.6024534
          ],
          [
            -0.0298731,
            51.6025444
          ],
          [
            -0.0296831,
            51.6026471
          ],
          [
            -0.0295431,
            51.6027432
          ],
          [
            -0.0294583,
            51.6028179
          ],
          [
            -0.0293999,
            51.6029142
          ],
          [
            -0.0293381,
            51.6030417
          ],
          [
            -0.029326,
            51.6031983
          ],
          [
            -0.029293,
            51.6033166
          ],
          [
            -0.0292605,
            51.6034137
          ],
          [
            -0.0290808,
            51.6037558
          ],
          [
            -0.0290673,
            51.6037816
          ]
        ]
      },
      "properties": {
        "id": "way/676243589",
        "osmType": "way",
        "osmId": 676243589,
        "name": "Folly Lane",
        "ref": null,
        "highway": "cycleway",
        "designation": null,
        "foot": "designated",
        "horse": null,
        "bicycle": "designated",
        "surface": "asphalt",
        "osmcSymbol": null,
        "trailVisibility": null,
        "pathType": "cycleway"
      }
    },
    {
      "type": "Feature",
      "id": "way/692903866",
      "geometry": {
        "type": "LineString",
        "coordinates": [
          [
            0.1387586,
            51.6756356
          ],
          [
            0.1382554,
            51.6751946
          ]
        ]
      },
      "properties": {
        "id": "way/692903866",
        "osmType": "way",
        "osmId": 692903866,
        "name": "Former Roman Road",
        "ref": null,
        "highway": "bridleway",
        "designation": "public_bridleway",
        "foot": "designated",
        "horse": "designated",
        "bicycle": "designated",
        "surface": null,
        "osmcSymbol": null,
        "trailVisibility": null,
        "pathType": "bridleway"
      }
    },
    {
      "type": "Feature",
      "id": "way/703881447",
      "geometry": {
        "type": "LineString",
        "coordinates": [
          [
            0.0927199,
            51.6490164
          ],
          [
            0.0928109,
            51.6491059
          ],
          [
            0.0928601,
            51.6491952
          ],
          [
            0.0929997,
            51.6494521
          ],
          [
            0.0931456,
            51.6498408
          ],
          [
            0.0933318,
            51.6503091
          ]
        ]
      },
      "properties": {
        "id": "way/703881447",
        "osmType": "way",
        "osmId": 703881447,
        "name": "Langston Road",
        "ref": null,
        "highway": "service",
        "designation": null,
        "foot": null,
        "horse": null,
        "bicycle": null,
        "surface": null,
        "osmcSymbol": null,
        "trailVisibility": null,
        "pathType": "permissive"
      }
    },
    {
      "type": "Feature",
      "id": "way/723111101",
      "geometry": {
        "type": "LineString",
        "coordinates": [
          [
            -0.0013019,
            51.6481065
          ],
          [
            -0.0012482,
            51.6481232
          ],
          [
            -0.0011892,
            51.6481149
          ],
          [
            -0.001157,
            51.6480916
          ],
          [
            -0.0011785,
            51.6480583
          ],
          [
            -0.0012214,
            51.6480083
          ],
          [
            -0.0012992,
            51.6479784
          ],
          [
            -0.0013475,
            51.6479667
          ],
          [
            -0.0013716,
            51.6479518
          ],
          [
            -0.0014011,
            51.6479567
          ],
          [
            -0.0014038,
            51.647985
          ],
          [
            -0.001377,
            51.6480067
          ],
          [
            -0.0013716,
            51.648035
          ],
          [
            -0.0014011,
            51.6480483
          ],
          [
            -0.001385,
            51.6480766
          ],
          [
            -0.0013421,
            51.6480916
          ],
          [
            -0.0013019,
            51.6481065
          ]
        ]
      },
      "properties": {
        "id": "way/723111101",
        "osmType": "way",
        "osmId": 723111101,
        "name": "Go Karts",
        "ref": null,
        "highway": "track",
        "designation": null,
        "foot": null,
        "horse": null,
        "bicycle": null,
        "surface": null,
        "osmcSymbol": null,
        "trailVisibility": null,
        "pathType": "track"
      }
    },
    {
      "type": "Feature",
      "id": "way/731785524",
      "geometry": {
        "type": "LineString",
        "coordinates": [
          [
            0.1367445,
            51.6295293
          ],
          [
            0.137246,
            51.629458
          ],
          [
            0.1373937,
            51.6294327
          ],
          [
            0.138,
            51.629329
          ],
          [
            0.138755,
            51.629175
          ],
          [
            0.1396848,
            51.6289426
          ],
          [
            0.140011,
            51.628861
          ],
          [
            0.141077,
            51.628709
          ],
          [
            0.141876,
            51.628524
          ],
          [
            0.142056,
            51.628509
          ],
          [
            0.142323,
            51.628516
          ],
          [
            0.142771,
            51.628476
          ],
          [
            0.143156,
            51.628494
          ],
          [
            0.143511,
            51.628558
          ],
          [
            0.143695,
            51.628576
          ],
          [
            0.144034,
            51.628578
          ],
          [
            0.144256,
            51.628598
          ],
          [
            0.144853,
            51.628718
          ],
          [
            0.145269,
            51.62878
          ]
        ]
      },
      "properties": {
        "id": "way/731785524",
        "osmType": "way",
        "osmId": 731785524,
        "name": "Crabtree Hill",
        "ref": null,
        "highway": "unclassified",
        "designation": "public_bridleway",
        "foot": "designated",
        "horse": "designated",
        "bicycle": "designated",
        "surface": "dirt",
        "osmcSymbol": null,
        "trailVisibility": null,
        "pathType": "bridleway"
      }
    },
    {
      "type": "Feature",
      "id": "way/746541448",
      "geometry": {
        "type": "LineString",
        "coordinates": [
          [
            -0.0024553,
            51.6104653
          ],
          [
            -0.002535,
            51.6104881
          ],
          [
            -0.0025665,
            51.6105298
          ],
          [
            -0.0025958,
            51.6105858
          ],
          [
            -0.0026407,
            51.6106965
          ],
          [
            -0.0026307,
            51.6108256
          ],
          [
            -0.0026253,
            51.6109426
          ],
          [
            -0.0026212,
            51.6109798
          ],
          [
            -0.0026204,
            51.6110432
          ],
          [
            -0.0026519,
            51.6111849
          ],
          [
            -0.0026922,
            51.6112794
          ],
          [
            -0.0027621,
            51.6114557
          ],
          [
            -0.0027167,
            51.6114991
          ]
        ]
      },
      "properties": {
        "id": "way/746541448",
        "osmType": "way",
        "osmId": 746541448,
        "name": "Larkshall Road",
        "ref": null,
        "highway": "cycleway",
        "designation": null,
        "foot": "yes",
        "horse": null,
        "bicycle": null,
        "surface": "asphalt",
        "osmcSymbol": null,
        "trailVisibility": null,
        "pathType": "cycleway"
      }
    },
    {
      "type": "Feature",
      "id": "way/746756523",
      "geometry": {
        "type": "LineString",
        "coordinates": [
          [
            -0.029985,
            51.5996873
          ],
          [
            -0.02992,
            51.5996894
          ]
        ]
      },
      "properties": {
        "id": "way/746756523",
        "osmType": "way",
        "osmId": 746756523,
        "name": "Billet Road",
        "ref": null,
        "highway": "cycleway",
        "designation": null,
        "foot": "yes",
        "horse": null,
        "bicycle": null,
        "surface": "asphalt",
        "osmcSymbol": null,
        "trailVisibility": null,
        "pathType": "cycleway"
      }
    },
    {
      "type": "Feature",
      "id": "way/746756524",
      "geometry": {
        "type": "LineString",
        "coordinates": [
          [
            -0.027189,
            51.599639
          ],
          [
            -0.0271024,
            51.5996363
          ],
          [
            -0.0271048,
            51.599627
          ]
        ]
      },
      "properties": {
        "id": "way/746756524",
        "osmType": "way",
        "osmId": 746756524,
        "name": "Billet Road",
        "ref": null,
        "highway": "cycleway",
        "designation": null,
        "foot": "yes",
        "horse": null,
        "bicycle": null,
        "surface": "asphalt",
        "osmcSymbol": null,
        "trailVisibility": null,
        "pathType": "cycleway"
      }
    },
    {
      "type": "Feature",
      "id": "way/746756526",
      "geometry": {
        "type": "LineString",
        "coordinates": [
          [
            -0.0302153,
            51.5996645
          ],
          [
            -0.0301682,
            51.5996776
          ],
          [
            -0.0300935,
            51.5996836
          ]
        ]
      },
      "properties": {
        "id": "way/746756526",
        "osmType": "way",
        "osmId": 746756526,
        "name": "Billet Road",
        "ref": null,
        "highway": "cycleway",
        "designation": null,
        "foot": "yes",
        "horse": null,
        "bicycle": null,
        "surface": "asphalt",
        "osmcSymbol": null,
        "trailVisibility": null,
        "pathType": "cycleway"
      }
    },
    {
      "type": "Feature",
      "id": "way/746756527",
      "geometry": {
        "type": "LineString",
        "coordinates": [
          [
            -0.0298435,
            51.5995596
          ],
          [
            -0.0298937,
            51.5995581
          ],
          [
            -0.0300155,
            51.5995473
          ],
          [
            -0.0300511,
            51.5995459
          ],
          [
            -0.0301265,
            51.5995435
          ],
          [
            -0.0301856,
            51.5995414
          ]
        ]
      },
      "properties": {
        "id": "way/746756527",
        "osmType": "way",
        "osmId": 746756527,
        "name": "Billet Road",
        "ref": null,
        "highway": "cycleway",
        "designation": null,
        "foot": "yes",
        "horse": null,
        "bicycle": null,
        "surface": "asphalt",
        "osmcSymbol": null,
        "trailVisibility": null,
        "pathType": "cycleway"
      }
    },
    {
      "type": "Feature",
      "id": "way/746756528",
      "geometry": {
        "type": "LineString",
        "coordinates": [
          [
            -0.0301856,
            51.5995414
          ],
          [
            -0.030399,
            51.5995263
          ],
          [
            -0.0304393,
            51.5995328
          ],
          [
            -0.0304644,
            51.5995365
          ],
          [
            -0.0304876,
            51.5995344
          ],
          [
            -0.0305245,
            51.5995266
          ],
          [
            -0.0306699,
            51.5994981
          ],
          [
            -0.0327544,
            51.5993102
          ]
        ]
      },
      "properties": {
        "id": "way/746756528",
        "osmType": "way",
        "osmId": 746756528,
        "name": "Billet Road",
        "ref": null,
        "highway": "cycleway",
        "designation": null,
        "foot": "yes",
        "horse": null,
        "bicycle": null,
        "surface": "asphalt",
        "osmcSymbol": null,
        "trailVisibility": null,
        "pathType": "cycleway"
      }
    },
    {
      "type": "Feature",
      "id": "way/746756530",
      "geometry": {
        "type": "LineString",
        "coordinates": [
          [
            -0.0271048,
            51.599627
          ],
          [
            -0.0271095,
            51.5995892
          ]
        ]
      },
      "properties": {
        "id": "way/746756530",
        "osmType": "way",
        "osmId": 746756530,
        "name": "Billet Road",
        "ref": null,
        "highway": "cycleway",
        "designation": null,
        "foot": "yes",
        "horse": null,
        "bicycle": null,
        "surface": "asphalt",
        "osmcSymbol": null,
        "trailVisibility": null,
        "pathType": "cycleway"
      }
    },
    {
      "type": "Feature",
      "id": "way/746756532",
      "geometry": {
        "type": "LineString",
        "coordinates": [
          [
            -0.0318034,
            51.5995127
          ],
          [
            -0.0311449,
            51.5995735
          ],
          [
            -0.0307619,
            51.599615
          ],
          [
            -0.0302153,
            51.5996645
          ]
        ]
      },
      "properties": {
        "id": "way/746756532",
        "osmType": "way",
        "osmId": 746756532,
        "name": "Billet Road",
        "ref": null,
        "highway": "cycleway",
        "designation": null,
        "foot": "yes",
        "horse": null,
        "bicycle": null,
        "surface": "asphalt",
        "osmcSymbol": null,
        "trailVisibility": null,
        "pathType": "cycleway"
      }
    },
    {
      "type": "Feature",
      "id": "way/746756533",
      "geometry": {
        "type": "LineString",
        "coordinates": [
          [
            -0.0318853,
            51.5995064
          ],
          [
            -0.0318034,
            51.5995127
          ]
        ]
      },
      "properties": {
        "id": "way/746756533",
        "osmType": "way",
        "osmId": 746756533,
        "name": "Billet Road",
        "ref": null,
        "highway": "cycleway",
        "designation": null,
        "foot": "yes",
        "horse": null,
        "bicycle": null,
        "surface": "asphalt",
        "osmcSymbol": null,
        "trailVisibility": null,
        "pathType": "cycleway"
      }
    },
    {
      "type": "Feature",
      "id": "way/746756535",
      "geometry": {
        "type": "LineString",
        "coordinates": [
          [
            -0.0298337,
            51.5996878
          ],
          [
            -0.0290811,
            51.5996972
          ],
          [
            -0.0282497,
            51.5996857
          ]
        ]
      },
      "properties": {
        "id": "way/746756535",
        "osmType": "way",
        "osmId": 746756535,
        "name": "Billet Road",
        "ref": null,
        "highway": "cycleway",
        "designation": null,
        "foot": "yes",
        "horse": null,
        "bicycle": null,
        "surface": "asphalt",
        "osmcSymbol": null,
        "trailVisibility": null,
        "pathType": "cycleway"
      }
    },
    {
      "type": "Feature",
      "id": "way/746757842",
      "geometry": {
        "type": "LineString",
        "coordinates": [
          [
            -0.0225606,
            51.6001374
          ],
          [
            -0.022053,
            51.6002633
          ],
          [
            -0.0217427,
            51.6003317
          ],
          [
            -0.021475,
            51.6003797
          ],
          [
            -0.0211551,
            51.6004181
          ],
          [
            -0.0205664,
            51.6004767
          ],
          [
            -0.0198077,
            51.6005194
          ],
          [
            -0.0197532,
            51.6005432
          ],
          [
            -0.019684,
            51.6005474
          ],
          [
            -0.0196145,
            51.6005489
          ],
          [
            -0.0195783,
            51.6005352
          ],
          [
            -0.0194313,
            51.6005397
          ],
          [
            -0.0188517,
            51.6005729
          ],
          [
            -0.0184088,
            51.6006158
          ],
          [
            -0.017753,
            51.6007176
          ],
          [
            -0.0175904,
            51.6007434
          ],
          [
            -0.0175666,
            51.6007522
          ],
          [
            -0.0175391,
            51.6007545
          ]
        ]
      },
      "properties": {
        "id": "way/746757842",
        "osmType": "way",
        "osmId": 746757842,
        "name": "Billet Road",
        "ref": null,
        "highway": "cycleway",
        "designation": null,
        "foot": "yes",
        "horse": null,
        "bicycle": null,
        "surface": "asphalt",
        "osmcSymbol": null,
        "trailVisibility": null,
        "pathType": "cycleway"
      }
    },
    {
      "type": "Feature",
      "id": "way/766230720",
      "geometry": {
        "type": "LineString",
        "coordinates": [
          [
            0.0206768,
            51.6017661
          ],
          [
            0.019608,
            51.6017623
          ],
          [
            0.0194082,
            51.6017609
          ]
        ]
      },
      "properties": {
        "id": "way/766230720",
        "osmType": "way",
        "osmId": 766230720,
        "name": "Clementine Walk",
        "ref": null,
        "highway": "path",
        "designation": null,
        "foot": null,
        "horse": null,
        "bicycle": null,
        "surface": "asphalt",
        "osmcSymbol": null,
        "trailVisibility": null,
        "pathType": "trail"
      }
    },
    {
      "type": "Feature",
      "id": "way/766328649",
      "geometry": {
        "type": "LineString",
        "coordinates": [
          [
            0.0374242,
            51.6180017
          ],
          [
            0.0375997,
            51.6179116
          ]
        ]
      },
      "properties": {
        "id": "way/766328649",
        "osmType": "way",
        "osmId": 766328649,
        "name": "Monkham's Lane",
        "ref": null,
        "highway": "track",
        "designation": "public_bridleway",
        "foot": "designated",
        "horse": "designated",
        "bicycle": "designated",
        "surface": null,
        "osmcSymbol": null,
        "trailVisibility": null,
        "pathType": "bridleway"
      }
    },
    {
      "type": "Feature",
      "id": "way/771466504",
      "geometry": {
        "type": "LineString",
        "coordinates": [
          [
            0.1078852,
            51.6082093
          ],
          [
            0.1083437,
            51.6073916
          ]
        ]
      },
      "properties": {
        "id": "way/771466504",
        "osmType": "way",
        "osmId": 771466504,
        "name": "Footpath 39 Manford Way",
        "ref": null,
        "highway": "footway",
        "designation": null,
        "foot": null,
        "horse": null,
        "bicycle": null,
        "surface": "paved",
        "osmcSymbol": null,
        "trailVisibility": null,
        "pathType": "footway"
      }
    },
    {
      "type": "Feature",
      "id": "way/794578413",
      "geometry": {
        "type": "LineString",
        "coordinates": [
          [
            -0.0334989,
            51.6147528
          ],
          [
            -0.0334724,
            51.6147454
          ],
          [
            -0.0330406,
            51.6146249
          ],
          [
            -0.0329949,
            51.614628
          ]
        ]
      },
      "properties": {
        "id": "way/794578413",
        "osmType": "way",
        "osmId": 794578413,
        "name": "Lower Hall Lane",
        "ref": null,
        "highway": "cycleway",
        "designation": null,
        "foot": "yes",
        "horse": null,
        "bicycle": null,
        "surface": "asphalt",
        "osmcSymbol": null,
        "trailVisibility": null,
        "pathType": "cycleway"
      }
    },
    {
      "type": "Feature",
      "id": "way/796479601",
      "geometry": {
        "type": "LineString",
        "coordinates": [
          [
            -0.0269078,
            51.7329151
          ],
          [
            -0.0269095,
            51.7329708
          ],
          [
            -0.0268346,
            51.7333119
          ],
          [
            -0.0262028,
            51.7345105
          ],
          [
            -0.0259302,
            51.7349781
          ],
          [
            -0.0256654,
            51.7354704
          ]
        ]
      },
      "properties": {
        "id": "way/796479601",
        "osmType": "way",
        "osmId": 796479601,
        "name": "New River Path",
        "ref": null,
        "highway": "footway",
        "designation": "public_footpath",
        "foot": "designated",
        "horse": null,
        "bicycle": null,
        "surface": "ground",
        "osmcSymbol": null,
        "trailVisibility": null,
        "pathType": "footway"
      }
    },
    {
      "type": "Feature",
      "id": "way/796479602",
      "geometry": {
        "type": "LineString",
        "coordinates": [
          [
            -0.0272079,
            51.7298888
          ],
          [
            -0.0272205,
            51.7298666
          ],
          [
            -0.0272928,
            51.7297166
          ]
        ]
      },
      "properties": {
        "id": "way/796479602",
        "osmType": "way",
        "osmId": 796479602,
        "name": "New River Path",
        "ref": null,
        "highway": "path",
        "designation": null,
        "foot": "yes",
        "horse": "no",
        "bicycle": "no",
        "surface": null,
        "osmcSymbol": null,
        "trailVisibility": null,
        "pathType": "trail"
      }
    },
    {
      "type": "Feature",
      "id": "way/796479604",
      "geometry": {
        "type": "LineString",
        "coordinates": [
          [
            -0.0138907,
            51.7269696
          ],
          [
            -0.0138677,
            51.7271365
          ]
        ]
      },
      "properties": {
        "id": "way/796479604",
        "osmType": "way",
        "osmId": 796479604,
        "name": "River Lee Navigation towpath",
        "ref": null,
        "highway": "footway",
        "designation": "public_footpath",
        "foot": "yes",
        "horse": null,
        "bicycle": "yes",
        "surface": "dirt",
        "osmcSymbol": null,
        "trailVisibility": null,
        "pathType": "footway"
      }
    },
    {
      "type": "Feature",
      "id": "way/798016001",
      "geometry": {
        "type": "LineString",
        "coordinates": [
          [
            0.136304,
            51.624043
          ],
          [
            0.1365395,
            51.6241144
          ],
          [
            0.137106,
            51.6241677
          ]
        ]
      },
      "properties": {
        "id": "way/798016001",
        "osmType": "way",
        "osmId": 798016001,
        "name": "Cavill's Walk",
        "ref": null,
        "highway": "bridleway",
        "designation": "public_bridleway",
        "foot": "designated",
        "horse": "designated",
        "bicycle": "designated",
        "surface": "dirt",
        "osmcSymbol": null,
        "trailVisibility": null,
        "pathType": "bridleway"
      }
    },
    {
      "type": "Feature",
      "id": "way/800434354",
      "geometry": {
        "type": "LineString",
        "coordinates": [
          [
            -0.0019376,
            51.6831275
          ],
          [
            -0.0019336,
            51.6831068
          ],
          [
            -0.0019304,
            51.6830872
          ]
        ]
      },
      "properties": {
        "id": "way/800434354",
        "osmType": "way",
        "osmId": 800434354,
        "name": "Brooker Road",
        "ref": null,
        "highway": "footway",
        "designation": null,
        "foot": null,
        "horse": null,
        "bicycle": null,
        "surface": null,
        "osmcSymbol": null,
        "trailVisibility": null,
        "pathType": "footway"
      }
    },
    {
      "type": "Feature",
      "id": "way/800451071",
      "geometry": {
        "type": "LineString",
        "coordinates": [
          [
            0.0035945,
            51.6770647
          ],
          [
            0.0036171,
            51.6770593
          ],
          [
            0.0034518,
            51.6768131
          ]
        ]
      },
      "properties": {
        "id": "way/800451071",
        "osmType": "way",
        "osmId": 800451071,
        "name": "Sewardstone Road",
        "ref": null,
        "highway": "footway",
        "designation": null,
        "foot": null,
        "horse": null,
        "bicycle": null,
        "surface": "asphalt",
        "osmcSymbol": null,
        "trailVisibility": null,
        "pathType": "footway"
      }
    },
    {
      "type": "Feature",
      "id": "way/804469998",
      "geometry": {
        "type": "LineString",
        "coordinates": [
          [
            -0.0323162,
            51.6983698
          ],
          [
            -0.0319831,
            51.6983128
          ],
          [
            -0.0317604,
            51.6983361
          ],
          [
            -0.0314654,
            51.6983593
          ],
          [
            -0.0312508,
            51.6983394
          ],
          [
            -0.0310362,
            51.6983111
          ],
          [
            -0.0307802,
            51.6983381
          ]
        ]
      },
      "properties": {
        "id": "way/804469998",
        "osmType": "way",
        "osmId": 804469998,
        "name": "Wood Green Way",
        "ref": null,
        "highway": "footway",
        "designation": null,
        "foot": null,
        "horse": null,
        "bicycle": null,
        "surface": null,
        "osmcSymbol": null,
        "trailVisibility": null,
        "pathType": "footway"
      }
    },
    {
      "type": "Feature",
      "id": "way/808127286",
      "geometry": {
        "type": "LineString",
        "coordinates": [
          [
            -0.0175705,
            51.7074018
          ],
          [
            -0.0178381,
            51.7074377
          ]
        ]
      },
      "properties": {
        "id": "way/808127286",
        "osmType": "way",
        "osmId": 808127286,
        "name": "Cadmore Lane",
        "ref": null,
        "highway": "track",
        "designation": "public_footpath",
        "foot": "designated",
        "horse": null,
        "bicycle": "yes",
        "surface": null,
        "osmcSymbol": null,
        "trailVisibility": null,
        "pathType": "track"
      }
    },
    {
      "type": "Feature",
      "id": "way/808127287",
      "geometry": {
        "type": "LineString",
        "coordinates": [
          [
            -0.0227376,
            51.707982
          ],
          [
            -0.0219486,
            51.7078832
          ],
          [
            -0.0216924,
            51.7078628
          ],
          [
            -0.0216424,
            51.7078553
          ]
        ]
      },
      "properties": {
        "id": "way/808127287",
        "osmType": "way",
        "osmId": 808127287,
        "name": "Cadmore Lane",
        "ref": null,
        "highway": "track",
        "designation": "public_footpath",
        "foot": "designated",
        "horse": null,
        "bicycle": "yes",
        "surface": "asphalt",
        "osmcSymbol": null,
        "trailVisibility": null,
        "pathType": "track"
      }
    },
    {
      "type": "Feature",
      "id": "way/815482899",
      "geometry": {
        "type": "LineString",
        "coordinates": [
          [
            -0.0019512,
            51.6635217
          ],
          [
            -0.0018843,
            51.6635308
          ],
          [
            -0.0018361,
            51.6635944
          ],
          [
            -0.0014442,
            51.6641475
          ]
        ]
      },
      "properties": {
        "id": "way/815482899",
        "osmType": "way",
        "osmId": 815482899,
        "name": "Sewardstone Road",
        "ref": null,
        "highway": "footway",
        "designation": null,
        "foot": null,
        "horse": null,
        "bicycle": null,
        "surface": "unpaved",
        "osmcSymbol": null,
        "trailVisibility": null,
        "pathType": "footway"
      }
    },
    {
      "type": "Feature",
      "id": "way/815482902",
      "geometry": {
        "type": "LineString",
        "coordinates": [
          [
            -0.002025,
            51.6634159
          ],
          [
            -0.0019993,
            51.6633906
          ],
          [
            -0.002014,
            51.6633387
          ],
          [
            -0.0024156,
            51.6626692
          ],
          [
            -0.0024352,
            51.6626561
          ],
          [
            -0.002472,
            51.6626462
          ],
          [
            -0.0024952,
            51.6626463
          ]
        ]
      },
      "properties": {
        "id": "way/815482902",
        "osmType": "way",
        "osmId": 815482902,
        "name": "Sewardstone Road",
        "ref": null,
        "highway": "footway",
        "designation": null,
        "foot": null,
        "horse": null,
        "bicycle": null,
        "surface": "paved",
        "osmcSymbol": null,
        "trailVisibility": null,
        "pathType": "footway"
      }
    },
    {
      "type": "Feature",
      "id": "way/815486391",
      "geometry": {
        "type": "LineString",
        "coordinates": [
          [
            0.010564,
            51.6337953
          ],
          [
            0.0105839,
            51.633823
          ],
          [
            0.0106916,
            51.6338706
          ],
          [
            0.010969,
            51.6339779
          ],
          [
            0.0111109,
            51.6340235
          ],
          [
            0.0111806,
            51.6340289
          ]
        ]
      },
      "properties": {
        "id": "way/815486391",
        "osmType": "way",
        "osmId": 815486391,
        "name": "Station Road",
        "ref": null,
        "highway": "footway",
        "designation": null,
        "foot": null,
        "horse": null,
        "bicycle": null,
        "surface": "paving_stones",
        "osmcSymbol": null,
        "trailVisibility": null,
        "pathType": "footway"
      }
    },
    {
      "type": "Feature",
      "id": "way/815486394",
      "geometry": {
        "type": "LineString",
        "coordinates": [
          [
            0.0103683,
            51.6337175
          ],
          [
            0.0103294,
            51.6337197
          ],
          [
            0.0100862,
            51.6336083
          ],
          [
            0.0100587,
            51.6335859
          ]
        ]
      },
      "properties": {
        "id": "way/815486394",
        "osmType": "way",
        "osmId": 815486394,
        "name": "Station Road",
        "ref": null,
        "highway": "footway",
        "designation": null,
        "foot": null,
        "horse": null,
        "bicycle": null,
        "surface": "asphalt",
        "osmcSymbol": null,
        "trailVisibility": null,
        "pathType": "footway"
      }
    },
    {
      "type": "Feature",
      "id": "way/816155990",
      "geometry": {
        "type": "LineString",
        "coordinates": [
          [
            0.0491238,
            51.6515638
          ],
          [
            0.0490068,
            51.651458
          ]
        ]
      },
      "properties": {
        "id": "way/816155990",
        "osmType": "way",
        "osmId": 816155990,
        "name": "foot bridge",
        "ref": null,
        "highway": "footway",
        "designation": null,
        "foot": null,
        "horse": "no",
        "bicycle": "no",
        "surface": "wood",
        "osmcSymbol": null,
        "trailVisibility": null,
        "pathType": "footway"
      }
    },
    {
      "type": "Feature",
      "id": "way/816155997",
      "geometry": {
        "type": "LineString",
        "coordinates": [
          [
            0.0536255,
            51.6544604
          ],
          [
            0.0536786,
            51.6543868
          ]
        ]
      },
      "properties": {
        "id": "way/816155997",
        "osmType": "way",
        "osmId": 816155997,
        "name": "foot bridge",
        "ref": null,
        "highway": "footway",
        "designation": null,
        "foot": null,
        "horse": null,
        "bicycle": null,
        "surface": null,
        "osmcSymbol": null,
        "trailVisibility": null,
        "pathType": "footway"
      }
    },
    {
      "type": "Feature",
      "id": "way/816155999",
      "geometry": {
        "type": "LineString",
        "coordinates": [
          [
            0.0554999,
            51.6565578
          ],
          [
            0.0556086,
            51.6565102
          ]
        ]
      },
      "properties": {
        "id": "way/816155999",
        "osmType": "way",
        "osmId": 816155999,
        "name": "foot bridge",
        "ref": null,
        "highway": "footway",
        "designation": null,
        "foot": null,
        "horse": null,
        "bicycle": null,
        "surface": null,
        "osmcSymbol": null,
        "trailVisibility": null,
        "pathType": "footway"
      }
    },
    {
      "type": "Feature",
      "id": "way/816156005",
      "geometry": {
        "type": "LineString",
        "coordinates": [
          [
            0.0590354,
            51.6613772
          ],
          [
            0.0591383,
            51.6613954
          ]
        ]
      },
      "properties": {
        "id": "way/816156005",
        "osmType": "way",
        "osmId": 816156005,
        "name": "foot bridge",
        "ref": null,
        "highway": "footway",
        "designation": null,
        "foot": null,
        "horse": null,
        "bicycle": null,
        "surface": null,
        "osmcSymbol": null,
        "trailVisibility": null,
        "pathType": "footway"
      }
    },
    {
      "type": "Feature",
      "id": "way/816156007",
      "geometry": {
        "type": "LineString",
        "coordinates": [
          [
            0.058808,
            51.6626351
          ],
          [
            0.0589134,
            51.6626308
          ]
        ]
      },
      "properties": {
        "id": "way/816156007",
        "osmType": "way",
        "osmId": 816156007,
        "name": "foot bridge",
        "ref": null,
        "highway": "footway",
        "designation": null,
        "foot": null,
        "horse": null,
        "bicycle": "yes",
        "surface": null,
        "osmcSymbol": null,
        "trailVisibility": null,
        "pathType": "footway"
      }
    },
    {
      "type": "Feature",
      "id": "way/816156010",
      "geometry": {
        "type": "LineString",
        "coordinates": [
          [
            0.0473697,
            51.6549631
          ],
          [
            0.0474709,
            51.6549583
          ]
        ]
      },
      "properties": {
        "id": "way/816156010",
        "osmType": "way",
        "osmId": 816156010,
        "name": "foot bridge",
        "ref": null,
        "highway": "footway",
        "designation": null,
        "foot": null,
        "horse": null,
        "bicycle": null,
        "surface": null,
        "osmcSymbol": null,
        "trailVisibility": null,
        "pathType": "footway"
      }
    },
    {
      "type": "Feature",
      "id": "way/816156011",
      "geometry": {
        "type": "LineString",
        "coordinates": [
          [
            0.0482288,
            51.654788
          ],
          [
            0.0482941,
            51.6548374
          ]
        ]
      },
      "properties": {
        "id": "way/816156011",
        "osmType": "way",
        "osmId": 816156011,
        "name": "foot bridge",
        "ref": null,
        "highway": "footway",
        "designation": null,
        "foot": null,
        "horse": null,
        "bicycle": "yes",
        "surface": null,
        "osmcSymbol": null,
        "trailVisibility": null,
        "pathType": "footway"
      }
    },
    {
      "type": "Feature",
      "id": "way/816156015",
      "geometry": {
        "type": "LineString",
        "coordinates": [
          [
            0.066659,
            51.6636298
          ],
          [
            0.0656439,
            51.6635298
          ]
        ]
      },
      "properties": {
        "id": "way/816156015",
        "osmType": "way",
        "osmId": 816156015,
        "name": "Wauchope Path",
        "ref": null,
        "highway": "footway",
        "designation": "public_footpath",
        "foot": "designated",
        "horse": null,
        "bicycle": null,
        "surface": null,
        "osmcSymbol": null,
        "trailVisibility": null,
        "pathType": "footway"
      }
    },
    {
      "type": "Feature",
      "id": "way/818020343",
      "geometry": {
        "type": "LineString",
        "coordinates": [
          [
            0.0390101,
            51.6332831
          ],
          [
            0.0396447,
            51.6331097
          ]
        ]
      },
      "properties": {
        "id": "way/818020343",
        "osmType": "way",
        "osmId": 818020343,
        "name": "North End",
        "ref": null,
        "highway": "service",
        "designation": "byway_open_to_all_traffic",
        "foot": "yes",
        "horse": "yes",
        "bicycle": "yes",
        "surface": null,
        "osmcSymbol": null,
        "trailVisibility": null,
        "pathType": "byway"
      }
    },
    {
      "type": "Feature",
      "id": "way/818022316",
      "geometry": {
        "type": "LineString",
        "coordinates": [
          [
            0.0517192,
            51.6339572
          ],
          [
            0.0517814,
            51.6339365
          ],
          [
            0.0523379,
            51.6338562
          ],
          [
            0.0527545,
            51.6337864
          ]
        ]
      },
      "properties": {
        "id": "way/818022316",
        "osmType": "way",
        "osmId": 818022316,
        "name": "Green Walk",
        "ref": null,
        "highway": "footway",
        "designation": "public_footpath",
        "foot": "designated",
        "horse": null,
        "bicycle": null,
        "surface": "paved",
        "osmcSymbol": null,
        "trailVisibility": null,
        "pathType": "footway"
      }
    },
    {
      "type": "Feature",
      "id": "way/818022320",
      "geometry": {
        "type": "LineString",
        "coordinates": [
          [
            0.0550676,
            51.6327251
          ],
          [
            0.0554508,
            51.6325548
          ],
          [
            0.0556679,
            51.6324538
          ]
        ]
      },
      "properties": {
        "id": "way/818022320",
        "osmType": "way",
        "osmId": 818022320,
        "name": "Green Walk",
        "ref": null,
        "highway": "footway",
        "designation": "public_footpath",
        "foot": "designated",
        "horse": null,
        "bicycle": null,
        "surface": "asphalt",
        "osmcSymbol": null,
        "trailVisibility": null,
        "pathType": "footway"
      }
    },
    {
      "type": "Feature",
      "id": "way/818023700",
      "geometry": {
        "type": "LineString",
        "coordinates": [
          [
            0.0565897,
            51.6320795
          ],
          [
            0.05651,
            51.632093
          ],
          [
            0.0564302,
            51.6321066
          ]
        ]
      },
      "properties": {
        "id": "way/818023700",
        "osmType": "way",
        "osmId": 818023700,
        "name": "Green Walk",
        "ref": null,
        "highway": "footway",
        "designation": null,
        "foot": null,
        "horse": null,
        "bicycle": null,
        "surface": "paved",
        "osmcSymbol": null,
        "trailVisibility": null,
        "pathType": "footway"
      }
    },
    {
      "type": "Feature",
      "id": "way/822955972",
      "geometry": {
        "type": "LineString",
        "coordinates": [
          [
            0.0896116,
            51.6249418
          ],
          [
            0.0897389,
            51.6248448
          ],
          [
            0.0898489,
            51.6247874
          ],
          [
            0.0900808,
            51.6246684
          ],
          [
            0.0902511,
            51.6245634
          ],
          [
            0.0905017,
            51.6244284
          ],
          [
            0.0905758,
            51.6243885
          ],
          [
            0.0908091,
            51.6242324
          ],
          [
            0.0910532,
            51.6240589
          ],
          [
            0.0912122,
            51.6240226
          ]
        ]
      },
      "properties": {
        "id": "way/822955972",
        "osmType": "way",
        "osmId": 822955972,
        "name": "Green Lane",
        "ref": null,
        "highway": "track",
        "designation": "public_bridleway",
        "foot": "designated",
        "horse": "designated",
        "bicycle": "designated",
        "surface": "compacted",
        "osmcSymbol": null,
        "trailVisibility": null,
        "pathType": "bridleway"
      }
    },
    {
      "type": "Feature",
      "id": "way/826531255",
      "geometry": {
        "type": "LineString",
        "coordinates": [
          [
            0.0133902,
            51.6000517
          ],
          [
            0.0134316,
            51.6000083
          ],
          [
            0.013414,
            51.5999796
          ],
          [
            0.0130332,
            51.5994718
          ],
          [
            0.0129721,
            51.5993813
          ],
          [
            0.012878,
            51.5992511
          ],
          [
            0.0128412,
            51.5992001
          ],
          [
            0.0128222,
            51.5991738
          ],
          [
            0.0127577,
            51.5990844
          ],
          [
            0.0127228,
            51.5990349
          ],
          [
            0.0124954,
            51.5986372
          ],
          [
            0.0123163,
            51.5982908
          ],
          [
            0.0121044,
            51.5978554
          ],
          [
            0.0119736,
            51.5976009
          ],
          [
            0.0117681,
            51.5971822
          ],
          [
            0.0116793,
            51.5969648
          ]
        ]
      },
      "properties": {
        "id": "way/826531255",
        "osmType": "way",
        "osmId": 826531255,
        "name": "Woodford New Road",
        "ref": null,
        "highway": "cycleway",
        "designation": null,
        "foot": "yes",
        "horse": null,
        "bicycle": null,
        "surface": "asphalt",
        "osmcSymbol": null,
        "trailVisibility": null,
        "pathType": "cycleway"
      }
    },
    {
      "type": "Feature",
      "id": "way/847308563",
      "geometry": {
        "type": "LineString",
        "coordinates": [
          [
            0.0115736,
            51.5971047
          ],
          [
            0.0122076,
            51.5983784
          ]
        ]
      },
      "properties": {
        "id": "way/847308563",
        "osmType": "way",
        "osmId": 847308563,
        "name": "Woodford New Road",
        "ref": null,
        "highway": "cycleway",
        "designation": null,
        "foot": "designated",
        "horse": null,
        "bicycle": null,
        "surface": "asphalt",
        "osmcSymbol": null,
        "trailVisibility": null,
        "pathType": "cycleway"
      }
    },
    {
      "type": "Feature",
      "id": "way/877662149",
      "geometry": {
        "type": "LineString",
        "coordinates": [
          [
            0.0607625,
            51.6076914
          ],
          [
            0.0607119,
            51.6077263
          ],
          [
            0.060629,
            51.6077771
          ],
          [
            0.0605644,
            51.6078063
          ]
        ]
      },
      "properties": {
        "id": "way/877662149",
        "osmType": "way",
        "osmId": 877662149,
        "name": "Wallers Close",
        "ref": null,
        "highway": "footway",
        "designation": null,
        "foot": null,
        "horse": null,
        "bicycle": null,
        "surface": null,
        "osmcSymbol": null,
        "trailVisibility": null,
        "pathType": "footway"
      }
    },
    {
      "type": "Feature",
      "id": "way/886824285",
      "geometry": {
        "type": "LineString",
        "coordinates": [
          [
            0.0122076,
            51.5983784
          ],
          [
            0.0122321,
            51.5984211
          ],
          [
            0.0124695,
            51.5988655
          ],
          [
            0.0126019,
            51.5990979
          ],
          [
            0.0126786,
            51.5992109
          ],
          [
            0.0126974,
            51.5992395
          ],
          [
            0.0127236,
            51.5992811
          ],
          [
            0.0133057,
            51.6000613
          ],
          [
            0.0134094,
            51.6000759
          ]
        ]
      },
      "properties": {
        "id": "way/886824285",
        "osmType": "way",
        "osmId": 886824285,
        "name": "Woodford New Road",
        "ref": null,
        "highway": "cycleway",
        "designation": null,
        "foot": "designated",
        "horse": null,
        "bicycle": null,
        "surface": "asphalt",
        "osmcSymbol": null,
        "trailVisibility": null,
        "pathType": "cycleway"
      }
    },
    {
      "type": "Feature",
      "id": "way/886824289",
      "geometry": {
        "type": "LineString",
        "coordinates": [
          [
            0.0137027,
            51.6005183
          ],
          [
            0.0137513,
            51.6005702
          ],
          [
            0.0137929,
            51.6006159
          ]
        ]
      },
      "properties": {
        "id": "way/886824289",
        "osmType": "way",
        "osmId": 886824289,
        "name": "Woodford New Road",
        "ref": null,
        "highway": "cycleway",
        "designation": null,
        "foot": "no",
        "horse": null,
        "bicycle": null,
        "surface": "asphalt",
        "osmcSymbol": null,
        "trailVisibility": null,
        "pathType": "cycleway"
      }
    },
    {
      "type": "Feature",
      "id": "way/886824292",
      "geometry": {
        "type": "LineString",
        "coordinates": [
          [
            0.0137929,
            51.6006159
          ],
          [
            0.0142226,
            51.6010941
          ]
        ]
      },
      "properties": {
        "id": "way/886824292",
        "osmType": "way",
        "osmId": 886824292,
        "name": "Woodford New Road",
        "ref": null,
        "highway": "cycleway",
        "designation": null,
        "foot": "no",
        "horse": null,
        "bicycle": null,
        "surface": "asphalt",
        "osmcSymbol": null,
        "trailVisibility": null,
        "pathType": "cycleway"
      }
    },
    {
      "type": "Feature",
      "id": "way/886824293",
      "geometry": {
        "type": "LineString",
        "coordinates": [
          [
            0.0136783,
            51.6003821
          ],
          [
            0.0136167,
            51.6004248
          ],
          [
            0.0136386,
            51.6004487
          ],
          [
            0.0136551,
            51.6004668
          ],
          [
            0.0137027,
            51.6005183
          ]
        ]
      },
      "properties": {
        "id": "way/886824293",
        "osmType": "way",
        "osmId": 886824293,
        "name": "Woodford New Road",
        "ref": null,
        "highway": "cycleway",
        "designation": null,
        "foot": "no",
        "horse": null,
        "bicycle": null,
        "surface": "asphalt",
        "osmcSymbol": null,
        "trailVisibility": null,
        "pathType": "cycleway"
      }
    },
    {
      "type": "Feature",
      "id": "way/890040805",
      "geometry": {
        "type": "LineString",
        "coordinates": [
          [
            0.1259617,
            51.6056721
          ],
          [
            0.1259255,
            51.6057037
          ],
          [
            0.1259402,
            51.6057195
          ]
        ]
      },
      "properties": {
        "id": "way/890040805",
        "osmType": "way",
        "osmId": 890040805,
        "name": "Pump Track",
        "ref": null,
        "highway": "cycleway",
        "designation": null,
        "foot": "no",
        "horse": null,
        "bicycle": null,
        "surface": "dirt",
        "osmcSymbol": null,
        "trailVisibility": null,
        "pathType": "cycleway"
      }
    },
    {
      "type": "Feature",
      "id": "way/890040806",
      "geometry": {
        "type": "LineString",
        "coordinates": [
          [
            0.1272864,
            51.6046617
          ],
          [
            0.1272492,
            51.6046634
          ],
          [
            0.1272183,
            51.6046817
          ],
          [
            0.1272049,
            51.6047209
          ],
          [
            0.1271942,
            51.6047874
          ],
          [
            0.1271446,
            51.6048232
          ],
          [
            0.1270627,
            51.6048441
          ],
          [
            0.1270024,
            51.6048658
          ],
          [
            0.1269514,
            51.6049058
          ],
          [
            0.1268958,
            51.6049597
          ],
          [
            0.1268804,
            51.6050248
          ],
          [
            0.1268361,
            51.6050585
          ],
          [
            0.1267623,
            51.6050649
          ],
          [
            0.1266698,
            51.6050907
          ],
          [
            0.1266094,
            51.6051223
          ],
          [
            0.1265437,
            51.6051748
          ],
          [
            0.1264887,
            51.6052181
          ],
          [
            0.1264364,
            51.6052606
          ],
          [
            0.1263828,
            51.6053039
          ],
          [
            0.1263131,
            51.6053614
          ],
          [
            0.1262581,
            51.605398
          ],
          [
            0.1262004,
            51.6054563
          ],
          [
            0.1261521,
            51.6055063
          ],
          [
            0.1260931,
            51.6055688
          ],
          [
            0.1260287,
            51.6056104
          ],
          [
            0.1260055,
            51.6056333
          ],
          [
            0.1259966,
            51.6056421
          ],
          [
            0.1259617,
            51.6056721
          ]
        ]
      },
      "properties": {
        "id": "way/890040806",
        "osmType": "way",
        "osmId": 890040806,
        "name": "Pump Track",
        "ref": null,
        "highway": "cycleway",
        "designation": null,
        "foot": "no",
        "horse": null,
        "bicycle": null,
        "surface": "dirt",
        "osmcSymbol": null,
        "trailVisibility": null,
        "pathType": "cycleway"
      }
    },
    {
      "type": "Feature",
      "id": "way/896008898",
      "geometry": {
        "type": "LineString",
        "coordinates": [
          [
            -0.0188479,
            51.6127136
          ],
          [
            -0.0180609,
            51.6127505
          ]
        ]
      },
      "properties": {
        "id": "way/896008898",
        "osmType": "way",
        "osmId": 896008898,
        "name": "Titley Close",
        "ref": null,
        "highway": "footway",
        "designation": null,
        "foot": null,
        "horse": null,
        "bicycle": null,
        "surface": "concrete",
        "osmcSymbol": null,
        "trailVisibility": null,
        "pathType": "footway"
      }
    },
    {
      "type": "Feature",
      "id": "way/906166812",
      "geometry": {
        "type": "LineString",
        "coordinates": [
          [
            0.0438584,
            51.7202542
          ],
          [
            0.044015,
            51.7200034
          ],
          [
            0.0440909,
            51.7198589
          ],
          [
            0.0442866,
            51.7199029
          ]
        ]
      },
      "properties": {
        "id": "way/906166812",
        "osmType": "way",
        "osmId": 906166812,
        "name": "The Avenue",
        "ref": null,
        "highway": "service",
        "designation": "public_bridleway",
        "foot": "designated",
        "horse": "designated",
        "bicycle": "designated",
        "surface": null,
        "osmcSymbol": null,
        "trailVisibility": null,
        "pathType": "bridleway"
      }
    },
    {
      "type": "Feature",
      "id": "way/907566682",
      "geometry": {
        "type": "LineString",
        "coordinates": [
          [
            0.061731,
            51.680824
          ],
          [
            0.061815,
            51.680867
          ],
          [
            0.061942,
            51.68097
          ]
        ]
      },
      "properties": {
        "id": "way/907566682",
        "osmType": "way",
        "osmId": 907566682,
        "name": "Green Lane",
        "ref": null,
        "highway": "footway",
        "designation": null,
        "foot": "yes",
        "horse": null,
        "bicycle": null,
        "surface": null,
        "osmcSymbol": null,
        "trailVisibility": null,
        "pathType": "footway"
      }
    },
    {
      "type": "Feature",
      "id": "way/913683057",
      "geometry": {
        "type": "LineString",
        "coordinates": [
          [
            -0.0217548,
            51.6510678
          ],
          [
            -0.0221601,
            51.6511418
          ]
        ]
      },
      "properties": {
        "id": "way/913683057",
        "osmType": "way",
        "osmId": 913683057,
        "name": "Mossop's Creek Footbridge",
        "ref": null,
        "highway": "footway",
        "designation": null,
        "foot": null,
        "horse": null,
        "bicycle": "dismount",
        "surface": null,
        "osmcSymbol": null,
        "trailVisibility": null,
        "pathType": "footway"
      }
    },
    {
      "type": "Feature",
      "id": "way/925861661",
      "geometry": {
        "type": "LineString",
        "coordinates": [
          [
            0.0270785,
            51.6258412
          ],
          [
            0.027335,
            51.625789
          ],
          [
            0.027629,
            51.625758
          ],
          [
            0.027843,
            51.625746
          ],
          [
            0.0280544,
            51.6257009
          ]
        ]
      },
      "properties": {
        "id": "way/925861661",
        "osmType": "way",
        "osmId": 925861661,
        "name": "Tuttlebee Lane",
        "ref": null,
        "highway": "track",
        "designation": "public_bridleway",
        "foot": "designated",
        "horse": "designated",
        "bicycle": "designated",
        "surface": "compacted",
        "osmcSymbol": null,
        "trailVisibility": null,
        "pathType": "bridleway"
      }
    },
    {
      "type": "Feature",
      "id": "way/925861666",
      "geometry": {
        "type": "LineString",
        "coordinates": [
          [
            0.0556679,
            51.6324538
          ],
          [
            0.0557553,
            51.6324127
          ],
          [
            0.0564302,
            51.6321066
          ]
        ]
      },
      "properties": {
        "id": "way/925861666",
        "osmType": "way",
        "osmId": 925861666,
        "name": "Green Walk",
        "ref": null,
        "highway": "footway",
        "designation": "public_footpath",
        "foot": "designated",
        "horse": null,
        "bicycle": null,
        "surface": "asphalt",
        "osmcSymbol": null,
        "trailVisibility": null,
        "pathType": "footway"
      }
    },
    {
      "type": "Feature",
      "id": "way/925861667",
      "geometry": {
        "type": "LineString",
        "coordinates": [
          [
            0.0540428,
            51.6333126
          ],
          [
            0.054576,
            51.6330293
          ],
          [
            0.0550676,
            51.6327251
          ]
        ]
      },
      "properties": {
        "id": "way/925861667",
        "osmType": "way",
        "osmId": 925861667,
        "name": "Green Walk",
        "ref": null,
        "highway": "footway",
        "designation": "public_footpath",
        "foot": "designated",
        "horse": null,
        "bicycle": null,
        "surface": "asphalt",
        "osmcSymbol": null,
        "trailVisibility": null,
        "pathType": "footway"
      }
    },
    {
      "type": "Feature",
      "id": "way/925861671",
      "geometry": {
        "type": "LineString",
        "coordinates": [
          [
            0.0527545,
            51.6337864
          ],
          [
            0.0531621,
            51.6336697
          ],
          [
            0.0535264,
            51.6335511
          ]
        ]
      },
      "properties": {
        "id": "way/925861671",
        "osmType": "way",
        "osmId": 925861671,
        "name": "Green Walk",
        "ref": null,
        "highway": "footway",
        "designation": "public_footpath",
        "foot": "designated",
        "horse": null,
        "bicycle": null,
        "surface": "paved",
        "osmcSymbol": null,
        "trailVisibility": null,
        "pathType": "footway"
      }
    },
    {
      "type": "Feature",
      "id": "way/926289001",
      "geometry": {
        "type": "LineString",
        "coordinates": [
          [
            0.0557542,
            51.6526664
          ],
          [
            0.0556706,
            51.6527185
          ],
          [
            0.0555816,
            51.6527974
          ],
          [
            0.0555458,
            51.6528737
          ]
        ]
      },
      "properties": {
        "id": "way/926289001",
        "osmType": "way",
        "osmId": 926289001,
        "name": "Forest Way",
        "ref": null,
        "highway": "residential",
        "designation": "public_bridleway",
        "foot": "designated",
        "horse": "designated",
        "bicycle": "designated",
        "surface": null,
        "osmcSymbol": null,
        "trailVisibility": null,
        "pathType": "bridleway"
      }
    },
    {
      "type": "Feature",
      "id": "way/926294704",
      "geometry": {
        "type": "LineString",
        "coordinates": [
          [
            0.0543141,
            51.6466566
          ],
          [
            0.0537966,
            51.6468049
          ],
          [
            0.0537133,
            51.6468179
          ]
        ]
      },
      "properties": {
        "id": "way/926294704",
        "osmType": "way",
        "osmId": 926294704,
        "name": "Cuthberts Alley",
        "ref": null,
        "highway": "footway",
        "designation": "public_footpath",
        "foot": "designated",
        "horse": null,
        "bicycle": null,
        "surface": "asphalt",
        "osmcSymbol": null,
        "trailVisibility": null,
        "pathType": "footway"
      }
    },
    {
      "type": "Feature",
      "id": "way/926305918",
      "geometry": {
        "type": "LineString",
        "coordinates": [
          [
            0.0906339,
            51.6469921
          ],
          [
            0.0912201,
            51.6475715
          ],
          [
            0.0915702,
            51.647907
          ],
          [
            0.0924508,
            51.6487657
          ],
          [
            0.092646,
            51.6489474
          ],
          [
            0.0927199,
            51.6490164
          ]
        ]
      },
      "properties": {
        "id": "way/926305918",
        "osmType": "way",
        "osmId": 926305918,
        "name": "Langston Road",
        "ref": null,
        "highway": "service",
        "designation": "public_footpath",
        "foot": "designated",
        "horse": null,
        "bicycle": null,
        "surface": null,
        "osmcSymbol": null,
        "trailVisibility": null,
        "pathType": "permissive"
      }
    },
    {
      "type": "Feature",
      "id": "way/928204983",
      "geometry": {
        "type": "LineString",
        "coordinates": [
          [
            -0.0140428,
            51.6993985
          ],
          [
            -0.0140354,
            51.6994979
          ],
          [
            -0.0140186,
            51.6995782
          ],
          [
            -0.0139831,
            51.6997146
          ],
          [
            -0.0139168,
            51.6999162
          ],
          [
            -0.0138742,
            51.7000597
          ],
          [
            -0.0138278,
            51.7002012
          ],
          [
            -0.0137917,
            51.7003419
          ],
          [
            -0.0137516,
            51.7005112
          ],
          [
            -0.0137258,
            51.7006343
          ],
          [
            -0.0136971,
            51.7007343
          ],
          [
            -0.0136028,
            51.7011141
          ],
          [
            -0.0135842,
            51.7011853
          ],
          [
            -0.0135621,
            51.7012504
          ],
          [
            -0.0135439,
            51.7014426
          ],
          [
            -0.0135219,
            51.7016194
          ],
          [
            -0.0135027,
            51.7017794
          ],
          [
            -0.013485,
            51.7018961
          ],
          [
            -0.0134823,
            51.701978
          ],
          [
            -0.0134966,
            51.7020608
          ],
          [
            -0.0135249,
            51.7021544
          ],
          [
            -0.013535,
            51.7022411
          ],
          [
            -0.0135994,
            51.7023772
          ],
          [
            -0.0136121,
            51.7024679
          ],
          [
            -0.0136112,
            51.7025775
          ],
          [
            -0.0136083,
            51.7026594
          ],
          [
            -0.0136001,
            51.702744
          ],
          [
            -0.013586,
            51.7028822
          ],
          [
            -0.013554,
            51.7030867
          ],
          [
            -0.013522,
            51.7032997
          ],
          [
            -0.0134619,
            51.7035458
          ],
          [
            -0.0134133,
            51.7037507
          ],
          [
            -0.0133662,
            51.7039652
          ],
          [
            -0.0133236,
            51.7041711
          ],
          [
            -0.0132745,
            51.7044014
          ],
          [
            -0.0132505,
            51.7044432
          ],
          [
            -0.0131995,
            51.7044777
          ],
          [
            -0.0130237,
            51.704534
          ],
          [
            -0.0128514,
            51.7045909
          ],
          [
            -0.0126783,
            51.7046481
          ],
          [
            -0.0125269,
            51.7046976
          ],
          [
            -0.0123662,
            51.7047501
          ],
          [
            -0.012067,
            51.7048452
          ],
          [
            -0.0117898,
            51.7049299
          ],
          [
            -0.0116276,
            51.7049791
          ],
          [
            -0.0114532,
            51.705032
          ],
          [
            -0.0112071,
            51.7051123
          ],
          [
            -0.0109986,
            51.7051761
          ],
          [
            -0.0108472,
            51.7052281
          ],
          [
            -0.0107312,
            51.7052818
          ],
          [
            -0.010615,
            51.7053386
          ],
          [
            -0.0104565,
            51.7054057
          ],
          [
            -0.0103199,
            51.70546
          ],
          [
            -0.0101999,
            51.7054963
          ],
          [
            -0.01008,
            51.7055243
          ]
        ]
      },
      "properties": {
        "id": "way/928204983",
        "osmType": "way",
        "osmId": 928204983,
        "name": "Waltons Walk",
        "ref": null,
        "highway": "cycleway",
        "designation": "public_footpath",
        "foot": "designated",
        "horse": null,
        "bicycle": "designated",
        "surface": "asphalt",
        "osmcSymbol": null,
        "trailVisibility": null,
        "pathType": "cycleway"
      }
    },
    {
      "type": "Feature",
      "id": "way/928274688",
      "geometry": {
        "type": "LineString",
        "coordinates": [
          [
            -0.0118729,
            51.6874212
          ],
          [
            -0.0118773,
            51.6874358
          ],
          [
            -0.011904,
            51.6874811
          ],
          [
            -0.0119208,
            51.6875595
          ],
          [
            -0.011931,
            51.6876272
          ],
          [
            -0.0119282,
            51.6876917
          ],
          [
            -0.0119278,
            51.6877012
          ],
          [
            -0.0119162,
            51.6878155
          ],
          [
            -0.011878,
            51.6879189
          ],
          [
            -0.0118293,
            51.6880085
          ],
          [
            -0.0117622,
            51.6881146
          ],
          [
            -0.0116787,
            51.6882465
          ],
          [
            -0.0116311,
            51.6883218
          ],
          [
            -0.0115143,
            51.6884939
          ],
          [
            -0.0114037,
            51.6886606
          ],
          [
            -0.0113559,
            51.6887506
          ],
          [
            -0.0113269,
            51.6888258
          ],
          [
            -0.0113143,
            51.6889237
          ],
          [
            -0.0113211,
            51.6890283
          ],
          [
            -0.0113343,
            51.6891197
          ],
          [
            -0.0113695,
            51.6892177
          ],
          [
            -0.0114232,
            51.6893267
          ],
          [
            -0.011474,
            51.6894452
          ],
          [
            -0.0115284,
            51.6895783
          ],
          [
            -0.0115989,
            51.6897627
          ],
          [
            -0.0116623,
            51.689944
          ],
          [
            -0.0117125,
            51.6900969
          ],
          [
            -0.0117719,
            51.6903019
          ],
          [
            -0.0118231,
            51.6905266
          ],
          [
            -0.0118736,
            51.6907253
          ],
          [
            -0.0119178,
            51.6908913
          ],
          [
            -0.0119647,
            51.691086
          ],
          [
            -0.0120121,
            51.6912988
          ],
          [
            -0.0120744,
            51.6915538
          ],
          [
            -0.0121401,
            51.6918112
          ],
          [
            -0.012207,
            51.6920697
          ],
          [
            -0.0122731,
            51.6923283
          ],
          [
            -0.012344,
            51.6925797
          ],
          [
            -0.012407,
            51.6928046
          ],
          [
            -0.0124767,
            51.6930564
          ],
          [
            -0.0125692,
            51.6933505
          ],
          [
            -0.0126476,
            51.6935804
          ],
          [
            -0.0127276,
            51.6937818
          ]
        ]
      },
      "properties": {
        "id": "way/928274688",
        "osmType": "way",
        "osmId": 928274688,
        "name": "Waltons Walk",
        "ref": null,
        "highway": "cycleway",
        "designation": "public_footpath",
        "foot": "designated",
        "horse": null,
        "bicycle": "designated",
        "surface": "asphalt",
        "osmcSymbol": null,
        "trailVisibility": null,
        "pathType": "cycleway"
      }
    },
    {
      "type": "Feature",
      "id": "way/928686623",
      "geometry": {
        "type": "LineString",
        "coordinates": [
          [
            0.0442866,
            51.7199029
          ],
          [
            0.0450154,
            51.7200738
          ],
          [
            0.0447954,
            51.7204343
          ]
        ]
      },
      "properties": {
        "id": "way/928686623",
        "osmType": "way",
        "osmId": 928686623,
        "name": "Forest Way",
        "ref": null,
        "highway": "bridleway",
        "designation": "public_bridleway",
        "foot": "designated",
        "horse": "designated",
        "bicycle": "designated",
        "surface": "dirt",
        "osmcSymbol": null,
        "trailVisibility": null,
        "pathType": "bridleway"
      }
    },
    {
      "type": "Feature",
      "id": "way/928686624",
      "geometry": {
        "type": "LineString",
        "coordinates": [
          [
            0.0526979,
            51.7220122
          ],
          [
            0.0529066,
            51.7220387
          ],
          [
            0.053388,
            51.7220811
          ],
          [
            0.0537099,
            51.7221301
          ],
          [
            0.0540505,
            51.7222041
          ],
          [
            0.0549155,
            51.7224159
          ],
          [
            0.0549726,
            51.7224746
          ],
          [
            0.0564603,
            51.723269
          ],
          [
            0.0571169,
            51.7235523
          ],
          [
            0.0581122,
            51.7241667
          ]
        ]
      },
      "properties": {
        "id": "way/928686624",
        "osmType": "way",
        "osmId": 928686624,
        "name": "Forest Way",
        "ref": null,
        "highway": "bridleway",
        "designation": "public_bridleway",
        "foot": "designated",
        "horse": "yes",
        "bicycle": "yes",
        "surface": "dirt",
        "osmcSymbol": null,
        "trailVisibility": null,
        "pathType": "bridleway"
      }
    },
    {
      "type": "Feature",
      "id": "way/928882460",
      "geometry": {
        "type": "LineString",
        "coordinates": [
          [
            0.013694,
            51.658001
          ],
          [
            0.014161,
            51.65816
          ],
          [
            0.014576,
            51.658369
          ],
          [
            0.014688,
            51.658436
          ],
          [
            0.0147964,
            51.6585077
          ]
        ]
      },
      "properties": {
        "id": "way/928882460",
        "osmType": "way",
        "osmId": 928882460,
        "name": "Green Lane",
        "ref": null,
        "highway": "bridleway",
        "designation": "public_bridleway",
        "foot": "designated",
        "horse": "designated",
        "bicycle": "designated",
        "surface": null,
        "osmcSymbol": null,
        "trailVisibility": null,
        "pathType": "bridleway"
      }
    },
    {
      "type": "Feature",
      "id": "way/928897776",
      "geometry": {
        "type": "LineString",
        "coordinates": [
          [
            0.0031147,
            51.6773672
          ],
          [
            0.0031858,
            51.677324
          ],
          [
            0.0032432,
            51.6772611
          ],
          [
            0.0032745,
            51.6771979
          ],
          [
            0.0032939,
            51.677047
          ],
          [
            0.003274,
            51.67695
          ],
          [
            0.0031345,
            51.6766254
          ],
          [
            0.0030812,
            51.6763242
          ],
          [
            0.0030765,
            51.6762003
          ],
          [
            0.0030845,
            51.6759196
          ],
          [
            0.0030792,
            51.6758939
          ],
          [
            0.0030577,
            51.6758519
          ],
          [
            0.003053,
            51.6757824
          ],
          [
            0.0030356,
            51.6757595
          ],
          [
            0.002996,
            51.6757392
          ]
        ]
      },
      "properties": {
        "id": "way/928897776",
        "osmType": "way",
        "osmId": 928897776,
        "name": "Sewardstone Road",
        "ref": null,
        "highway": "footway",
        "designation": null,
        "foot": null,
        "horse": null,
        "bicycle": null,
        "surface": "asphalt",
        "osmcSymbol": null,
        "trailVisibility": null,
        "pathType": "footway"
      }
    },
    {
      "type": "Feature",
      "id": "way/929192799",
      "geometry": {
        "type": "LineString",
        "coordinates": [
          [
            -0.000578,
            51.6867966
          ],
          [
            -0.0006488,
            51.6865352
          ],
          [
            -0.0006685,
            51.6864743
          ],
          [
            -0.0006741,
            51.6864552
          ]
        ]
      },
      "properties": {
        "id": "way/929192799",
        "osmType": "way",
        "osmId": 929192799,
        "name": "South Place",
        "ref": null,
        "highway": "footway",
        "designation": "public_footpath",
        "foot": "designated",
        "horse": "no",
        "bicycle": "no",
        "surface": null,
        "osmcSymbol": null,
        "trailVisibility": null,
        "pathType": "footway"
      }
    },
    {
      "type": "Feature",
      "id": "way/929782547",
      "geometry": {
        "type": "LineString",
        "coordinates": [
          [
            -0.0132639,
            51.6668914
          ],
          [
            -0.0125627,
            51.666764
          ],
          [
            -0.0125427,
            51.6667502
          ],
          [
            -0.0125133,
            51.6666911
          ],
          [
            -0.0124787,
            51.666649
          ],
          [
            -0.0124261,
            51.6666164
          ],
          [
            -0.0123602,
            51.6665988
          ],
          [
            -0.0122886,
            51.6665908
          ],
          [
            -0.0122236,
            51.6665973
          ],
          [
            -0.0121805,
            51.6666076
          ],
          [
            -0.0121219,
            51.6666269
          ],
          [
            -0.0120643,
            51.6666667
          ],
          [
            -0.0120288,
            51.6666765
          ],
          [
            -0.0119923,
            51.6666884
          ]
        ]
      },
      "properties": {
        "id": "way/929782547",
        "osmType": "way",
        "osmId": 929782547,
        "name": "Blanchard Grove",
        "ref": null,
        "highway": "footway",
        "designation": null,
        "foot": null,
        "horse": null,
        "bicycle": null,
        "surface": "asphalt",
        "osmcSymbol": null,
        "trailVisibility": null,
        "pathType": "footway"
      }
    },
    {
      "type": "Feature",
      "id": "way/931964430",
      "geometry": {
        "type": "LineString",
        "coordinates": [
          [
            0.1438186,
            51.6797917
          ],
          [
            0.142951,
            51.679061
          ],
          [
            0.142241,
            51.678429
          ],
          [
            0.140309,
            51.676893
          ],
          [
            0.140027,
            51.676638
          ],
          [
            0.139454,
            51.676165
          ],
          [
            0.1388901,
            51.6757392
          ],
          [
            0.1387586,
            51.6756356
          ]
        ]
      },
      "properties": {
        "id": "way/931964430",
        "osmType": "way",
        "osmId": 931964430,
        "name": "Former Roman Road",
        "ref": null,
        "highway": "bridleway",
        "designation": "public_bridleway",
        "foot": "designated",
        "horse": "designated",
        "bicycle": "designated",
        "surface": null,
        "osmcSymbol": null,
        "trailVisibility": null,
        "pathType": "bridleway"
      }
    },
    {
      "type": "Feature",
      "id": "way/941004088",
      "geometry": {
        "type": "LineString",
        "coordinates": [
          [
            0.0730854,
            51.6665644
          ],
          [
            0.0731196,
            51.6665251
          ]
        ]
      },
      "properties": {
        "id": "way/941004088",
        "osmType": "way",
        "osmId": 941004088,
        "name": "Main path",
        "ref": null,
        "highway": "footway",
        "designation": null,
        "foot": null,
        "horse": null,
        "bicycle": "yes",
        "surface": null,
        "osmcSymbol": null,
        "trailVisibility": null,
        "pathType": "footway"
      }
    },
    {
      "type": "Feature",
      "id": "way/941004089",
      "geometry": {
        "type": "LineString",
        "coordinates": [
          [
            0.0731196,
            51.6665251
          ],
          [
            0.0731291,
            51.6665164
          ],
          [
            0.073143,
            51.666502
          ],
          [
            0.073239,
            51.666456
          ],
          [
            0.073729,
            51.666324
          ],
          [
            0.073906,
            51.66629
          ],
          [
            0.074385,
            51.666234
          ],
          [
            0.074513,
            51.66619
          ],
          [
            0.074653,
            51.6661
          ],
          [
            0.075174,
            51.665824
          ],
          [
            0.075302,
            51.665774
          ],
          [
            0.075695,
            51.665681
          ],
          [
            0.075891,
            51.6656133
          ],
          [
            0.076317,
            51.665591
          ],
          [
            0.076645,
            51.665503
          ],
          [
            0.076746,
            51.665457
          ],
          [
            0.076871,
            51.665367
          ],
          [
            0.076945,
            51.665282
          ],
          [
            0.076969,
            51.665207
          ]
        ]
      },
      "properties": {
        "id": "way/941004089",
        "osmType": "way",
        "osmId": 941004089,
        "name": "Main path",
        "ref": null,
        "highway": "footway",
        "designation": null,
        "foot": null,
        "horse": null,
        "bicycle": "yes",
        "surface": null,
        "osmcSymbol": null,
        "trailVisibility": null,
        "pathType": "footway"
      }
    },
    {
      "type": "Feature",
      "id": "way/946653368",
      "geometry": {
        "type": "LineString",
        "coordinates": [
          [
            -0.0154556,
            51.6029242
          ],
          [
            -0.0153081,
            51.6030558
          ],
          [
            -0.0152413,
            51.6031487
          ]
        ]
      },
      "properties": {
        "id": "way/946653368",
        "osmType": "way",
        "osmId": 946653368,
        "name": "Parade Gardens",
        "ref": null,
        "highway": "residential",
        "designation": null,
        "foot": "permissive",
        "horse": null,
        "bicycle": null,
        "surface": null,
        "osmcSymbol": null,
        "trailVisibility": null,
        "pathType": "permissive"
      }
    },
    {
      "type": "Feature",
      "id": "way/948216688",
      "geometry": {
        "type": "LineString",
        "coordinates": [
          [
            0.0011767,
            51.6184945
          ],
          [
            0.0010514,
            51.6185411
          ],
          [
            0.0009641,
            51.6186824
          ],
          [
            0.000814,
            51.6189421
          ],
          [
            0.0008066,
            51.6189714
          ]
        ]
      },
      "properties": {
        "id": "way/948216688",
        "osmType": "way",
        "osmId": 948216688,
        "name": "Russets Close",
        "ref": null,
        "highway": "footway",
        "designation": null,
        "foot": null,
        "horse": null,
        "bicycle": null,
        "surface": "asphalt",
        "osmcSymbol": null,
        "trailVisibility": null,
        "pathType": "footway"
      }
    },
    {
      "type": "Feature",
      "id": "way/948371398",
      "geometry": {
        "type": "LineString",
        "coordinates": [
          [
            0.0011767,
            51.6184945
          ],
          [
            0.0013918,
            51.6185275
          ],
          [
            0.0013928,
            51.6187024
          ],
          [
            0.0012821,
            51.618773
          ],
          [
            0.0012085,
            51.6187699
          ]
        ]
      },
      "properties": {
        "id": "way/948371398",
        "osmType": "way",
        "osmId": 948371398,
        "name": "Russets Close",
        "ref": null,
        "highway": "footway",
        "designation": null,
        "foot": null,
        "horse": null,
        "bicycle": null,
        "surface": "asphalt",
        "osmcSymbol": null,
        "trailVisibility": null,
        "pathType": "footway"
      }
    },
    {
      "type": "Feature",
      "id": "way/955805219",
      "geometry": {
        "type": "LineString",
        "coordinates": [
          [
            0.0836662,
            51.6751757
          ],
          [
            0.08435,
            51.67537
          ],
          [
            0.0845814,
            51.6754044
          ],
          [
            0.084843,
            51.675409
          ],
          [
            0.085028,
            51.675392
          ],
          [
            0.085255,
            51.67534
          ],
          [
            0.0853587,
            51.6753053
          ],
          [
            0.08567,
            51.675201
          ],
          [
            0.085794,
            51.675196
          ],
          [
            0.0860272,
            51.6752367
          ],
          [
            0.086223,
            51.675234
          ],
          [
            0.08633,
            51.675208
          ],
          [
            0.086491,
            51.67515
          ],
          [
            0.087293,
            51.674793
          ],
          [
            0.0874696,
            51.6747294
          ],
          [
            0.087615,
            51.674677
          ],
          [
            0.0877016,
            51.6746539
          ],
          [
            0.088193,
            51.674523
          ],
          [
            0.088627,
            51.674383
          ],
          [
            0.088743,
            51.674332
          ],
          [
            0.088947,
            51.674159
          ],
          [
            0.089004,
            51.6741212
          ],
          [
            0.089104,
            51.674055
          ],
          [
            0.08951,
            51.673922
          ],
          [
            0.089742,
            51.673804
          ],
          [
            0.089879,
            51.673712
          ],
          [
            0.089942,
            51.673652
          ],
          [
            0.090138,
            51.673366
          ],
          [
            0.090257,
            51.67328
          ],
          [
            0.0904753,
            51.6731901
          ],
          [
            0.0908105,
            51.6731631
          ],
          [
            0.0910368,
            51.6731671
          ],
          [
            0.091141,
            51.6731995
          ]
        ]
      },
      "properties": {
        "id": "way/955805219",
        "osmType": "way",
        "osmId": 955805219,
        "name": "Main path",
        "ref": null,
        "highway": "footway",
        "designation": null,
        "foot": null,
        "horse": null,
        "bicycle": "yes",
        "surface": "gravel",
        "osmcSymbol": null,
        "trailVisibility": null,
        "pathType": "footway"
      }
    },
    {
      "type": "Feature",
      "id": "way/955810385",
      "geometry": {
        "type": "LineString",
        "coordinates": [
          [
            0.1047534,
            51.6919005
          ],
          [
            0.1048202,
            51.6918829
          ]
        ]
      },
      "properties": {
        "id": "way/955810385",
        "osmType": "way",
        "osmId": 955810385,
        "name": "Western Road",
        "ref": null,
        "highway": "bridleway",
        "designation": "public_bridleway",
        "foot": "designated",
        "horse": "designated",
        "bicycle": "designated",
        "surface": null,
        "osmcSymbol": null,
        "trailVisibility": null,
        "pathType": "bridleway"
      }
    },
    {
      "type": "Feature",
      "id": "way/955812036",
      "geometry": {
        "type": "LineString",
        "coordinates": [
          [
            0.0719107,
            51.670667
          ],
          [
            0.0714381,
            51.6704646
          ],
          [
            0.0711555,
            51.6703344
          ],
          [
            0.0708382,
            51.6702159
          ],
          [
            0.0705153,
            51.6701976
          ],
          [
            0.0700972,
            51.6702459
          ],
          [
            0.069892,
            51.670274
          ],
          [
            0.0697563,
            51.6702639
          ],
          [
            0.0696038,
            51.6702305
          ],
          [
            0.0694276,
            51.6701574
          ],
          [
            0.0691273,
            51.6699873
          ],
          [
            0.0688485,
            51.669803
          ],
          [
            0.0681392,
            51.6693222
          ],
          [
            0.0676936,
            51.669051
          ],
          [
            0.0674306,
            51.6688947
          ],
          [
            0.067259,
            51.6687498
          ],
          [
            0.0671996,
            51.6686996
          ]
        ]
      },
      "properties": {
        "id": "way/955812036",
        "osmType": "way",
        "osmId": 955812036,
        "name": "Main path",
        "ref": null,
        "highway": "footway",
        "designation": null,
        "foot": null,
        "horse": null,
        "bicycle": "yes",
        "surface": "fine_gravel",
        "osmcSymbol": null,
        "trailVisibility": null,
        "pathType": "footway"
      }
    },
    {
      "type": "Feature",
      "id": "way/955830026",
      "geometry": {
        "type": "LineString",
        "coordinates": [
          [
            0.0417625,
            51.665766
          ],
          [
            0.0417054,
            51.665791
          ],
          [
            0.0415107,
            51.6658969
          ],
          [
            0.0414554,
            51.6659392
          ],
          [
            0.0413836,
            51.6659942
          ],
          [
            0.0411422,
            51.6660415
          ],
          [
            0.0409082,
            51.6660978
          ],
          [
            0.0407936,
            51.6661154
          ],
          [
            0.0406594,
            51.6661601
          ],
          [
            0.0406084,
            51.6661714
          ]
        ]
      },
      "properties": {
        "id": "way/955830026",
        "osmType": "way",
        "osmId": 955830026,
        "name": "Main path",
        "ref": null,
        "highway": "footway",
        "designation": null,
        "foot": null,
        "horse": null,
        "bicycle": "yes",
        "surface": "fine_gravel",
        "osmcSymbol": null,
        "trailVisibility": null,
        "pathType": "footway"
      }
    },
    {
      "type": "Feature",
      "id": "way/955830027",
      "geometry": {
        "type": "LineString",
        "coordinates": [
          [
            0.0368216,
            51.6579022
          ],
          [
            0.0369226,
            51.6579166
          ],
          [
            0.0370061,
            51.6579285
          ],
          [
            0.037293,
            51.657972
          ],
          [
            0.038281,
            51.658029
          ],
          [
            0.038769,
            51.658078
          ],
          [
            0.039,
            51.658113
          ],
          [
            0.039339,
            51.658195
          ],
          [
            0.039708,
            51.658308
          ],
          [
            0.039866,
            51.658382
          ],
          [
            0.040155,
            51.658554
          ],
          [
            0.040397,
            51.658661
          ],
          [
            0.040969,
            51.658862
          ],
          [
            0.04114,
            51.658952
          ],
          [
            0.041245,
            51.65903
          ],
          [
            0.041484,
            51.659386
          ],
          [
            0.041686,
            51.659558
          ],
          [
            0.04209,
            51.659902
          ],
          [
            0.04219,
            51.660017
          ]
        ]
      },
      "properties": {
        "id": "way/955830027",
        "osmType": "way",
        "osmId": 955830027,
        "name": "Main path",
        "ref": null,
        "highway": "footway",
        "designation": null,
        "foot": null,
        "horse": null,
        "bicycle": "yes",
        "surface": "fine_gravel",
        "osmcSymbol": null,
        "trailVisibility": null,
        "pathType": "footway"
      }
    },
    {
      "type": "Feature",
      "id": "way/955830028",
      "geometry": {
        "type": "LineString",
        "coordinates": [
          [
            0.050361,
            51.654471
          ],
          [
            0.0503095,
            51.6544178
          ]
        ]
      },
      "properties": {
        "id": "way/955830028",
        "osmType": "way",
        "osmId": 955830028,
        "name": "Green Ride",
        "ref": null,
        "highway": "footway",
        "designation": null,
        "foot": "yes",
        "horse": null,
        "bicycle": "yes",
        "surface": null,
        "osmcSymbol": null,
        "trailVisibility": null,
        "pathType": "footway"
      }
    },
    {
      "type": "Feature",
      "id": "way/955830029",
      "geometry": {
        "type": "LineString",
        "coordinates": [
          [
            0.0505364,
            51.6546519
          ],
          [
            0.050361,
            51.654471
          ]
        ]
      },
      "properties": {
        "id": "way/955830029",
        "osmType": "way",
        "osmId": 955830029,
        "name": "Green Ride",
        "ref": null,
        "highway": "footway",
        "designation": null,
        "foot": "yes",
        "horse": null,
        "bicycle": "yes",
        "surface": null,
        "osmcSymbol": null,
        "trailVisibility": null,
        "pathType": "footway"
      }
    },
    {
      "type": "Feature",
      "id": "way/955830031",
      "geometry": {
        "type": "LineString",
        "coordinates": [
          [
            0.0531269,
            51.6609005
          ],
          [
            0.0529851,
            51.6602753
          ],
          [
            0.0529726,
            51.6602202
          ],
          [
            0.05287,
            51.660034
          ]
        ]
      },
      "properties": {
        "id": "way/955830031",
        "osmType": "way",
        "osmId": 955830031,
        "name": "Green Ride",
        "ref": null,
        "highway": "footway",
        "designation": null,
        "foot": "yes",
        "horse": null,
        "bicycle": "yes",
        "surface": null,
        "osmcSymbol": null,
        "trailVisibility": null,
        "pathType": "footway"
      }
    },
    {
      "type": "Feature",
      "id": "way/955836478",
      "geometry": {
        "type": "LineString",
        "coordinates": [
          [
            0.04219,
            51.660017
          ],
          [
            0.042236,
            51.66007
          ],
          [
            0.042271,
            51.660137
          ],
          [
            0.0423482,
            51.6606328
          ],
          [
            0.042363,
            51.660728
          ],
          [
            0.042471,
            51.660962
          ],
          [
            0.042634,
            51.661177
          ],
          [
            0.043329,
            51.661925
          ],
          [
            0.0436806,
            51.6622688
          ]
        ]
      },
      "properties": {
        "id": "way/955836478",
        "osmType": "way",
        "osmId": 955836478,
        "name": "Main path",
        "ref": null,
        "highway": "footway",
        "designation": null,
        "foot": null,
        "horse": null,
        "bicycle": "yes",
        "surface": "fine_gravel",
        "osmcSymbol": null,
        "trailVisibility": null,
        "pathType": "footway"
      }
    },
    {
      "type": "Feature",
      "id": "way/955836479",
      "geometry": {
        "type": "LineString",
        "coordinates": [
          [
            0.0436806,
            51.6622688
          ],
          [
            0.043792,
            51.662417
          ],
          [
            0.043982,
            51.66284
          ],
          [
            0.0442129,
            51.663283
          ]
        ]
      },
      "properties": {
        "id": "way/955836479",
        "osmType": "way",
        "osmId": 955836479,
        "name": "Main path",
        "ref": null,
        "highway": "footway",
        "designation": null,
        "foot": null,
        "horse": null,
        "bicycle": "yes",
        "surface": "fine_gravel",
        "osmcSymbol": null,
        "trailVisibility": null,
        "pathType": "footway"
      }
    },
    {
      "type": "Feature",
      "id": "way/955836481",
      "geometry": {
        "type": "LineString",
        "coordinates": [
          [
            0.050188,
            51.6542847
          ],
          [
            0.0501539,
            51.6542495
          ],
          [
            0.0498242,
            51.6539093
          ],
          [
            0.0493572,
            51.6534605
          ],
          [
            0.0493364,
            51.6534333
          ]
        ]
      },
      "properties": {
        "id": "way/955836481",
        "osmType": "way",
        "osmId": 955836481,
        "name": "Green Ride",
        "ref": null,
        "highway": "footway",
        "designation": null,
        "foot": "yes",
        "horse": null,
        "bicycle": "yes",
        "surface": null,
        "osmcSymbol": null,
        "trailVisibility": null,
        "pathType": "footway"
      }
    },
    {
      "type": "Feature",
      "id": "way/955851092",
      "geometry": {
        "type": "LineString",
        "coordinates": [
          [
            0.0442129,
            51.663283
          ],
          [
            0.044239,
            51.663333
          ],
          [
            0.04425,
            51.663819
          ],
          [
            0.044215,
            51.663938
          ],
          [
            0.044093,
            51.66406
          ]
        ]
      },
      "properties": {
        "id": "way/955851092",
        "osmType": "way",
        "osmId": 955851092,
        "name": "Main path",
        "ref": null,
        "highway": "footway",
        "designation": null,
        "foot": null,
        "horse": null,
        "bicycle": "yes",
        "surface": "fine_gravel",
        "osmcSymbol": null,
        "trailVisibility": null,
        "pathType": "footway"
      }
    },
    {
      "type": "Feature",
      "id": "way/955910755",
      "geometry": {
        "type": "LineString",
        "coordinates": [
          [
            0.044093,
            51.66406
          ],
          [
            0.0439472,
            51.6642099
          ],
          [
            0.0437195,
            51.6644112
          ],
          [
            0.0436716,
            51.6644847
          ]
        ]
      },
      "properties": {
        "id": "way/955910755",
        "osmType": "way",
        "osmId": 955910755,
        "name": "Main path",
        "ref": null,
        "highway": "footway",
        "designation": null,
        "foot": null,
        "horse": null,
        "bicycle": "yes",
        "surface": "fine_gravel",
        "osmcSymbol": null,
        "trailVisibility": null,
        "pathType": "footway"
      }
    },
    {
      "type": "Feature",
      "id": "way/956050976",
      "geometry": {
        "type": "LineString",
        "coordinates": [
          [
            0.0431136,
            51.6503132
          ],
          [
            0.043019,
            51.650172
          ],
          [
            0.042799,
            51.64992
          ],
          [
            0.0424475,
            51.6494653
          ],
          [
            0.04221,
            51.649158
          ],
          [
            0.0419245,
            51.6487601
          ],
          [
            0.041628,
            51.648347
          ],
          [
            0.0414317,
            51.6481171
          ],
          [
            0.041301,
            51.647964
          ],
          [
            0.041189,
            51.647792
          ],
          [
            0.041029,
            51.647651
          ],
          [
            0.0408927,
            51.6475858
          ]
        ]
      },
      "properties": {
        "id": "way/956050976",
        "osmType": "way",
        "osmId": 956050976,
        "name": "Main path",
        "ref": null,
        "highway": "bridleway",
        "designation": null,
        "foot": "yes",
        "horse": null,
        "bicycle": "yes",
        "surface": "fine_gravel",
        "osmcSymbol": null,
        "trailVisibility": null,
        "pathType": "bridleway"
      }
    },
    {
      "type": "Feature",
      "id": "way/969255056",
      "geometry": {
        "type": "LineString",
        "coordinates": [
          [
            0.0567224,
            51.6180027
          ],
          [
            0.0577189,
            51.6178361
          ]
        ]
      },
      "properties": {
        "id": "way/969255056",
        "osmType": "way",
        "osmId": 969255056,
        "name": "Luxborough Lane",
        "ref": null,
        "highway": "unclassified",
        "designation": "public_bridleway",
        "foot": "designated",
        "horse": "designated",
        "bicycle": "designated",
        "surface": "asphalt",
        "osmcSymbol": null,
        "trailVisibility": null,
        "pathType": "bridleway"
      }
    },
    {
      "type": "Feature",
      "id": "way/972559171",
      "geometry": {
        "type": "LineString",
        "coordinates": [
          [
            0.0800049,
            51.6502296
          ],
          [
            0.079913,
            51.6502205
          ],
          [
            0.0798358,
            51.6502128
          ]
        ]
      },
      "properties": {
        "id": "way/972559171",
        "osmType": "way",
        "osmId": 972559171,
        "name": "Paley Gardens",
        "ref": null,
        "highway": "cycleway",
        "designation": null,
        "foot": "yes",
        "horse": null,
        "bicycle": null,
        "surface": null,
        "osmcSymbol": null,
        "trailVisibility": null,
        "pathType": "cycleway"
      }
    },
    {
      "type": "Feature",
      "id": "way/972570775",
      "geometry": {
        "type": "LineString",
        "coordinates": [
          [
            0.0515265,
            51.6789472
          ],
          [
            0.0514756,
            51.6786935
          ],
          [
            0.0514702,
            51.6786502
          ]
        ]
      },
      "properties": {
        "id": "way/972570775",
        "osmType": "way",
        "osmId": 972570775,
        "name": "Woodredon Farm Lane",
        "ref": null,
        "highway": "service",
        "designation": "public_bridleway",
        "foot": "yes",
        "horse": "yes",
        "bicycle": "yes",
        "surface": null,
        "osmcSymbol": null,
        "trailVisibility": null,
        "pathType": "bridleway"
      }
    },
    {
      "type": "Feature",
      "id": "way/982102820",
      "geometry": {
        "type": "LineString",
        "coordinates": [
          [
            0.0241061,
            51.7298886
          ],
          [
            0.0240636,
            51.7300027
          ],
          [
            0.0239455,
            51.7304213
          ],
          [
            0.0238527,
            51.7307267
          ],
          [
            0.0238473,
            51.7309628
          ]
        ]
      },
      "properties": {
        "id": "way/982102820",
        "osmType": "way",
        "osmId": 982102820,
        "name": "Cemetery Lane",
        "ref": null,
        "highway": "service",
        "designation": "public_bridleway",
        "foot": "yes",
        "horse": "yes",
        "bicycle": "yes",
        "surface": null,
        "osmcSymbol": null,
        "trailVisibility": null,
        "pathType": "bridleway"
      }
    },
    {
      "type": "Feature",
      "id": "way/1042782138",
      "geometry": {
        "type": "LineString",
        "coordinates": [
          [
            0.0116162,
            51.597049
          ],
          [
            0.0115601,
            51.5970798
          ],
          [
            0.0115736,
            51.5971047
          ]
        ]
      },
      "properties": {
        "id": "way/1042782138",
        "osmType": "way",
        "osmId": 1042782138,
        "name": "Woodford New Road",
        "ref": null,
        "highway": "cycleway",
        "designation": null,
        "foot": "yes",
        "horse": null,
        "bicycle": null,
        "surface": "asphalt",
        "osmcSymbol": null,
        "trailVisibility": null,
        "pathType": "cycleway"
      }
    },
    {
      "type": "Feature",
      "id": "way/1058172956",
      "geometry": {
        "type": "LineString",
        "coordinates": [
          [
            -0.010472,
            51.6467083
          ],
          [
            -0.0104761,
            51.6466804
          ],
          [
            -0.0105116,
            51.6465465
          ],
          [
            -0.0105945,
            51.6463595
          ],
          [
            -0.0106296,
            51.6462802
          ]
        ]
      },
      "properties": {
        "id": "way/1058172956",
        "osmType": "way",
        "osmId": 1058172956,
        "name": "The Borders",
        "ref": null,
        "highway": "footway",
        "designation": null,
        "foot": null,
        "horse": null,
        "bicycle": null,
        "surface": null,
        "osmcSymbol": null,
        "trailVisibility": null,
        "pathType": "footway"
      }
    },
    {
      "type": "Feature",
      "id": "way/1058172961",
      "geometry": {
        "type": "LineString",
        "coordinates": [
          [
            -0.0107919,
            51.6483639
          ],
          [
            -0.0106732,
            51.6478362
          ],
          [
            -0.0106028,
            51.6475384
          ],
          [
            -0.0105397,
            51.6473237
          ],
          [
            -0.0105055,
            51.647166
          ],
          [
            -0.0104807,
            51.6469975
          ],
          [
            -0.0104626,
            51.646861
          ],
          [
            -0.010472,
            51.6467083
          ]
        ]
      },
      "properties": {
        "id": "way/1058172961",
        "osmType": "way",
        "osmId": 1058172961,
        "name": "Albion Terrace",
        "ref": null,
        "highway": "footway",
        "designation": null,
        "foot": null,
        "horse": null,
        "bicycle": null,
        "surface": null,
        "osmcSymbol": null,
        "trailVisibility": null,
        "pathType": "footway"
      }
    },
    {
      "type": "Feature",
      "id": "way/1058241414",
      "geometry": {
        "type": "LineString",
        "coordinates": [
          [
            -0.02992,
            51.5996894
          ],
          [
            -0.0298787,
            51.5996895
          ],
          [
            -0.0298337,
            51.5996878
          ]
        ]
      },
      "properties": {
        "id": "way/1058241414",
        "osmType": "way",
        "osmId": 1058241414,
        "name": "Billet Road",
        "ref": null,
        "highway": "cycleway",
        "designation": null,
        "foot": "yes",
        "horse": null,
        "bicycle": null,
        "surface": "asphalt",
        "osmcSymbol": null,
        "trailVisibility": null,
        "pathType": "cycleway"
      }
    },
    {
      "type": "Feature",
      "id": "way/1074750030",
      "geometry": {
        "type": "LineString",
        "coordinates": [
          [
            0.1098011,
            51.7078196
          ],
          [
            0.1098928,
            51.7078974
          ],
          [
            0.1099323,
            51.707907
          ],
          [
            0.1099743,
            51.7079069
          ],
          [
            0.1101653,
            51.7079563
          ],
          [
            0.110235,
            51.7080061
          ],
          [
            0.1103396,
            51.708065
          ]
        ]
      },
      "properties": {
        "id": "way/1074750030",
        "osmType": "way",
        "osmId": 1074750030,
        "name": "Bolt Cellar Lane",
        "ref": null,
        "highway": "service",
        "designation": "public_bridleway",
        "foot": "designated",
        "horse": "designated",
        "bicycle": "designated",
        "surface": "grass",
        "osmcSymbol": null,
        "trailVisibility": null,
        "pathType": "bridleway"
      }
    },
    {
      "type": "Feature",
      "id": "way/1096348952",
      "geometry": {
        "type": "LineString",
        "coordinates": [
          [
            -0.0349956,
            51.6768538
          ],
          [
            -0.0349985,
            51.6768203
          ]
        ]
      },
      "properties": {
        "id": "way/1096348952",
        "osmType": "way",
        "osmId": 1096348952,
        "name": "Mandeville Road",
        "ref": null,
        "highway": "cycleway",
        "designation": null,
        "foot": null,
        "horse": null,
        "bicycle": null,
        "surface": "asphalt",
        "osmcSymbol": null,
        "trailVisibility": null,
        "pathType": "cycleway"
      }
    },
    {
      "type": "Feature",
      "id": "way/1097501966",
      "geometry": {
        "type": "LineString",
        "coordinates": [
          [
            -0.0114019,
            51.6868313
          ],
          [
            -0.011435,
            51.6868877
          ],
          [
            -0.0114831,
            51.6869062
          ],
          [
            -0.0116317,
            51.6870781
          ],
          [
            -0.011723,
            51.6871899
          ],
          [
            -0.0117932,
            51.6872874
          ],
          [
            -0.0118729,
            51.6874212
          ]
        ]
      },
      "properties": {
        "id": "way/1097501966",
        "osmType": "way",
        "osmId": 1097501966,
        "name": "Waltons Walk",
        "ref": null,
        "highway": "cycleway",
        "designation": "public_footpath",
        "foot": "designated",
        "horse": null,
        "bicycle": "designated",
        "surface": "asphalt",
        "osmcSymbol": null,
        "trailVisibility": null,
        "pathType": "cycleway"
      }
    },
    {
      "type": "Feature",
      "id": "way/1102285497",
      "geometry": {
        "type": "LineString",
        "coordinates": [
          [
            0.0466962,
            51.6884027
          ],
          [
            0.0469702,
            51.6883246
          ],
          [
            0.047299,
            51.6881453
          ],
          [
            0.047931,
            51.6876742
          ],
          [
            0.048286,
            51.6873198
          ],
          [
            0.0484316,
            51.6869786
          ],
          [
            0.0487973,
            51.6865956
          ],
          [
            0.0493228,
            51.6862368
          ],
          [
            0.0495323,
            51.685922
          ],
          [
            0.0496281,
            51.6857085
          ],
          [
            0.049827,
            51.6855302
          ],
          [
            0.0501572,
            51.6854289
          ],
          [
            0.0504128,
            51.6854378
          ],
          [
            0.0507014,
            51.685368
          ]
        ]
      },
      "properties": {
        "id": "way/1102285497",
        "osmType": "way",
        "osmId": 1102285497,
        "name": "Oxleys Wood Walk",
        "ref": null,
        "highway": "footway",
        "designation": null,
        "foot": "yes",
        "horse": "no",
        "bicycle": "no",
        "surface": "ground",
        "osmcSymbol": null,
        "trailVisibility": null,
        "pathType": "permissive"
      }
    },
    {
      "type": "Feature",
      "id": "way/1123338038",
      "geometry": {
        "type": "LineString",
        "coordinates": [
          [
            0.0013498,
            51.6314959
          ],
          [
            0.001297,
            51.6314979
          ]
        ]
      },
      "properties": {
        "id": "way/1123338038",
        "osmType": "way",
        "osmId": 1123338038,
        "name": "The Green Walk",
        "ref": null,
        "highway": "footway",
        "designation": null,
        "foot": null,
        "horse": null,
        "bicycle": null,
        "surface": "concrete",
        "osmcSymbol": null,
        "trailVisibility": null,
        "pathType": "footway"
      }
    },
    {
      "type": "Feature",
      "id": "way/1135321700",
      "geometry": {
        "type": "LineString",
        "coordinates": [
          [
            -0.0349962,
            51.5991649
          ],
          [
            -0.0350376,
            51.5991485
          ]
        ]
      },
      "properties": {
        "id": "way/1135321700",
        "osmType": "way",
        "osmId": 1135321700,
        "name": "Billet Road",
        "ref": null,
        "highway": "cycleway",
        "designation": null,
        "foot": "yes",
        "horse": null,
        "bicycle": null,
        "surface": "asphalt",
        "osmcSymbol": null,
        "trailVisibility": null,
        "pathType": "cycleway"
      }
    },
    {
      "type": "Feature",
      "id": "way/1135321709",
      "geometry": {
        "type": "LineString",
        "coordinates": [
          [
            -0.0334458,
            51.5993889
          ],
          [
            -0.0334016,
            51.5993913
          ],
          [
            -0.0333997,
            51.5993814
          ]
        ]
      },
      "properties": {
        "id": "way/1135321709",
        "osmType": "way",
        "osmId": 1135321709,
        "name": "Billet Road",
        "ref": null,
        "highway": "cycleway",
        "designation": null,
        "foot": "yes",
        "horse": null,
        "bicycle": null,
        "surface": "asphalt",
        "osmcSymbol": null,
        "trailVisibility": null,
        "pathType": "cycleway"
      }
    },
    {
      "type": "Feature",
      "id": "way/1135321710",
      "geometry": {
        "type": "LineString",
        "coordinates": [
          [
            -0.0331025,
            51.5992773
          ],
          [
            -0.0331682,
            51.5992653
          ],
          [
            -0.0332289,
            51.5992578
          ]
        ]
      },
      "properties": {
        "id": "way/1135321710",
        "osmType": "way",
        "osmId": 1135321710,
        "name": "Billet Road",
        "ref": null,
        "highway": "cycleway",
        "designation": null,
        "foot": "yes",
        "horse": null,
        "bicycle": null,
        "surface": "asphalt",
        "osmcSymbol": null,
        "trailVisibility": null,
        "pathType": "cycleway"
      }
    },
    {
      "type": "Feature",
      "id": "way/1135321712",
      "geometry": {
        "type": "LineString",
        "coordinates": [
          [
            -0.0328406,
            51.5993027
          ],
          [
            -0.0329732,
            51.5992916
          ],
          [
            -0.0331025,
            51.5992773
          ]
        ]
      },
      "properties": {
        "id": "way/1135321712",
        "osmType": "way",
        "osmId": 1135321712,
        "name": "Billet Road",
        "ref": null,
        "highway": "cycleway",
        "designation": null,
        "foot": "yes",
        "horse": null,
        "bicycle": null,
        "surface": "asphalt",
        "osmcSymbol": null,
        "trailVisibility": null,
        "pathType": "cycleway"
      }
    },
    {
      "type": "Feature",
      "id": "way/1135321713",
      "geometry": {
        "type": "LineString",
        "coordinates": [
          [
            -0.0327544,
            51.5993102
          ],
          [
            -0.0327998,
            51.5993061
          ],
          [
            -0.0328406,
            51.5993027
          ]
        ]
      },
      "properties": {
        "id": "way/1135321713",
        "osmType": "way",
        "osmId": 1135321713,
        "name": "Billet Road",
        "ref": null,
        "highway": "cycleway",
        "designation": null,
        "foot": "yes",
        "horse": null,
        "bicycle": null,
        "surface": "asphalt",
        "osmcSymbol": null,
        "trailVisibility": null,
        "pathType": "cycleway"
      }
    },
    {
      "type": "Feature",
      "id": "way/1135321717",
      "geometry": {
        "type": "LineString",
        "coordinates": [
          [
            -0.0300255,
            51.5996863
          ],
          [
            -0.029985,
            51.5996873
          ]
        ]
      },
      "properties": {
        "id": "way/1135321717",
        "osmType": "way",
        "osmId": 1135321717,
        "name": "Billet Road",
        "ref": null,
        "highway": "cycleway",
        "designation": null,
        "foot": "yes",
        "horse": null,
        "bicycle": null,
        "surface": "asphalt",
        "osmcSymbol": null,
        "trailVisibility": null,
        "pathType": "cycleway"
      }
    },
    {
      "type": "Feature",
      "id": "way/1135321718",
      "geometry": {
        "type": "LineString",
        "coordinates": [
          [
            -0.0300791,
            51.5996842
          ],
          [
            -0.03004,
            51.599686
          ]
        ]
      },
      "properties": {
        "id": "way/1135321718",
        "osmType": "way",
        "osmId": 1135321718,
        "name": "Billet Road",
        "ref": null,
        "highway": "cycleway",
        "designation": null,
        "foot": "yes",
        "horse": null,
        "bicycle": null,
        "surface": "asphalt",
        "osmcSymbol": null,
        "trailVisibility": null,
        "pathType": "cycleway"
      }
    },
    {
      "type": "Feature",
      "id": "way/1135321722",
      "geometry": {
        "type": "LineString",
        "coordinates": [
          [
            -0.0279915,
            51.5996762
          ],
          [
            -0.027189,
            51.599639
          ]
        ]
      },
      "properties": {
        "id": "way/1135321722",
        "osmType": "way",
        "osmId": 1135321722,
        "name": "Billet Road",
        "ref": null,
        "highway": "cycleway",
        "designation": null,
        "foot": "yes",
        "horse": null,
        "bicycle": null,
        "surface": "asphalt",
        "osmcSymbol": null,
        "trailVisibility": null,
        "pathType": "cycleway"
      }
    },
    {
      "type": "Feature",
      "id": "way/1135321723",
      "geometry": {
        "type": "LineString",
        "coordinates": [
          [
            -0.0282497,
            51.5996857
          ],
          [
            -0.0282265,
            51.5996891
          ],
          [
            -0.0281898,
            51.5996987
          ],
          [
            -0.0281714,
            51.5997
          ]
        ]
      },
      "properties": {
        "id": "way/1135321723",
        "osmType": "way",
        "osmId": 1135321723,
        "name": "Billet Road",
        "ref": null,
        "highway": "cycleway",
        "designation": null,
        "foot": "yes",
        "horse": null,
        "bicycle": null,
        "surface": "asphalt",
        "osmcSymbol": null,
        "trailVisibility": null,
        "pathType": "cycleway"
      }
    },
    {
      "type": "Feature",
      "id": "way/1135321724",
      "geometry": {
        "type": "LineString",
        "coordinates": [
          [
            -0.0281569,
            51.5996999
          ],
          [
            -0.0281215,
            51.5996995
          ],
          [
            -0.0280846,
            51.5996991
          ]
        ]
      },
      "properties": {
        "id": "way/1135321724",
        "osmType": "way",
        "osmId": 1135321724,
        "name": "Billet Road",
        "ref": null,
        "highway": "cycleway",
        "designation": null,
        "foot": "yes",
        "horse": null,
        "bicycle": null,
        "surface": "asphalt",
        "osmcSymbol": null,
        "trailVisibility": null,
        "pathType": "cycleway"
      }
    },
    {
      "type": "Feature",
      "id": "way/1135321725",
      "geometry": {
        "type": "LineString",
        "coordinates": [
          [
            -0.0280701,
            51.599699
          ],
          [
            -0.0280556,
            51.5996969
          ],
          [
            -0.0279915,
            51.5996762
          ]
        ]
      },
      "properties": {
        "id": "way/1135321725",
        "osmType": "way",
        "osmId": 1135321725,
        "name": "Billet Road",
        "ref": null,
        "highway": "cycleway",
        "designation": null,
        "foot": "yes",
        "horse": null,
        "bicycle": null,
        "surface": "asphalt",
        "osmcSymbol": null,
        "trailVisibility": null,
        "pathType": "cycleway"
      }
    },
    {
      "type": "Feature",
      "id": "way/1135321726",
      "geometry": {
        "type": "LineString",
        "coordinates": [
          [
            -0.0256793,
            51.5995994
          ],
          [
            -0.0256726,
            51.5995254
          ],
          [
            -0.0257717,
            51.5995231
          ]
        ]
      },
      "properties": {
        "id": "way/1135321726",
        "osmType": "way",
        "osmId": 1135321726,
        "name": "Billet Road",
        "ref": null,
        "highway": "cycleway",
        "designation": null,
        "foot": "yes",
        "horse": null,
        "bicycle": null,
        "surface": "asphalt",
        "osmcSymbol": null,
        "trailVisibility": null,
        "pathType": "cycleway"
      }
    },
    {
      "type": "Feature",
      "id": "way/1135321727",
      "geometry": {
        "type": "LineString",
        "coordinates": [
          [
            -0.0253029,
            51.5996172
          ],
          [
            -0.0252575,
            51.5996761
          ],
          [
            -0.024932,
            51.5997105
          ],
          [
            -0.0245235,
            51.5997487
          ]
        ]
      },
      "properties": {
        "id": "way/1135321727",
        "osmType": "way",
        "osmId": 1135321727,
        "name": "Billet Road",
        "ref": null,
        "highway": "cycleway",
        "designation": null,
        "foot": "yes",
        "horse": null,
        "bicycle": null,
        "surface": "asphalt",
        "osmcSymbol": null,
        "trailVisibility": null,
        "pathType": "cycleway"
      }
    },
    {
      "type": "Feature",
      "id": "way/1135321728",
      "geometry": {
        "type": "LineString",
        "coordinates": [
          [
            -0.0238708,
            51.5998369
          ],
          [
            -0.0238316,
            51.599844
          ],
          [
            -0.0237141,
            51.5998634
          ],
          [
            -0.0236448,
            51.5998763
          ]
        ]
      },
      "properties": {
        "id": "way/1135321728",
        "osmType": "way",
        "osmId": 1135321728,
        "name": "Billet Road",
        "ref": null,
        "highway": "cycleway",
        "designation": null,
        "foot": "yes",
        "horse": null,
        "bicycle": null,
        "surface": "asphalt",
        "osmcSymbol": null,
        "trailVisibility": null,
        "pathType": "cycleway"
      }
    },
    {
      "type": "Feature",
      "id": "way/1135321729",
      "geometry": {
        "type": "LineString",
        "coordinates": [
          [
            -0.0234866,
            51.5999116
          ],
          [
            -0.0234776,
            51.5999135
          ],
          [
            -0.0230146,
            51.6000129
          ]
        ]
      },
      "properties": {
        "id": "way/1135321729",
        "osmType": "way",
        "osmId": 1135321729,
        "name": "Billet Road",
        "ref": null,
        "highway": "cycleway",
        "designation": null,
        "foot": "yes",
        "horse": null,
        "bicycle": null,
        "surface": "asphalt",
        "osmcSymbol": null,
        "trailVisibility": null,
        "pathType": "cycleway"
      }
    },
    {
      "type": "Feature",
      "id": "way/1135321730",
      "geometry": {
        "type": "LineString",
        "coordinates": [
          [
            -0.0236448,
            51.5998763
          ],
          [
            -0.0234866,
            51.5999116
          ]
        ]
      },
      "properties": {
        "id": "way/1135321730",
        "osmType": "way",
        "osmId": 1135321730,
        "name": "Billet Road",
        "ref": null,
        "highway": "cycleway",
        "designation": null,
        "foot": "yes",
        "horse": null,
        "bicycle": null,
        "surface": "asphalt",
        "osmcSymbol": null,
        "trailVisibility": null,
        "pathType": "cycleway"
      }
    },
    {
      "type": "Feature",
      "id": "way/1135321731",
      "geometry": {
        "type": "LineString",
        "coordinates": [
          [
            -0.0229192,
            51.6000451
          ],
          [
            -0.0227891,
            51.6000782
          ],
          [
            -0.0226507,
            51.6001134
          ]
        ]
      },
      "properties": {
        "id": "way/1135321731",
        "osmType": "way",
        "osmId": 1135321731,
        "name": "Billet Road",
        "ref": null,
        "highway": "cycleway",
        "designation": null,
        "foot": "yes",
        "horse": null,
        "bicycle": null,
        "surface": "paving_stones",
        "osmcSymbol": null,
        "trailVisibility": null,
        "pathType": "cycleway"
      }
    },
    {
      "type": "Feature",
      "id": "way/1135321732",
      "geometry": {
        "type": "LineString",
        "coordinates": [
          [
            -0.0230146,
            51.6000129
          ],
          [
            -0.0229192,
            51.6000451
          ]
        ]
      },
      "properties": {
        "id": "way/1135321732",
        "osmType": "way",
        "osmId": 1135321732,
        "name": "Billet Road",
        "ref": null,
        "highway": "cycleway",
        "designation": null,
        "foot": "yes",
        "horse": null,
        "bicycle": null,
        "surface": "asphalt",
        "osmcSymbol": null,
        "trailVisibility": null,
        "pathType": "cycleway"
      }
    },
    {
      "type": "Feature",
      "id": "way/1135321733",
      "geometry": {
        "type": "LineString",
        "coordinates": [
          [
            -0.0226507,
            51.6001134
          ],
          [
            -0.0225606,
            51.6001374
          ]
        ]
      },
      "properties": {
        "id": "way/1135321733",
        "osmType": "way",
        "osmId": 1135321733,
        "name": "Billet Road",
        "ref": null,
        "highway": "cycleway",
        "designation": null,
        "foot": "yes",
        "horse": null,
        "bicycle": null,
        "surface": "asphalt",
        "osmcSymbol": null,
        "trailVisibility": null,
        "pathType": "cycleway"
      }
    },
    {
      "type": "Feature",
      "id": "way/1149669294",
      "geometry": {
        "type": "LineString",
        "coordinates": [
          [
            0.069344,
            51.695501
          ],
          [
            0.069404,
            51.695542
          ],
          [
            0.0704174,
            51.6957754
          ],
          [
            0.07141,
            51.696004
          ]
        ]
      },
      "properties": {
        "id": "way/1149669294",
        "osmType": "way",
        "osmId": 1149669294,
        "name": "Copped Hall",
        "ref": null,
        "highway": "footway",
        "designation": "public_footpath",
        "foot": "designated",
        "horse": "no",
        "bicycle": "no",
        "surface": "gravel",
        "osmcSymbol": null,
        "trailVisibility": null,
        "pathType": "footway"
      }
    },
    {
      "type": "Feature",
      "id": "way/1167897708",
      "geometry": {
        "type": "LineString",
        "coordinates": [
          [
            0.0069928,
            51.6486779
          ],
          [
            0.0062502,
            51.6487192
          ],
          [
            0.0059409,
            51.6487381
          ],
          [
            0.0049634,
            51.6487812
          ],
          [
            0.0047528,
            51.6487918
          ],
          [
            0.0036272,
            51.64885
          ],
          [
            0.0032811,
            51.6488753
          ]
        ]
      },
      "properties": {
        "id": "way/1167897708",
        "osmType": "way",
        "osmId": 1167897708,
        "name": "Gilwell Lane",
        "ref": null,
        "highway": "unclassified",
        "designation": "public_bridleway",
        "foot": "designated",
        "horse": "designated",
        "bicycle": "designated",
        "surface": "asphalt",
        "osmcSymbol": null,
        "trailVisibility": null,
        "pathType": "bridleway"
      }
    },
    {
      "type": "Feature",
      "id": "way/1167897713",
      "geometry": {
        "type": "LineString",
        "coordinates": [
          [
            0.0070195,
            51.6486764
          ],
          [
            0.0069928,
            51.6486779
          ]
        ]
      },
      "properties": {
        "id": "way/1167897713",
        "osmType": "way",
        "osmId": 1167897713,
        "name": "Gilwell Lane",
        "ref": null,
        "highway": "unclassified",
        "designation": "public_bridleway",
        "foot": "designated",
        "horse": "designated",
        "bicycle": "designated",
        "surface": "asphalt",
        "osmcSymbol": null,
        "trailVisibility": null,
        "pathType": "bridleway"
      }
    },
    {
      "type": "Feature",
      "id": "way/1179785835",
      "geometry": {
        "type": "LineString",
        "coordinates": [
          [
            -0.0316393,
            51.6119657
          ],
          [
            -0.0315234,
            51.6119754
          ],
          [
            -0.0314518,
            51.61199
          ]
        ]
      },
      "properties": {
        "id": "way/1179785835",
        "osmType": "way",
        "osmId": 1179785835,
        "name": "Hall Lane",
        "ref": null,
        "highway": "cycleway",
        "designation": null,
        "foot": "yes",
        "horse": null,
        "bicycle": null,
        "surface": "paving_stones",
        "osmcSymbol": null,
        "trailVisibility": null,
        "pathType": "cycleway"
      }
    },
    {
      "type": "Feature",
      "id": "way/1186489405",
      "geometry": {
        "type": "LineString",
        "coordinates": [
          [
            -0.0256654,
            51.7354704
          ],
          [
            -0.0257091,
            51.7355861
          ],
          [
            -0.025713,
            51.7357222
          ],
          [
            -0.0257402,
            51.7359642
          ],
          [
            -0.0258243,
            51.7362811
          ],
          [
            -0.0259193,
            51.7365088
          ],
          [
            -0.0260441,
            51.7366668
          ]
        ]
      },
      "properties": {
        "id": "way/1186489405",
        "osmType": "way",
        "osmId": 1186489405,
        "name": "New River Path",
        "ref": null,
        "highway": "footway",
        "designation": null,
        "foot": null,
        "horse": null,
        "bicycle": null,
        "surface": "grass",
        "osmcSymbol": null,
        "trailVisibility": null,
        "pathType": "footway"
      }
    },
    {
      "type": "Feature",
      "id": "way/1189005285",
      "geometry": {
        "type": "LineString",
        "coordinates": [
          [
            0.0142226,
            51.6010941
          ],
          [
            0.0143384,
            51.6011013
          ]
        ]
      },
      "properties": {
        "id": "way/1189005285",
        "osmType": "way",
        "osmId": 1189005285,
        "name": "Woodford New Road",
        "ref": null,
        "highway": "cycleway",
        "designation": null,
        "foot": "no",
        "horse": null,
        "bicycle": null,
        "surface": "asphalt",
        "osmcSymbol": null,
        "trailVisibility": null,
        "pathType": "cycleway"
      }
    },
    {
      "type": "Feature",
      "id": "way/1214330821",
      "geometry": {
        "type": "LineString",
        "coordinates": [
          [
            -0.0136221,
            51.600032
          ],
          [
            -0.01374,
            51.6000514
          ],
          [
            -0.0137735,
            51.6000808
          ],
          [
            -0.0138194,
            51.6002136
          ],
          [
            -0.0138466,
            51.600228
          ]
        ]
      },
      "properties": {
        "id": "way/1214330821",
        "osmType": "way",
        "osmId": 1214330821,
        "name": "Roberts Road",
        "ref": null,
        "highway": "cycleway",
        "designation": null,
        "foot": "yes",
        "horse": null,
        "bicycle": null,
        "surface": "asphalt",
        "osmcSymbol": null,
        "trailVisibility": null,
        "pathType": "cycleway"
      }
    },
    {
      "type": "Feature",
      "id": "way/1216817126",
      "geometry": {
        "type": "LineString",
        "coordinates": [
          [
            -0.0239269,
            51.6984741
          ],
          [
            -0.0239895,
            51.6984825
          ],
          [
            -0.0240522,
            51.6984836
          ],
          [
            -0.0241197,
            51.6984724
          ],
          [
            -0.0241614,
            51.6984454
          ],
          [
            -0.0241798,
            51.698409
          ]
        ]
      },
      "properties": {
        "id": "way/1216817126",
        "osmType": "way",
        "osmId": 1216817126,
        "name": "Waterlilly Walk",
        "ref": null,
        "highway": "footway",
        "designation": null,
        "foot": "yes",
        "horse": null,
        "bicycle": "yes",
        "surface": "asphalt",
        "osmcSymbol": null,
        "trailVisibility": null,
        "pathType": "footway"
      }
    },
    {
      "type": "Feature",
      "id": "way/1216817127",
      "geometry": {
        "type": "LineString",
        "coordinates": [
          [
            -0.0200448,
            51.6979139
          ],
          [
            -0.02013,
            51.6979736
          ],
          [
            -0.0201667,
            51.6980072
          ],
          [
            -0.0202559,
            51.698056
          ],
          [
            -0.020343,
            51.6980931
          ],
          [
            -0.0204431,
            51.6981473
          ],
          [
            -0.0205239,
            51.6981921
          ],
          [
            -0.020627,
            51.6982518
          ],
          [
            -0.0207317,
            51.6982888
          ],
          [
            -0.0208599,
            51.6983131
          ],
          [
            -0.0210768,
            51.6983412
          ]
        ]
      },
      "properties": {
        "id": "way/1216817127",
        "osmType": "way",
        "osmId": 1216817127,
        "name": "Waterlilly Walk",
        "ref": null,
        "highway": "footway",
        "designation": null,
        "foot": "yes",
        "horse": null,
        "bicycle": "yes",
        "surface": "asphalt",
        "osmcSymbol": null,
        "trailVisibility": null,
        "pathType": "footway"
      }
    },
    {
      "type": "Feature",
      "id": "way/1217793224",
      "geometry": {
        "type": "LineString",
        "coordinates": [
          [
            -0.0255806,
            51.5960184
          ],
          [
            -0.0256751,
            51.5960614
          ]
        ]
      },
      "properties": {
        "id": "way/1217793224",
        "osmType": "way",
        "osmId": 1217793224,
        "name": "Pennant Terrace",
        "ref": null,
        "highway": "cycleway",
        "designation": null,
        "foot": "yes",
        "horse": null,
        "bicycle": null,
        "surface": "asphalt",
        "osmcSymbol": null,
        "trailVisibility": null,
        "pathType": "cycleway"
      }
    },
    {
      "type": "Feature",
      "id": "way/1217885708",
      "geometry": {
        "type": "LineString",
        "coordinates": [
          [
            -0.0247839,
            51.5978086
          ],
          [
            -0.0247453,
            51.5977214
          ]
        ]
      },
      "properties": {
        "id": "way/1217885708",
        "osmType": "way",
        "osmId": 1217885708,
        "name": "Ardleigh Road",
        "ref": null,
        "highway": "cycleway",
        "designation": null,
        "foot": "yes",
        "horse": null,
        "bicycle": null,
        "surface": "asphalt",
        "osmcSymbol": null,
        "trailVisibility": null,
        "pathType": "cycleway"
      }
    },
    {
      "type": "Feature",
      "id": "way/1217885710",
      "geometry": {
        "type": "LineString",
        "coordinates": [
          [
            -0.0249854,
            51.597054
          ],
          [
            -0.0248005,
            51.5970815
          ]
        ]
      },
      "properties": {
        "id": "way/1217885710",
        "osmType": "way",
        "osmId": 1217885710,
        "name": "Thorpe Crescent",
        "ref": null,
        "highway": "cycleway",
        "designation": null,
        "foot": "yes",
        "horse": null,
        "bicycle": null,
        "surface": "asphalt",
        "osmcSymbol": null,
        "trailVisibility": null,
        "pathType": "cycleway"
      }
    },
    {
      "type": "Feature",
      "id": "way/1243573134",
      "geometry": {
        "type": "LineString",
        "coordinates": [
          [
            -0.0186131,
            51.687108
          ],
          [
            -0.0187965,
            51.6871648
          ],
          [
            -0.0188604,
            51.6871644
          ],
          [
            -0.0189282,
            51.6871768
          ],
          [
            -0.0189906,
            51.6872007
          ],
          [
            -0.019046,
            51.6872384
          ],
          [
            -0.0190714,
            51.6872837
          ],
          [
            -0.0190699,
            51.6873372
          ],
          [
            -0.0191315,
            51.6873444
          ],
          [
            -0.019113,
            51.6874394
          ],
          [
            -0.0191631,
            51.6875368
          ],
          [
            -0.0192116,
            51.6875473
          ],
          [
            -0.0192578,
            51.6874633
          ],
          [
            -0.0192825,
            51.687396
          ],
          [
            -0.0192871,
            51.6873134
          ],
          [
            -0.019274,
            51.6872379
          ],
          [
            -0.0192424,
            51.6871777
          ],
          [
            -0.0191623,
            51.6871104
          ],
          [
            -0.0190437,
            51.6870555
          ],
          [
            -0.0188989,
            51.6870311
          ],
          [
            -0.0187387,
            51.6870297
          ],
          [
            -0.0185877,
            51.6870736
          ],
          [
            -0.0186131,
            51.687108
          ]
        ]
      },
      "properties": {
        "id": "way/1243573134",
        "osmType": "way",
        "osmId": 1243573134,
        "name": "Green Zone",
        "ref": null,
        "highway": null,
        "designation": null,
        "foot": null,
        "horse": null,
        "bicycle": null,
        "surface": null,
        "osmcSymbol": null,
        "trailVisibility": null,
        "pathType": "permissive"
      }
    },
    {
      "type": "Feature",
      "id": "way/1243885579",
      "geometry": {
        "type": "LineString",
        "coordinates": [
          [
            0.0019379,
            51.6497663
          ],
          [
            0.001859,
            51.6496861
          ],
          [
            0.001804,
            51.6495695
          ],
          [
            0.0017734,
            51.6495295
          ]
        ]
      },
      "properties": {
        "id": "way/1243885579",
        "osmType": "way",
        "osmId": 1243885579,
        "name": "Promise Path",
        "ref": null,
        "highway": "path",
        "designation": null,
        "foot": null,
        "horse": null,
        "bicycle": null,
        "surface": null,
        "osmcSymbol": null,
        "trailVisibility": null,
        "pathType": "trail"
      }
    },
    {
      "type": "Feature",
      "id": "way/1284548382",
      "geometry": {
        "type": "LineString",
        "coordinates": [
          [
            -0.0243239,
            51.5997723
          ],
          [
            -0.0238708,
            51.5998369
          ]
        ]
      },
      "properties": {
        "id": "way/1284548382",
        "osmType": "way",
        "osmId": 1284548382,
        "name": "Billet Road",
        "ref": null,
        "highway": "cycleway",
        "designation": null,
        "foot": "yes",
        "horse": null,
        "bicycle": null,
        "surface": "asphalt",
        "osmcSymbol": null,
        "trailVisibility": null,
        "pathType": "cycleway"
      }
    },
    {
      "type": "Feature",
      "id": "way/1284548383",
      "geometry": {
        "type": "LineString",
        "coordinates": [
          [
            -0.0245235,
            51.5997487
          ],
          [
            -0.0244266,
            51.5997602
          ],
          [
            -0.0243239,
            51.5997723
          ]
        ]
      },
      "properties": {
        "id": "way/1284548383",
        "osmType": "way",
        "osmId": 1284548383,
        "name": "Billet Road",
        "ref": null,
        "highway": "cycleway",
        "designation": null,
        "foot": "yes",
        "horse": null,
        "bicycle": null,
        "surface": "asphalt",
        "osmcSymbol": null,
        "trailVisibility": null,
        "pathType": "cycleway"
      }
    },
    {
      "type": "Feature",
      "id": "way/1297599456",
      "geometry": {
        "type": "LineString",
        "coordinates": [
          [
            0.0032472,
            51.6189307
          ],
          [
            0.0034225,
            51.6188547
          ],
          [
            0.0035352,
            51.6188513
          ]
        ]
      },
      "properties": {
        "id": "way/1297599456",
        "osmType": "way",
        "osmId": 1297599456,
        "name": "New Road",
        "ref": null,
        "highway": "footway",
        "designation": null,
        "foot": null,
        "horse": null,
        "bicycle": null,
        "surface": "asphalt",
        "osmcSymbol": null,
        "trailVisibility": null,
        "pathType": "footway"
      }
    },
    {
      "type": "Feature",
      "id": "way/1297599464",
      "geometry": {
        "type": "LineString",
        "coordinates": [
          [
            0.0034225,
            51.6188547
          ],
          [
            0.0034493,
            51.618751
          ],
          [
            0.0034727,
            51.6186121
          ]
        ]
      },
      "properties": {
        "id": "way/1297599464",
        "osmType": "way",
        "osmId": 1297599464,
        "name": "Hatch Lane",
        "ref": null,
        "highway": "footway",
        "designation": null,
        "foot": null,
        "horse": null,
        "bicycle": null,
        "surface": "asphalt",
        "osmcSymbol": null,
        "trailVisibility": null,
        "pathType": "footway"
      }
    },
    {
      "type": "Feature",
      "id": "way/1308129441",
      "geometry": {
        "type": "LineString",
        "coordinates": [
          [
            0.0376219,
            51.7239751
          ],
          [
            0.0376042,
            51.7238837
          ],
          [
            0.037582,
            51.7237865
          ]
        ]
      },
      "properties": {
        "id": "way/1308129441",
        "osmType": "way",
        "osmId": 1308129441,
        "name": "Bumbles Green Lane",
        "ref": null,
        "highway": "residential",
        "designation": "byway_open_to_all_traffic",
        "foot": null,
        "horse": null,
        "bicycle": null,
        "surface": null,
        "osmcSymbol": null,
        "trailVisibility": null,
        "pathType": "byway"
      }
    },
    {
      "type": "Feature",
      "id": "way/1309032276",
      "geometry": {
        "type": "LineString",
        "coordinates": [
          [
            0.053393,
            51.67591
          ],
          [
            0.0537818,
            51.6760062
          ],
          [
            0.053897,
            51.676002
          ],
          [
            0.054099,
            51.675954
          ],
          [
            0.054465,
            51.675835
          ],
          [
            0.055241,
            51.67565
          ],
          [
            0.055452,
            51.675634
          ],
          [
            0.055636,
            51.675655
          ],
          [
            0.055932,
            51.675722
          ],
          [
            0.056095,
            51.675778
          ],
          [
            0.056194,
            51.67583
          ],
          [
            0.056474,
            51.676055
          ],
          [
            0.056933,
            51.676265
          ],
          [
            0.057396,
            51.676505
          ],
          [
            0.057687,
            51.676577
          ],
          [
            0.057887,
            51.676645
          ],
          [
            0.058239,
            51.676831
          ],
          [
            0.058406,
            51.676876
          ],
          [
            0.0584894,
            51.6768748
          ],
          [
            0.058619,
            51.676873
          ],
          [
            0.058821,
            51.676826
          ],
          [
            0.058938,
            51.676776
          ],
          [
            0.059611,
            51.67641
          ],
          [
            0.060183,
            51.676188
          ],
          [
            0.060754,
            51.6759
          ],
          [
            0.061131,
            51.675666
          ],
          [
            0.0612668,
            51.6756232
          ],
          [
            0.061317,
            51.675616
          ],
          [
            0.061422,
            51.67563
          ],
          [
            0.0614837,
            51.6756632
          ]
        ]
      },
      "properties": {
        "id": "way/1309032276",
        "osmType": "way",
        "osmId": 1309032276,
        "name": "Forest Way",
        "ref": null,
        "highway": "footway",
        "designation": null,
        "foot": null,
        "horse": null,
        "bicycle": "yes",
        "surface": null,
        "osmcSymbol": null,
        "trailVisibility": null,
        "pathType": "footway"
      }
    },
    {
      "type": "Feature",
      "id": "way/1309032277",
      "geometry": {
        "type": "LineString",
        "coordinates": [
          [
            0.0614837,
            51.6756632
          ],
          [
            0.061555,
            51.6757017
          ]
        ]
      },
      "properties": {
        "id": "way/1309032277",
        "osmType": "way",
        "osmId": 1309032277,
        "name": "Forest Way",
        "ref": null,
        "highway": "footway",
        "designation": null,
        "foot": null,
        "horse": null,
        "bicycle": "yes",
        "surface": null,
        "osmcSymbol": null,
        "trailVisibility": null,
        "pathType": "footway"
      }
    },
    {
      "type": "Feature",
      "id": "way/1309032278",
      "geometry": {
        "type": "LineString",
        "coordinates": [
          [
            0.0668971,
            51.6789967
          ],
          [
            0.067163,
            51.679027
          ],
          [
            0.0673211,
            51.6790328
          ],
          [
            0.067623,
            51.679044
          ],
          [
            0.06798,
            51.679037
          ],
          [
            0.068271,
            51.679082
          ],
          [
            0.068515,
            51.679091
          ],
          [
            0.0687595,
            51.6790903
          ]
        ]
      },
      "properties": {
        "id": "way/1309032278",
        "osmType": "way",
        "osmId": 1309032278,
        "name": "Forest Way",
        "ref": null,
        "highway": "footway",
        "designation": null,
        "foot": null,
        "horse": null,
        "bicycle": "yes",
        "surface": null,
        "osmcSymbol": null,
        "trailVisibility": null,
        "pathType": "footway"
      }
    },
    {
      "type": "Feature",
      "id": "way/1309032279",
      "geometry": {
        "type": "LineString",
        "coordinates": [
          [
            0.0668044,
            51.6789861
          ],
          [
            0.0668971,
            51.6789967
          ]
        ]
      },
      "properties": {
        "id": "way/1309032279",
        "osmType": "way",
        "osmId": 1309032279,
        "name": "Forest Way",
        "ref": null,
        "highway": "footway",
        "designation": null,
        "foot": null,
        "horse": null,
        "bicycle": "yes",
        "surface": null,
        "osmcSymbol": null,
        "trailVisibility": null,
        "pathType": "footway"
      }
    },
    {
      "type": "Feature",
      "id": "way/1312213503",
      "geometry": {
        "type": "LineString",
        "coordinates": [
          [
            -0.0116577,
            51.6969764
          ],
          [
            -0.0115737,
            51.6969816
          ],
          [
            -0.0114982,
            51.6969893
          ]
        ]
      },
      "properties": {
        "id": "way/1312213503",
        "osmType": "way",
        "osmId": 1312213503,
        "name": "BR41",
        "ref": null,
        "highway": "path",
        "designation": null,
        "foot": null,
        "horse": null,
        "bicycle": null,
        "surface": null,
        "osmcSymbol": null,
        "trailVisibility": null,
        "pathType": "trail"
      }
    },
    {
      "type": "Feature",
      "id": "way/1312428424",
      "geometry": {
        "type": "LineString",
        "coordinates": [
          [
            0.0589709,
            51.7245731
          ],
          [
            0.059503,
            51.7247645
          ]
        ]
      },
      "properties": {
        "id": "way/1312428424",
        "osmType": "way",
        "osmId": 1312428424,
        "name": "Forest Way",
        "ref": null,
        "highway": "bridleway",
        "designation": "public_bridleway",
        "foot": "yes",
        "horse": "yes",
        "bicycle": "yes",
        "surface": "dirt",
        "osmcSymbol": null,
        "trailVisibility": null,
        "pathType": "bridleway"
      }
    },
    {
      "type": "Feature",
      "id": "way/1312571672",
      "geometry": {
        "type": "LineString",
        "coordinates": [
          [
            -0.0078783,
            51.6918556
          ],
          [
            -0.0077461,
            51.6918923
          ]
        ]
      },
      "properties": {
        "id": "way/1312571672",
        "osmType": "way",
        "osmId": 1312571672,
        "name": "BR4",
        "ref": null,
        "highway": "path",
        "designation": null,
        "foot": null,
        "horse": null,
        "bicycle": null,
        "surface": null,
        "osmcSymbol": null,
        "trailVisibility": null,
        "pathType": "trail"
      }
    },
    {
      "type": "Feature",
      "id": "way/1313671865",
      "geometry": {
        "type": "LineString",
        "coordinates": [
          [
            -0.0113311,
            51.694157
          ],
          [
            -0.0114066,
            51.6940791
          ]
        ]
      },
      "properties": {
        "id": "way/1313671865",
        "osmType": "way",
        "osmId": 1313671865,
        "name": "BR7",
        "ref": null,
        "highway": "footway",
        "designation": null,
        "foot": null,
        "horse": null,
        "bicycle": null,
        "surface": null,
        "osmcSymbol": null,
        "trailVisibility": null,
        "pathType": "footway"
      }
    },
    {
      "type": "Feature",
      "id": "way/1314504485",
      "geometry": {
        "type": "LineString",
        "coordinates": [
          [
            0.0092036,
            51.6069836
          ],
          [
            0.0090955,
            51.6069649
          ],
          [
            0.0084159,
            51.6067086
          ]
        ]
      },
      "properties": {
        "id": "way/1314504485",
        "osmType": "way",
        "osmId": 1314504485,
        "name": "Conyers Close",
        "ref": null,
        "highway": "footway",
        "designation": null,
        "foot": null,
        "horse": null,
        "bicycle": null,
        "surface": null,
        "osmcSymbol": null,
        "trailVisibility": null,
        "pathType": "footway"
      }
    },
    {
      "type": "Feature",
      "id": "way/1314504486",
      "geometry": {
        "type": "LineString",
        "coordinates": [
          [
            0.0084628,
            51.6066623
          ],
          [
            0.0084093,
            51.6066406
          ]
        ]
      },
      "properties": {
        "id": "way/1314504486",
        "osmType": "way",
        "osmId": 1314504486,
        "name": "Conyers Close",
        "ref": null,
        "highway": "footway",
        "designation": null,
        "foot": null,
        "horse": null,
        "bicycle": null,
        "surface": null,
        "osmcSymbol": null,
        "trailVisibility": null,
        "pathType": "footway"
      }
    },
    {
      "type": "Feature",
      "id": "way/1314504487",
      "geometry": {
        "type": "LineString",
        "coordinates": [
          [
            0.0092921,
            51.606959
          ],
          [
            0.0092239,
            51.6069439
          ]
        ]
      },
      "properties": {
        "id": "way/1314504487",
        "osmType": "way",
        "osmId": 1314504487,
        "name": "Conyers Close",
        "ref": null,
        "highway": "footway",
        "designation": null,
        "foot": null,
        "horse": null,
        "bicycle": null,
        "surface": null,
        "osmcSymbol": null,
        "trailVisibility": null,
        "pathType": "footway"
      }
    },
    {
      "type": "Feature",
      "id": "way/1316200098",
      "geometry": {
        "type": "LineString",
        "coordinates": [
          [
            -0.0086576,
            51.6969441
          ],
          [
            -0.0084725,
            51.696964
          ]
        ]
      },
      "properties": {
        "id": "way/1316200098",
        "osmType": "way",
        "osmId": 1316200098,
        "name": "BR9",
        "ref": null,
        "highway": "path",
        "designation": null,
        "foot": null,
        "horse": null,
        "bicycle": null,
        "surface": null,
        "osmcSymbol": null,
        "trailVisibility": null,
        "pathType": "trail"
      }
    },
    {
      "type": "Feature",
      "id": "way/1350368329",
      "geometry": {
        "type": "LineString",
        "coordinates": [
          [
            -0.0298429,
            51.7229814
          ],
          [
            -0.0293815,
            51.7229108
          ],
          [
            -0.0292458,
            51.722894
          ],
          [
            -0.0291047,
            51.7228839
          ],
          [
            -0.0289635,
            51.7228906
          ],
          [
            -0.028817,
            51.7229209
          ],
          [
            -0.0285783,
            51.7229813
          ],
          [
            -0.0285199,
            51.7229904
          ]
        ]
      },
      "properties": {
        "id": "way/1350368329",
        "osmType": "way",
        "osmId": 1350368329,
        "name": "Canada Lane",
        "ref": null,
        "highway": "footway",
        "designation": "public_footpath",
        "foot": "designated",
        "horse": null,
        "bicycle": null,
        "surface": "asphalt",
        "osmcSymbol": null,
        "trailVisibility": null,
        "pathType": "footway"
      }
    },
    {
      "type": "Feature",
      "id": "way/1354637111",
      "geometry": {
        "type": "LineString",
        "coordinates": [
          [
            0.009866,
            51.6335016
          ],
          [
            0.0098134,
            51.633505
          ],
          [
            0.009709,
            51.6334594
          ],
          [
            0.0095509,
            51.6333955
          ],
          [
            0.0095419,
            51.6333771
          ],
          [
            0.0095411,
            51.6333663
          ]
        ]
      },
      "properties": {
        "id": "way/1354637111",
        "osmType": "way",
        "osmId": 1354637111,
        "name": "Station Road",
        "ref": null,
        "highway": "footway",
        "designation": null,
        "foot": null,
        "horse": null,
        "bicycle": null,
        "surface": "paving_stones",
        "osmcSymbol": null,
        "trailVisibility": null,
        "pathType": "footway"
      }
    },
    {
      "type": "Feature",
      "id": "way/1355018737",
      "geometry": {
        "type": "LineString",
        "coordinates": [
          [
            -0.0164174,
            51.6028764
          ],
          [
            -0.0164054,
            51.6030199
          ],
          [
            -0.0163772,
            51.6033303
          ],
          [
            -0.0163678,
            51.6033787
          ],
          [
            -0.0163376,
            51.6034782
          ],
          [
            -0.0163303,
            51.6035107
          ],
          [
            -0.0163276,
            51.6035498
          ],
          [
            -0.016343,
            51.6036885
          ],
          [
            -0.016354,
            51.6037488
          ],
          [
            -0.0163567,
            51.6038297
          ],
          [
            -0.0163611,
            51.603943
          ],
          [
            -0.0163584,
            51.6042029
          ]
        ]
      },
      "properties": {
        "id": "way/1355018737",
        "osmType": "way",
        "osmId": 1355018737,
        "name": "Chingford Road",
        "ref": null,
        "highway": "footway",
        "designation": null,
        "foot": null,
        "horse": null,
        "bicycle": null,
        "surface": "asphalt",
        "osmcSymbol": null,
        "trailVisibility": null,
        "pathType": "footway"
      }
    },
    {
      "type": "Feature",
      "id": "way/1355018739",
      "geometry": {
        "type": "LineString",
        "coordinates": [
          [
            -0.0163581,
            51.6042709
          ],
          [
            -0.0163581,
            51.6042942
          ],
          [
            -0.0163481,
            51.6046378
          ],
          [
            -0.016342,
            51.6048488
          ]
        ]
      },
      "properties": {
        "id": "way/1355018739",
        "osmType": "way",
        "osmId": 1355018739,
        "name": "Chingford Road",
        "ref": null,
        "highway": "footway",
        "designation": null,
        "foot": null,
        "horse": null,
        "bicycle": null,
        "surface": "asphalt",
        "osmcSymbol": null,
        "trailVisibility": null,
        "pathType": "footway"
      }
    },
    {
      "type": "Feature",
      "id": "way/1355149314",
      "geometry": {
        "type": "LineString",
        "coordinates": [
          [
            -0.0197246,
            51.6007215
          ],
          [
            -0.0196895,
            51.6005711
          ],
          [
            -0.019684,
            51.6005474
          ],
          [
            -0.0196695,
            51.6004824
          ]
        ]
      },
      "properties": {
        "id": "way/1355149314",
        "osmType": "way",
        "osmId": 1355149314,
        "name": "Waltham Park Way",
        "ref": null,
        "highway": "unclassified",
        "designation": null,
        "foot": null,
        "horse": null,
        "bicycle": null,
        "surface": "asphalt",
        "osmcSymbol": null,
        "trailVisibility": null,
        "pathType": "permissive"
      }
    },
    {
      "type": "Feature",
      "id": "way/1355228802",
      "geometry": {
        "type": "LineString",
        "coordinates": [
          [
            -0.016572,
            51.6041119
          ],
          [
            -0.0165692,
            51.6041323
          ],
          [
            -0.0165553,
            51.6046097
          ],
          [
            -0.0165547,
            51.6046392
          ],
          [
            -0.0165517,
            51.6048007
          ],
          [
            -0.01655,
            51.6048887
          ],
          [
            -0.0165479,
            51.6049369
          ],
          [
            -0.0165787,
            51.605042
          ],
          [
            -0.0165921,
            51.6050917
          ],
          [
            -0.0166393,
            51.6052661
          ],
          [
            -0.0166682,
            51.6053732
          ],
          [
            -0.0167233,
            51.6056135
          ],
          [
            -0.016748,
            51.6057216
          ],
          [
            -0.0168119,
            51.6061044
          ],
          [
            -0.0168617,
            51.6063754
          ],
          [
            -0.0168692,
            51.6064164
          ],
          [
            -0.0169098,
            51.606704
          ],
          [
            -0.0169163,
            51.606759
          ],
          [
            -0.0169502,
            51.6070451
          ],
          [
            -0.0169611,
            51.6071396
          ],
          [
            -0.0169832,
            51.60733
          ],
          [
            -0.0170131,
            51.6075846
          ],
          [
            -0.0170152,
            51.6076024
          ]
        ]
      },
      "properties": {
        "id": "way/1355228802",
        "osmType": "way",
        "osmId": 1355228802,
        "name": "Salisbury Hall Gardens",
        "ref": null,
        "highway": "footway",
        "designation": null,
        "foot": null,
        "horse": null,
        "bicycle": null,
        "surface": "asphalt",
        "osmcSymbol": null,
        "trailVisibility": null,
        "pathType": "footway"
      }
    },
    {
      "type": "Feature",
      "id": "way/1355228806",
      "geometry": {
        "type": "LineString",
        "coordinates": [
          [
            -0.0170905,
            51.6083167
          ],
          [
            -0.0170997,
            51.6083748
          ],
          [
            -0.0171259,
            51.6084747
          ],
          [
            -0.0171396,
            51.6085128
          ],
          [
            -0.017152,
            51.6085472
          ],
          [
            -0.0171548,
            51.608554
          ],
          [
            -0.0172438,
            51.6087264
          ],
          [
            -0.0172519,
            51.608742
          ],
          [
            -0.0172733,
            51.6087797
          ],
          [
            -0.0172986,
            51.6088274
          ],
          [
            -0.0175228,
            51.6092488
          ],
          [
            -0.0176041,
            51.6094064
          ],
          [
            -0.0176087,
            51.6094154
          ],
          [
            -0.0176194,
            51.6094229
          ],
          [
            -0.0176348,
            51.6094258
          ],
          [
            -0.0176556,
            51.6094652
          ],
          [
            -0.0176663,
            51.6094875
          ],
          [
            -0.0176701,
            51.6094953
          ],
          [
            -0.0177723,
            51.6097044
          ],
          [
            -0.0178386,
            51.6098283
          ]
        ]
      },
      "properties": {
        "id": "way/1355228806",
        "osmType": "way",
        "osmId": 1355228806,
        "name": "Chingford Mount Road",
        "ref": null,
        "highway": "footway",
        "designation": null,
        "foot": null,
        "horse": null,
        "bicycle": null,
        "surface": "asphalt",
        "osmcSymbol": null,
        "trailVisibility": null,
        "pathType": "footway"
      }
    },
    {
      "type": "Feature",
      "id": "way/1385894139",
      "geometry": {
        "type": "LineString",
        "coordinates": [
          [
            -0.0237282,
            51.6884161
          ],
          [
            -0.0236041,
            51.6883787
          ],
          [
            -0.0235941,
            51.6883629
          ]
        ]
      },
      "properties": {
        "id": "way/1385894139",
        "osmType": "way",
        "osmId": 1385894139,
        "name": "Willow Tree Drive",
        "ref": null,
        "highway": "footway",
        "designation": null,
        "foot": null,
        "horse": null,
        "bicycle": null,
        "surface": null,
        "osmcSymbol": null,
        "trailVisibility": null,
        "pathType": "footway"
      }
    },
    {
      "type": "Feature",
      "id": "way/1387338674",
      "geometry": {
        "type": "LineString",
        "coordinates": [
          [
            -0.0271095,
            51.5995892
          ],
          [
            -0.0271106,
            51.5995802
          ]
        ]
      },
      "properties": {
        "id": "way/1387338674",
        "osmType": "way",
        "osmId": 1387338674,
        "name": "Billet Road",
        "ref": null,
        "highway": "cycleway",
        "designation": null,
        "foot": "yes",
        "horse": null,
        "bicycle": null,
        "surface": "asphalt",
        "osmcSymbol": null,
        "trailVisibility": null,
        "pathType": "cycleway"
      }
    },
    {
      "type": "Feature",
      "id": "way/1387338675",
      "geometry": {
        "type": "LineString",
        "coordinates": [
          [
            -0.0281714,
            51.5997
          ],
          [
            -0.0281569,
            51.5996999
          ]
        ]
      },
      "properties": {
        "id": "way/1387338675",
        "osmType": "way",
        "osmId": 1387338675,
        "name": "Billet Road",
        "ref": null,
        "highway": "cycleway",
        "designation": null,
        "foot": "yes",
        "horse": null,
        "bicycle": null,
        "surface": "asphalt",
        "osmcSymbol": null,
        "trailVisibility": null,
        "pathType": "cycleway"
      }
    },
    {
      "type": "Feature",
      "id": "way/1387338676",
      "geometry": {
        "type": "LineString",
        "coordinates": [
          [
            -0.0280846,
            51.5996991
          ],
          [
            -0.0280701,
            51.599699
          ]
        ]
      },
      "properties": {
        "id": "way/1387338676",
        "osmType": "way",
        "osmId": 1387338676,
        "name": "Billet Road",
        "ref": null,
        "highway": "cycleway",
        "designation": null,
        "foot": "yes",
        "horse": null,
        "bicycle": null,
        "surface": "asphalt",
        "osmcSymbol": null,
        "trailVisibility": null,
        "pathType": "cycleway"
      }
    },
    {
      "type": "Feature",
      "id": "way/1387338681",
      "geometry": {
        "type": "LineString",
        "coordinates": [
          [
            -0.0299199,
            51.5996804
          ],
          [
            -0.0299198,
            51.5996765
          ]
        ]
      },
      "properties": {
        "id": "way/1387338681",
        "osmType": "way",
        "osmId": 1387338681,
        "name": "Billet Road",
        "ref": null,
        "highway": "cycleway",
        "designation": null,
        "foot": "yes",
        "horse": null,
        "bicycle": null,
        "surface": "asphalt",
        "osmcSymbol": null,
        "trailVisibility": null,
        "pathType": "cycleway"
      }
    },
    {
      "type": "Feature",
      "id": "way/1387338683",
      "geometry": {
        "type": "LineString",
        "coordinates": [
          [
            -0.0300935,
            51.5996836
          ],
          [
            -0.0300791,
            51.5996842
          ]
        ]
      },
      "properties": {
        "id": "way/1387338683",
        "osmType": "way",
        "osmId": 1387338683,
        "name": "Billet Road",
        "ref": null,
        "highway": "cycleway",
        "designation": null,
        "foot": "yes",
        "horse": null,
        "bicycle": null,
        "surface": "asphalt",
        "osmcSymbol": null,
        "trailVisibility": null,
        "pathType": "cycleway"
      }
    },
    {
      "type": "Feature",
      "id": "way/1396777482",
      "geometry": {
        "type": "LineString",
        "coordinates": [
          [
            -0.0094428,
            51.6902961
          ],
          [
            -0.0096931,
            51.6902517
          ]
        ]
      },
      "properties": {
        "id": "way/1396777482",
        "osmType": "way",
        "osmId": 1396777482,
        "name": "BR17",
        "ref": null,
        "highway": "footway",
        "designation": null,
        "foot": "yes",
        "horse": null,
        "bicycle": null,
        "surface": null,
        "osmcSymbol": null,
        "trailVisibility": null,
        "pathType": "footway"
      }
    },
    {
      "type": "Feature",
      "id": "way/1412790802",
      "geometry": {
        "type": "LineString",
        "coordinates": [
          [
            0.0162618,
            51.6217774
          ],
          [
            0.0163112,
            51.6217601
          ],
          [
            0.0164623,
            51.6217075
          ],
          [
            0.0164798,
            51.6216743
          ],
          [
            0.0164716,
            51.6216375
          ],
          [
            0.0164067,
            51.6215059
          ],
          [
            0.0163961,
            51.6212565
          ]
        ]
      },
      "properties": {
        "id": "way/1412790802",
        "osmType": "way",
        "osmId": 1412790802,
        "name": "Newgate Street",
        "ref": null,
        "highway": "track",
        "designation": null,
        "foot": null,
        "horse": null,
        "bicycle": null,
        "surface": null,
        "osmcSymbol": null,
        "trailVisibility": null,
        "pathType": "track"
      }
    },
    {
      "type": "Feature",
      "id": "way/1412790803",
      "geometry": {
        "type": "LineString",
        "coordinates": [
          [
            0.0161926,
            51.6218071
          ],
          [
            0.0162618,
            51.6217774
          ]
        ]
      },
      "properties": {
        "id": "way/1412790803",
        "osmType": "way",
        "osmId": 1412790803,
        "name": "Newgate Street",
        "ref": null,
        "highway": "track",
        "designation": null,
        "foot": null,
        "horse": null,
        "bicycle": null,
        "surface": null,
        "osmcSymbol": null,
        "trailVisibility": null,
        "pathType": "track"
      }
    },
    {
      "type": "Feature",
      "id": "way/1419371227",
      "geometry": {
        "type": "LineString",
        "coordinates": [
          [
            0.0587952,
            51.6068491
          ],
          [
            0.059495,
            51.6068994
          ],
          [
            0.0597927,
            51.6069208
          ]
        ]
      },
      "properties": {
        "id": "way/1419371227",
        "osmType": "way",
        "osmId": 1419371227,
        "name": "Manor Road",
        "ref": null,
        "highway": "footway",
        "designation": null,
        "foot": null,
        "horse": null,
        "bicycle": null,
        "surface": "asphalt",
        "osmcSymbol": null,
        "trailVisibility": null,
        "pathType": "footway"
      }
    },
    {
      "type": "Feature",
      "id": "way/1419372106",
      "geometry": {
        "type": "LineString",
        "coordinates": [
          [
            0.0728954,
            51.596066
          ],
          [
            0.0729522,
            51.5960546
          ]
        ]
      },
      "properties": {
        "id": "way/1419372106",
        "osmType": "way",
        "osmId": 1419372106,
        "name": "Fullwell Avenue",
        "ref": null,
        "highway": "footway",
        "designation": null,
        "foot": null,
        "horse": null,
        "bicycle": null,
        "surface": "paved",
        "osmcSymbol": null,
        "trailVisibility": null,
        "pathType": "footway"
      }
    },
    {
      "type": "Feature",
      "id": "way/1419680951",
      "geometry": {
        "type": "LineString",
        "coordinates": [
          [
            0.011559,
            51.6340747
          ],
          [
            0.0114919,
            51.634063
          ]
        ]
      },
      "properties": {
        "id": "way/1419680951",
        "osmType": "way",
        "osmId": 1419680951,
        "name": "Station Road",
        "ref": null,
        "highway": "footway",
        "designation": null,
        "foot": null,
        "horse": null,
        "bicycle": null,
        "surface": "asphalt",
        "osmcSymbol": null,
        "trailVisibility": null,
        "pathType": "footway"
      }
    },
    {
      "type": "Feature",
      "id": "way/1419680955",
      "geometry": {
        "type": "LineString",
        "coordinates": [
          [
            0.0111806,
            51.6340289
          ],
          [
            0.0112529,
            51.6340346
          ],
          [
            0.0113122,
            51.6340301
          ]
        ]
      },
      "properties": {
        "id": "way/1419680955",
        "osmType": "way",
        "osmId": 1419680955,
        "name": "Station Road",
        "ref": null,
        "highway": "footway",
        "designation": null,
        "foot": null,
        "horse": null,
        "bicycle": null,
        "surface": "asphalt",
        "osmcSymbol": null,
        "trailVisibility": null,
        "pathType": "footway"
      }
    },
    {
      "type": "Feature",
      "id": "way/1426406113",
      "geometry": {
        "type": "LineString",
        "coordinates": [
          [
            0.0493364,
            51.6534333
          ],
          [
            0.0491002,
            51.6531024
          ],
          [
            0.0488701,
            51.6529217
          ],
          [
            0.0486487,
            51.6527576
          ],
          [
            0.0486099,
            51.6527288
          ]
        ]
      },
      "properties": {
        "id": "way/1426406113",
        "osmType": "way",
        "osmId": 1426406113,
        "name": "Green Ride",
        "ref": null,
        "highway": "footway",
        "designation": null,
        "foot": "yes",
        "horse": null,
        "bicycle": "yes",
        "surface": null,
        "osmcSymbol": null,
        "trailVisibility": null,
        "pathType": "footway"
      }
    },
    {
      "type": "Feature",
      "id": "way/1433720995",
      "geometry": {
        "type": "LineString",
        "coordinates": [
          [
            -0.0214949,
            51.5963175
          ],
          [
            -0.0214462,
            51.5962799
          ],
          [
            -0.0213582,
            51.5961813
          ],
          [
            -0.0212393,
            51.5958737
          ],
          [
            -0.0212212,
            51.5957659
          ],
          [
            -0.0212151,
            51.5954525
          ],
          [
            -0.0211868,
            51.5950201
          ],
          [
            -0.021129,
            51.5947174
          ],
          [
            -0.021085,
            51.5943966
          ]
        ]
      },
      "properties": {
        "id": "way/1433720995",
        "osmType": "way",
        "osmId": 1433720995,
        "name": "Lime Avenue",
        "ref": null,
        "highway": "footway",
        "designation": null,
        "foot": null,
        "horse": null,
        "bicycle": "yes",
        "surface": "asphalt",
        "osmcSymbol": null,
        "trailVisibility": null,
        "pathType": "footway"
      }
    },
    {
      "type": "Feature",
      "id": "way/1433720996",
      "geometry": {
        "type": "LineString",
        "coordinates": [
          [
            -0.0216905,
            51.5966645
          ],
          [
            -0.0216475,
            51.5965959
          ]
        ]
      },
      "properties": {
        "id": "way/1433720996",
        "osmType": "way",
        "osmId": 1433720996,
        "name": "Lime Avenue",
        "ref": null,
        "highway": "footway",
        "designation": null,
        "foot": null,
        "horse": null,
        "bicycle": "yes",
        "surface": "asphalt",
        "osmcSymbol": null,
        "trailVisibility": null,
        "pathType": "footway"
      }
    },
    {
      "type": "Feature",
      "id": "way/1436650349",
      "geometry": {
        "type": "LineString",
        "coordinates": [
          [
            0.0092472,
            51.6068984
          ],
          [
            0.0092239,
            51.6069439
          ],
          [
            0.0092036,
            51.6069836
          ]
        ]
      },
      "properties": {
        "id": "way/1436650349",
        "osmType": "way",
        "osmId": 1436650349,
        "name": "Conyers Close",
        "ref": null,
        "highway": "footway",
        "designation": null,
        "foot": null,
        "horse": null,
        "bicycle": null,
        "surface": null,
        "osmcSymbol": null,
        "trailVisibility": null,
        "pathType": "footway"
      }
    },
    {
      "type": "Feature",
      "id": "way/1436650350",
      "geometry": {
        "type": "LineString",
        "coordinates": [
          [
            0.0085074,
            51.6066183
          ],
          [
            0.0091683,
            51.6068829
          ],
          [
            0.0092472,
            51.6068984
          ]
        ]
      },
      "properties": {
        "id": "way/1436650350",
        "osmType": "way",
        "osmId": 1436650350,
        "name": "Conyers Close",
        "ref": null,
        "highway": "footway",
        "designation": null,
        "foot": null,
        "horse": null,
        "bicycle": null,
        "surface": null,
        "osmcSymbol": null,
        "trailVisibility": null,
        "pathType": "footway"
      }
    },
    {
      "type": "Feature",
      "id": "way/1436650351",
      "geometry": {
        "type": "LineString",
        "coordinates": [
          [
            0.0084159,
            51.6067086
          ],
          [
            0.0084628,
            51.6066623
          ],
          [
            0.0085074,
            51.6066183
          ]
        ]
      },
      "properties": {
        "id": "way/1436650351",
        "osmType": "way",
        "osmId": 1436650351,
        "name": "Conyers Close",
        "ref": null,
        "highway": "footway",
        "designation": null,
        "foot": null,
        "horse": null,
        "bicycle": null,
        "surface": null,
        "osmcSymbol": null,
        "trailVisibility": null,
        "pathType": "footway"
      }
    },
    {
      "type": "Feature",
      "id": "way/1442174738",
      "geometry": {
        "type": "LineString",
        "coordinates": [
          [
            -0.016692,
            51.6032216
          ],
          [
            -0.0166813,
            51.6032279
          ],
          [
            -0.0166645,
            51.6032424
          ],
          [
            -0.016635,
            51.6032687
          ],
          [
            -0.0166136,
            51.6032991
          ],
          [
            -0.0166022,
            51.6033162
          ],
          [
            -0.0165992,
            51.6033269
          ],
          [
            -0.0165901,
            51.6033595
          ],
          [
            -0.0165777,
            51.6034349
          ],
          [
            -0.0165702,
            51.6038322
          ],
          [
            -0.0165714,
            51.6039706
          ],
          [
            -0.0165724,
            51.604092
          ],
          [
            -0.0165721,
            51.6041066
          ],
          [
            -0.016572,
            51.6041119
          ]
        ]
      },
      "properties": {
        "id": "way/1442174738",
        "osmType": "way",
        "osmId": 1442174738,
        "name": "Chingford Road",
        "ref": null,
        "highway": "footway",
        "designation": null,
        "foot": null,
        "horse": null,
        "bicycle": null,
        "surface": "asphalt",
        "osmcSymbol": null,
        "trailVisibility": null,
        "pathType": "footway"
      }
    },
    {
      "type": "Feature",
      "id": "way/1442174745",
      "geometry": {
        "type": "LineString",
        "coordinates": [
          [
            -0.0171996,
            51.6078838
          ],
          [
            -0.0171614,
            51.6078946
          ],
          [
            -0.0171218,
            51.6079121
          ],
          [
            -0.0170984,
            51.6079275
          ],
          [
            -0.0170729,
            51.6079525
          ],
          [
            -0.0170608,
            51.6079808
          ],
          [
            -0.0170603,
            51.607996
          ],
          [
            -0.0170595,
            51.6080174
          ],
          [
            -0.0170626,
            51.6080496
          ],
          [
            -0.017085,
            51.6082823
          ],
          [
            -0.0170887,
            51.6083056
          ],
          [
            -0.0170905,
            51.6083167
          ]
        ]
      },
      "properties": {
        "id": "way/1442174745",
        "osmType": "way",
        "osmId": 1442174745,
        "name": "Salisbury Hall Gardens",
        "ref": null,
        "highway": "footway",
        "designation": null,
        "foot": null,
        "horse": null,
        "bicycle": null,
        "surface": "asphalt",
        "osmcSymbol": null,
        "trailVisibility": null,
        "pathType": "footway"
      }
    },
    {
      "type": "Feature",
      "id": "way/1442197563",
      "geometry": {
        "type": "LineString",
        "coordinates": [
          [
            -0.0077952,
            51.6177255
          ],
          [
            -0.0077927,
            51.6177397
          ]
        ]
      },
      "properties": {
        "id": "way/1442197563",
        "osmType": "way",
        "osmId": 1442197563,
        "name": "Normanshire Avenue",
        "ref": null,
        "highway": "cycleway",
        "designation": null,
        "foot": "no",
        "horse": null,
        "bicycle": null,
        "surface": "asphalt",
        "osmcSymbol": null,
        "trailVisibility": null,
        "pathType": "cycleway"
      }
    },
    {
      "type": "Feature",
      "id": "way/1457101381",
      "geometry": {
        "type": "LineString",
        "coordinates": [
          [
            -0.0347159,
            51.7031957
          ],
          [
            -0.0351229,
            51.7032016
          ],
          [
            -0.0351276,
            51.7033256
          ],
          [
            -0.0351591,
            51.7034682
          ],
          [
            -0.0352,
            51.7036514
          ]
        ]
      },
      "properties": {
        "id": "way/1457101381",
        "osmType": "way",
        "osmId": 1457101381,
        "name": "Rowlandsfields",
        "ref": null,
        "highway": "footway",
        "designation": null,
        "foot": null,
        "horse": null,
        "bicycle": null,
        "surface": null,
        "osmcSymbol": null,
        "trailVisibility": null,
        "pathType": "footway"
      }
    },
    {
      "type": "Feature",
      "id": "way/1462445882",
      "geometry": {
        "type": "LineString",
        "coordinates": [
          [
            0.049394,
            51.6895633
          ],
          [
            0.0488461,
            51.6897566
          ]
        ]
      },
      "properties": {
        "id": "way/1462445882",
        "osmType": "way",
        "osmId": 1462445882,
        "name": "Green Lane",
        "ref": null,
        "highway": "bridleway",
        "designation": null,
        "foot": "permissive",
        "horse": "permissive",
        "bicycle": "permissive",
        "surface": "unpaved",
        "osmcSymbol": null,
        "trailVisibility": null,
        "pathType": "bridleway"
      }
    },
    {
      "type": "Feature",
      "id": "way/1462445883",
      "geometry": {
        "type": "LineString",
        "coordinates": [
          [
            0.0507578,
            51.6852267
          ],
          [
            0.0507277,
            51.6852899
          ]
        ]
      },
      "properties": {
        "id": "way/1462445883",
        "osmType": "way",
        "osmId": 1462445883,
        "name": "Green Lane",
        "ref": null,
        "highway": "bridleway",
        "designation": "public_bridleway",
        "foot": "yes",
        "horse": "yes",
        "bicycle": "yes",
        "surface": "unpaved",
        "osmcSymbol": null,
        "trailVisibility": null,
        "pathType": "bridleway"
      }
    },
    {
      "type": "Feature",
      "id": "way/1462619620",
      "geometry": {
        "type": "LineString",
        "coordinates": [
          [
            0.0510901,
            51.6846501
          ],
          [
            0.0511443,
            51.6844782
          ],
          [
            0.0512171,
            51.684297
          ],
          [
            0.0512422,
            51.6841727
          ],
          [
            0.0511359,
            51.684056
          ],
          [
            0.050932,
            51.683788
          ],
          [
            0.0508291,
            51.6836897
          ],
          [
            0.0507874,
            51.6834968
          ],
          [
            0.0507963,
            51.6834869
          ],
          [
            0.0508532,
            51.6834238
          ],
          [
            0.0509246,
            51.6833721
          ],
          [
            0.051111,
            51.6832914
          ],
          [
            0.051279,
            51.683254
          ],
          [
            0.05199,
            51.683066
          ],
          [
            0.052308,
            51.6829159
          ]
        ]
      },
      "properties": {
        "id": "way/1462619620",
        "osmType": "way",
        "osmId": 1462619620,
        "name": "Green Lane",
        "ref": null,
        "highway": "track",
        "designation": "public_bridleway",
        "foot": "yes",
        "horse": "yes",
        "bicycle": "yes",
        "surface": "unpaved",
        "osmcSymbol": null,
        "trailVisibility": null,
        "pathType": "bridleway"
      }
    },
    {
      "type": "Feature",
      "id": "way/1462665533",
      "geometry": {
        "type": "LineString",
        "coordinates": [
          [
            -0.0113585,
            51.6633179
          ],
          [
            -0.0116401,
            51.6632675
          ]
        ]
      },
      "properties": {
        "id": "way/1462665533",
        "osmType": "way",
        "osmId": 1462665533,
        "name": "Cattlegate Foot Bridge",
        "ref": "53EF0101/BRO3",
        "highway": "footway",
        "designation": "public_footpath",
        "foot": "designated",
        "horse": "no",
        "bicycle": "no",
        "surface": null,
        "osmcSymbol": null,
        "trailVisibility": null,
        "pathType": "footway"
      }
    },
    {
      "type": "Feature",
      "id": "way/1498376413",
      "geometry": {
        "type": "LineString",
        "coordinates": [
          [
            -0.0347232,
            51.7111018
          ],
          [
            -0.0347634,
            51.7110457
          ],
          [
            -0.0347742,
            51.7110287
          ],
          [
            -0.0347836,
            51.7109984
          ],
          [
            -0.0347869,
            51.7109701
          ],
          [
            -0.0347889,
            51.7109493
          ],
          [
            -0.0348707,
            51.7107412
          ],
          [
            -0.0348644,
            51.7107337
          ],
          [
            -0.0348231,
            51.710725
          ]
        ]
      },
      "properties": {
        "id": "way/1498376413",
        "osmType": "way",
        "osmId": 1498376413,
        "name": "Coopers Walk",
        "ref": null,
        "highway": "footway",
        "designation": null,
        "foot": null,
        "horse": null,
        "bicycle": null,
        "surface": null,
        "osmcSymbol": null,
        "trailVisibility": null,
        "pathType": "footway"
      }
    },
    {
      "type": "Feature",
      "id": "way/1498376414",
      "geometry": {
        "type": "LineString",
        "coordinates": [
          [
            -0.0345227,
            51.7113727
          ],
          [
            -0.034512,
            51.7114271
          ]
        ]
      },
      "properties": {
        "id": "way/1498376414",
        "osmType": "way",
        "osmId": 1498376414,
        "name": "Coopers Walk",
        "ref": null,
        "highway": "footway",
        "designation": null,
        "foot": null,
        "horse": null,
        "bicycle": null,
        "surface": null,
        "osmcSymbol": null,
        "trailVisibility": null,
        "pathType": "footway"
      }
    },
    {
      "type": "Feature",
      "id": "way/1498376415",
      "geometry": {
        "type": "LineString",
        "coordinates": [
          [
            -0.0347232,
            51.7111018
          ],
          [
            -0.0347131,
            51.7111338
          ],
          [
            -0.0347125,
            51.7111675
          ],
          [
            -0.0347064,
            51.7111912
          ],
          [
            -0.034691,
            51.7112248
          ],
          [
            -0.0346649,
            51.7112784
          ],
          [
            -0.0346682,
            51.7112979
          ],
          [
            -0.0346736,
            51.711315
          ],
          [
            -0.0346749,
            51.7113332
          ],
          [
            -0.0346387,
            51.7113528
          ],
          [
            -0.0345871,
            51.7113638
          ],
          [
            -0.0345583,
            51.7113694
          ],
          [
            -0.0345227,
            51.7113727
          ],
          [
            -0.0344818,
            51.7113592
          ],
          [
            -0.0344466,
            51.711337
          ],
          [
            -0.0344131,
            51.7113195
          ],
          [
            -0.0343866,
            51.7113108
          ],
          [
            -0.0343581,
            51.7113083
          ],
          [
            -0.0343283,
            51.7113096
          ],
          [
            -0.0342967,
            51.711317
          ]
        ]
      },
      "properties": {
        "id": "way/1498376415",
        "osmType": "way",
        "osmId": 1498376415,
        "name": "Coopers Walk",
        "ref": null,
        "highway": "footway",
        "designation": null,
        "foot": null,
        "horse": null,
        "bicycle": null,
        "surface": null,
        "osmcSymbol": null,
        "trailVisibility": null,
        "pathType": "footway"
      }
    },
    {
      "type": "Feature",
      "id": "way/1498376416",
      "geometry": {
        "type": "LineString",
        "coordinates": [
          [
            -0.0355612,
            51.711233
          ],
          [
            -0.0352865,
            51.7111912
          ],
          [
            -0.0347232,
            51.7111018
          ]
        ]
      },
      "properties": {
        "id": "way/1498376416",
        "osmType": "way",
        "osmId": 1498376416,
        "name": "Coopers Walk",
        "ref": null,
        "highway": "footway",
        "designation": null,
        "foot": null,
        "horse": null,
        "bicycle": null,
        "surface": null,
        "osmcSymbol": null,
        "trailVisibility": null,
        "pathType": "footway"
      }
    },
    {
      "type": "Feature",
      "id": "way/1498376417",
      "geometry": {
        "type": "LineString",
        "coordinates": [
          [
            -0.034797,
            51.7118331
          ],
          [
            -0.0348124,
            51.7117973
          ],
          [
            -0.0348151,
            51.7117637
          ],
          [
            -0.0348037,
            51.7116931
          ],
          [
            -0.0347748,
            51.7116233
          ],
          [
            -0.0347326,
            51.7115584
          ],
          [
            -0.0346743,
            51.7114886
          ],
          [
            -0.0346387,
            51.7114637
          ],
          [
            -0.0346045,
            51.7114463
          ],
          [
            -0.0345515,
            51.7114326
          ],
          [
            -0.034512,
            51.7114271
          ],
          [
            -0.034449,
            51.7114251
          ],
          [
            -0.0344007,
            51.7114326
          ],
          [
            -0.0343504,
            51.711435
          ],
          [
            -0.0343122,
            51.7114309
          ],
          [
            -0.0342833,
            51.7114197
          ],
          [
            -0.0342418,
            51.711401
          ]
        ]
      },
      "properties": {
        "id": "way/1498376417",
        "osmType": "way",
        "osmId": 1498376417,
        "name": "Coopers Walk",
        "ref": null,
        "highway": "footway",
        "designation": null,
        "foot": null,
        "horse": null,
        "bicycle": null,
        "surface": null,
        "osmcSymbol": null,
        "trailVisibility": null,
        "pathType": "footway"
      }
    },
    {
      "type": "Feature",
      "id": "way/1498376418",
      "geometry": {
        "type": "LineString",
        "coordinates": [
          [
            -0.0341345,
            51.7114442
          ],
          [
            -0.0341583,
            51.7115555
          ],
          [
            -0.0341787,
            51.7115522
          ],
          [
            -0.0341985,
            51.7115551
          ],
          [
            -0.0342863,
            51.7115761
          ],
          [
            -0.0343296,
            51.7115815
          ],
          [
            -0.0343755,
            51.711585
          ],
          [
            -0.0345338,
            51.7116
          ],
          [
            -0.0345874,
            51.7116085
          ],
          [
            -0.0346256,
            51.7116174
          ],
          [
            -0.0346696,
            51.7116316
          ],
          [
            -0.0347091,
            51.7116496
          ],
          [
            -0.0347323,
            51.7116629
          ],
          [
            -0.0347037,
            51.7117341
          ]
        ]
      },
      "properties": {
        "id": "way/1498376418",
        "osmType": "way",
        "osmId": 1498376418,
        "name": "Coopers Walk",
        "ref": null,
        "highway": "footway",
        "designation": null,
        "foot": null,
        "horse": null,
        "bicycle": null,
        "surface": null,
        "osmcSymbol": null,
        "trailVisibility": null,
        "pathType": "footway"
      }
    },
    {
      "type": "Feature",
      "id": "way/1498376419",
      "geometry": {
        "type": "LineString",
        "coordinates": [
          [
            -0.0342171,
            51.7111664
          ],
          [
            -0.0342967,
            51.711317
          ],
          [
            -0.0342692,
            51.7113295
          ],
          [
            -0.0342505,
            51.7113432
          ],
          [
            -0.0342384,
            51.7113607
          ],
          [
            -0.034235,
            51.7113802
          ],
          [
            -0.0342418,
            51.711401
          ],
          [
            -0.0341345,
            51.7114442
          ],
          [
            -0.0340714,
            51.7114604
          ],
          [
            -0.0340453,
            51.7114641
          ]
        ]
      },
      "properties": {
        "id": "way/1498376419",
        "osmType": "way",
        "osmId": 1498376419,
        "name": "Coopers Walk",
        "ref": null,
        "highway": "footway",
        "designation": null,
        "foot": null,
        "horse": null,
        "bicycle": null,
        "surface": null,
        "osmcSymbol": null,
        "trailVisibility": null,
        "pathType": "footway"
      }
    },
    {
      "type": "Feature",
      "id": "way/1498936188",
      "geometry": {
        "type": "LineString",
        "coordinates": [
          [
            -0.020843,
            51.7299293
          ],
          [
            -0.0204259,
            51.729862
          ],
          [
            -0.0199939,
            51.7297923
          ]
        ]
      },
      "properties": {
        "id": "way/1498936188",
        "osmType": "way",
        "osmId": 1498936188,
        "name": "Macers Court",
        "ref": null,
        "highway": "footway",
        "designation": null,
        "foot": null,
        "horse": null,
        "bicycle": null,
        "surface": null,
        "osmcSymbol": null,
        "trailVisibility": null,
        "pathType": "footway"
      }
    },
    {
      "type": "Feature",
      "id": "way/1498936189",
      "geometry": {
        "type": "LineString",
        "coordinates": [
          [
            -0.0208988,
            51.7297989
          ],
          [
            -0.0204721,
            51.7297313
          ],
          [
            -0.0200248,
            51.7296605
          ]
        ]
      },
      "properties": {
        "id": "way/1498936189",
        "osmType": "way",
        "osmId": 1498936189,
        "name": "Macers Court",
        "ref": null,
        "highway": "footway",
        "designation": null,
        "foot": null,
        "horse": null,
        "bicycle": null,
        "surface": null,
        "osmcSymbol": null,
        "trailVisibility": null,
        "pathType": "footway"
      }
    },
    {
      "type": "Feature",
      "id": "way/1498936191",
      "geometry": {
        "type": "LineString",
        "coordinates": [
          [
            -0.0217145,
            51.7303089
          ],
          [
            -0.0209359,
            51.7301795
          ],
          [
            -0.0207491,
            51.7301485
          ]
        ]
      },
      "properties": {
        "id": "way/1498936191",
        "osmType": "way",
        "osmId": 1498936191,
        "name": "Macers Court",
        "ref": null,
        "highway": "footway",
        "designation": null,
        "foot": null,
        "horse": null,
        "bicycle": null,
        "surface": null,
        "osmcSymbol": null,
        "trailVisibility": null,
        "pathType": "footway"
      }
    },
    {
      "type": "Feature",
      "id": "way/1498936195",
      "geometry": {
        "type": "LineString",
        "coordinates": [
          [
            -0.0225604,
            51.7300781
          ],
          [
            -0.0224485,
            51.7300599
          ],
          [
            -0.0222857,
            51.7300333
          ],
          [
            -0.022142,
            51.7300099
          ],
          [
            -0.021965,
            51.729981
          ],
          [
            -0.0218694,
            51.7299654
          ]
        ]
      },
      "properties": {
        "id": "way/1498936195",
        "osmType": "way",
        "osmId": 1498936195,
        "name": "Macers Court",
        "ref": null,
        "highway": "footway",
        "designation": null,
        "foot": null,
        "horse": null,
        "bicycle": null,
        "surface": null,
        "osmcSymbol": null,
        "trailVisibility": null,
        "pathType": "footway"
      }
    },
    {
      "type": "Feature",
      "id": "way/1498936200",
      "geometry": {
        "type": "LineString",
        "coordinates": [
          [
            -0.0218152,
            51.7300855
          ],
          [
            -0.0219527,
            51.7301091
          ],
          [
            -0.0220412,
            51.7301244
          ],
          [
            -0.0222354,
            51.7301577
          ],
          [
            -0.022386,
            51.7301836
          ],
          [
            -0.0225057,
            51.7302042
          ]
        ]
      },
      "properties": {
        "id": "way/1498936200",
        "osmType": "way",
        "osmId": 1498936200,
        "name": "Macers Court",
        "ref": null,
        "highway": "footway",
        "designation": null,
        "foot": null,
        "horse": null,
        "bicycle": null,
        "surface": null,
        "osmcSymbol": null,
        "trailVisibility": null,
        "pathType": "footway"
      }
    },
    {
      "type": "Feature",
      "id": "way/1499504030",
      "geometry": {
        "type": "LineString",
        "coordinates": [
          [
            -0.0210204,
            51.7295154
          ],
          [
            -0.0213906,
            51.7295755
          ],
          [
            -0.0216274,
            51.729614
          ],
          [
            -0.0219492,
            51.7296664
          ]
        ]
      },
      "properties": {
        "id": "way/1499504030",
        "osmType": "way",
        "osmId": 1499504030,
        "name": "Macers Court",
        "ref": null,
        "highway": "footway",
        "designation": null,
        "foot": null,
        "horse": null,
        "bicycle": null,
        "surface": null,
        "osmcSymbol": null,
        "trailVisibility": null,
        "pathType": "footway"
      }
    },
    {
      "type": "Feature",
      "id": "way/1499653128",
      "geometry": {
        "type": "LineString",
        "coordinates": [
          [
            -0.0275476,
            51.700223
          ],
          [
            -0.0281099,
            51.7002257
          ],
          [
            -0.029223,
            51.700237
          ]
        ]
      },
      "properties": {
        "id": "way/1499653128",
        "osmType": "way",
        "osmId": 1499653128,
        "name": "Manor Way",
        "ref": null,
        "highway": "path",
        "designation": null,
        "foot": null,
        "horse": null,
        "bicycle": null,
        "surface": null,
        "osmcSymbol": null,
        "trailVisibility": null,
        "pathType": "trail"
      }
    },
    {
      "type": "Feature",
      "id": "way/1499653130",
      "geometry": {
        "type": "LineString",
        "coordinates": [
          [
            -0.0312833,
            51.7015806
          ],
          [
            -0.0312397,
            51.7015553
          ],
          [
            -0.0309232,
            51.7015852
          ],
          [
            -0.0306872,
            51.7016043
          ],
          [
            -0.0304337,
            51.7016176
          ],
          [
            -0.0303368,
            51.7016331
          ]
        ]
      },
      "properties": {
        "id": "way/1499653130",
        "osmType": "way",
        "osmId": 1499653130,
        "name": "Glendale Walk",
        "ref": null,
        "highway": "footway",
        "designation": null,
        "foot": null,
        "horse": null,
        "bicycle": null,
        "surface": null,
        "osmcSymbol": null,
        "trailVisibility": null,
        "pathType": "footway"
      }
    },
    {
      "type": "Feature",
      "id": "epping-forest-trail-0",
      "geometry": {
        "type": "LineString",
        "coordinates": [
          [
            -0.0282,
            51.6892
          ],
          [
            -0.0215,
            51.681
          ],
          [
            -0.018,
            51.675
          ],
          [
            -0.0205,
            51.668
          ]
        ]
      },
      "properties": {
        "name": "Chestnut Trail",
        "ref": "Chestnut",
        "description": "Waymarked trail from Epping and Loughton Stations",
        "highway": "path",
        "osmcSymbol": "epping-forest:Chestnut",
        "trailVisibility": "yes",
        "access": "public",
        "foot": "yes",
        "horse": "yes",
        "source": "City of London - Epping Forest Official Waymarked Trails"
      }
    },
    {
      "type": "Feature",
      "id": "epping-forest-trail-1",
      "geometry": {
        "type": "LineString",
        "coordinates": [
          [
            -0.028,
            51.675
          ],
          [
            -0.021,
            51.668
          ],
          [
            -0.016,
            51.66
          ],
          [
            -0.0195,
            51.652
          ]
        ]
      },
      "properties": {
        "name": "Gifford Trail",
        "ref": "Gifford",
        "description": "Waymarked trail from Epping and Loughton Stations",
        "highway": "path",
        "osmcSymbol": "epping-forest:Gifford",
        "trailVisibility": "yes",
        "access": "public",
        "foot": "yes",
        "horse": "yes",
        "source": "City of London - Epping Forest Official Waymarked Trails"
      }
    },
    {
      "type": "Feature",
      "id": "epping-forest-trail-2",
      "geometry": {
        "type": "LineString",
        "coordinates": [
          [
            -0.02,
            51.69
          ],
          [
            -0.012,
            51.682
          ],
          [
            -0.008,
            51.675
          ],
          [
            -0.015,
            51.668
          ]
        ]
      },
      "properties": {
        "name": "Golden Hill Trail",
        "ref": "GoldenHill",
        "description": "Waymarked trail from Epping and Loughton Stations",
        "highway": "path",
        "osmcSymbol": "epping-forest:GoldenHill",
        "trailVisibility": "yes",
        "access": "public",
        "foot": "yes",
        "horse": "yes",
        "source": "City of London - Epping Forest Official Waymarked Trails"
      }
    },
    {
      "type": "Feature",
      "id": "epping-forest-trail-3",
      "geometry": {
        "type": "LineString",
        "coordinates": [
          [
            -0.032,
            51.66
          ],
          [
            -0.025,
            51.652
          ],
          [
            -0.018,
            51.645
          ],
          [
            -0.024,
            51.635
          ]
        ]
      },
      "properties": {
        "name": "Holly Trail",
        "ref": "Holly",
        "description": "Waymarked trail from Epping and Loughton Stations",
        "highway": "path",
        "osmcSymbol": "epping-forest:Holly",
        "trailVisibility": "yes",
        "access": "public",
        "foot": "yes",
        "horse": "yes",
        "source": "City of London - Epping Forest Official Waymarked Trails"
      }
    },
    {
      "type": "Feature",
      "id": "epping-forest-trail-4",
      "geometry": {
        "type": "LineString",
        "coordinates": [
          [
            -0.01,
            51.67
          ],
          [
            -0.002,
            51.662
          ],
          [
            0.005,
            51.658
          ],
          [
            -0.001,
            51.648
          ]
        ]
      },
      "properties": {
        "name": "Hornbeam Trail",
        "ref": "Hornbeam",
        "description": "Waymarked trail from Epping and Loughton Stations",
        "highway": "path",
        "osmcSymbol": "epping-forest:Hornbeam",
        "trailVisibility": "yes",
        "access": "public",
        "foot": "yes",
        "horse": "yes",
        "source": "City of London - Epping Forest Official Waymarked Trails"
      }
    },
    {
      "type": "Feature",
      "id": "epping-forest-trail-5",
      "geometry": {
        "type": "LineString",
        "coordinates": [
          [
            -0.025,
            51.648
          ],
          [
            -0.018,
            51.64
          ],
          [
            -0.011,
            51.635
          ],
          [
            -0.017,
            51.627
          ]
        ]
      },
      "properties": {
        "name": "Larch Trail",
        "ref": "Larch",
        "description": "Waymarked trail from Epping and Loughton Stations",
        "highway": "path",
        "osmcSymbol": "epping-forest:Larch",
        "trailVisibility": "yes",
        "access": "public",
        "foot": "yes",
        "horse": "yes",
        "source": "City of London - Epping Forest Official Waymarked Trails"
      }
    },
    {
      "type": "Feature",
      "id": "epping-forest-trail-6",
      "geometry": {
        "type": "LineString",
        "coordinates": [
          [
            -0.005,
            51.665
          ],
          [
            0.003,
            51.658
          ],
          [
            0.01,
            51.652
          ],
          [
            0.004,
            51.642
          ]
        ]
      },
      "properties": {
        "name": "Lime Trail",
        "ref": "Lime",
        "description": "Waymarked trail from Epping and Loughton Stations",
        "highway": "path",
        "osmcSymbol": "epping-forest:Lime",
        "trailVisibility": "yes",
        "access": "public",
        "foot": "yes",
        "horse": "yes",
        "source": "City of London - Epping Forest Official Waymarked Trails"
      }
    },
    {
      "type": "Feature",
      "id": "epping-forest-trail-7",
      "geometry": {
        "type": "LineString",
        "coordinates": [
          [
            -0.038,
            51.64
          ],
          [
            -0.03,
            51.632
          ],
          [
            -0.022,
            51.625
          ],
          [
            -0.029,
            51.615
          ]
        ]
      },
      "properties": {
        "name": "Oak Trail",
        "ref": "Oak",
        "description": "Waymarked trail from Epping and Loughton Stations",
        "highway": "path",
        "osmcSymbol": "epping-forest:Oak",
        "trailVisibility": "yes",
        "access": "public",
        "foot": "yes",
        "horse": "yes",
        "source": "City of London - Epping Forest Official Waymarked Trails"
      }
    },
    {
      "type": "Feature",
      "id": "epping-forest-trail-8",
      "geometry": {
        "type": "LineString",
        "coordinates": [
          [
            -0.015,
            51.63
          ],
          [
            -0.01,
            51.622
          ],
          [
            -0.003,
            51.616
          ],
          [
            -0.008,
            51.608
          ]
        ]
      },
      "properties": {
        "name": "Silver Birch Trail",
        "ref": "SilverBirch",
        "description": "Waymarked trail from Epping and Loughton Stations",
        "highway": "path",
        "osmcSymbol": "epping-forest:SilverBirch",
        "trailVisibility": "yes",
        "access": "public",
        "foot": "yes",
        "horse": "yes",
        "source": "City of London - Epping Forest Official Waymarked Trails"
      }
    },
    {
      "type": "Feature",
      "id": "epping-forest-trail-9",
      "geometry": {
        "type": "LineString",
        "coordinates": [
          [
            -0.045,
            51.595
          ],
          [
            -0.038,
            51.587
          ],
          [
            -0.03,
            51.582
          ],
          [
            -0.036,
            51.573
          ]
        ]
      },
      "properties": {
        "name": "Warlies Park Trail",
        "ref": "WarliesPark",
        "description": "Waymarked trail from Epping and Loughton Stations",
        "highway": "path",
        "osmcSymbol": "epping-forest:WarliesPark",
        "trailVisibility": "yes",
        "access": "public",
        "foot": "yes",
        "horse": "yes",
        "source": "City of London - Epping Forest Official Waymarked Trails"
      }
    },
    {
      "type": "Feature",
      "id": "epping-forest-trail-10",
      "geometry": {
        "type": "LineString",
        "coordinates": [
          [
            -0.03,
            51.705
          ],
          [
            -0.021,
            51.698
          ],
          [
            -0.015,
            51.69
          ],
          [
            -0.022,
            51.68
          ]
        ]
      },
      "properties": {
        "name": "Willow Trail",
        "ref": "Willow",
        "description": "Waymarked trail from Epping and Loughton Stations",
        "highway": "path",
        "osmcSymbol": "epping-forest:Willow",
        "trailVisibility": "yes",
        "access": "public",
        "foot": "yes",
        "horse": "yes",
        "source": "City of London - Epping Forest Official Waymarked Trails"
      }
    }
  ],
  "features_count": 9173
}