{
  "type": "FeatureCollection",
  "name": "Food & Drink",
  "generatedAt": "2026-05-20T06:29:41.509000Z",
  "source": {
    "name": "OpenStreetMap via Overpass API",
    "license": "Open Data Commons Open Database License (ODbL)",
    "queryFile": "data/local-landmarks.overpassql",
    "bbox": [
      -0.035,
      51.595,
      0.145,
      51.745
    ],
    "distanceFilter": {
      "maxMinutesFromForestBoundary": 5,
      "walkingSpeedMPerMin": 58.333333333333336,
      "maxDistanceMetres": 291.7,
      "boundaryFile": "data/epping-forest-land.geojson"
    }
  },
  "features": [
    {
      "type": "Feature",
      "id": "node/263873497",
      "geometry": {
        "type": "Point",
        "coordinates": [
          0.0270735,
          51.5767346
        ]
      },
      "properties": {
        "id": "node/263873497",
        "osmType": "node",
        "osmId": 263873497,
        "name": "Luppolo",
        "category": "restaurant",
        "categoryLabel": "Restaurant",
        "amenity": "restaurant",
        "highway": null,
        "tourism": null,
        "historic": null,
        "railway": null,
        "barrier": null,
        "entrance": null,
        "heritage": null,
        "website": "https://luppolopizza.com/",
        "phone": null,
        "address": "34-38 High Street, London E11 2RJ",
        "distanceToForestBoundaryMetres": 287.5,
        "shop": null
      }
    },
    {
      "type": "Feature",
      "id": "node/298702963",
      "geometry": {
        "type": "Point",
        "coordinates": [
          0.0207591,
          51.6091055
        ]
      },
      "properties": {
        "id": "node/298702963",
        "osmType": "node",
        "osmId": 298702963,
        "name": "The Castle",
        "category": "pub",
        "categoryLabel": "Pub",
        "amenity": "pub",
        "highway": null,
        "tourism": null,
        "historic": null,
        "railway": null,
        "barrier": null,
        "entrance": null,
        "heritage": null,
        "website": null,
        "phone": null,
        "address": null,
        "distanceToForestBoundaryMetres": 286.5,
        "shop": null
      }
    },
    {
      "type": "Feature",
      "id": "node/533979233",
      "geometry": {
        "type": "Point",
        "coordinates": [
          0.1129677,
          51.7004859
        ]
      },
      "properties": {
        "id": "node/533979233",
        "osmType": "node",
        "osmId": 533979233,
        "name": "Marlos",
        "category": "restaurant",
        "categoryLabel": "Restaurant",
        "amenity": "restaurant",
        "highway": null,
        "tourism": null,
        "historic": null,
        "railway": null,
        "barrier": null,
        "entrance": null,
        "heritage": null,
        "website": "https://marlosepping.co.uk/",
        "phone": null,
        "address": "275 High Street, Epping CM16 4DA",
        "distanceToForestBoundaryMetres": 234.3,
        "shop": null
      }
    },
    {
      "type": "Feature",
      "id": "node/533979234",
      "geometry": {
        "type": "Point",
        "coordinates": [
          0.1128848,
          51.7004227
        ]
      },
      "properties": {
        "id": "node/533979234",
        "osmType": "node",
        "osmId": 533979234,
        "name": "Caff\u00e8 Nero",
        "category": "cafe",
        "categoryLabel": "Caf\u00e9",
        "amenity": "cafe",
        "highway": null,
        "tourism": null,
        "historic": null,
        "railway": null,
        "barrier": null,
        "entrance": null,
        "heritage": null,
        "website": "https://www.caffenero.com/uk/stores/epping",
        "phone": null,
        "address": "271 High Street, Epping CM16 4DA",
        "distanceToForestBoundaryMetres": 243.3,
        "shop": null
      }
    },
    {
      "type": "Feature",
      "id": "node/533979238",
      "geometry": {
        "type": "Point",
        "coordinates": [
          0.1136102,
          51.7005045
        ]
      },
      "properties": {
        "id": "node/533979238",
        "osmType": "node",
        "osmId": 533979238,
        "name": "Prezzo",
        "category": "restaurant",
        "categoryLabel": "Restaurant",
        "amenity": "restaurant",
        "highway": null,
        "tourism": null,
        "historic": null,
        "railway": null,
        "barrier": null,
        "entrance": null,
        "heritage": null,
        "website": null,
        "phone": null,
        "address": "High Street, Epping",
        "distanceToForestBoundaryMetres": 204.0,
        "shop": null
      }
    },
    {
      "type": "Feature",
      "id": "node/533979239",
      "geometry": {
        "type": "Point",
        "coordinates": [
          0.1134279,
          51.7007525
        ]
      },
      "properties": {
        "id": "node/533979239",
        "osmType": "node",
        "osmId": 533979239,
        "name": "The Black Lion",
        "category": "pub",
        "categoryLabel": "Pub",
        "amenity": "pub",
        "highway": null,
        "tourism": null,
        "historic": null,
        "railway": null,
        "barrier": null,
        "entrance": null,
        "heritage": null,
        "website": null,
        "phone": null,
        "address": "293 High Street, Epping CM16 4DA",
        "distanceToForestBoundaryMetres": 191.0,
        "shop": null
      }
    },
    {
      "type": "Feature",
      "id": "node/533979253",
      "geometry": {
        "type": "Point",
        "coordinates": [
          0.1141218,
          51.7008324
        ]
      },
      "properties": {
        "id": "node/533979253",
        "osmType": "node",
        "osmId": 533979253,
        "name": "Belgique",
        "category": "pastry",
        "categoryLabel": "Pastry",
        "amenity": "cafe",
        "highway": null,
        "tourism": null,
        "historic": null,
        "railway": null,
        "barrier": null,
        "entrance": null,
        "heritage": null,
        "website": "https://belgiqueshop.co.uk/",
        "phone": null,
        "address": "242 High Street, Epping CM16 4AP",
        "distanceToForestBoundaryMetres": 270.9,
        "shop": "pastry"
      }
    },
    {
      "type": "Feature",
      "id": "node/533979254",
      "geometry": {
        "type": "Point",
        "coordinates": [
          0.1137931,
          51.7009648
        ]
      },
      "properties": {
        "id": "node/533979254",
        "osmType": "node",
        "osmId": 533979254,
        "name": "Poppy's",
        "category": "cafe",
        "categoryLabel": "Caf\u00e9",
        "amenity": "cafe",
        "highway": null,
        "tourism": null,
        "historic": null,
        "railway": null,
        "barrier": null,
        "entrance": null,
        "heritage": null,
        "website": null,
        "phone": null,
        "address": "High Street, Epping CM16 4DA",
        "distanceToForestBoundaryMetres": 274.7,
        "shop": null
      }
    },
    {
      "type": "Feature",
      "id": "node/533981744",
      "geometry": {
        "type": "Point",
        "coordinates": [
          0.1123461,
          51.6995894
        ]
      },
      "properties": {
        "id": "node/533981744",
        "osmType": "node",
        "osmId": 533981744,
        "name": "George & Dragon",
        "category": "pub",
        "categoryLabel": "Pub",
        "amenity": "pub",
        "highway": null,
        "tourism": null,
        "historic": null,
        "railway": null,
        "barrier": null,
        "entrance": null,
        "heritage": null,
        "website": "https://www.georgeanddragonepping.co.uk/",
        "phone": null,
        "address": "206-208 High Street, Epping CM16 4AQ",
        "distanceToForestBoundaryMetres": 281.6,
        "shop": null
      }
    },
    {
      "type": "Feature",
      "id": "node/597466076",
      "geometry": {
        "type": "Point",
        "coordinates": [
          0.0211555,
          51.5815618
        ]
      },
      "properties": {
        "id": "node/597466076",
        "osmType": "node",
        "osmId": 597466076,
        "name": "Loon Yee",
        "category": "restaurant",
        "categoryLabel": "Restaurant",
        "amenity": "restaurant",
        "highway": null,
        "tourism": null,
        "historic": null,
        "railway": null,
        "barrier": null,
        "entrance": null,
        "heritage": null,
        "website": null,
        "phone": null,
        "address": "High Street, London E11 1QF",
        "distanceToForestBoundaryMetres": 291.4,
        "shop": null
      }
    },
    {
      "type": "Feature",
      "id": "node/638694784",
      "geometry": {
        "type": "Point",
        "coordinates": [
          0.0217836,
          51.6099878
        ]
      },
      "properties": {
        "id": "node/638694784",
        "osmType": "node",
        "osmId": 638694784,
        "name": "Bel Sit",
        "category": "restaurant",
        "categoryLabel": "Restaurant",
        "amenity": "restaurant",
        "highway": null,
        "tourism": null,
        "historic": null,
        "railway": null,
        "barrier": null,
        "entrance": null,
        "heritage": null,
        "website": null,
        "phone": null,
        "address": null,
        "distanceToForestBoundaryMetres": 287.9,
        "shop": null
      }
    },
    {
      "type": "Feature",
      "id": "node/886672760",
      "geometry": {
        "type": "Point",
        "coordinates": [
          0.0212806,
          51.6088244
        ]
      },
      "properties": {
        "id": "node/886672760",
        "osmType": "node",
        "osmId": 886672760,
        "name": "Marina meze",
        "category": "restaurant",
        "categoryLabel": "Restaurant",
        "amenity": "restaurant",
        "highway": null,
        "tourism": null,
        "historic": null,
        "railway": null,
        "barrier": null,
        "entrance": null,
        "heritage": null,
        "website": null,
        "phone": null,
        "address": null,
        "distanceToForestBoundaryMetres": 287.8,
        "shop": null
      }
    },
    {
      "type": "Feature",
      "id": "node/904104562",
      "geometry": {
        "type": "Point",
        "coordinates": [
          0.0403653,
          51.666172
        ]
      },
      "properties": {
        "id": "node/904104562",
        "osmType": "node",
        "osmId": 904104562,
        "name": "High Beech Kiosk",
        "category": "cafe",
        "categoryLabel": "Caf\u00e9",
        "amenity": "cafe",
        "highway": null,
        "tourism": null,
        "historic": null,
        "railway": null,
        "barrier": null,
        "entrance": null,
        "heritage": null,
        "website": null,
        "phone": null,
        "address": null,
        "distanceToForestBoundaryMetres": 289.3,
        "shop": null
      }
    },
    {
      "type": "Feature",
      "id": "node/946889300",
      "geometry": {
        "type": "Point",
        "coordinates": [
          0.0462191,
          51.6252492
        ]
      },
      "properties": {
        "id": "node/946889300",
        "osmType": "node",
        "osmId": 946889300,
        "name": "Railway Bar & Grill",
        "category": "pub",
        "categoryLabel": "Pub",
        "amenity": "pub",
        "highway": null,
        "tourism": null,
        "historic": null,
        "railway": null,
        "barrier": null,
        "entrance": null,
        "heritage": null,
        "website": null,
        "phone": null,
        "address": null,
        "distanceToForestBoundaryMetres": 263.5,
        "shop": null
      }
    },
    {
      "type": "Feature",
      "id": "node/1094397075",
      "geometry": {
        "type": "Point",
        "coordinates": [
          0.0265512,
          51.5921383
        ]
      },
      "properties": {
        "id": "node/1094397075",
        "osmType": "node",
        "osmId": 1094397075,
        "name": "Posh Nosh Cafe",
        "category": "cafe",
        "categoryLabel": "Caf\u00e9",
        "amenity": "cafe",
        "highway": null,
        "tourism": null,
        "historic": null,
        "railway": null,
        "barrier": null,
        "entrance": null,
        "heritage": null,
        "website": null,
        "phone": null,
        "address": null,
        "distanceToForestBoundaryMetres": 291.6,
        "shop": null
      }
    },
    {
      "type": "Feature",
      "id": "node/1216059065",
      "geometry": {
        "type": "Point",
        "coordinates": [
          0.0578517,
          51.6512355
        ]
      },
      "properties": {
        "id": "node/1216059065",
        "osmType": "node",
        "osmId": 1216059065,
        "name": "Fifteen York Hill",
        "category": "pub",
        "categoryLabel": "Pub",
        "amenity": "pub",
        "highway": null,
        "tourism": null,
        "historic": null,
        "railway": null,
        "barrier": null,
        "entrance": null,
        "heritage": null,
        "website": null,
        "phone": null,
        "address": "15 York Hill",
        "distanceToForestBoundaryMetres": 98.5,
        "shop": null
      }
    },
    {
      "type": "Feature",
      "id": "node/1216069730",
      "geometry": {
        "type": "Point",
        "coordinates": [
          0.05322,
          51.6457247
        ]
      },
      "properties": {
        "id": "node/1216069730",
        "osmType": "node",
        "osmId": 1216069730,
        "name": "The Hollybush",
        "category": "pub",
        "categoryLabel": "Pub",
        "amenity": "pub",
        "highway": null,
        "tourism": null,
        "historic": null,
        "railway": null,
        "barrier": null,
        "entrance": null,
        "heritage": null,
        "website": "https://mcmullens.co.uk/hollybush",
        "phone": "+44 20 8508 1156",
        "address": "140 High Road, Loughton IG10 4BE",
        "distanceToForestBoundaryMetres": 65.4,
        "shop": null
      }
    },
    {
      "type": "Feature",
      "id": "node/1262600400",
      "geometry": {
        "type": "Point",
        "coordinates": [
          0.025516,
          51.6154666
        ]
      },
      "properties": {
        "id": "node/1262600400",
        "osmType": "node",
        "osmId": 1262600400,
        "name": "Eat Wells",
        "category": "cafe",
        "categoryLabel": "Caf\u00e9",
        "amenity": "cafe",
        "highway": null,
        "tourism": null,
        "historic": null,
        "railway": null,
        "barrier": null,
        "entrance": null,
        "heritage": null,
        "website": null,
        "phone": null,
        "address": null,
        "distanceToForestBoundaryMetres": 169.7,
        "shop": null
      }
    },
    {
      "type": "Feature",
      "id": "node/1334086707",
      "geometry": {
        "type": "Point",
        "coordinates": [
          0.1359246,
          51.7053147
        ]
      },
      "properties": {
        "id": "node/1334086707",
        "osmType": "node",
        "osmId": 1334086707,
        "name": "Herb 'N' Spice Tandoori",
        "category": "restaurant",
        "categoryLabel": "Restaurant",
        "amenity": "restaurant",
        "highway": null,
        "tourism": null,
        "historic": null,
        "railway": null,
        "barrier": null,
        "entrance": null,
        "heritage": null,
        "website": null,
        "phone": null,
        "address": "31-32 Parklands, CM16 7RE",
        "distanceToForestBoundaryMetres": 260.8,
        "shop": null
      }
    },
    {
      "type": "Feature",
      "id": "node/1486228725",
      "geometry": {
        "type": "Point",
        "coordinates": [
          0.0272163,
          51.5765413
        ]
      },
      "properties": {
        "id": "node/1486228725",
        "osmType": "node",
        "osmId": 1486228725,
        "name": "Otto Restaurant",
        "category": "restaurant",
        "categoryLabel": "Restaurant",
        "amenity": "restaurant",
        "highway": null,
        "tourism": null,
        "historic": null,
        "railway": null,
        "barrier": null,
        "entrance": null,
        "heritage": null,
        "website": null,
        "phone": null,
        "address": "44 High Street, London E11 2RJ",
        "distanceToForestBoundaryMetres": 290.0,
        "shop": null
      }
    },
    {
      "type": "Feature",
      "id": "node/1526805961",
      "geometry": {
        "type": "Point",
        "coordinates": [
          0.1024234,
          51.671442
        ]
      },
      "properties": {
        "id": "node/1526805961",
        "osmType": "node",
        "osmId": 1526805961,
        "name": "Theydon Bois Balti House",
        "category": "restaurant",
        "categoryLabel": "Restaurant",
        "amenity": "restaurant",
        "highway": null,
        "tourism": null,
        "historic": null,
        "railway": null,
        "barrier": null,
        "entrance": null,
        "heritage": null,
        "website": "https://www.theydonboisbalti.co.uk/",
        "phone": null,
        "address": "Station Approach, Theydon Bois CM16 7HR",
        "distanceToForestBoundaryMetres": 283.1,
        "shop": null
      }
    },
    {
      "type": "Feature",
      "id": "node/1861712616",
      "geometry": {
        "type": "Point",
        "coordinates": [
          0.0213279,
          51.5772746
        ]
      },
      "properties": {
        "id": "node/1861712616",
        "osmType": "node",
        "osmId": 1861712616,
        "name": "The Bungalow Cafe",
        "category": "cafe",
        "categoryLabel": "Caf\u00e9",
        "amenity": "cafe",
        "highway": null,
        "tourism": null,
        "historic": null,
        "railway": null,
        "barrier": null,
        "entrance": null,
        "heritage": null,
        "website": "https://www.facebook.com/p/The-Bungalow-Cafe-61550758255466/",
        "phone": "+44 20 8989 5620",
        "address": "49 Spratt Hall Road, London E11 2RQ",
        "distanceToForestBoundaryMetres": 287.1,
        "shop": null
      }
    },
    {
      "type": "Feature",
      "id": "node/1950751276",
      "geometry": {
        "type": "Point",
        "coordinates": [
          0.0261897,
          51.5926549
        ]
      },
      "properties": {
        "id": "node/1950751276",
        "osmType": "node",
        "osmId": 1950751276,
        "name": "Little Woodford Cafe",
        "category": "cafe",
        "categoryLabel": "Caf\u00e9",
        "amenity": "cafe",
        "highway": null,
        "tourism": null,
        "historic": null,
        "railway": null,
        "barrier": null,
        "entrance": null,
        "heritage": null,
        "website": null,
        "phone": "+44 20 8989 2552",
        "address": "118 George Lane, London E18 1AD",
        "distanceToForestBoundaryMetres": 286.8,
        "shop": null
      }
    },
    {
      "type": "Feature",
      "id": "node/1964534510",
      "geometry": {
        "type": "Point",
        "coordinates": [
          0.0250579,
          51.5935894
        ]
      },
      "properties": {
        "id": "node/1964534510",
        "osmType": "node",
        "osmId": 1964534510,
        "name": "Soul Stop Cafe",
        "category": "cafe",
        "categoryLabel": "Caf\u00e9",
        "amenity": "cafe",
        "highway": null,
        "tourism": null,
        "historic": null,
        "railway": null,
        "barrier": null,
        "entrance": null,
        "heritage": null,
        "website": null,
        "phone": "+44 20 8989 1849",
        "address": "154 George Lane, London E18 1AY",
        "distanceToForestBoundaryMetres": 286.9,
        "shop": null
      }
    },
    {
      "type": "Feature",
      "id": "node/1964534542",
      "geometry": {
        "type": "Point",
        "coordinates": [
          0.024834,
          51.5937977
        ]
      },
      "properties": {
        "id": "node/1964534542",
        "osmType": "node",
        "osmId": 1964534542,
        "name": "George's Fish & Souvlaki Bar",
        "category": "restaurant",
        "categoryLabel": "Restaurant",
        "amenity": "restaurant",
        "highway": null,
        "tourism": null,
        "historic": null,
        "railway": null,
        "barrier": null,
        "entrance": null,
        "heritage": null,
        "website": null,
        "phone": "+44 20 8989 3970",
        "address": "164 George Lane, London E18 1AY",
        "distanceToForestBoundaryMetres": 290.2,
        "shop": null
      }
    },
    {
      "type": "Feature",
      "id": "node/1985566345",
      "geometry": {
        "type": "Point",
        "coordinates": [
          0.0226489,
          51.5931936
        ]
      },
      "properties": {
        "id": "node/1985566345",
        "osmType": "node",
        "osmId": 1985566345,
        "name": "Parlay E18",
        "category": "restaurant",
        "categoryLabel": "Restaurant",
        "amenity": "restaurant",
        "highway": null,
        "tourism": null,
        "historic": null,
        "railway": null,
        "barrier": null,
        "entrance": null,
        "heritage": null,
        "website": "https://www.parlaye18.co.uk/",
        "phone": "+44 20 8262 7266",
        "address": "18 High Road, London E18 2QL",
        "distanceToForestBoundaryMetres": 260.2,
        "shop": null
      }
    },
    {
      "type": "Feature",
      "id": "node/2018958185",
      "geometry": {
        "type": "Point",
        "coordinates": [
          0.0526915,
          51.6445697
        ]
      },
      "properties": {
        "id": "node/2018958185",
        "osmType": "node",
        "osmId": 2018958185,
        "name": "India Grill",
        "category": "restaurant",
        "categoryLabel": "Restaurant",
        "amenity": "restaurant",
        "highway": null,
        "tourism": null,
        "historic": null,
        "railway": null,
        "barrier": null,
        "entrance": null,
        "heritage": null,
        "website": null,
        "phone": null,
        "address": null,
        "distanceToForestBoundaryMetres": 77.3,
        "shop": null
      }
    },
    {
      "type": "Feature",
      "id": "node/2018958211",
      "geometry": {
        "type": "Point",
        "coordinates": [
          0.0530804,
          51.6450973
        ]
      },
      "properties": {
        "id": "node/2018958211",
        "osmType": "node",
        "osmId": 2018958211,
        "name": "Tuscany/Chaipan",
        "category": "restaurant",
        "categoryLabel": "Restaurant",
        "amenity": "restaurant",
        "highway": null,
        "tourism": null,
        "historic": null,
        "railway": null,
        "barrier": null,
        "entrance": null,
        "heritage": null,
        "website": "http://tuscanychaipan.com/",
        "phone": null,
        "address": null,
        "distanceToForestBoundaryMetres": 38.6,
        "shop": null
      }
    },
    {
      "type": "Feature",
      "id": "node/2048405135",
      "geometry": {
        "type": "Point",
        "coordinates": [
          0.0791428,
          51.6648513
        ]
      },
      "properties": {
        "id": "node/2048405135",
        "osmType": "node",
        "osmId": 2048405135,
        "name": "Debden House Camp Site Cafe",
        "category": "cafe",
        "categoryLabel": "Caf\u00e9",
        "amenity": "cafe",
        "highway": null,
        "tourism": null,
        "historic": null,
        "railway": null,
        "barrier": null,
        "entrance": null,
        "heritage": null,
        "website": null,
        "phone": null,
        "address": "Debden Green, Loughton IG10 2NZ",
        "distanceToForestBoundaryMetres": 289.9,
        "shop": null
      }
    },
    {
      "type": "Feature",
      "id": "node/2048918707",
      "geometry": {
        "type": "Point",
        "coordinates": [
          0.0134812,
          51.5714364
        ]
      },
      "properties": {
        "id": "node/2048918707",
        "osmType": "node",
        "osmId": 2048918707,
        "name": "Costa",
        "category": "cafe",
        "categoryLabel": "Caf\u00e9",
        "amenity": "cafe",
        "highway": null,
        "tourism": null,
        "historic": null,
        "railway": null,
        "barrier": null,
        "entrance": null,
        "heritage": null,
        "website": null,
        "phone": null,
        "address": "8 Gainsborough Road, London E11 1HT",
        "distanceToForestBoundaryMetres": 289.0,
        "shop": null
      }
    },
    {
      "type": "Feature",
      "id": "node/2109642493",
      "geometry": {
        "type": "Point",
        "coordinates": [
          0.0255395,
          51.6150506
        ]
      },
      "properties": {
        "id": "node/2109642493",
        "osmType": "node",
        "osmId": 2109642493,
        "name": "The Travellers Friend",
        "category": "pub",
        "categoryLabel": "Pub",
        "amenity": "pub",
        "highway": null,
        "tourism": null,
        "historic": null,
        "railway": null,
        "barrier": null,
        "entrance": null,
        "heritage": null,
        "website": null,
        "phone": null,
        "address": "496-498 High Road, Woodford Green IG8 0PN",
        "distanceToForestBoundaryMetres": 214.4,
        "shop": null
      }
    },
    {
      "type": "Feature",
      "id": "node/2284359860",
      "geometry": {
        "type": "Point",
        "coordinates": [
          0.1001742,
          51.6717325
        ]
      },
      "properties": {
        "id": "node/2284359860",
        "osmType": "node",
        "osmId": 2284359860,
        "name": "Indian Ocean",
        "category": "restaurant",
        "categoryLabel": "Restaurant",
        "amenity": "restaurant",
        "highway": null,
        "tourism": null,
        "historic": null,
        "railway": null,
        "barrier": null,
        "entrance": null,
        "heritage": null,
        "website": "https://www.indianoceantheydon.co.uk/",
        "phone": null,
        "address": "Coppice Row, Theydon Bois CM16 7ES",
        "distanceToForestBoundaryMetres": 277.9,
        "shop": null
      }
    },
    {
      "type": "Feature",
      "id": "node/2287177441",
      "geometry": {
        "type": "Point",
        "coordinates": [
          0.021082,
          51.5816034
        ]
      },
      "properties": {
        "id": "node/2287177441",
        "osmType": "node",
        "osmId": 2287177441,
        "name": "Tea Room",
        "category": "cafe",
        "categoryLabel": "Caf\u00e9",
        "amenity": "cafe",
        "highway": null,
        "tourism": null,
        "historic": null,
        "railway": null,
        "barrier": null,
        "entrance": null,
        "heritage": null,
        "website": null,
        "phone": null,
        "address": "High Street, London E11 1QF",
        "distanceToForestBoundaryMetres": 288.9,
        "shop": null
      }
    },
    {
      "type": "Feature",
      "id": "node/2290248269",
      "geometry": {
        "type": "Point",
        "coordinates": [
          0.0265801,
          51.5777875
        ]
      },
      "properties": {
        "id": "node/2290248269",
        "osmType": "node",
        "osmId": 2290248269,
        "name": "City Place",
        "category": "restaurant",
        "categoryLabel": "Restaurant",
        "amenity": "restaurant",
        "highway": null,
        "tourism": null,
        "historic": null,
        "railway": null,
        "barrier": null,
        "entrance": null,
        "heritage": null,
        "website": "https://www.city-place.co.uk/",
        "phone": null,
        "address": "5 Clock House Parade, London E11 2AG",
        "distanceToForestBoundaryMetres": 232.6,
        "shop": null
      }
    },
    {
      "type": "Feature",
      "id": "node/2290483691",
      "geometry": {
        "type": "Point",
        "coordinates": [
          0.0272758,
          51.5770661
        ]
      },
      "properties": {
        "id": "node/2290483691",
        "osmType": "node",
        "osmId": 2290483691,
        "name": "Piccolo Italian Restaurant",
        "category": "restaurant",
        "categoryLabel": "Restaurant",
        "amenity": "restaurant",
        "highway": null,
        "tourism": null,
        "historic": null,
        "railway": null,
        "barrier": null,
        "entrance": null,
        "heritage": null,
        "website": null,
        "phone": null,
        "address": "117b High Street, London E11 2RL",
        "distanceToForestBoundaryMetres": 283.5,
        "shop": null
      }
    },
    {
      "type": "Feature",
      "id": "node/2432513231",
      "geometry": {
        "type": "Point",
        "coordinates": [
          0.0439936,
          51.6252452
        ]
      },
      "properties": {
        "id": "node/2432513231",
        "osmType": "node",
        "osmId": 2432513231,
        "name": "Costa",
        "category": "cafe",
        "categoryLabel": "Caf\u00e9",
        "amenity": "cafe",
        "highway": null,
        "tourism": null,
        "historic": null,
        "railway": null,
        "barrier": null,
        "entrance": null,
        "heritage": null,
        "website": null,
        "phone": null,
        "address": "48 Queens Road, Buckhurst Hill IG9 5BY",
        "distanceToForestBoundaryMetres": 230.4,
        "shop": null
      }
    },
    {
      "type": "Feature",
      "id": "node/2432513244",
      "geometry": {
        "type": "Point",
        "coordinates": [
          0.0451066,
          51.6251459
        ]
      },
      "properties": {
        "id": "node/2432513244",
        "osmType": "node",
        "osmId": 2432513244,
        "name": "Legends Cafe",
        "category": "cafe",
        "categoryLabel": "Caf\u00e9",
        "amenity": "cafe",
        "highway": null,
        "tourism": null,
        "historic": null,
        "railway": null,
        "barrier": null,
        "entrance": null,
        "heritage": null,
        "website": null,
        "phone": null,
        "address": null,
        "distanceToForestBoundaryMetres": 287.6,
        "shop": null
      }
    },
    {
      "type": "Feature",
      "id": "node/2711239366",
      "geometry": {
        "type": "Point",
        "coordinates": [
          0.0051198,
          51.5795689
        ]
      },
      "properties": {
        "id": "node/2711239366",
        "osmType": "node",
        "osmId": 2711239366,
        "name": "Boat House Kiosk",
        "category": "kiosk",
        "categoryLabel": "Kiosk",
        "amenity": "cafe",
        "highway": null,
        "tourism": null,
        "historic": null,
        "railway": null,
        "barrier": null,
        "entrance": null,
        "heritage": null,
        "website": null,
        "phone": null,
        "address": "Whipps Cross Road, London E11 1NJ",
        "distanceToForestBoundaryMetres": 289.2,
        "shop": "kiosk"
      }
    },
    {
      "type": "Feature",
      "id": "node/2736779276",
      "geometry": {
        "type": "Point",
        "coordinates": [
          0.0245241,
          51.5795659
        ]
      },
      "properties": {
        "id": "node/2736779276",
        "osmType": "node",
        "osmId": 2736779276,
        "name": "Gezi Park",
        "category": "restaurant",
        "categoryLabel": "Restaurant",
        "amenity": "restaurant",
        "highway": null,
        "tourism": null,
        "historic": null,
        "railway": null,
        "barrier": null,
        "entrance": null,
        "heritage": null,
        "website": null,
        "phone": null,
        "address": "27 High Street, London E11 2AA",
        "distanceToForestBoundaryMetres": 81.8,
        "shop": null
      }
    },
    {
      "type": "Feature",
      "id": "node/3077522360",
      "geometry": {
        "type": "Point",
        "coordinates": [
          0.0169158,
          51.6343309
        ]
      },
      "properties": {
        "id": "node/3077522360",
        "osmType": "node",
        "osmId": 3077522360,
        "name": "The Royal Forest",
        "category": "pub",
        "categoryLabel": "Pub",
        "amenity": "pub",
        "highway": null,
        "tourism": null,
        "historic": null,
        "railway": null,
        "barrier": null,
        "entrance": null,
        "heritage": null,
        "website": null,
        "phone": null,
        "address": "4 Ranger's Road, London E4 7QH",
        "distanceToForestBoundaryMetres": 74.4,
        "shop": null
      }
    },
    {
      "type": "Feature",
      "id": "node/3303508161",
      "geometry": {
        "type": "Point",
        "coordinates": [
          0.0282215,
          51.614616
        ]
      },
      "properties": {
        "id": "node/3303508161",
        "osmType": "node",
        "osmId": 3303508161,
        "name": "Woodford Wells Cricket Club Bar",
        "category": "bar",
        "categoryLabel": "Bar",
        "amenity": "bar",
        "highway": null,
        "tourism": null,
        "historic": null,
        "railway": null,
        "barrier": null,
        "entrance": null,
        "heritage": null,
        "website": null,
        "phone": null,
        "address": "Monkham's Lane, Woodford Green IG8 0NL",
        "distanceToForestBoundaryMetres": 274.0,
        "shop": null
      }
    },
    {
      "type": "Feature",
      "id": "node/4093218125",
      "geometry": {
        "type": "Point",
        "coordinates": [
          -0.0094066,
          51.5793622
        ]
      },
      "properties": {
        "id": "node/4093218125",
        "osmType": "node",
        "osmId": 4093218125,
        "name": "Ohba Leaf",
        "category": "restaurant",
        "categoryLabel": "Restaurant",
        "amenity": "restaurant",
        "highway": null,
        "tourism": null,
        "historic": null,
        "railway": null,
        "barrier": null,
        "entrance": null,
        "heritage": null,
        "website": null,
        "phone": "+44 20 3515 0606",
        "address": "125 Grove Road, London E17 9BU",
        "distanceToForestBoundaryMetres": 234.4,
        "shop": null
      }
    },
    {
      "type": "Feature",
      "id": "node/4151710124",
      "geometry": {
        "type": "Point",
        "coordinates": [
          -0.0251409,
          51.6051203
        ]
      },
      "properties": {
        "id": "node/4151710124",
        "osmType": "node",
        "osmId": 4151710124,
        "name": "G\u00f6ky\u00fcz\u00fc",
        "category": "restaurant",
        "categoryLabel": "Restaurant",
        "amenity": "restaurant",
        "highway": null,
        "tourism": null,
        "historic": null,
        "railway": null,
        "barrier": null,
        "entrance": null,
        "heritage": null,
        "website": "https://www.gokyuzurestaurant.co.uk/contact-chingford.php",
        "phone": "+44 20 8527 4927",
        "address": "Southend Road, London E4 8TA",
        "distanceToForestBoundaryMetres": 241.6,
        "shop": null
      }
    },
    {
      "type": "Feature",
      "id": "node/4320305989",
      "geometry": {
        "type": "Point",
        "coordinates": [
          0.0454821,
          51.6255626
        ]
      },
      "properties": {
        "id": "node/4320305989",
        "osmType": "node",
        "osmId": 4320305989,
        "name": "Costa",
        "category": "cafe",
        "categoryLabel": "Caf\u00e9",
        "amenity": "cafe",
        "highway": null,
        "tourism": null,
        "historic": null,
        "railway": null,
        "barrier": null,
        "entrance": null,
        "heritage": null,
        "website": null,
        "phone": null,
        "address": null,
        "distanceToForestBoundaryMetres": 275.6,
        "shop": null
      }
    },
    {
      "type": "Feature",
      "id": "node/4381900289",
      "geometry": {
        "type": "Point",
        "coordinates": [
          0.0213774,
          51.6095768
        ]
      },
      "properties": {
        "id": "node/4381900289",
        "osmType": "node",
        "osmId": 4381900289,
        "name": "Deli on the green",
        "category": "cafe",
        "categoryLabel": "Caf\u00e9",
        "amenity": "cafe",
        "highway": null,
        "tourism": null,
        "historic": null,
        "railway": null,
        "barrier": null,
        "entrance": null,
        "heritage": null,
        "website": null,
        "phone": null,
        "address": null,
        "distanceToForestBoundaryMetres": 290.8,
        "shop": null
      }
    },
    {
      "type": "Feature",
      "id": "node/4770820822",
      "geometry": {
        "type": "Point",
        "coordinates": [
          0.0558716,
          51.6478643
        ]
      },
      "properties": {
        "id": "node/4770820822",
        "osmType": "node",
        "osmId": 4770820822,
        "name": "Starbucks",
        "category": "cafe",
        "categoryLabel": "Caf\u00e9",
        "amenity": "cafe",
        "highway": null,
        "tourism": null,
        "historic": null,
        "railway": null,
        "barrier": null,
        "entrance": null,
        "heritage": null,
        "website": "https://www.starbucks.com/store-locator/store/1012260/loughton-high-road-243-high-road-loughton-eng-ig-10-1-ad-gb",
        "phone": null,
        "address": "243 High Road, Loughton IG10 1AD",
        "distanceToForestBoundaryMetres": 289.0,
        "shop": null
      }
    },
    {
      "type": "Feature",
      "id": "node/5290107756",
      "geometry": {
        "type": "Point",
        "coordinates": [
          0.0188248,
          51.5554908
        ]
      },
      "properties": {
        "id": "node/5290107756",
        "osmType": "node",
        "osmId": 5290107756,
        "name": "Joyau",
        "category": "bar",
        "categoryLabel": "Bar",
        "amenity": "bar",
        "highway": null,
        "tourism": null,
        "historic": null,
        "railway": null,
        "barrier": null,
        "entrance": null,
        "heritage": null,
        "website": "https://joyau.co/london",
        "phone": null,
        "address": "Winchelsea Road, London E7 0AQ",
        "distanceToForestBoundaryMetres": 133.6,
        "shop": null
      }
    },
    {
      "type": "Feature",
      "id": "node/5717825255",
      "geometry": {
        "type": "Point",
        "coordinates": [
          0.0178208,
          51.5579218
        ]
      },
      "properties": {
        "id": "node/5717825255",
        "osmType": "node",
        "osmId": 5717825255,
        "name": "Tamping Grounds",
        "category": "cafe",
        "categoryLabel": "Caf\u00e9",
        "amenity": "cafe",
        "highway": null,
        "tourism": null,
        "historic": null,
        "railway": null,
        "barrier": null,
        "entrance": null,
        "heritage": null,
        "website": null,
        "phone": null,
        "address": "324 Cann Hall Road, London E11 3NW",
        "distanceToForestBoundaryMetres": 265.1,
        "shop": null
      }
    },
    {
      "type": "Feature",
      "id": "node/5820597710",
      "geometry": {
        "type": "Point",
        "coordinates": [
          0.0256006,
          51.5931348
        ]
      },
      "properties": {
        "id": "node/5820597710",
        "osmType": "node",
        "osmId": 5820597710,
        "name": "Costa",
        "category": "cafe",
        "categoryLabel": "Caf\u00e9",
        "amenity": "cafe",
        "highway": null,
        "tourism": null,
        "historic": null,
        "railway": null,
        "barrier": null,
        "entrance": null,
        "heritage": null,
        "website": "https://www.costa.co.uk",
        "phone": null,
        "address": "132 George Lane, London E18 1BA",
        "distanceToForestBoundaryMetres": 290.4,
        "shop": null
      }
    },
    {
      "type": "Feature",
      "id": "node/5831873256",
      "geometry": {
        "type": "Point",
        "coordinates": [
          0.0068819,
          51.5584853
        ]
      },
      "properties": {
        "id": "node/5831873256",
        "osmType": "node",
        "osmId": 5831873256,
        "name": "Coffee Garden",
        "category": "cafe",
        "categoryLabel": "Caf\u00e9",
        "amenity": "cafe",
        "highway": null,
        "tourism": null,
        "historic": null,
        "railway": null,
        "barrier": null,
        "entrance": null,
        "heritage": null,
        "website": null,
        "phone": null,
        "address": "473 High Road Leytonstone, London E11 4JU",
        "distanceToForestBoundaryMetres": 72.2,
        "shop": null
      }
    },
    {
      "type": "Feature",
      "id": "node/5913600282",
      "geometry": {
        "type": "Point",
        "coordinates": [
          -0.0082746,
          51.5760602
        ]
      },
      "properties": {
        "id": "node/5913600282",
        "osmType": "node",
        "osmId": 5913600282,
        "name": "WF Catering at Belmont Park School",
        "category": "restaurant",
        "categoryLabel": "Restaurant",
        "amenity": "restaurant",
        "highway": null,
        "tourism": null,
        "historic": null,
        "railway": null,
        "barrier": null,
        "entrance": null,
        "heritage": null,
        "website": "https://www.belmontparkschool.com/",
        "phone": "+44 20 8556 0006",
        "address": "101 Leyton Green Road, London E10 6DB",
        "distanceToForestBoundaryMetres": 144.5,
        "shop": null
      }
    },
    {
      "type": "Feature",
      "id": "node/6581862763",
      "geometry": {
        "type": "Point",
        "coordinates": [
          0.0020366,
          51.5782297
        ]
      },
      "properties": {
        "id": "node/6581862763",
        "osmType": "node",
        "osmId": 6581862763,
        "name": "Eatwell Restaurant",
        "category": "restaurant",
        "categoryLabel": "Restaurant",
        "amenity": "restaurant",
        "highway": null,
        "tourism": null,
        "historic": null,
        "railway": null,
        "barrier": null,
        "entrance": null,
        "heritage": null,
        "website": null,
        "phone": null,
        "address": null,
        "distanceToForestBoundaryMetres": 289.8,
        "shop": null
      }
    },
    {
      "type": "Feature",
      "id": "node/6581862764",
      "geometry": {
        "type": "Point",
        "coordinates": [
          0.0021763,
          51.5783006
        ]
      },
      "properties": {
        "id": "node/6581862764",
        "osmType": "node",
        "osmId": 6581862764,
        "name": "Fonta Nella",
        "category": "cafe",
        "categoryLabel": "Caf\u00e9",
        "amenity": "cafe",
        "highway": null,
        "tourism": null,
        "historic": null,
        "railway": null,
        "barrier": null,
        "entrance": null,
        "heritage": null,
        "website": null,
        "phone": null,
        "address": null,
        "distanceToForestBoundaryMetres": 287.4,
        "shop": null
      }
    },
    {
      "type": "Feature",
      "id": "node/6601829116",
      "geometry": {
        "type": "Point",
        "coordinates": [
          0.0531228,
          51.6451485
        ]
      },
      "properties": {
        "id": "node/6601829116",
        "osmType": "node",
        "osmId": 6601829116,
        "name": "Loughton BBQ",
        "category": "restaurant",
        "categoryLabel": "Restaurant",
        "amenity": "restaurant",
        "highway": null,
        "tourism": null,
        "historic": null,
        "railway": null,
        "barrier": null,
        "entrance": null,
        "heritage": null,
        "website": null,
        "phone": null,
        "address": null,
        "distanceToForestBoundaryMetres": 39.0,
        "shop": null
      }
    },
    {
      "type": "Feature",
      "id": "node/6601971205",
      "geometry": {
        "type": "Point",
        "coordinates": [
          0.0524497,
          51.6443738
        ]
      },
      "properties": {
        "id": "node/6601971205",
        "osmType": "node",
        "osmId": 6601971205,
        "name": "God's Own Pizza",
        "category": "restaurant",
        "categoryLabel": "Restaurant",
        "amenity": "restaurant",
        "highway": null,
        "tourism": null,
        "historic": null,
        "railway": null,
        "barrier": null,
        "entrance": null,
        "heritage": null,
        "website": "https://www.godsownpizza.com/",
        "phone": null,
        "address": null,
        "distanceToForestBoundaryMetres": 99.1,
        "shop": null
      }
    },
    {
      "type": "Feature",
      "id": "node/6601974302",
      "geometry": {
        "type": "Point",
        "coordinates": [
          0.054185,
          51.6458876
        ]
      },
      "properties": {
        "id": "node/6601974302",
        "osmType": "node",
        "osmId": 6601974302,
        "name": "Nando's",
        "category": "restaurant",
        "categoryLabel": "Restaurant",
        "amenity": "restaurant",
        "highway": null,
        "tourism": null,
        "historic": null,
        "railway": null,
        "barrier": null,
        "entrance": null,
        "heritage": null,
        "website": "https://www.nandos.co.uk/restaurants/loughton",
        "phone": null,
        "address": null,
        "distanceToForestBoundaryMetres": 129.0,
        "shop": null
      }
    },
    {
      "type": "Feature",
      "id": "node/6603967027",
      "geometry": {
        "type": "Point",
        "coordinates": [
          0.0525289,
          51.6442806
        ]
      },
      "properties": {
        "id": "node/6603967027",
        "osmType": "node",
        "osmId": 6603967027,
        "name": "Tom, Dick and Harry's",
        "category": "restaurant",
        "categoryLabel": "Restaurant",
        "amenity": "restaurant",
        "highway": null,
        "tourism": null,
        "historic": null,
        "railway": null,
        "barrier": null,
        "entrance": null,
        "heritage": null,
        "website": null,
        "phone": null,
        "address": null,
        "distanceToForestBoundaryMetres": 109.0,
        "shop": null
      }
    },
    {
      "type": "Feature",
      "id": "node/6604378358",
      "geometry": {
        "type": "Point",
        "coordinates": [
          0.0567904,
          51.6487795
        ]
      },
      "properties": {
        "id": "node/6604378358",
        "osmType": "node",
        "osmId": 6604378358,
        "name": "PizzaExpress",
        "category": "restaurant",
        "categoryLabel": "Restaurant",
        "amenity": "restaurant",
        "highway": null,
        "tourism": null,
        "historic": null,
        "railway": null,
        "barrier": null,
        "entrance": null,
        "heritage": null,
        "website": "https://www.pizzaexpress.com/loughton-high-road",
        "phone": null,
        "address": null,
        "distanceToForestBoundaryMetres": 183.0,
        "shop": null
      }
    },
    {
      "type": "Feature",
      "id": "node/6604378366",
      "geometry": {
        "type": "Point",
        "coordinates": [
          0.056709,
          51.6486863
        ]
      },
      "properties": {
        "id": "node/6604378366",
        "osmType": "node",
        "osmId": 6604378366,
        "name": "Wildwood",
        "category": "restaurant",
        "categoryLabel": "Restaurant",
        "amenity": "restaurant",
        "highway": null,
        "tourism": null,
        "historic": null,
        "railway": null,
        "barrier": null,
        "entrance": null,
        "heritage": null,
        "website": null,
        "phone": null,
        "address": null,
        "distanceToForestBoundaryMetres": 194.7,
        "shop": null
      }
    },
    {
      "type": "Feature",
      "id": "node/6604378370",
      "geometry": {
        "type": "Point",
        "coordinates": [
          0.0564251,
          51.6483697
        ]
      },
      "properties": {
        "id": "node/6604378370",
        "osmType": "node",
        "osmId": 6604378370,
        "name": "Organico",
        "category": "cafe",
        "categoryLabel": "Caf\u00e9",
        "amenity": "cafe",
        "highway": null,
        "tourism": null,
        "historic": null,
        "railway": null,
        "barrier": null,
        "entrance": null,
        "heritage": null,
        "website": null,
        "phone": null,
        "address": "261 High Road, Loughton IG10 1AH",
        "distanceToForestBoundaryMetres": 234.4,
        "shop": null
      }
    },
    {
      "type": "Feature",
      "id": "node/6604378372",
      "geometry": {
        "type": "Point",
        "coordinates": [
          0.0565438,
          51.6484968
        ]
      },
      "properties": {
        "id": "node/6604378372",
        "osmType": "node",
        "osmId": 6604378372,
        "name": "Cook",
        "category": "cafe",
        "categoryLabel": "Caf\u00e9",
        "amenity": "cafe",
        "highway": null,
        "tourism": null,
        "historic": null,
        "railway": null,
        "barrier": null,
        "entrance": null,
        "heritage": null,
        "website": null,
        "phone": null,
        "address": null,
        "distanceToForestBoundaryMetres": 218.3,
        "shop": null
      }
    },
    {
      "type": "Feature",
      "id": "node/6606110601",
      "geometry": {
        "type": "Point",
        "coordinates": [
          0.0540392,
          51.6465636
        ]
      },
      "properties": {
        "id": "node/6606110601",
        "osmType": "node",
        "osmId": 6606110601,
        "name": "Bishops",
        "category": "restaurant",
        "categoryLabel": "Restaurant",
        "amenity": "restaurant",
        "highway": null,
        "tourism": null,
        "historic": null,
        "railway": null,
        "barrier": null,
        "entrance": null,
        "heritage": null,
        "website": null,
        "phone": null,
        "address": null,
        "distanceToForestBoundaryMetres": 173.3,
        "shop": null
      }
    },
    {
      "type": "Feature",
      "id": "node/6606110620",
      "geometry": {
        "type": "Point",
        "coordinates": [
          0.0542476,
          51.6467748
        ]
      },
      "properties": {
        "id": "node/6606110620",
        "osmType": "node",
        "osmId": 6606110620,
        "name": "The Wagon Boulangerie",
        "category": "cafe",
        "categoryLabel": "Caf\u00e9",
        "amenity": "cafe",
        "highway": null,
        "tourism": null,
        "historic": null,
        "railway": null,
        "barrier": null,
        "entrance": null,
        "heritage": null,
        "website": null,
        "phone": null,
        "address": "174 High Road, Loughton IG10 1DN",
        "distanceToForestBoundaryMetres": 200.7,
        "shop": null
      }
    },
    {
      "type": "Feature",
      "id": "node/6606239544",
      "geometry": {
        "type": "Point",
        "coordinates": [
          0.0546838,
          51.6471881
        ]
      },
      "properties": {
        "id": "node/6606239544",
        "osmType": "node",
        "osmId": 6606239544,
        "name": "Zest",
        "category": "cafe",
        "categoryLabel": "Caf\u00e9",
        "amenity": "cafe",
        "highway": null,
        "tourism": null,
        "historic": null,
        "railway": null,
        "barrier": null,
        "entrance": null,
        "heritage": null,
        "website": "https://www.zestsaladbar.co.uk/",
        "phone": null,
        "address": "194 High Road, Loughton IG10 1DN",
        "distanceToForestBoundaryMetres": 255.4,
        "shop": null
      }
    },
    {
      "type": "Feature",
      "id": "node/6606335918",
      "geometry": {
        "type": "Point",
        "coordinates": [
          0.0550685,
          51.6475763
        ]
      },
      "properties": {
        "id": "node/6606335918",
        "osmType": "node",
        "osmId": 6606335918,
        "name": "Pak Choi",
        "category": "restaurant",
        "categoryLabel": "Restaurant",
        "amenity": "restaurant",
        "highway": null,
        "tourism": null,
        "historic": null,
        "railway": null,
        "barrier": null,
        "entrance": null,
        "heritage": null,
        "website": "https://pakchoirestaurant.com/",
        "phone": "+44 20 8508 2436",
        "address": "202 High Road, Loughton IG10 1ET",
        "distanceToForestBoundaryMetres": 291.0,
        "shop": null
      }
    },
    {
      "type": "Feature",
      "id": "node/6606335933",
      "geometry": {
        "type": "Point",
        "coordinates": [
          0.0558179,
          51.6482863
        ]
      },
      "properties": {
        "id": "node/6606335933",
        "osmType": "node",
        "osmId": 6606335933,
        "name": "Costa",
        "category": "cafe",
        "categoryLabel": "Caf\u00e9",
        "amenity": "cafe",
        "highway": null,
        "tourism": null,
        "historic": null,
        "railway": null,
        "barrier": null,
        "entrance": null,
        "heritage": null,
        "website": null,
        "phone": null,
        "address": "230 High Road, Loughton IG10 1EZ",
        "distanceToForestBoundaryMetres": 261.3,
        "shop": null
      }
    },
    {
      "type": "Feature",
      "id": "node/6606364374",
      "geometry": {
        "type": "Point",
        "coordinates": [
          0.056001,
          51.6485773
        ]
      },
      "properties": {
        "id": "node/6606364374",
        "osmType": "node",
        "osmId": 6606364374,
        "name": "Vivaldi",
        "category": "cafe",
        "categoryLabel": "Caf\u00e9",
        "amenity": "cafe",
        "highway": null,
        "tourism": null,
        "historic": null,
        "railway": null,
        "barrier": null,
        "entrance": null,
        "heritage": null,
        "website": null,
        "phone": null,
        "address": "236 High Road, Loughton IG10 1RB",
        "distanceToForestBoundaryMetres": 227.2,
        "shop": null
      }
    },
    {
      "type": "Feature",
      "id": "node/6606364375",
      "geometry": {
        "type": "Point",
        "coordinates": [
          0.0560345,
          51.6486207
        ]
      },
      "properties": {
        "id": "node/6606364375",
        "osmType": "node",
        "osmId": 6606364375,
        "name": "8 Rocks",
        "category": "cafe",
        "categoryLabel": "Caf\u00e9",
        "amenity": "cafe",
        "highway": null,
        "tourism": null,
        "historic": null,
        "railway": null,
        "barrier": null,
        "entrance": null,
        "heritage": null,
        "website": null,
        "phone": null,
        "address": null,
        "distanceToForestBoundaryMetres": 221.9,
        "shop": null
      }
    },
    {
      "type": "Feature",
      "id": "node/6606364381",
      "geometry": {
        "type": "Point",
        "coordinates": [
          0.0560748,
          51.6486704
        ]
      },
      "properties": {
        "id": "node/6606364381",
        "osmType": "node",
        "osmId": 6606364381,
        "name": "Wing Shack Co",
        "category": "restaurant",
        "categoryLabel": "Restaurant",
        "amenity": "restaurant",
        "highway": null,
        "tourism": null,
        "historic": null,
        "railway": null,
        "barrier": null,
        "entrance": null,
        "heritage": null,
        "website": null,
        "phone": null,
        "address": "240 High Road, Loughton IG10 1HA",
        "distanceToForestBoundaryMetres": 215.8,
        "shop": null
      }
    },
    {
      "type": "Feature",
      "id": "node/6608930920",
      "geometry": {
        "type": "Point",
        "coordinates": [
          0.0547631,
          51.6468673
        ]
      },
      "properties": {
        "id": "node/6608930920",
        "osmType": "node",
        "osmId": 6608930920,
        "name": "Molen\u2019s",
        "category": "restaurant",
        "categoryLabel": "Restaurant",
        "amenity": "restaurant",
        "highway": null,
        "tourism": null,
        "historic": null,
        "railway": null,
        "barrier": null,
        "entrance": null,
        "heritage": null,
        "website": null,
        "phone": null,
        "address": null,
        "distanceToForestBoundaryMetres": 230.6,
        "shop": null
      }
    },
    {
      "type": "Feature",
      "id": "node/6621938193",
      "geometry": {
        "type": "Point",
        "coordinates": [
          0.0568923,
          51.6496815
        ]
      },
      "properties": {
        "id": "node/6621938193",
        "osmType": "node",
        "osmId": 6621938193,
        "name": "Light Tree Bistro",
        "category": "restaurant",
        "categoryLabel": "Restaurant",
        "amenity": "restaurant",
        "highway": null,
        "tourism": null,
        "historic": null,
        "railway": null,
        "barrier": null,
        "entrance": null,
        "heritage": null,
        "website": null,
        "phone": null,
        "address": null,
        "distanceToForestBoundaryMetres": 261.2,
        "shop": null
      }
    },
    {
      "type": "Feature",
      "id": "node/6621938203",
      "geometry": {
        "type": "Point",
        "coordinates": [
          0.0566729,
          51.6493515
        ]
      },
      "properties": {
        "id": "node/6621938203",
        "osmType": "node",
        "osmId": 6621938203,
        "name": "The Olive Tree",
        "category": "restaurant",
        "categoryLabel": "Restaurant",
        "amenity": "restaurant",
        "highway": null,
        "tourism": null,
        "historic": null,
        "railway": null,
        "barrier": null,
        "entrance": null,
        "heritage": null,
        "website": null,
        "phone": null,
        "address": "258 High Road, Loughton IG10 1RB",
        "distanceToForestBoundaryMetres": 130.1,
        "shop": null
      }
    },
    {
      "type": "Feature",
      "id": "node/6622158735",
      "geometry": {
        "type": "Point",
        "coordinates": [
          0.0573081,
          51.650123
        ]
      },
      "properties": {
        "id": "node/6622158735",
        "osmType": "node",
        "osmId": 6622158735,
        "name": "Turquoise Grill and Bar",
        "category": "restaurant",
        "categoryLabel": "Restaurant",
        "amenity": "restaurant",
        "highway": null,
        "tourism": null,
        "historic": null,
        "railway": null,
        "barrier": null,
        "entrance": null,
        "heritage": null,
        "website": null,
        "phone": null,
        "address": null,
        "distanceToForestBoundaryMetres": 211.5,
        "shop": null
      }
    },
    {
      "type": "Feature",
      "id": "node/6622158738",
      "geometry": {
        "type": "Point",
        "coordinates": [
          0.0571766,
          51.6499832
        ]
      },
      "properties": {
        "id": "node/6622158738",
        "osmType": "node",
        "osmId": 6622158738,
        "name": "Masala Market",
        "category": "restaurant",
        "categoryLabel": "Restaurant",
        "amenity": "restaurant",
        "highway": null,
        "tourism": null,
        "historic": null,
        "railway": null,
        "barrier": null,
        "entrance": null,
        "heritage": null,
        "website": null,
        "phone": null,
        "address": null,
        "distanceToForestBoundaryMetres": 226.9,
        "shop": null
      }
    },
    {
      "type": "Feature",
      "id": "node/6622158739",
      "geometry": {
        "type": "Point",
        "coordinates": [
          0.0571176,
          51.64993
        ]
      },
      "properties": {
        "id": "node/6622158739",
        "osmType": "node",
        "osmId": 6622158739,
        "name": "Wo Fat",
        "category": "restaurant",
        "categoryLabel": "Restaurant",
        "amenity": "restaurant",
        "highway": null,
        "tourism": null,
        "historic": null,
        "railway": null,
        "barrier": null,
        "entrance": null,
        "heritage": null,
        "website": null,
        "phone": null,
        "address": null,
        "distanceToForestBoundaryMetres": 232.9,
        "shop": null
      }
    },
    {
      "type": "Feature",
      "id": "node/6855180293",
      "geometry": {
        "type": "Point",
        "coordinates": [
          0.023808,
          51.5799988
        ]
      },
      "properties": {
        "id": "node/6855180293",
        "osmType": "node",
        "osmId": 6855180293,
        "name": "Bare Brew",
        "category": "cafe",
        "categoryLabel": "Caf\u00e9",
        "amenity": "cafe",
        "highway": null,
        "tourism": null,
        "historic": null,
        "railway": null,
        "barrier": null,
        "entrance": null,
        "heritage": null,
        "website": "https://www.barebrew.co.uk/",
        "phone": null,
        "address": "7 High Street, London E11 2AA",
        "distanceToForestBoundaryMetres": 107.9,
        "shop": null
      }
    },
    {
      "type": "Feature",
      "id": "node/7168835277",
      "geometry": {
        "type": "Point",
        "coordinates": [
          0.0522627,
          51.6447154
        ]
      },
      "properties": {
        "id": "node/7168835277",
        "osmType": "node",
        "osmId": 7168835277,
        "name": "Gem of Essex",
        "category": "restaurant",
        "categoryLabel": "Restaurant",
        "amenity": "restaurant",
        "highway": null,
        "tourism": null,
        "historic": null,
        "railway": null,
        "barrier": null,
        "entrance": null,
        "heritage": null,
        "website": null,
        "phone": null,
        "address": null,
        "distanceToForestBoundaryMetres": 65.0,
        "shop": null
      }
    },
    {
      "type": "Feature",
      "id": "node/7168896391",
      "geometry": {
        "type": "Point",
        "coordinates": [
          0.0548385,
          51.6473555
        ]
      },
      "properties": {
        "id": "node/7168896391",
        "osmType": "node",
        "osmId": 7168896391,
        "name": "Green\u2019s Steakhouse",
        "category": "restaurant",
        "categoryLabel": "Restaurant",
        "amenity": "restaurant",
        "highway": null,
        "tourism": null,
        "historic": null,
        "railway": null,
        "barrier": null,
        "entrance": null,
        "heritage": null,
        "website": null,
        "phone": null,
        "address": null,
        "distanceToForestBoundaryMetres": 276.7,
        "shop": null
      }
    },
    {
      "type": "Feature",
      "id": "node/7181493652",
      "geometry": {
        "type": "Point",
        "coordinates": [
          0.056306,
          51.6489651
        ]
      },
      "properties": {
        "id": "node/7181493652",
        "osmType": "node",
        "osmId": 7181493652,
        "name": "The Gelato Kitchen",
        "category": "cafe",
        "categoryLabel": "Caf\u00e9",
        "amenity": "cafe",
        "highway": null,
        "tourism": null,
        "historic": null,
        "railway": null,
        "barrier": null,
        "entrance": null,
        "heritage": null,
        "website": null,
        "phone": null,
        "address": null,
        "distanceToForestBoundaryMetres": 179.7,
        "shop": null
      }
    },
    {
      "type": "Feature",
      "id": "node/7181510767",
      "geometry": {
        "type": "Point",
        "coordinates": [
          0.0567544,
          51.6487302
        ]
      },
      "properties": {
        "id": "node/7181510767",
        "osmType": "node",
        "osmId": 7181510767,
        "name": "Loaded",
        "category": "restaurant",
        "categoryLabel": "Restaurant",
        "amenity": "restaurant",
        "highway": null,
        "tourism": null,
        "historic": null,
        "railway": null,
        "barrier": null,
        "entrance": null,
        "heritage": null,
        "website": null,
        "phone": null,
        "address": null,
        "distanceToForestBoundaryMetres": 189.0,
        "shop": null
      }
    },
    {
      "type": "Feature",
      "id": "node/7466854892",
      "geometry": {
        "type": "Point",
        "coordinates": [
          0.066901,
          51.6565181
        ]
      },
      "properties": {
        "id": "node/7466854892",
        "osmType": "node",
        "osmId": 7466854892,
        "name": "Cafe Mosaic",
        "category": "cafe",
        "categoryLabel": "Caf\u00e9",
        "amenity": "cafe",
        "highway": null,
        "tourism": null,
        "historic": null,
        "railway": null,
        "barrier": null,
        "entrance": null,
        "heritage": null,
        "website": null,
        "phone": null,
        "address": null,
        "distanceToForestBoundaryMetres": 66.2,
        "shop": null
      }
    },
    {
      "type": "Feature",
      "id": "node/7849521240",
      "geometry": {
        "type": "Point",
        "coordinates": [
          0.0191777,
          51.5549124
        ]
      },
      "properties": {
        "id": "node/7849521240",
        "osmType": "node",
        "osmId": 7849521240,
        "name": "The Wanstead Kitchen",
        "category": "cafe",
        "categoryLabel": "Caf\u00e9",
        "amenity": "cafe",
        "highway": null,
        "tourism": null,
        "historic": null,
        "railway": null,
        "barrier": null,
        "entrance": null,
        "heritage": null,
        "website": "https://www.wansteadkitchen.co.uk/",
        "phone": null,
        "address": "93 Pevensey Road, London E7 0AR",
        "distanceToForestBoundaryMetres": 162.5,
        "shop": null
      }
    },
    {
      "type": "Feature",
      "id": "node/7859300963",
      "geometry": {
        "type": "Point",
        "coordinates": [
          0.0423515,
          51.6255864
        ]
      },
      "properties": {
        "id": "node/7859300963",
        "osmType": "node",
        "osmId": 7859300963,
        "name": "Mr Todiwalla's Petiscos",
        "category": "restaurant",
        "categoryLabel": "Restaurant",
        "amenity": "restaurant",
        "highway": null,
        "tourism": null,
        "historic": null,
        "railway": null,
        "barrier": null,
        "entrance": null,
        "heritage": null,
        "website": null,
        "phone": "+44 20 8257 0816",
        "address": "75 Queen's Road, Buckhurst Hill IG9 5BS",
        "distanceToForestBoundaryMetres": 257.8,
        "shop": null
      }
    },
    {
      "type": "Feature",
      "id": "node/7920219946",
      "geometry": {
        "type": "Point",
        "coordinates": [
          0.0498752,
          51.5517651
        ]
      },
      "properties": {
        "id": "node/7920219946",
        "osmType": "node",
        "osmId": 7920219946,
        "name": "B2B Lounge",
        "category": "restaurant",
        "categoryLabel": "Restaurant",
        "amenity": "restaurant",
        "highway": null,
        "tourism": null,
        "historic": null,
        "railway": null,
        "barrier": null,
        "entrance": null,
        "heritage": null,
        "website": null,
        "phone": null,
        "address": "759 Romford Road, London E12 5AW",
        "distanceToForestBoundaryMetres": 248.8,
        "shop": null
      }
    },
    {
      "type": "Feature",
      "id": "node/8142720703",
      "geometry": {
        "type": "Point",
        "coordinates": [
          0.0156274,
          51.5575459
        ]
      },
      "properties": {
        "id": "node/8142720703",
        "osmType": "node",
        "osmId": 8142720703,
        "name": "El Cafecito/Belle Juin",
        "category": "cafe",
        "categoryLabel": "Caf\u00e9",
        "amenity": "cafe",
        "highway": null,
        "tourism": null,
        "historic": null,
        "railway": null,
        "barrier": null,
        "entrance": null,
        "heritage": null,
        "website": null,
        "phone": null,
        "address": "250 Cann Hall Road, London E11 3NL",
        "distanceToForestBoundaryMetres": 279.6,
        "shop": null
      }
    },
    {
      "type": "Feature",
      "id": "node/8223851655",
      "geometry": {
        "type": "Point",
        "coordinates": [
          0.1016051,
          51.6721005
        ]
      },
      "properties": {
        "id": "node/8223851655",
        "osmType": "node",
        "osmId": 8223851655,
        "name": "Bonhomie",
        "category": "cafe",
        "categoryLabel": "Caf\u00e9",
        "amenity": "cafe",
        "highway": null,
        "tourism": null,
        "historic": null,
        "railway": null,
        "barrier": null,
        "entrance": null,
        "heritage": null,
        "website": null,
        "phone": "+44 1992 676866",
        "address": "14 Forest Drive, Epping CM16 7EY",
        "distanceToForestBoundaryMetres": 285.7,
        "shop": null
      }
    },
    {
      "type": "Feature",
      "id": "node/8295030177",
      "geometry": {
        "type": "Point",
        "coordinates": [
          0.0510237,
          51.5517457
        ]
      },
      "properties": {
        "id": "node/8295030177",
        "osmType": "node",
        "osmId": 8295030177,
        "name": "A1 Kebabish Grill",
        "category": "restaurant",
        "categoryLabel": "Restaurant",
        "amenity": "restaurant",
        "highway": null,
        "tourism": null,
        "historic": null,
        "railway": null,
        "barrier": null,
        "entrance": null,
        "heritage": null,
        "website": "http://a1-kebabish.co.uk/",
        "phone": "+44 20 8514 4800",
        "address": "684 Romford Road, London E12 5AJ",
        "distanceToForestBoundaryMetres": 291.4,
        "shop": null
      }
    },
    {
      "type": "Feature",
      "id": "node/8613350778",
      "geometry": {
        "type": "Point",
        "coordinates": [
          0.0041562,
          51.6313651
        ]
      },
      "properties": {
        "id": "node/8613350778",
        "osmType": "node",
        "osmId": 8613350778,
        "name": "Jaz & Jetz Kitchen",
        "category": "cafe",
        "categoryLabel": "Caf\u00e9",
        "amenity": "cafe",
        "highway": null,
        "tourism": null,
        "historic": null,
        "railway": null,
        "barrier": null,
        "entrance": null,
        "heritage": null,
        "website": null,
        "phone": null,
        "address": "49a Station Road, London E4 7DA",
        "distanceToForestBoundaryMetres": 182.9,
        "shop": null
      }
    },
    {
      "type": "Feature",
      "id": "node/8755248057",
      "geometry": {
        "type": "Point",
        "coordinates": [
          0.0098307,
          51.6330318
        ]
      },
      "properties": {
        "id": "node/8755248057",
        "osmType": "node",
        "osmId": 8755248057,
        "name": "Tani\u2019s Express",
        "category": "cafe",
        "categoryLabel": "Caf\u00e9",
        "amenity": "cafe",
        "highway": null,
        "tourism": null,
        "historic": null,
        "railway": null,
        "barrier": null,
        "entrance": null,
        "heritage": null,
        "website": null,
        "phone": null,
        "address": null,
        "distanceToForestBoundaryMetres": 261.2,
        "shop": null
      }
    },
    {
      "type": "Feature",
      "id": "node/9154045091",
      "geometry": {
        "type": "Point",
        "coordinates": [
          0.025445,
          51.5515099
        ]
      },
      "properties": {
        "id": "node/9154045091",
        "osmType": "node",
        "osmId": 9154045091,
        "name": "Bagel Eats",
        "category": "cafe",
        "categoryLabel": "Caf\u00e9",
        "amenity": "cafe",
        "highway": null,
        "tourism": null,
        "historic": null,
        "railway": null,
        "barrier": null,
        "entrance": null,
        "heritage": null,
        "website": null,
        "phone": null,
        "address": "118 Woodgrange Road, London E7 0EW",
        "distanceToForestBoundaryMetres": 291.5,
        "shop": null
      }
    },
    {
      "type": "Feature",
      "id": "node/9165951590",
      "geometry": {
        "type": "Point",
        "coordinates": [
          0.0468501,
          51.5506179
        ]
      },
      "properties": {
        "id": "node/9165951590",
        "osmType": "node",
        "osmId": 9165951590,
        "name": "Mediterranean Cafe & Sandwich Bar",
        "category": "cafe",
        "categoryLabel": "Caf\u00e9",
        "amenity": "cafe",
        "highway": null,
        "tourism": null,
        "historic": null,
        "railway": null,
        "barrier": null,
        "entrance": null,
        "heritage": null,
        "website": null,
        "phone": null,
        "address": "681 Romford Road, London E12 5AD",
        "distanceToForestBoundaryMetres": 268.6,
        "shop": null
      }
    },
    {
      "type": "Feature",
      "id": "node/9562259772",
      "geometry": {
        "type": "Point",
        "coordinates": [
          0.006152,
          51.5871325
        ]
      },
      "properties": {
        "id": "node/9562259772",
        "osmType": "node",
        "osmId": 9562259772,
        "name": "Rising Son Cafe",
        "category": "cafe",
        "categoryLabel": "Caf\u00e9",
        "amenity": "cafe",
        "highway": null,
        "tourism": null,
        "historic": null,
        "railway": null,
        "barrier": null,
        "entrance": null,
        "heritage": null,
        "website": null,
        "phone": null,
        "address": null,
        "distanceToForestBoundaryMetres": 127.3,
        "shop": null
      }
    },
    {
      "type": "Feature",
      "id": "node/9688204938",
      "geometry": {
        "type": "Point",
        "coordinates": [
          0.0262213,
          51.5793081
        ]
      },
      "properties": {
        "id": "node/9688204938",
        "osmType": "node",
        "osmId": 9688204938,
        "name": "India Garden",
        "category": "restaurant",
        "categoryLabel": "Restaurant",
        "amenity": "restaurant",
        "highway": null,
        "tourism": null,
        "historic": null,
        "railway": null,
        "barrier": null,
        "entrance": null,
        "heritage": null,
        "website": null,
        "phone": null,
        "address": "12 Nightingale Lane, London E11 2HE",
        "distanceToForestBoundaryMetres": 259.8,
        "shop": null
      }
    },
    {
      "type": "Feature",
      "id": "node/9723392726",
      "geometry": {
        "type": "Point",
        "coordinates": [
          -0.0112867,
          51.646261
        ]
      },
      "properties": {
        "id": "node/9723392726",
        "osmType": "node",
        "osmId": 9723392726,
        "name": "Valley Cafe",
        "category": "cafe",
        "categoryLabel": "Caf\u00e9",
        "amenity": "cafe",
        "highway": null,
        "tourism": null,
        "historic": null,
        "railway": null,
        "barrier": null,
        "entrance": null,
        "heritage": null,
        "website": null,
        "phone": null,
        "address": "155 Sewardstone Road, London E4 7PA",
        "distanceToForestBoundaryMetres": 128.6,
        "shop": null
      }
    },
    {
      "type": "Feature",
      "id": "node/10712132630",
      "geometry": {
        "type": "Point",
        "coordinates": [
          0.0542284,
          51.5528742
        ]
      },
      "properties": {
        "id": "node/10712132630",
        "osmType": "node",
        "osmId": 10712132630,
        "name": null,
        "category": "cafe",
        "categoryLabel": "Caf\u00e9",
        "amenity": "cafe",
        "highway": null,
        "tourism": null,
        "historic": null,
        "railway": null,
        "barrier": null,
        "entrance": null,
        "heritage": null,
        "website": null,
        "phone": null,
        "address": null,
        "distanceToForestBoundaryMetres": 262.9,
        "shop": null
      }
    },
    {
      "type": "Feature",
      "id": "node/10712146093",
      "geometry": {
        "type": "Point",
        "coordinates": [
          0.0485197,
          51.5513266
        ]
      },
      "properties": {
        "id": "node/10712146093",
        "osmType": "node",
        "osmId": 10712146093,
        "name": "Italian Caf\u00e9",
        "category": "cafe",
        "categoryLabel": "Caf\u00e9",
        "amenity": "cafe",
        "highway": null,
        "tourism": null,
        "historic": null,
        "railway": null,
        "barrier": null,
        "entrance": null,
        "heritage": null,
        "website": null,
        "phone": null,
        "address": null,
        "distanceToForestBoundaryMetres": 220.2,
        "shop": null
      }
    },
    {
      "type": "Feature",
      "id": "node/10725764227",
      "geometry": {
        "type": "Point",
        "coordinates": [
          0.0221661,
          51.609411
        ]
      },
      "properties": {
        "id": "node/10725764227",
        "osmType": "node",
        "osmId": 10725764227,
        "name": "Prezzo",
        "category": "restaurant",
        "categoryLabel": "Restaurant",
        "amenity": "restaurant",
        "highway": null,
        "tourism": null,
        "historic": null,
        "railway": null,
        "barrier": null,
        "entrance": null,
        "heritage": null,
        "website": null,
        "phone": null,
        "address": "8 Johnston Road, Woodford Green IG8 0XA",
        "distanceToForestBoundaryMetres": 276.1,
        "shop": null
      }
    },
    {
      "type": "Feature",
      "id": "node/10725764229",
      "geometry": {
        "type": "Point",
        "coordinates": [
          0.0225912,
          51.609355
        ]
      },
      "properties": {
        "id": "node/10725764229",
        "osmType": "node",
        "osmId": 10725764229,
        "name": "Mezze",
        "category": "restaurant",
        "categoryLabel": "Restaurant",
        "amenity": "restaurant",
        "highway": null,
        "tourism": null,
        "historic": null,
        "railway": null,
        "barrier": null,
        "entrance": null,
        "heritage": null,
        "website": null,
        "phone": null,
        "address": "2 Johnston Road, Woodford Green IG8 0XA",
        "distanceToForestBoundaryMetres": 275.1,
        "shop": null
      }
    },
    {
      "type": "Feature",
      "id": "node/11005869653",
      "geometry": {
        "type": "Point",
        "coordinates": [
          0.0244389,
          51.5796156
        ]
      },
      "properties": {
        "id": "node/11005869653",
        "osmType": "node",
        "osmId": 11005869653,
        "name": "Oriental Chef",
        "category": "restaurant",
        "categoryLabel": "Restaurant",
        "amenity": "restaurant",
        "highway": null,
        "tourism": null,
        "historic": null,
        "railway": null,
        "barrier": null,
        "entrance": null,
        "heritage": null,
        "website": null,
        "phone": null,
        "address": "25 High Street, London E11 2AA",
        "distanceToForestBoundaryMetres": 82.2,
        "shop": null
      }
    },
    {
      "type": "Feature",
      "id": "node/11005869655",
      "geometry": {
        "type": "Point",
        "coordinates": [
          0.02416,
          51.5797832
        ]
      },
      "properties": {
        "id": "node/11005869655",
        "osmType": "node",
        "osmId": 11005869655,
        "name": "Provender",
        "category": "restaurant",
        "categoryLabel": "Restaurant",
        "amenity": "restaurant",
        "highway": null,
        "tourism": null,
        "historic": null,
        "railway": null,
        "barrier": null,
        "entrance": null,
        "heritage": null,
        "website": null,
        "phone": null,
        "address": "17 High Street, London E11 2AA",
        "distanceToForestBoundaryMetres": 89.3,
        "shop": null
      }
    },
    {
      "type": "Feature",
      "id": "node/11446989275",
      "geometry": {
        "type": "Point",
        "coordinates": [
          0.0263937,
          51.6143462
        ]
      },
      "properties": {
        "id": "node/11446989275",
        "osmType": "node",
        "osmId": 11446989275,
        "name": "Atrium Cafe",
        "category": "cafe",
        "categoryLabel": "Caf\u00e9",
        "amenity": "cafe",
        "highway": null,
        "tourism": null,
        "historic": null,
        "railway": null,
        "barrier": null,
        "entrance": null,
        "heritage": null,
        "website": null,
        "phone": null,
        "address": null,
        "distanceToForestBoundaryMetres": 289.6,
        "shop": null
      }
    },
    {
      "type": "Feature",
      "id": "node/11974778780",
      "geometry": {
        "type": "Point",
        "coordinates": [
          0.006515,
          51.556617
        ]
      },
      "properties": {
        "id": "node/11974778780",
        "osmType": "node",
        "osmId": 11974778780,
        "name": "Cafe La Valentino",
        "category": "cafe",
        "categoryLabel": "Caf\u00e9",
        "amenity": "cafe",
        "highway": null,
        "tourism": null,
        "historic": null,
        "railway": null,
        "barrier": null,
        "entrance": null,
        "heritage": null,
        "website": null,
        "phone": null,
        "address": null,
        "distanceToForestBoundaryMetres": 136.5,
        "shop": null
      }
    },
    {
      "type": "Feature",
      "id": "node/12000396374",
      "geometry": {
        "type": "Point",
        "coordinates": [
          0.0442473,
          51.625398
        ]
      },
      "properties": {
        "id": "node/12000396374",
        "osmType": "node",
        "osmId": 12000396374,
        "name": "Leonardos",
        "category": "restaurant",
        "categoryLabel": "Restaurant",
        "amenity": "restaurant",
        "highway": null,
        "tourism": null,
        "historic": null,
        "railway": null,
        "barrier": null,
        "entrance": null,
        "heritage": null,
        "website": null,
        "phone": null,
        "address": null,
        "distanceToForestBoundaryMetres": 246.1,
        "shop": null
      }
    },
    {
      "type": "Feature",
      "id": "node/12000396378",
      "geometry": {
        "type": "Point",
        "coordinates": [
          0.0438162,
          51.6254415
        ]
      },
      "properties": {
        "id": "node/12000396378",
        "osmType": "node",
        "osmId": 12000396378,
        "name": "Rue Gourmet",
        "category": "cafe",
        "categoryLabel": "Caf\u00e9",
        "amenity": "cafe",
        "highway": null,
        "tourism": null,
        "historic": null,
        "railway": null,
        "barrier": null,
        "entrance": null,
        "heritage": null,
        "website": null,
        "phone": null,
        "address": null,
        "distanceToForestBoundaryMetres": 253.4,
        "shop": null
      }
    },
    {
      "type": "Feature",
      "id": "node/12000529215",
      "geometry": {
        "type": "Point",
        "coordinates": [
          0.0441825,
          51.625216
        ]
      },
      "properties": {
        "id": "node/12000529215",
        "osmType": "node",
        "osmId": 12000529215,
        "name": "Green Owl",
        "category": "cafe",
        "categoryLabel": "Caf\u00e9",
        "amenity": "cafe",
        "highway": null,
        "tourism": null,
        "historic": null,
        "railway": null,
        "barrier": null,
        "entrance": null,
        "heritage": null,
        "website": null,
        "phone": null,
        "address": null,
        "distanceToForestBoundaryMetres": 289.4,
        "shop": null
      }
    },
    {
      "type": "Feature",
      "id": "node/12002975268",
      "geometry": {
        "type": "Point",
        "coordinates": [
          0.0427186,
          51.625527
        ]
      },
      "properties": {
        "id": "node/12002975268",
        "osmType": "node",
        "osmId": 12002975268,
        "name": "The Queen's Rooms",
        "category": "restaurant",
        "categoryLabel": "Restaurant",
        "amenity": "restaurant",
        "highway": null,
        "tourism": null,
        "historic": null,
        "railway": null,
        "barrier": null,
        "entrance": null,
        "heritage": null,
        "website": null,
        "phone": null,
        "address": null,
        "distanceToForestBoundaryMetres": 283.5,
        "shop": null
      }
    },
    {
      "type": "Feature",
      "id": "node/12002977670",
      "geometry": {
        "type": "Point",
        "coordinates": [
          0.0421361,
          51.6256016
        ]
      },
      "properties": {
        "id": "node/12002977670",
        "osmType": "node",
        "osmId": 12002977670,
        "name": "Soiree",
        "category": "restaurant",
        "categoryLabel": "Restaurant",
        "amenity": "restaurant",
        "highway": null,
        "tourism": null,
        "historic": null,
        "railway": null,
        "barrier": null,
        "entrance": null,
        "heritage": null,
        "website": null,
        "phone": null,
        "address": null,
        "distanceToForestBoundaryMetres": 267.7,
        "shop": null
      }
    },
    {
      "type": "Feature",
      "id": "node/12002977672",
      "geometry": {
        "type": "Point",
        "coordinates": [
          0.0424282,
          51.625583
        ]
      },
      "properties": {
        "id": "node/12002977672",
        "osmType": "node",
        "osmId": 12002977672,
        "name": "Alecco",
        "category": "restaurant",
        "categoryLabel": "Restaurant",
        "amenity": "restaurant",
        "highway": null,
        "tourism": null,
        "historic": null,
        "railway": null,
        "barrier": null,
        "entrance": null,
        "heritage": null,
        "website": null,
        "phone": null,
        "address": null,
        "distanceToForestBoundaryMetres": 254.6,
        "shop": null
      }
    },
    {
      "type": "Feature",
      "id": "node/12041314477",
      "geometry": {
        "type": "Point",
        "coordinates": [
          0.0260027,
          51.5749868
        ]
      },
      "properties": {
        "id": "node/12041314477",
        "osmType": "node",
        "osmId": 12041314477,
        "name": "Belgique",
        "category": "restaurant",
        "categoryLabel": "Restaurant",
        "amenity": "restaurant",
        "highway": null,
        "tourism": null,
        "historic": null,
        "railway": null,
        "barrier": null,
        "entrance": null,
        "heritage": null,
        "website": null,
        "phone": null,
        "address": "29 Cambridge Park, London E11 2PU",
        "distanceToForestBoundaryMetres": 185.3,
        "shop": null
      }
    },
    {
      "type": "Feature",
      "id": "node/12104156499",
      "geometry": {
        "type": "Point",
        "coordinates": [
          0.0144984,
          51.5703648
        ]
      },
      "properties": {
        "id": "node/12104156499",
        "osmType": "node",
        "osmId": 12104156499,
        "name": "Aura Sushi Bar and Grill",
        "category": "restaurant",
        "categoryLabel": "Restaurant",
        "amenity": "restaurant",
        "highway": null,
        "tourism": null,
        "historic": null,
        "railway": null,
        "barrier": null,
        "entrance": null,
        "heritage": null,
        "website": null,
        "phone": null,
        "address": "748 High Road Leytonstone, London E11 3AW",
        "distanceToForestBoundaryMetres": 290.4,
        "shop": null
      }
    },
    {
      "type": "Feature",
      "id": "node/12194032038",
      "geometry": {
        "type": "Point",
        "coordinates": [
          0.0119393,
          51.5642217
        ]
      },
      "properties": {
        "id": "node/12194032038",
        "osmType": "node",
        "osmId": 12194032038,
        "name": "Back to Ours",
        "category": "cafe",
        "categoryLabel": "Caf\u00e9",
        "amenity": "cafe",
        "highway": null,
        "tourism": null,
        "historic": null,
        "railway": null,
        "barrier": null,
        "entrance": null,
        "heritage": null,
        "website": null,
        "phone": null,
        "address": "15a Davies Lane, London E11 3DR",
        "distanceToForestBoundaryMetres": 281.1,
        "shop": null
      }
    },
    {
      "type": "Feature",
      "id": "node/12368227642",
      "geometry": {
        "type": "Point",
        "coordinates": [
          0.0448479,
          51.5579075
        ]
      },
      "properties": {
        "id": "node/12368227642",
        "osmType": "node",
        "osmId": 12368227642,
        "name": "The Tea Room",
        "category": "cafe",
        "categoryLabel": "Caf\u00e9",
        "amenity": "cafe",
        "highway": null,
        "tourism": null,
        "historic": null,
        "railway": null,
        "barrier": null,
        "entrance": null,
        "heritage": null,
        "website": null,
        "phone": null,
        "address": "Aldersbrook Road, London E12 5DS",
        "distanceToForestBoundaryMetres": 285.0,
        "shop": null
      }
    },
    {
      "type": "Feature",
      "id": "node/12507073405",
      "geometry": {
        "type": "Point",
        "coordinates": [
          0.0264706,
          51.5779231
        ]
      },
      "properties": {
        "id": "node/12507073405",
        "osmType": "node",
        "osmId": 12507073405,
        "name": "Costa",
        "category": "cafe",
        "categoryLabel": "Caf\u00e9",
        "amenity": "cafe",
        "highway": null,
        "tourism": null,
        "historic": null,
        "railway": null,
        "barrier": null,
        "entrance": null,
        "heritage": null,
        "website": null,
        "phone": null,
        "address": "2 Clock House Parade, London E11 2AG",
        "distanceToForestBoundaryMetres": 218.4,
        "shop": null
      }
    },
    {
      "type": "Feature",
      "id": "node/12507073406",
      "geometry": {
        "type": "Point",
        "coordinates": [
          0.0266363,
          51.5777178
        ]
      },
      "properties": {
        "id": "node/12507073406",
        "osmType": "node",
        "osmId": 12507073406,
        "name": "Wanstead Coffee Shop",
        "category": "cafe",
        "categoryLabel": "Caf\u00e9",
        "amenity": "cafe",
        "highway": null,
        "tourism": null,
        "historic": null,
        "railway": null,
        "barrier": null,
        "entrance": null,
        "heritage": null,
        "website": null,
        "phone": null,
        "address": "7 Clock House Parade, London E11 2AG",
        "distanceToForestBoundaryMetres": 240.0,
        "shop": null
      }
    },
    {
      "type": "Feature",
      "id": "node/12599292501",
      "geometry": {
        "type": "Point",
        "coordinates": [
          0.0093772,
          51.6336932
        ]
      },
      "properties": {
        "id": "node/12599292501",
        "osmType": "node",
        "osmId": 12599292501,
        "name": "Sushi Monster",
        "category": "restaurant",
        "categoryLabel": "Restaurant",
        "amenity": "restaurant",
        "highway": null,
        "tourism": null,
        "historic": null,
        "railway": null,
        "barrier": null,
        "entrance": null,
        "heritage": null,
        "website": "https://sushimonster.co.uk/",
        "phone": "+44 20 3515 0678",
        "address": "134-138 Station Road, London E4 6AN",
        "distanceToForestBoundaryMetres": 280.3,
        "shop": null
      }
    },
    {
      "type": "Feature",
      "id": "node/12737761119",
      "geometry": {
        "type": "Point",
        "coordinates": [
          0.1124913,
          51.6997102
        ]
      },
      "properties": {
        "id": "node/12737761119",
        "osmType": "node",
        "osmId": 12737761119,
        "name": "PizzaExpress",
        "category": "restaurant",
        "categoryLabel": "Restaurant",
        "amenity": "restaurant",
        "highway": null,
        "tourism": null,
        "historic": null,
        "railway": null,
        "barrier": null,
        "entrance": null,
        "heritage": null,
        "website": "https://www.pizzaexpress.com/epping-high-street",
        "phone": null,
        "address": "208-212 High Street, Epping CM16 4AQ",
        "distanceToForestBoundaryMetres": 264.9,
        "shop": null
      }
    },
    {
      "type": "Feature",
      "id": "node/12890535260",
      "geometry": {
        "type": "Point",
        "coordinates": [
          0.1123918,
          51.7001051
        ]
      },
      "properties": {
        "id": "node/12890535260",
        "osmType": "node",
        "osmId": 12890535260,
        "name": "Wildwood",
        "category": "restaurant",
        "categoryLabel": "Restaurant",
        "amenity": "restaurant",
        "highway": null,
        "tourism": null,
        "historic": null,
        "railway": null,
        "barrier": null,
        "entrance": null,
        "heritage": null,
        "website": "https://wildwoodrestaurants.co.uk/restaurant/epping/",
        "phone": null,
        "address": "261 High Street, Epping CM16 4BP",
        "distanceToForestBoundaryMetres": 290.7,
        "shop": null
      }
    },
    {
      "type": "Feature",
      "id": "node/12895043436",
      "geometry": {
        "type": "Point",
        "coordinates": [
          0.1075076,
          51.6967015
        ]
      },
      "properties": {
        "id": "node/12895043436",
        "osmType": "node",
        "osmId": 12895043436,
        "name": "Olive Kitchen",
        "category": "deli",
        "categoryLabel": "Deli",
        "amenity": "cafe",
        "highway": null,
        "tourism": null,
        "historic": null,
        "railway": null,
        "barrier": null,
        "entrance": null,
        "heritage": null,
        "website": null,
        "phone": null,
        "address": "67 High Street, Epping CM16 4BA",
        "distanceToForestBoundaryMetres": 288.4,
        "shop": "deli"
      }
    },
    {
      "type": "Feature",
      "id": "node/13097168049",
      "geometry": {
        "type": "Point",
        "coordinates": [
          0.0140428,
          51.5703965
        ]
      },
      "properties": {
        "id": "node/13097168049",
        "osmType": "node",
        "osmId": 13097168049,
        "name": "Alo Sushi",
        "category": "restaurant",
        "categoryLabel": "Restaurant",
        "amenity": "restaurant",
        "highway": null,
        "tourism": null,
        "historic": null,
        "railway": null,
        "barrier": null,
        "entrance": null,
        "heritage": null,
        "website": null,
        "phone": null,
        "address": "877 High Road Leytonstone, London E11 1HR",
        "distanceToForestBoundaryMetres": 290.0,
        "shop": null
      }
    },
    {
      "type": "Feature",
      "id": "node/13416815641",
      "geometry": {
        "type": "Point",
        "coordinates": [
          0.0261462,
          51.5766495
        ]
      },
      "properties": {
        "id": "node/13416815641",
        "osmType": "node",
        "osmId": 13416815641,
        "name": "Green Cafe",
        "category": "cafe",
        "categoryLabel": "Caf\u00e9",
        "amenity": "cafe",
        "highway": null,
        "tourism": null,
        "historic": null,
        "railway": null,
        "barrier": null,
        "entrance": null,
        "heritage": null,
        "website": null,
        "phone": null,
        "address": null,
        "distanceToForestBoundaryMetres": 287.3,
        "shop": null
      }
    },
    {
      "type": "Feature",
      "id": "node/13564232301",
      "geometry": {
        "type": "Point",
        "coordinates": [
          0.0077213,
          51.6330166
        ]
      },
      "properties": {
        "id": "node/13564232301",
        "osmType": "node",
        "osmId": 13564232301,
        "name": "Gina",
        "category": "restaurant",
        "categoryLabel": "Restaurant",
        "amenity": "restaurant",
        "highway": null,
        "tourism": null,
        "historic": null,
        "railway": null,
        "barrier": null,
        "entrance": null,
        "heritage": null,
        "website": "https://www.ginarestaurant.co.uk/",
        "phone": null,
        "address": "92 Station Road, London E4 7BA",
        "distanceToForestBoundaryMetres": 285.3,
        "shop": null
      }
    },
    {
      "type": "Feature",
      "id": "node/13584390321",
      "geometry": {
        "type": "Point",
        "coordinates": [
          0.0464777,
          51.552641
        ]
      },
      "properties": {
        "id": "node/13584390321",
        "osmType": "node",
        "osmId": 13584390321,
        "name": "Urban Baristas",
        "category": "cafe",
        "categoryLabel": "Caf\u00e9",
        "amenity": "cafe",
        "highway": null,
        "tourism": null,
        "historic": null,
        "railway": null,
        "barrier": null,
        "entrance": null,
        "heritage": null,
        "website": null,
        "phone": null,
        "address": null,
        "distanceToForestBoundaryMetres": 284.2,
        "shop": null
      }
    },
    {
      "type": "Feature",
      "id": "way/5105233",
      "geometry": {
        "type": "Point",
        "coordinates": [
          0.037071,
          51.656769
        ]
      },
      "properties": {
        "id": "way/5105233",
        "osmType": "way",
        "osmId": 5105233,
        "name": "Original Tea Hut",
        "category": "cafe",
        "categoryLabel": "Caf\u00e9",
        "amenity": "cafe",
        "highway": null,
        "tourism": null,
        "historic": null,
        "railway": null,
        "barrier": null,
        "entrance": null,
        "heritage": null,
        "website": null,
        "phone": null,
        "address": "Fairmead Road, Loughton IG10 4HR",
        "distanceToForestBoundaryMetres": 286.4,
        "shop": null
      }
    },
    {
      "type": "Feature",
      "id": "way/97417749",
      "geometry": {
        "type": "Point",
        "coordinates": [
          0.0428864,
          51.6243226
        ]
      },
      "properties": {
        "id": "way/97417749",
        "osmType": "way",
        "osmId": 97417749,
        "name": "The 3 Colts",
        "category": "pub",
        "categoryLabel": "Pub",
        "amenity": "pub",
        "highway": null,
        "tourism": null,
        "historic": null,
        "railway": null,
        "barrier": null,
        "entrance": null,
        "heritage": null,
        "website": null,
        "phone": null,
        "address": null,
        "distanceToForestBoundaryMetres": 291.6,
        "shop": null
      }
    },
    {
      "type": "Feature",
      "id": "way/99878205",
      "geometry": {
        "type": "Point",
        "coordinates": [
          0.0250203,
          51.5793635
        ]
      },
      "properties": {
        "id": "way/99878205",
        "osmType": "way",
        "osmId": 99878205,
        "name": "The Cuckfield",
        "category": "pub",
        "categoryLabel": "Pub",
        "amenity": "pub",
        "highway": null,
        "tourism": null,
        "historic": null,
        "railway": null,
        "barrier": null,
        "entrance": null,
        "heritage": null,
        "website": "https://www.thecuckfieldwanstead.co.uk/",
        "phone": null,
        "address": "31 High Street, London E11 2AA",
        "distanceToForestBoundaryMetres": 97.4,
        "shop": null
      }
    },
    {
      "type": "Feature",
      "id": "way/105606087",
      "geometry": {
        "type": "Point",
        "coordinates": [
          0.0529446,
          51.645491
        ]
      },
      "properties": {
        "id": "way/105606087",
        "osmType": "way",
        "osmId": 105606087,
        "name": "The Standard",
        "category": "restaurant",
        "categoryLabel": "Restaurant",
        "amenity": "restaurant",
        "highway": null,
        "tourism": null,
        "historic": null,
        "railway": null,
        "barrier": null,
        "entrance": null,
        "heritage": null,
        "website": null,
        "phone": null,
        "address": null,
        "distanceToForestBoundaryMetres": 33.6,
        "shop": null
      }
    },
    {
      "type": "Feature",
      "id": "way/105606091",
      "geometry": {
        "type": "Point",
        "coordinates": [
          0.0527833,
          51.6479339
        ]
      },
      "properties": {
        "id": "way/105606091",
        "osmType": "way",
        "osmId": 105606091,
        "name": "Carpenters Arms",
        "category": "pub",
        "categoryLabel": "Pub",
        "amenity": "pub",
        "highway": null,
        "tourism": null,
        "historic": null,
        "railway": null,
        "barrier": null,
        "entrance": null,
        "heritage": null,
        "website": null,
        "phone": null,
        "address": null,
        "distanceToForestBoundaryMetres": 288.4,
        "shop": null
      }
    },
    {
      "type": "Feature",
      "id": "way/105606092",
      "geometry": {
        "type": "Point",
        "coordinates": [
          0.0553606,
          51.6473065
        ]
      },
      "properties": {
        "id": "way/105606092",
        "osmType": "way",
        "osmId": 105606092,
        "name": "The Last Post",
        "category": "pub",
        "categoryLabel": "Pub",
        "amenity": "pub",
        "highway": null,
        "tourism": null,
        "historic": null,
        "railway": null,
        "barrier": null,
        "entrance": null,
        "heritage": null,
        "website": null,
        "phone": null,
        "address": null,
        "distanceToForestBoundaryMetres": 289.4,
        "shop": null
      }
    },
    {
      "type": "Feature",
      "id": "way/109884030",
      "geometry": {
        "type": "Point",
        "coordinates": [
          0.0415573,
          51.5658175
        ]
      },
      "properties": {
        "id": "way/109884030",
        "osmType": "way",
        "osmId": 109884030,
        "name": "Wanstead Tea Hut",
        "category": "cafe",
        "categoryLabel": "Caf\u00e9",
        "amenity": "cafe",
        "highway": null,
        "tourism": null,
        "historic": null,
        "railway": null,
        "barrier": null,
        "entrance": null,
        "heritage": null,
        "website": null,
        "phone": null,
        "address": null,
        "distanceToForestBoundaryMetres": 291.3,
        "shop": null
      }
    },
    {
      "type": "Feature",
      "id": "way/142241624",
      "geometry": {
        "type": "Point",
        "coordinates": [
          -0.011355,
          51.5748085
        ]
      },
      "properties": {
        "id": "way/142241624",
        "osmType": "way",
        "osmId": 142241624,
        "name": "King William IV",
        "category": "pub",
        "categoryLabel": "Pub",
        "amenity": "pub",
        "highway": null,
        "tourism": null,
        "historic": null,
        "railway": null,
        "barrier": null,
        "entrance": null,
        "heritage": null,
        "website": "https://williamthefourth.co.uk/",
        "phone": "+44 20 8556 2460",
        "address": "816 High Road Leyton, London E10 6AE",
        "distanceToForestBoundaryMetres": 202.9,
        "shop": null
      }
    },
    {
      "type": "Feature",
      "id": "way/158230006",
      "geometry": {
        "type": "Point",
        "coordinates": [
          0.0008383,
          51.606895
        ]
      },
      "properties": {
        "id": "way/158230006",
        "osmType": "way",
        "osmId": 158230006,
        "name": "Halex Vino\u2022teca",
        "category": "cafe",
        "categoryLabel": "Caf\u00e9",
        "amenity": "cafe",
        "highway": null,
        "tourism": null,
        "historic": null,
        "railway": null,
        "barrier": null,
        "entrance": null,
        "heritage": null,
        "website": null,
        "phone": null,
        "address": "483 Hale End Road, London E4 9PT",
        "distanceToForestBoundaryMetres": 211.4,
        "shop": null
      }
    },
    {
      "type": "Feature",
      "id": "way/158230008",
      "geometry": {
        "type": "Point",
        "coordinates": [
          0.0007088,
          51.6069589
        ]
      },
      "properties": {
        "id": "way/158230008",
        "osmType": "way",
        "osmId": 158230008,
        "name": "Paradise Masala",
        "category": "restaurant",
        "categoryLabel": "Restaurant",
        "amenity": "restaurant",
        "highway": null,
        "tourism": null,
        "historic": null,
        "railway": null,
        "barrier": null,
        "entrance": null,
        "heritage": null,
        "website": null,
        "phone": "+44 20 8523 1700",
        "address": "487 Hale End Road, London E4 9PT",
        "distanceToForestBoundaryMetres": 222.0,
        "shop": null
      }
    },
    {
      "type": "Feature",
      "id": "way/163409311",
      "geometry": {
        "type": "Point",
        "coordinates": [
          0.0265917,
          51.6169433
        ]
      },
      "properties": {
        "id": "way/163409311",
        "osmType": "way",
        "osmId": 163409311,
        "name": "The Horse & Well",
        "category": "pub",
        "categoryLabel": "Pub",
        "amenity": "pub",
        "highway": null,
        "tourism": null,
        "historic": null,
        "railway": null,
        "barrier": null,
        "entrance": null,
        "heritage": null,
        "website": null,
        "phone": null,
        "address": "566-568 High Road, Woodford Green IG8 0PS",
        "distanceToForestBoundaryMetres": 33.3,
        "shop": null
      }
    },
    {
      "type": "Feature",
      "id": "way/163413572",
      "geometry": {
        "type": "Point",
        "coordinates": [
          0.0066613,
          51.5879475
        ]
      },
      "properties": {
        "id": "way/163413572",
        "osmType": "way",
        "osmId": 163413572,
        "name": "My Shish",
        "category": "restaurant",
        "categoryLabel": "Restaurant",
        "amenity": "restaurant",
        "highway": null,
        "tourism": null,
        "historic": null,
        "railway": null,
        "barrier": null,
        "entrance": null,
        "heritage": null,
        "website": "https://empirelounge.co.uk/",
        "phone": "+44 20 8509 6450",
        "address": "20 Woodford New Road, London E17 3PR",
        "distanceToForestBoundaryMetres": 176.9,
        "shop": null
      }
    },
    {
      "type": "Feature",
      "id": "way/163502247",
      "geometry": {
        "type": "Point",
        "coordinates": [
          0.0284406,
          51.5816442
        ]
      },
      "properties": {
        "id": "way/163502247",
        "osmType": "way",
        "osmId": 163502247,
        "name": "The Nightingale",
        "category": "pub",
        "categoryLabel": "Pub",
        "amenity": "pub",
        "highway": null,
        "tourism": null,
        "historic": null,
        "railway": null,
        "barrier": null,
        "entrance": null,
        "heritage": null,
        "website": "http://www.thenightingalewanstead.com/",
        "phone": null,
        "address": "51 Nightingale Lane, London E11 2EY",
        "distanceToForestBoundaryMetres": 68.9,
        "shop": null
      }
    },
    {
      "type": "Feature",
      "id": "way/163505839",
      "geometry": {
        "type": "Point",
        "coordinates": [
          0.027798,
          51.5826491
        ]
      },
      "properties": {
        "id": "way/163505839",
        "osmType": "way",
        "osmId": 163505839,
        "name": "The Duke",
        "category": "pub",
        "categoryLabel": "Pub",
        "amenity": "pub",
        "highway": null,
        "tourism": null,
        "historic": null,
        "railway": null,
        "barrier": null,
        "entrance": null,
        "heritage": null,
        "website": "https://www.thedukewanstead.com/",
        "phone": null,
        "address": "Nightingale Lane, London E11 2EY",
        "distanceToForestBoundaryMetres": 188.5,
        "shop": null
      }
    },
    {
      "type": "Feature",
      "id": "way/184557745",
      "geometry": {
        "type": "Point",
        "coordinates": [
          0.0974315,
          51.6902075
        ]
      },
      "properties": {
        "id": "way/184557745",
        "osmType": "way",
        "osmId": 184557745,
        "name": "The Forest Gate Inn",
        "category": "pub",
        "categoryLabel": "Pub",
        "amenity": "pub",
        "highway": null,
        "tourism": null,
        "historic": null,
        "railway": null,
        "barrier": null,
        "entrance": null,
        "heritage": null,
        "website": null,
        "phone": null,
        "address": "111 Bell Common, Epping CM16 4DZ",
        "distanceToForestBoundaryMetres": 291.4,
        "shop": null
      }
    },
    {
      "type": "Feature",
      "id": "way/197754841",
      "geometry": {
        "type": "Point",
        "coordinates": [
          0.0623122,
          51.6756091
        ]
      },
      "properties": {
        "id": "way/197754841",
        "osmType": "way",
        "osmId": 197754841,
        "name": "Miller & Carter",
        "category": "restaurant",
        "categoryLabel": "Restaurant",
        "amenity": "restaurant",
        "highway": null,
        "tourism": null,
        "historic": null,
        "railway": null,
        "barrier": null,
        "entrance": null,
        "heritage": null,
        "website": "https://www.millerandcarter.co.uk/restaurants/east-of-england/millerandcartereppingforest",
        "phone": "+44 199 281 4807",
        "address": "High Road, Epping CM16 5HW",
        "distanceToForestBoundaryMetres": 110.7,
        "shop": null
      }
    },
    {
      "type": "Feature",
      "id": "way/201014945",
      "geometry": {
        "type": "Point",
        "coordinates": [
          0.0453541,
          51.618124
        ]
      },
      "properties": {
        "id": "way/201014945",
        "osmType": "way",
        "osmId": 201014945,
        "name": "The Monkhams",
        "category": "pub",
        "categoryLabel": "Pub",
        "amenity": "pub",
        "highway": null,
        "tourism": null,
        "historic": null,
        "railway": null,
        "barrier": null,
        "entrance": null,
        "heritage": null,
        "website": "https://www.greeneking.co.uk/pubs/essex/monkhams",
        "phone": null,
        "address": null,
        "distanceToForestBoundaryMetres": 283.9,
        "shop": null
      }
    },
    {
      "type": "Feature",
      "id": "way/219045183",
      "geometry": {
        "type": "Point",
        "coordinates": [
          -0.003522,
          51.580961
        ]
      },
      "properties": {
        "id": "way/219045183",
        "osmType": "way",
        "osmId": 219045183,
        "name": "The Raglan",
        "category": "pub",
        "categoryLabel": "Pub",
        "amenity": "pub",
        "highway": null,
        "tourism": null,
        "historic": null,
        "railway": null,
        "barrier": null,
        "entrance": null,
        "heritage": null,
        "website": "https://lordraglanpub.com/",
        "phone": null,
        "address": "199 Shernhall Street, London E17 9HX",
        "distanceToForestBoundaryMetres": 263.3,
        "shop": null
      }
    },
    {
      "type": "Feature",
      "id": "way/224178092",
      "geometry": {
        "type": "Point",
        "coordinates": [
          0.0202912,
          51.5557511
        ]
      },
      "properties": {
        "id": "way/224178092",
        "osmType": "way",
        "osmId": 224178092,
        "name": "Holly Tree",
        "category": "pub",
        "categoryLabel": "Pub",
        "amenity": "pub",
        "highway": null,
        "tourism": null,
        "historic": null,
        "railway": null,
        "barrier": null,
        "entrance": null,
        "heritage": null,
        "website": "https://thehollytreepub.co.uk/",
        "phone": "+44 208 221 9830",
        "address": "141 Dames Road, London E7 0DZ",
        "distanceToForestBoundaryMetres": 45.3,
        "shop": null
      }
    },
    {
      "type": "Feature",
      "id": "way/228113385",
      "geometry": {
        "type": "Point",
        "coordinates": [
          0.013968,
          51.600402
        ]
      },
      "properties": {
        "id": "way/228113385",
        "osmType": "way",
        "osmId": 228113385,
        "name": "Lokkum Bar & Grill",
        "category": "restaurant",
        "categoryLabel": "Restaurant",
        "amenity": "restaurant",
        "highway": null,
        "tourism": null,
        "historic": null,
        "railway": null,
        "barrier": null,
        "entrance": null,
        "heritage": null,
        "website": "https://www.lokkum.co.uk/",
        "phone": null,
        "address": "Woodford New Road, London E18 2QD",
        "distanceToForestBoundaryMetres": 290.4,
        "shop": null
      }
    },
    {
      "type": "Feature",
      "id": "way/228113389",
      "geometry": {
        "type": "Point",
        "coordinates": [
          0.0190271,
          51.6019231
        ]
      },
      "properties": {
        "id": "way/228113389",
        "osmType": "way",
        "osmId": 228113389,
        "name": "The Cricketers",
        "category": "pub",
        "categoryLabel": "Pub",
        "amenity": "pub",
        "highway": null,
        "tourism": null,
        "historic": null,
        "railway": null,
        "barrier": null,
        "entrance": null,
        "heritage": null,
        "website": null,
        "phone": null,
        "address": "299-301 High Road, Woodford Green IG8 9HQ",
        "distanceToForestBoundaryMetres": 283.7,
        "shop": null
      }
    },
    {
      "type": "Feature",
      "id": "way/228435778",
      "geometry": {
        "type": "Point",
        "coordinates": [
          0.0152407,
          51.5705485
        ]
      },
      "properties": {
        "id": "way/228435778",
        "osmType": "way",
        "osmId": 228435778,
        "name": "O'Neill's",
        "category": "pub",
        "categoryLabel": "Pub",
        "amenity": "pub",
        "highway": null,
        "tourism": null,
        "historic": null,
        "railway": null,
        "barrier": null,
        "entrance": null,
        "heritage": null,
        "website": null,
        "phone": null,
        "address": "762 High Road Leytonstone, London E11 3AW",
        "distanceToForestBoundaryMetres": 290.0,
        "shop": null
      }
    },
    {
      "type": "Feature",
      "id": "way/230406331",
      "geometry": {
        "type": "Point",
        "coordinates": [
          0.0060407,
          51.5571053
        ]
      },
      "properties": {
        "id": "way/230406331",
        "osmType": "way",
        "osmId": 230406331,
        "name": "Plough and Harrow",
        "category": "pub",
        "categoryLabel": "Pub",
        "amenity": "pub",
        "highway": null,
        "tourism": null,
        "historic": null,
        "railway": null,
        "barrier": null,
        "entrance": null,
        "heritage": null,
        "website": null,
        "phone": null,
        "address": "419 High Road Leytonstone, London E11 4JU",
        "distanceToForestBoundaryMetres": 98.5,
        "shop": null
      }
    },
    {
      "type": "Feature",
      "id": "way/239894549",
      "geometry": {
        "type": "Point",
        "coordinates": [
          0.0325655,
          51.6257272
        ]
      },
      "properties": {
        "id": "way/239894549",
        "osmType": "way",
        "osmId": 239894549,
        "name": "Bald Faced Stag",
        "category": "pub",
        "categoryLabel": "Pub",
        "amenity": "pub",
        "highway": null,
        "tourism": null,
        "historic": null,
        "railway": null,
        "barrier": null,
        "entrance": null,
        "heritage": null,
        "website": "https://www.tobycarvery.co.uk/restaurants/east-of-england/buckhursthillessex",
        "phone": null,
        "address": "High Road, Buckhurst Hill IG9 5HT",
        "distanceToForestBoundaryMetres": 74.6,
        "shop": null
      }
    },
    {
      "type": "Feature",
      "id": "way/240823308",
      "geometry": {
        "type": "Point",
        "coordinates": [
          0.002972,
          51.6041948
        ]
      },
      "properties": {
        "id": "way/240823308",
        "osmType": "way",
        "osmId": 240823308,
        "name": "The Royal Oak",
        "category": "pub",
        "categoryLabel": "Pub",
        "amenity": "pub",
        "highway": null,
        "tourism": null,
        "historic": null,
        "railway": null,
        "barrier": null,
        "entrance": null,
        "heritage": null,
        "website": null,
        "phone": null,
        "address": "320 Hale End Road, Woodford Green IG8 9LN",
        "distanceToForestBoundaryMetres": 227.4,
        "shop": null
      }
    },
    {
      "type": "Feature",
      "id": "way/245856870",
      "geometry": {
        "type": "Point",
        "coordinates": [
          0.0401125,
          51.6644477
        ]
      },
      "properties": {
        "id": "way/245856870",
        "osmType": "way",
        "osmId": 245856870,
        "name": "Kings Oak Cafe",
        "category": "cafe",
        "categoryLabel": "Caf\u00e9",
        "amenity": "cafe",
        "highway": null,
        "tourism": null,
        "historic": null,
        "railway": null,
        "barrier": null,
        "entrance": null,
        "heritage": null,
        "website": null,
        "phone": null,
        "address": "Paul's Nursery Road, Loughton IG10 4AE",
        "distanceToForestBoundaryMetres": 289.9,
        "shop": null
      }
    },
    {
      "type": "Feature",
      "id": "way/253970010",
      "geometry": {
        "type": "Point",
        "coordinates": [
          0.0401015,
          51.6781749
        ]
      },
      "properties": {
        "id": "way/253970010",
        "osmType": "way",
        "osmId": 253970010,
        "name": "Primo Piatto",
        "category": "restaurant",
        "categoryLabel": "Restaurant",
        "amenity": "restaurant",
        "highway": null,
        "tourism": null,
        "historic": null,
        "railway": null,
        "barrier": null,
        "entrance": null,
        "heritage": null,
        "website": "https://primopiatto.co.uk/",
        "phone": null,
        "address": "Honey Lane, Waltham Abbey EN9 3QT",
        "distanceToForestBoundaryMetres": 95.7,
        "shop": null
      }
    },
    {
      "type": "Feature",
      "id": "way/261841643",
      "geometry": {
        "type": "Point",
        "coordinates": [
          0.0423979,
          51.6786252
        ]
      },
      "properties": {
        "id": "way/261841643",
        "osmType": "way",
        "osmId": 261841643,
        "name": "The Woodbine Inn",
        "category": "pub",
        "categoryLabel": "Pub",
        "amenity": "pub",
        "highway": null,
        "tourism": null,
        "historic": null,
        "railway": null,
        "barrier": null,
        "entrance": null,
        "heritage": null,
        "website": "https://www.thewoodbine.co.uk/",
        "phone": null,
        "address": "Honey Lane, Waltham Abbey EN9 3QT",
        "distanceToForestBoundaryMetres": 71.5,
        "shop": null
      }
    },
    {
      "type": "Feature",
      "id": "way/303395705",
      "geometry": {
        "type": "Point",
        "coordinates": [
          0.0317517,
          51.6342432
        ]
      },
      "properties": {
        "id": "way/303395705",
        "osmType": "way",
        "osmId": 303395705,
        "name": "Simply Seafood",
        "category": "cafe",
        "categoryLabel": "Caf\u00e9",
        "amenity": "cafe",
        "highway": null,
        "tourism": null,
        "historic": null,
        "railway": null,
        "barrier": null,
        "entrance": null,
        "heritage": null,
        "website": null,
        "phone": null,
        "address": null,
        "distanceToForestBoundaryMetres": 291.1,
        "shop": null
      }
    },
    {
      "type": "Feature",
      "id": "way/303395707",
      "geometry": {
        "type": "Point",
        "coordinates": [
          0.0316078,
          51.6342264
        ]
      },
      "properties": {
        "id": "way/303395707",
        "osmType": "way",
        "osmId": 303395707,
        "name": "The Warren Wood",
        "category": "pub",
        "categoryLabel": "Pub",
        "amenity": "pub",
        "highway": null,
        "tourism": null,
        "historic": null,
        "railway": null,
        "barrier": null,
        "entrance": null,
        "heritage": null,
        "website": null,
        "phone": null,
        "address": "Epping New Road, Buckhurst Hill IG9 5UA",
        "distanceToForestBoundaryMetres": 291.5,
        "shop": null
      }
    },
    {
      "type": "Feature",
      "id": "way/305923353",
      "geometry": {
        "type": "Point",
        "coordinates": [
          0.0185061,
          51.6344635
        ]
      },
      "properties": {
        "id": "way/305923353",
        "osmType": "way",
        "osmId": 305923353,
        "name": "The Larder at the Butler's Retreat",
        "category": "cafe",
        "categoryLabel": "Caf\u00e9",
        "amenity": "cafe",
        "highway": null,
        "tourism": null,
        "historic": null,
        "railway": null,
        "barrier": null,
        "entrance": null,
        "heritage": null,
        "website": "https://larderlondon.co.uk/",
        "phone": "+44 20 7998 7858",
        "address": "12 Ranger's Road, London E4 7QH",
        "distanceToForestBoundaryMetres": 176.7,
        "shop": null
      }
    },
    {
      "type": "Feature",
      "id": "way/309899227",
      "geometry": {
        "type": "Point",
        "coordinates": [
          -0.0018325,
          51.6318915
        ]
      },
      "properties": {
        "id": "way/309899227",
        "osmType": "way",
        "osmId": 309899227,
        "name": "The Kings Head",
        "category": "pub",
        "categoryLabel": "Pub",
        "amenity": "pub",
        "highway": null,
        "tourism": null,
        "historic": null,
        "railway": null,
        "barrier": null,
        "entrance": null,
        "heritage": null,
        "website": null,
        "phone": null,
        "address": "2b Kings Head Hill, London E4 7EA",
        "distanceToForestBoundaryMetres": 99.9,
        "shop": null
      }
    },
    {
      "type": "Feature",
      "id": "way/309900396",
      "geometry": {
        "type": "Point",
        "coordinates": [
          -0.0111771,
          51.6349674
        ]
      },
      "properties": {
        "id": "way/309900396",
        "osmType": "way",
        "osmId": 309900396,
        "name": "The Royal Oak",
        "category": "pub",
        "categoryLabel": "Pub",
        "amenity": "pub",
        "highway": null,
        "tourism": null,
        "historic": null,
        "railway": null,
        "barrier": null,
        "entrance": null,
        "heritage": null,
        "website": null,
        "phone": null,
        "address": "219 Kings Head Hill, London E4 7PP",
        "distanceToForestBoundaryMetres": 146.9,
        "shop": null
      }
    },
    {
      "type": "Feature",
      "id": "way/310872642",
      "geometry": {
        "type": "Point",
        "coordinates": [
          -0.0007495,
          51.6168742
        ]
      },
      "properties": {
        "id": "way/310872642",
        "osmType": "way",
        "osmId": 310872642,
        "name": "The Larkshall",
        "category": "pub",
        "categoryLabel": "Pub",
        "amenity": "pub",
        "highway": null,
        "tourism": null,
        "historic": null,
        "railway": null,
        "barrier": null,
        "entrance": null,
        "heritage": null,
        "website": null,
        "phone": null,
        "address": "205 Larkshall Road, London E4 6NT",
        "distanceToForestBoundaryMetres": 287.1,
        "shop": null
      }
    },
    {
      "type": "Feature",
      "id": "way/317274128",
      "geometry": {
        "type": "Point",
        "coordinates": [
          0.0453136,
          51.6903328
        ]
      },
      "properties": {
        "id": "way/317274128",
        "osmType": "way",
        "osmId": 317274128,
        "name": "The Horseshoes",
        "category": "pub",
        "categoryLabel": "Pub",
        "amenity": "pub",
        "highway": null,
        "tourism": null,
        "historic": null,
        "railway": null,
        "barrier": null,
        "entrance": null,
        "heritage": null,
        "website": null,
        "phone": null,
        "address": null,
        "distanceToForestBoundaryMetres": 194.7,
        "shop": null
      }
    },
    {
      "type": "Feature",
      "id": "way/322754663",
      "geometry": {
        "type": "Point",
        "coordinates": [
          0.0976223,
          51.6904273
        ]
      },
      "properties": {
        "id": "way/322754663",
        "osmType": "way",
        "osmId": 322754663,
        "name": "Haywards",
        "category": "restaurant",
        "categoryLabel": "Restaurant",
        "amenity": "restaurant",
        "highway": null,
        "tourism": null,
        "historic": null,
        "railway": null,
        "barrier": null,
        "entrance": null,
        "heritage": null,
        "website": null,
        "phone": "+44 1992 577 350",
        "address": "111 Bell Common, Epping CM16 4DZ",
        "distanceToForestBoundaryMetres": 290.2,
        "shop": null
      }
    },
    {
      "type": "Feature",
      "id": "way/329372836",
      "geometry": {
        "type": "Point",
        "coordinates": [
          0.0007834,
          51.6302154
        ]
      },
      "properties": {
        "id": "way/329372836",
        "osmType": "way",
        "osmId": 329372836,
        "name": "Prezzo",
        "category": "restaurant",
        "categoryLabel": "Restaurant",
        "amenity": "restaurant",
        "highway": null,
        "tourism": null,
        "historic": null,
        "railway": null,
        "barrier": null,
        "entrance": null,
        "heritage": null,
        "website": null,
        "phone": null,
        "address": null,
        "distanceToForestBoundaryMetres": 207.8,
        "shop": null
      }
    },
    {
      "type": "Feature",
      "id": "way/332768885",
      "geometry": {
        "type": "Point",
        "coordinates": [
          -0.0051982,
          51.5794761
        ]
      },
      "properties": {
        "id": "way/332768885",
        "osmType": "way",
        "osmId": 332768885,
        "name": "Uffizi Pizzeria and Pasta Bar",
        "category": "restaurant",
        "categoryLabel": "Restaurant",
        "amenity": "restaurant",
        "highway": null,
        "tourism": null,
        "historic": null,
        "railway": null,
        "barrier": null,
        "entrance": null,
        "heritage": null,
        "website": "https://www.uffizzi.co.uk/",
        "phone": "+44 20 8509 2259",
        "address": "753-755 Lea Bridge Road, London E17 9DZ",
        "distanceToForestBoundaryMetres": 289.0,
        "shop": null
      }
    },
    {
      "type": "Feature",
      "id": "way/400790734",
      "geometry": {
        "type": "Point",
        "coordinates": [
          0.0102935,
          51.5777128
        ]
      },
      "properties": {
        "id": "way/400790734",
        "osmType": "way",
        "osmId": 400790734,
        "name": "The Log Cabin",
        "category": "cafe",
        "categoryLabel": "Caf\u00e9",
        "amenity": "cafe",
        "highway": null,
        "tourism": null,
        "historic": null,
        "railway": null,
        "barrier": null,
        "entrance": null,
        "heritage": null,
        "website": null,
        "phone": null,
        "address": "Whipps Cross Road",
        "distanceToForestBoundaryMetres": 255.7,
        "shop": null
      }
    },
    {
      "type": "Feature",
      "id": "way/409575842",
      "geometry": {
        "type": "Point",
        "coordinates": [
          0.0097052,
          51.578021
        ]
      },
      "properties": {
        "id": "way/409575842",
        "osmType": "way",
        "osmId": 409575842,
        "name": "The Lakeside Diner",
        "category": "cafe",
        "categoryLabel": "Caf\u00e9",
        "amenity": "cafe",
        "highway": null,
        "tourism": null,
        "historic": null,
        "railway": null,
        "barrier": null,
        "entrance": null,
        "heritage": null,
        "website": null,
        "phone": null,
        "address": null,
        "distanceToForestBoundaryMetres": 269.4,
        "shop": null
      }
    },
    {
      "type": "Feature",
      "id": "way/416837032",
      "geometry": {
        "type": "Point",
        "coordinates": [
          -0.0189286,
          51.6007253
        ]
      },
      "properties": {
        "id": "way/416837032",
        "osmType": "way",
        "osmId": 416837032,
        "name": "O' Cha Thai",
        "category": "restaurant",
        "categoryLabel": "Restaurant",
        "amenity": "restaurant",
        "highway": null,
        "tourism": null,
        "historic": null,
        "railway": null,
        "barrier": null,
        "entrance": null,
        "heritage": null,
        "website": null,
        "phone": null,
        "address": "60 Billet Road, London E17 5DN",
        "distanceToForestBoundaryMetres": 290.8,
        "shop": null
      }
    },
    {
      "type": "Feature",
      "id": "way/431712124",
      "geometry": {
        "type": "Point",
        "coordinates": [
          0.0202775,
          51.6543614
        ]
      },
      "properties": {
        "id": "way/431712124",
        "osmType": "way",
        "osmId": 431712124,
        "name": "The Owl",
        "category": "pub",
        "categoryLabel": "Pub",
        "amenity": "pub",
        "highway": null,
        "tourism": null,
        "historic": null,
        "railway": null,
        "barrier": null,
        "entrance": null,
        "heritage": null,
        "website": "https://www.theowlpubloughton.co.uk/",
        "phone": "+44 20 8502 0663",
        "address": "Lippitts Hill, Loughton IG10 4AL",
        "distanceToForestBoundaryMetres": 57.8,
        "shop": null
      }
    },
    {
      "type": "Feature",
      "id": "way/444200909",
      "geometry": {
        "type": "Point",
        "coordinates": [
          -0.0098576,
          51.5736854
        ]
      },
      "properties": {
        "id": "way/444200909",
        "osmType": "way",
        "osmId": 444200909,
        "name": "Prince of Wales",
        "category": "pub",
        "categoryLabel": "Pub",
        "amenity": "pub",
        "highway": null,
        "tourism": null,
        "historic": null,
        "railway": null,
        "barrier": null,
        "entrance": null,
        "heritage": null,
        "website": "https://pow-leyton.com/",
        "phone": null,
        "address": "777 High Road Leyton, London E10 5AB",
        "distanceToForestBoundaryMetres": 54.1,
        "shop": null
      }
    },
    {
      "type": "Feature",
      "id": "way/444593915",
      "geometry": {
        "type": "Point",
        "coordinates": [
          -0.0135465,
          51.5745733
        ]
      },
      "properties": {
        "id": "way/444593915",
        "osmType": "way",
        "osmId": 444593915,
        "name": "K\u00f6z Mangal",
        "category": "restaurant",
        "categoryLabel": "Restaurant",
        "amenity": "restaurant",
        "highway": null,
        "tourism": null,
        "historic": null,
        "railway": null,
        "barrier": null,
        "entrance": null,
        "heritage": null,
        "website": null,
        "phone": null,
        "address": "602 Lea Bridge Road, London E10 7DN",
        "distanceToForestBoundaryMetres": 285.2,
        "shop": null
      }
    },
    {
      "type": "Feature",
      "id": "way/444593917",
      "geometry": {
        "type": "Point",
        "coordinates": [
          -0.0134555,
          51.5746122
        ]
      },
      "properties": {
        "id": "way/444593917",
        "osmType": "way",
        "osmId": 444593917,
        "name": "Star Nergiz Express",
        "category": "cafe",
        "categoryLabel": "Caf\u00e9",
        "amenity": "cafe",
        "highway": null,
        "tourism": null,
        "historic": null,
        "railway": null,
        "barrier": null,
        "entrance": null,
        "heritage": null,
        "website": null,
        "phone": null,
        "address": "604 Lea Bridge Road, London E10 7DN",
        "distanceToForestBoundaryMetres": 280.4,
        "shop": null
      }
    },
    {
      "type": "Feature",
      "id": "way/449901479",
      "geometry": {
        "type": "Point",
        "coordinates": [
          0.0664124,
          51.6552414
        ]
      },
      "properties": {
        "id": "way/449901479",
        "osmType": "way",
        "osmId": 449901479,
        "name": "The Plume of Feathers",
        "category": "pub",
        "categoryLabel": "Pub",
        "amenity": "pub",
        "highway": null,
        "tourism": null,
        "historic": null,
        "railway": null,
        "barrier": null,
        "entrance": null,
        "heritage": null,
        "website": "https://www.emberinns.co.uk/nationalsearch/eastofengland/the-plume-of-feathers-loughton",
        "phone": null,
        "address": "123 Church Hill, IG10 1QR",
        "distanceToForestBoundaryMetres": 211.0,
        "shop": null
      }
    },
    {
      "type": "Feature",
      "id": "way/450058980",
      "geometry": {
        "type": "Point",
        "coordinates": [
          0.0583605,
          51.6507793
        ]
      },
      "properties": {
        "id": "way/450058980",
        "osmType": "way",
        "osmId": 450058980,
        "name": "Zizzi",
        "category": "restaurant",
        "categoryLabel": "Restaurant",
        "amenity": "restaurant",
        "highway": null,
        "tourism": null,
        "historic": null,
        "railway": null,
        "barrier": null,
        "entrance": null,
        "heritage": null,
        "website": "https://www.zizzi.co.uk/italian/restaurants/loughton",
        "phone": null,
        "address": "2 Church Hill",
        "distanceToForestBoundaryMetres": 159.6,
        "shop": null
      }
    },
    {
      "type": "Feature",
      "id": "way/452820395",
      "geometry": {
        "type": "Point",
        "coordinates": [
          -0.0117903,
          51.576413
        ]
      },
      "properties": {
        "id": "way/452820395",
        "osmType": "way",
        "osmId": 452820395,
        "name": "Patisserie Citadelle Mauritian Shop",
        "category": "cafe",
        "categoryLabel": "Caf\u00e9",
        "amenity": "cafe",
        "highway": null,
        "tourism": null,
        "historic": null,
        "railway": null,
        "barrier": null,
        "entrance": null,
        "heritage": null,
        "website": null,
        "phone": "+44 20 8521 2855",
        "address": "611B Lea Bridge Road, London",
        "distanceToForestBoundaryMetres": 273.2,
        "shop": null
      }
    },
    {
      "type": "Feature",
      "id": "way/452993144",
      "geometry": {
        "type": "Point",
        "coordinates": [
          -0.0114354,
          51.5762575
        ]
      },
      "properties": {
        "id": "way/452993144",
        "osmType": "way",
        "osmId": 452993144,
        "name": "Lost Asia",
        "category": "restaurant",
        "categoryLabel": "Restaurant",
        "amenity": "restaurant",
        "highway": null,
        "tourism": null,
        "historic": null,
        "railway": null,
        "barrier": null,
        "entrance": null,
        "heritage": null,
        "website": null,
        "phone": null,
        "address": "662-664 Lea Bridge Road, London E10 6AP",
        "distanceToForestBoundaryMetres": 258.7,
        "shop": null
      }
    },
    {
      "type": "Feature",
      "id": "way/452993160",
      "geometry": {
        "type": "Point",
        "coordinates": [
          -0.012187,
          51.5756378
        ]
      },
      "properties": {
        "id": "way/452993160",
        "osmType": "way",
        "osmId": 452993160,
        "name": "Lemonade Cafe",
        "category": "cafe",
        "categoryLabel": "Caf\u00e9",
        "amenity": "cafe",
        "highway": null,
        "tourism": null,
        "historic": null,
        "railway": null,
        "barrier": null,
        "entrance": null,
        "heritage": null,
        "website": null,
        "phone": null,
        "address": "632 Lea Bridge Road, London E10 6AP",
        "distanceToForestBoundaryMetres": 283.5,
        "shop": null
      }
    },
    {
      "type": "Feature",
      "id": "way/452993162",
      "geometry": {
        "type": "Point",
        "coordinates": [
          -0.012325,
          51.5755877
        ]
      },
      "properties": {
        "id": "way/452993162",
        "osmType": "way",
        "osmId": 452993162,
        "name": "Min Zhong Hoo Oriental Supermarket",
        "category": "convenience",
        "categoryLabel": "Convenience Store",
        "amenity": "cafe",
        "highway": null,
        "tourism": null,
        "historic": null,
        "railway": null,
        "barrier": null,
        "entrance": null,
        "heritage": null,
        "website": null,
        "phone": null,
        "address": "628 Lea Bridge Road, London E10 6AP",
        "distanceToForestBoundaryMetres": 287.3,
        "shop": "convenience"
      }
    },
    {
      "type": "Feature",
      "id": "way/453684519",
      "geometry": {
        "type": "Point",
        "coordinates": [
          -0.0112929,
          51.5768799
        ]
      },
      "properties": {
        "id": "way/453684519",
        "osmType": "way",
        "osmId": 453684519,
        "name": "Mez Lounge",
        "category": "restaurant",
        "categoryLabel": "Restaurant",
        "amenity": "restaurant",
        "highway": null,
        "tourism": null,
        "historic": null,
        "railway": null,
        "barrier": null,
        "entrance": null,
        "heritage": null,
        "website": "https://www.mezlounge.co.uk/",
        "phone": "+442085215252",
        "address": "627-629 Lea Bridge Road, London E10 6AJ",
        "distanceToForestBoundaryMetres": 223.8,
        "shop": null
      }
    },
    {
      "type": "Feature",
      "id": "way/453684532",
      "geometry": {
        "type": "Point",
        "coordinates": [
          -0.0113915,
          51.5768501
        ]
      },
      "properties": {
        "id": "way/453684532",
        "osmType": "way",
        "osmId": 453684532,
        "name": "Coffee Inn",
        "category": "cafe",
        "categoryLabel": "Caf\u00e9",
        "amenity": "cafe",
        "highway": null,
        "tourism": null,
        "historic": null,
        "railway": null,
        "barrier": null,
        "entrance": null,
        "heritage": null,
        "website": null,
        "phone": null,
        "address": "625 Lea Bridge Road, London E10 6AJ",
        "distanceToForestBoundaryMetres": 231.2,
        "shop": null
      }
    },
    {
      "type": "Feature",
      "id": "way/454550567",
      "geometry": {
        "type": "Point",
        "coordinates": [
          -0.011325,
          51.574405
        ]
      },
      "properties": {
        "id": "way/454550567",
        "osmType": "way",
        "osmId": 454550567,
        "name": "Shish Mahal Diners Club",
        "category": "restaurant",
        "categoryLabel": "Restaurant",
        "amenity": "restaurant",
        "highway": null,
        "tourism": null,
        "historic": null,
        "railway": null,
        "barrier": null,
        "entrance": null,
        "heritage": null,
        "website": null,
        "phone": null,
        "address": "815 High Road Leyton, London E10 7AA",
        "distanceToForestBoundaryMetres": 176.3,
        "shop": null
      }
    },
    {
      "type": "Feature",
      "id": "way/454663250",
      "geometry": {
        "type": "Point",
        "coordinates": [
          -0.0103389,
          51.5743365
        ]
      },
      "properties": {
        "id": "way/454663250",
        "osmType": "way",
        "osmId": 454663250,
        "name": "Snooker Lovers Club & Bar",
        "category": "bar",
        "categoryLabel": "Bar",
        "amenity": "bar",
        "highway": null,
        "tourism": null,
        "historic": null,
        "railway": null,
        "barrier": null,
        "entrance": null,
        "heritage": null,
        "website": null,
        "phone": null,
        "address": "788 High Road Leyton, London E10 6AE",
        "distanceToForestBoundaryMetres": 115.6,
        "shop": null
      }
    },
    {
      "type": "Feature",
      "id": "way/459061739",
      "geometry": {
        "type": "Point",
        "coordinates": [
          -0.0092522,
          51.5771641
        ]
      },
      "properties": {
        "id": "way/459061739",
        "osmType": "way",
        "osmId": 459061739,
        "name": "Kirin",
        "category": "restaurant",
        "categoryLabel": "Restaurant",
        "amenity": "restaurant",
        "highway": null,
        "tourism": null,
        "historic": null,
        "railway": null,
        "barrier": null,
        "entrance": null,
        "heritage": null,
        "website": null,
        "phone": null,
        "address": "726-728 Lea Bridge Road, London E10 6AW",
        "distanceToForestBoundaryMetres": 79.6,
        "shop": null
      }
    },
    {
      "type": "Feature",
      "id": "way/459061744",
      "geometry": {
        "type": "Point",
        "coordinates": [
          -0.0093592,
          51.5771314
        ]
      },
      "properties": {
        "id": "way/459061744",
        "osmType": "way",
        "osmId": 459061744,
        "name": "Papa John's",
        "category": "restaurant",
        "categoryLabel": "Restaurant",
        "amenity": "restaurant",
        "highway": null,
        "tourism": null,
        "historic": null,
        "railway": null,
        "barrier": null,
        "entrance": null,
        "heritage": null,
        "website": "https://www.papajohns.co.uk/stores/london-walthamstow",
        "phone": "+44 20 8558 9797",
        "address": "724 Lea Bridge Road, London E10 6AW",
        "distanceToForestBoundaryMetres": 87.8,
        "shop": null
      }
    },
    {
      "type": "Feature",
      "id": "way/459061745",
      "geometry": {
        "type": "Point",
        "coordinates": [
          -0.0094389,
          51.5771098
        ]
      },
      "properties": {
        "id": "way/459061745",
        "osmType": "way",
        "osmId": 459061745,
        "name": "Champions Food",
        "category": "restaurant",
        "categoryLabel": "Restaurant",
        "amenity": "restaurant",
        "highway": null,
        "tourism": null,
        "historic": null,
        "railway": null,
        "barrier": null,
        "entrance": null,
        "heritage": null,
        "website": null,
        "phone": null,
        "address": "722 Lea Bridge Road, London",
        "distanceToForestBoundaryMetres": 93.7,
        "shop": null
      }
    },
    {
      "type": "Feature",
      "id": "way/459061749",
      "geometry": {
        "type": "Point",
        "coordinates": [
          -0.0097158,
          51.5770228
        ]
      },
      "properties": {
        "id": "way/459061749",
        "osmType": "way",
        "osmId": 459061749,
        "name": "Dolce Vita",
        "category": "restaurant",
        "categoryLabel": "Restaurant",
        "amenity": "restaurant",
        "highway": null,
        "tourism": null,
        "historic": null,
        "railway": null,
        "barrier": null,
        "entrance": null,
        "heritage": null,
        "website": null,
        "phone": null,
        "address": "714 Lea Bridge Road, London",
        "distanceToForestBoundaryMetres": 115.0,
        "shop": null
      }
    },
    {
      "type": "Feature",
      "id": "way/459061753",
      "geometry": {
        "type": "Point",
        "coordinates": [
          -0.0100012,
          51.5769358
        ]
      },
      "properties": {
        "id": "way/459061753",
        "osmType": "way",
        "osmId": 459061753,
        "name": "Chicos",
        "category": "restaurant",
        "categoryLabel": "Restaurant",
        "amenity": "restaurant",
        "highway": null,
        "tourism": null,
        "historic": null,
        "railway": null,
        "barrier": null,
        "entrance": null,
        "heritage": null,
        "website": "https://chicoslondon.co.uk",
        "phone": "+44 20 3874 0406",
        "address": "706 Lea Bridge Road, London E10 6AW",
        "distanceToForestBoundaryMetres": 136.9,
        "shop": null
      }
    },
    {
      "type": "Feature",
      "id": "way/460135884",
      "geometry": {
        "type": "Point",
        "coordinates": [
          -0.0066076,
          51.5782569
        ]
      },
      "properties": {
        "id": "way/460135884",
        "osmType": "way",
        "osmId": 460135884,
        "name": "Nan Thai",
        "category": "restaurant",
        "categoryLabel": "Restaurant",
        "amenity": "restaurant",
        "highway": null,
        "tourism": null,
        "historic": null,
        "railway": null,
        "barrier": null,
        "entrance": null,
        "heritage": null,
        "website": null,
        "phone": null,
        "address": "764 Lea Bridge Road, London E17 9DN",
        "distanceToForestBoundaryMetres": 143.7,
        "shop": null
      }
    },
    {
      "type": "Feature",
      "id": "way/462067083",
      "geometry": {
        "type": "Point",
        "coordinates": [
          -0.0151761,
          51.6034291
        ]
      },
      "properties": {
        "id": "way/462067083",
        "osmType": "way",
        "osmId": 462067083,
        "name": "Hugs w Mugs Cafe",
        "category": "cafe",
        "categoryLabel": "Caf\u00e9",
        "amenity": "cafe",
        "highway": null,
        "tourism": null,
        "historic": null,
        "railway": null,
        "barrier": null,
        "entrance": null,
        "heritage": null,
        "website": null,
        "phone": "+44 20 8527 7669",
        "address": "63 Parade Gardens, London E4 8DF",
        "distanceToForestBoundaryMetres": 157.2,
        "shop": null
      }
    },
    {
      "type": "Feature",
      "id": "way/462698075",
      "geometry": {
        "type": "Point",
        "coordinates": [
          -0.0035073,
          51.5800852
        ]
      },
      "properties": {
        "id": "way/462698075",
        "osmType": "way",
        "osmId": 462698075,
        "name": "Muzza",
        "category": "cafe",
        "categoryLabel": "Caf\u00e9",
        "amenity": "cafe",
        "highway": null,
        "tourism": null,
        "historic": null,
        "railway": null,
        "barrier": null,
        "entrance": null,
        "heritage": null,
        "website": null,
        "phone": null,
        "address": "801 Lea Bridge Road, London",
        "distanceToForestBoundaryMetres": 201.6,
        "shop": null
      }
    },
    {
      "type": "Feature",
      "id": "way/463208160",
      "geometry": {
        "type": "Point",
        "coordinates": [
          -0.0029424,
          51.580633
        ]
      },
      "properties": {
        "id": "way/463208160",
        "osmType": "way",
        "osmId": 463208160,
        "name": "Urban Bites",
        "category": "cafe",
        "categoryLabel": "Caf\u00e9",
        "amenity": "cafe",
        "highway": null,
        "tourism": null,
        "historic": null,
        "railway": null,
        "barrier": null,
        "entrance": null,
        "heritage": null,
        "website": null,
        "phone": null,
        "address": "4 Eastern Road, London E17 9DU",
        "distanceToForestBoundaryMetres": 291.2,
        "shop": null
      }
    },
    {
      "type": "Feature",
      "id": "way/463210594",
      "geometry": {
        "type": "Point",
        "coordinates": [
          -0.0009079,
          51.5812401
        ]
      },
      "properties": {
        "id": "way/463210594",
        "osmType": "way",
        "osmId": 463210594,
        "name": "Lamb's Cafe",
        "category": "cafe",
        "categoryLabel": "Caf\u00e9",
        "amenity": "cafe",
        "highway": null,
        "tourism": null,
        "historic": null,
        "railway": null,
        "barrier": null,
        "entrance": null,
        "heritage": null,
        "website": null,
        "phone": null,
        "address": "891 Lea Bridge Road, London E17 9DS",
        "distanceToForestBoundaryMetres": 285.7,
        "shop": null
      }
    },
    {
      "type": "Feature",
      "id": "way/463210604",
      "geometry": {
        "type": "Point",
        "coordinates": [
          -0.0015706,
          51.5809753
        ]
      },
      "properties": {
        "id": "way/463210604",
        "osmType": "way",
        "osmId": 463210604,
        "name": "Kabila Barbeque Restaurant",
        "category": "restaurant",
        "categoryLabel": "Restaurant",
        "amenity": "restaurant",
        "highway": null,
        "tourism": null,
        "historic": null,
        "railway": null,
        "barrier": null,
        "entrance": null,
        "heritage": null,
        "website": null,
        "phone": null,
        "address": "869 Lea Bridge Road, London",
        "distanceToForestBoundaryMetres": 284.3,
        "shop": null
      }
    },
    {
      "type": "Feature",
      "id": "way/463210606",
      "geometry": {
        "type": "Point",
        "coordinates": [
          -0.0016886,
          51.5809184
        ]
      },
      "properties": {
        "id": "way/463210606",
        "osmType": "way",
        "osmId": 463210606,
        "name": "Bom Pecado",
        "category": "cafe",
        "categoryLabel": "Caf\u00e9",
        "amenity": "cafe",
        "highway": null,
        "tourism": null,
        "historic": null,
        "railway": null,
        "barrier": null,
        "entrance": null,
        "heritage": null,
        "website": null,
        "phone": null,
        "address": "863 Lea Bridge Road, London E17 9DS",
        "distanceToForestBoundaryMetres": 285.5,
        "shop": null
      }
    },
    {
      "type": "Feature",
      "id": "way/468229898",
      "geometry": {
        "type": "Point",
        "coordinates": [
          -0.0010467,
          51.6071733
        ]
      },
      "properties": {
        "id": "way/468229898",
        "osmType": "way",
        "osmId": 468229898,
        "name": "Chives Cafe",
        "category": "cafe",
        "categoryLabel": "Caf\u00e9",
        "amenity": "cafe",
        "highway": null,
        "tourism": null,
        "historic": null,
        "railway": null,
        "barrier": null,
        "entrance": null,
        "heritage": null,
        "website": null,
        "phone": null,
        "address": "5 Winchester Road, London",
        "distanceToForestBoundaryMetres": 286.9,
        "shop": null
      }
    },
    {
      "type": "Feature",
      "id": "way/468229899",
      "geometry": {
        "type": "Point",
        "coordinates": [
          -0.0010619,
          51.6071329
        ]
      },
      "properties": {
        "id": "way/468229899",
        "osmType": "way",
        "osmId": 468229899,
        "name": "Coffee Treasure",
        "category": "cafe",
        "categoryLabel": "Caf\u00e9",
        "amenity": "cafe",
        "highway": null,
        "tourism": null,
        "historic": null,
        "railway": null,
        "barrier": null,
        "entrance": null,
        "heritage": null,
        "website": null,
        "phone": null,
        "address": "7 Winchester Road, London E4 9LH",
        "distanceToForestBoundaryMetres": 291.6,
        "shop": null
      }
    },
    {
      "type": "Feature",
      "id": "way/468229904",
      "geometry": {
        "type": "Point",
        "coordinates": [
          -0.0011709,
          51.6068371
        ]
      },
      "properties": {
        "id": "way/468229904",
        "osmType": "way",
        "osmId": 468229904,
        "name": "Sali\u2019s lounge",
        "category": "cafe",
        "categoryLabel": "Caf\u00e9",
        "amenity": "cafe",
        "highway": null,
        "tourism": null,
        "historic": null,
        "railway": null,
        "barrier": null,
        "entrance": null,
        "heritage": null,
        "website": null,
        "phone": null,
        "address": "19 Winchester Road, London",
        "distanceToForestBoundaryMetres": 285.4,
        "shop": null
      }
    },
    {
      "type": "Feature",
      "id": "way/468229905",
      "geometry": {
        "type": "Point",
        "coordinates": [
          -0.0011333,
          51.6069403
        ]
      },
      "properties": {
        "id": "way/468229905",
        "osmType": "way",
        "osmId": 468229905,
        "name": "The Indian Dining Club",
        "category": "restaurant",
        "categoryLabel": "Restaurant",
        "amenity": "restaurant",
        "highway": null,
        "tourism": null,
        "historic": null,
        "railway": null,
        "barrier": null,
        "entrance": null,
        "heritage": null,
        "website": null,
        "phone": null,
        "address": "15 Winchester Road, London E4 9LH",
        "distanceToForestBoundaryMetres": 289.8,
        "shop": null
      }
    },
    {
      "type": "Feature",
      "id": "way/468229908",
      "geometry": {
        "type": "Point",
        "coordinates": [
          -0.0011804,
          51.6065034
        ]
      },
      "properties": {
        "id": "way/468229908",
        "osmType": "way",
        "osmId": 468229908,
        "name": "Paya",
        "category": "restaurant",
        "categoryLabel": "Restaurant",
        "amenity": "restaurant",
        "highway": null,
        "tourism": null,
        "historic": null,
        "railway": null,
        "barrier": null,
        "entrance": null,
        "heritage": null,
        "website": null,
        "phone": null,
        "address": "31 Winchester Road, London E4 9LH",
        "distanceToForestBoundaryMetres": 280.8,
        "shop": null
      }
    },
    {
      "type": "Feature",
      "id": "way/468229912",
      "geometry": {
        "type": "Point",
        "coordinates": [
          -0.0011643,
          51.6067416
        ]
      },
      "properties": {
        "id": "way/468229912",
        "osmType": "way",
        "osmId": 468229912,
        "name": "Good Friend",
        "category": "restaurant",
        "categoryLabel": "Restaurant",
        "amenity": "restaurant",
        "highway": null,
        "tourism": null,
        "historic": null,
        "railway": null,
        "barrier": null,
        "entrance": null,
        "heritage": null,
        "website": null,
        "phone": null,
        "address": "23 Winchester Road, London E4 9LH",
        "distanceToForestBoundaryMetres": 288.3,
        "shop": null
      }
    },
    {
      "type": "Feature",
      "id": "way/468231465",
      "geometry": {
        "type": "Point",
        "coordinates": [
          -0.0006364,
          51.6076064
        ]
      },
      "properties": {
        "id": "way/468231465",
        "osmType": "way",
        "osmId": 468231465,
        "name": "The Corner Cafe",
        "category": "cafe",
        "categoryLabel": "Caf\u00e9",
        "amenity": "cafe",
        "highway": null,
        "tourism": null,
        "historic": null,
        "railway": null,
        "barrier": null,
        "entrance": null,
        "heritage": null,
        "website": null,
        "phone": null,
        "address": "1 The Broadway, London",
        "distanceToForestBoundaryMetres": 290.1,
        "shop": null
      }
    },
    {
      "type": "Feature",
      "id": "way/468231469",
      "geometry": {
        "type": "Point",
        "coordinates": [
          -0.0008518,
          51.6074316
        ]
      },
      "properties": {
        "id": "way/468231469",
        "osmType": "way",
        "osmId": 468231469,
        "name": "Good View",
        "category": "restaurant",
        "categoryLabel": "Restaurant",
        "amenity": "restaurant",
        "highway": null,
        "tourism": null,
        "historic": null,
        "railway": null,
        "barrier": null,
        "entrance": null,
        "heritage": null,
        "website": null,
        "phone": null,
        "address": "7 The Broadway, London E4 9LQ",
        "distanceToForestBoundaryMetres": 284.9,
        "shop": null
      }
    },
    {
      "type": "Feature",
      "id": "way/490745333",
      "geometry": {
        "type": "Point",
        "coordinates": [
          0.1074748,
          51.6962346
        ]
      },
      "properties": {
        "id": "way/490745333",
        "osmType": "way",
        "osmId": 490745333,
        "name": "Duke of Wellington",
        "category": "pub",
        "categoryLabel": "Pub",
        "amenity": "pub",
        "highway": null,
        "tourism": null,
        "historic": null,
        "railway": null,
        "barrier": null,
        "entrance": null,
        "heritage": null,
        "website": "https://dowepping.co.uk/",
        "phone": null,
        "address": "36 High Street, Epping CM16 4AE",
        "distanceToForestBoundaryMetres": 251.8,
        "shop": null
      }
    },
    {
      "type": "Feature",
      "id": "way/496929145",
      "geometry": {
        "type": "Point",
        "coordinates": [
          0.1355147,
          51.7064398
        ]
      },
      "properties": {
        "id": "way/496929145",
        "osmType": "way",
        "osmId": 496929145,
        "name": "The Garnon Bushes",
        "category": "pub",
        "categoryLabel": "Pub",
        "amenity": "pub",
        "highway": null,
        "tourism": null,
        "historic": null,
        "railway": null,
        "barrier": null,
        "entrance": null,
        "heritage": null,
        "website": "https://www.garnonbushespub.com/",
        "phone": null,
        "address": "13 Coopersale Common, Epping CM16 7QS",
        "distanceToForestBoundaryMetres": 291.0,
        "shop": null
      }
    },
    {
      "type": "Feature",
      "id": "way/507095513",
      "geometry": {
        "type": "Point",
        "coordinates": [
          0.0076399,
          51.5601604
        ]
      },
      "properties": {
        "id": "way/507095513",
        "osmType": "way",
        "osmId": 507095513,
        "name": "Exceline Pan African Cuisine",
        "category": "restaurant",
        "categoryLabel": "Restaurant",
        "amenity": "restaurant",
        "highway": null,
        "tourism": null,
        "historic": null,
        "railway": null,
        "barrier": null,
        "entrance": null,
        "heritage": null,
        "website": null,
        "phone": null,
        "address": "527-529 High Road Leytonstone, London E11 4PB",
        "distanceToForestBoundaryMetres": 262.9,
        "shop": null
      }
    },
    {
      "type": "Feature",
      "id": "way/507664544",
      "geometry": {
        "type": "Point",
        "coordinates": [
          0.0067606,
          51.5587769
        ]
      },
      "properties": {
        "id": "way/507664544",
        "osmType": "way",
        "osmId": 507664544,
        "name": "Ivy's Tiny Tea",
        "category": "cafe",
        "categoryLabel": "Caf\u00e9",
        "amenity": "cafe",
        "highway": null,
        "tourism": null,
        "historic": null,
        "railway": null,
        "barrier": null,
        "entrance": null,
        "heritage": null,
        "website": null,
        "phone": null,
        "address": "1 Cowley Court, London E11 4LG",
        "distanceToForestBoundaryMetres": 104.7,
        "shop": null
      }
    },
    {
      "type": "Feature",
      "id": "way/507664568",
      "geometry": {
        "type": "Point",
        "coordinates": [
          0.0069261,
          51.5589755
        ]
      },
      "properties": {
        "id": "way/507664568",
        "osmType": "way",
        "osmId": 507664568,
        "name": "Butt Karahi",
        "category": "restaurant",
        "categoryLabel": "Restaurant",
        "amenity": "restaurant",
        "highway": null,
        "tourism": null,
        "historic": null,
        "railway": null,
        "barrier": null,
        "entrance": null,
        "heritage": null,
        "website": null,
        "phone": null,
        "address": "483-485 High Road Leytonstone, London E11 4PG",
        "distanceToForestBoundaryMetres": 126.5,
        "shop": null
      }
    },
    {
      "type": "Feature",
      "id": "way/507664569",
      "geometry": {
        "type": "Point",
        "coordinates": [
          0.0070076,
          51.5590857
        ]
      },
      "properties": {
        "id": "way/507664569",
        "osmType": "way",
        "osmId": 507664569,
        "name": "Chocoberry",
        "category": "cafe",
        "categoryLabel": "Caf\u00e9",
        "amenity": "cafe",
        "highway": null,
        "tourism": null,
        "historic": null,
        "railway": null,
        "barrier": null,
        "entrance": null,
        "heritage": null,
        "website": null,
        "phone": null,
        "address": "487 High Road Leytonstone, London E11 4PG",
        "distanceToForestBoundaryMetres": 138.9,
        "shop": null
      }
    },
    {
      "type": "Feature",
      "id": "way/508020407",
      "geometry": {
        "type": "Point",
        "coordinates": [
          0.0066824,
          51.5584513
        ]
      },
      "properties": {
        "id": "way/508020407",
        "osmType": "way",
        "osmId": 508020407,
        "name": "Titanic Kitchen & Lounge",
        "category": "restaurant",
        "categoryLabel": "Restaurant",
        "amenity": "restaurant",
        "highway": null,
        "tourism": null,
        "historic": null,
        "railway": null,
        "barrier": null,
        "entrance": null,
        "heritage": null,
        "website": null,
        "phone": "+44 20 8556 0660",
        "address": "469 High Road Leytonstone, London E11 4JU",
        "distanceToForestBoundaryMetres": 69.6,
        "shop": null
      }
    },
    {
      "type": "Feature",
      "id": "way/508020413",
      "geometry": {
        "type": "Point",
        "coordinates": [
          0.0067117,
          51.5584908
        ]
      },
      "properties": {
        "id": "way/508020413",
        "osmType": "way",
        "osmId": 508020413,
        "name": "Defne",
        "category": "restaurant",
        "categoryLabel": "Restaurant",
        "amenity": "restaurant",
        "highway": null,
        "tourism": null,
        "historic": null,
        "railway": null,
        "barrier": null,
        "entrance": null,
        "heritage": null,
        "website": null,
        "phone": null,
        "address": "471 High Road Leytonstone, London E11 4JU",
        "distanceToForestBoundaryMetres": 73.6,
        "shop": null
      }
    },
    {
      "type": "Feature",
      "id": "way/509105869",
      "geometry": {
        "type": "Point",
        "coordinates": [
          0.0102018,
          51.564023
        ]
      },
      "properties": {
        "id": "way/509105869",
        "osmType": "way",
        "osmId": 509105869,
        "name": "Kam's",
        "category": "restaurant",
        "categoryLabel": "Restaurant",
        "amenity": "restaurant",
        "highway": null,
        "tourism": null,
        "historic": null,
        "railway": null,
        "barrier": null,
        "entrance": null,
        "heritage": null,
        "website": null,
        "phone": null,
        "address": "554 High Road Leytonstone, London E11 3DH",
        "distanceToForestBoundaryMetres": 290.0,
        "shop": null
      }
    },
    {
      "type": "Feature",
      "id": "way/509105902",
      "geometry": {
        "type": "Point",
        "coordinates": [
          0.0101065,
          51.5636289
        ]
      },
      "properties": {
        "id": "way/509105902",
        "osmType": "way",
        "osmId": 509105902,
        "name": "Latino Base Cafe & Restaurant",
        "category": "restaurant",
        "categoryLabel": "Restaurant",
        "amenity": "restaurant",
        "highway": null,
        "tourism": null,
        "historic": null,
        "railway": null,
        "barrier": null,
        "entrance": null,
        "heritage": null,
        "website": null,
        "phone": null,
        "address": "540 High Road Leytonstone, London E11 3DH",
        "distanceToForestBoundaryMetres": 290.4,
        "shop": null
      }
    },
    {
      "type": "Feature",
      "id": "way/511169062",
      "geometry": {
        "type": "Point",
        "coordinates": [
          0.0126498,
          51.5698658
        ]
      },
      "properties": {
        "id": "way/511169062",
        "osmType": "way",
        "osmId": 511169062,
        "name": "The Walnut Tree",
        "category": "pub",
        "categoryLabel": "Pub",
        "amenity": "pub",
        "highway": null,
        "tourism": null,
        "historic": null,
        "railway": null,
        "barrier": null,
        "entrance": null,
        "heritage": null,
        "website": "https://www.jdwetherspoon.com/pubs/the-walnut-tree-leytonstone/",
        "phone": null,
        "address": "857-861 High Road Leytonstone, London E11 1HH",
        "distanceToForestBoundaryMetres": 291.1,
        "shop": null
      }
    },
    {
      "type": "Feature",
      "id": "way/511261641",
      "geometry": {
        "type": "Point",
        "coordinates": [
          0.0140521,
          51.5700591
        ]
      },
      "properties": {
        "id": "way/511261641",
        "osmType": "way",
        "osmId": 511261641,
        "name": "Garden of Desserts",
        "category": "cafe",
        "categoryLabel": "Caf\u00e9",
        "amenity": "cafe",
        "highway": null,
        "tourism": null,
        "historic": null,
        "railway": null,
        "barrier": null,
        "entrance": null,
        "heritage": null,
        "website": null,
        "phone": null,
        "address": "734 High Road Leytonstone, London E11 3AW",
        "distanceToForestBoundaryMetres": 291.0,
        "shop": null
      }
    },
    {
      "type": "Feature",
      "id": "way/511586538",
      "geometry": {
        "type": "Point",
        "coordinates": [
          0.0154809,
          51.5698606
        ]
      },
      "properties": {
        "id": "way/511586538",
        "osmType": "way",
        "osmId": 511586538,
        "name": "The North Star",
        "category": "pub",
        "categoryLabel": "Pub",
        "amenity": "pub",
        "highway": null,
        "tourism": null,
        "historic": null,
        "railway": null,
        "barrier": null,
        "entrance": null,
        "heritage": null,
        "website": null,
        "phone": null,
        "address": "24 Browning Road, London E11 3AR",
        "distanceToForestBoundaryMetres": 287.9,
        "shop": null
      }
    },
    {
      "type": "Feature",
      "id": "way/511586582",
      "geometry": {
        "type": "Point",
        "coordinates": [
          0.0146999,
          51.5708194
        ]
      },
      "properties": {
        "id": "way/511586582",
        "osmType": "way",
        "osmId": 511586582,
        "name": "042",
        "category": "restaurant",
        "categoryLabel": "Restaurant",
        "amenity": "restaurant",
        "highway": null,
        "tourism": null,
        "historic": null,
        "railway": null,
        "barrier": null,
        "entrance": null,
        "heritage": null,
        "website": null,
        "phone": null,
        "address": "885 High Road Leytonstone, London E11 1HR",
        "distanceToForestBoundaryMetres": 290.3,
        "shop": null
      }
    },
    {
      "type": "Feature",
      "id": "way/511586594",
      "geometry": {
        "type": "Point",
        "coordinates": [
          0.0139686,
          51.5704605
        ]
      },
      "properties": {
        "id": "way/511586594",
        "osmType": "way",
        "osmId": 511586594,
        "name": "Almasara",
        "category": "restaurant",
        "categoryLabel": "Restaurant",
        "amenity": "restaurant",
        "highway": null,
        "tourism": null,
        "historic": null,
        "railway": null,
        "barrier": null,
        "entrance": null,
        "heritage": null,
        "website": null,
        "phone": null,
        "address": null,
        "distanceToForestBoundaryMetres": 291.6,
        "shop": null
      }
    },
    {
      "type": "Feature",
      "id": "way/511586597",
      "geometry": {
        "type": "Point",
        "coordinates": [
          0.0139128,
          51.5704264
        ]
      },
      "properties": {
        "id": "way/511586597",
        "osmType": "way",
        "osmId": 511586597,
        "name": "Star of India",
        "category": "restaurant",
        "categoryLabel": "Restaurant",
        "amenity": "restaurant",
        "highway": null,
        "tourism": null,
        "historic": null,
        "railway": null,
        "barrier": null,
        "entrance": null,
        "heritage": null,
        "website": "https://www.starofindialeytonstone.com/",
        "phone": null,
        "address": "875 High Road Leytonstone, London E11 1HR",
        "distanceToForestBoundaryMetres": 288.3,
        "shop": null
      }
    },
    {
      "type": "Feature",
      "id": "way/512168202",
      "geometry": {
        "type": "Point",
        "coordinates": [
          0.0125728,
          51.5696868
        ]
      },
      "properties": {
        "id": "way/512168202",
        "osmType": "way",
        "osmId": 512168202,
        "name": "La Bella Vita",
        "category": "restaurant",
        "categoryLabel": "Restaurant",
        "amenity": "restaurant",
        "highway": null,
        "tourism": null,
        "historic": null,
        "railway": null,
        "barrier": null,
        "entrance": null,
        "heritage": null,
        "website": "https://labellavitaleytonstone.com/",
        "phone": "+44 20 3441 3465",
        "address": "853 High Road Leytonstone, London E11 1HH",
        "distanceToForestBoundaryMetres": 288.6,
        "shop": null
      }
    },
    {
      "type": "Feature",
      "id": "way/523092828",
      "geometry": {
        "type": "Point",
        "coordinates": [
          0.0509919,
          51.6488189
        ]
      },
      "properties": {
        "id": "way/523092828",
        "osmType": "way",
        "osmId": 523092828,
        "name": "The Victoria Tavern",
        "category": "pub",
        "categoryLabel": "Pub",
        "amenity": "pub",
        "highway": null,
        "tourism": null,
        "historic": null,
        "railway": null,
        "barrier": null,
        "entrance": null,
        "heritage": null,
        "website": null,
        "phone": null,
        "address": "165 Smarts Lane, Loughton IG10 4BP",
        "distanceToForestBoundaryMetres": 290.6,
        "shop": null
      }
    },
    {
      "type": "Feature",
      "id": "way/550447429",
      "geometry": {
        "type": "Point",
        "coordinates": [
          0.0420502,
          51.5547787
        ]
      },
      "properties": {
        "id": "way/550447429",
        "osmType": "way",
        "osmId": 550447429,
        "name": "The Golden Fleece",
        "category": "pub",
        "categoryLabel": "Pub",
        "amenity": "pub",
        "highway": null,
        "tourism": null,
        "historic": null,
        "railway": null,
        "barrier": null,
        "entrance": null,
        "heritage": null,
        "website": "https://www.greeneking.co.uk/pubs/greater-london/golden-fleece",
        "phone": "+44 20 8478 0024",
        "address": "166 Capel Road, London E12 5DB",
        "distanceToForestBoundaryMetres": 287.2,
        "shop": null
      }
    },
    {
      "type": "Feature",
      "id": "way/594941369",
      "geometry": {
        "type": "Point",
        "coordinates": [
          0.0274749,
          51.5758754
        ]
      },
      "properties": {
        "id": "way/594941369",
        "osmType": "way",
        "osmId": 594941369,
        "name": "Filika Restaurant",
        "category": "restaurant",
        "categoryLabel": "Restaurant",
        "amenity": "restaurant",
        "highway": null,
        "tourism": null,
        "historic": null,
        "railway": null,
        "barrier": null,
        "entrance": null,
        "heritage": null,
        "website": "https://www.filikarestaurant.co.uk/filika-wanstead",
        "phone": null,
        "address": "62 High Street, London E11 2RJ",
        "distanceToForestBoundaryMetres": 256.5,
        "shop": null
      }
    },
    {
      "type": "Feature",
      "id": "way/595097794",
      "geometry": {
        "type": "Point",
        "coordinates": [
          0.0267753,
          51.5753567
        ]
      },
      "properties": {
        "id": "way/595097794",
        "osmType": "way",
        "osmId": 595097794,
        "name": "The Corriander",
        "category": "restaurant",
        "categoryLabel": "Restaurant",
        "amenity": "restaurant",
        "highway": null,
        "tourism": null,
        "historic": null,
        "railway": null,
        "barrier": null,
        "entrance": null,
        "heritage": null,
        "website": null,
        "phone": null,
        "address": "17 Cambridge Park, London E11 2PU",
        "distanceToForestBoundaryMetres": 204.9,
        "shop": null
      }
    },
    {
      "type": "Feature",
      "id": "way/626162208",
      "geometry": {
        "type": "Point",
        "coordinates": [
          0.0156734,
          51.6301609
        ]
      },
      "properties": {
        "id": "way/626162208",
        "osmType": "way",
        "osmId": 626162208,
        "name": "The Queen Elizabeth",
        "category": "pub",
        "categoryLabel": "Pub",
        "amenity": "pub",
        "highway": null,
        "tourism": null,
        "historic": null,
        "railway": null,
        "barrier": null,
        "entrance": null,
        "heritage": null,
        "website": "https://www.emberinns.co.uk/nationalsearch/london/the-queen-elizabeth-chingford",
        "phone": "+44 20 8529 1160",
        "address": "95 Forest Side, London E4 6BA",
        "distanceToForestBoundaryMetres": 281.9,
        "shop": null
      }
    },
    {
      "type": "Feature",
      "id": "way/668680444",
      "geometry": {
        "type": "Point",
        "coordinates": [
          0.0121404,
          51.60943
        ]
      },
      "properties": {
        "id": "way/668680444",
        "osmType": "way",
        "osmId": 668680444,
        "name": "Humphry's",
        "category": "cafe",
        "categoryLabel": "Caf\u00e9",
        "amenity": "cafe",
        "highway": null,
        "tourism": null,
        "historic": null,
        "railway": null,
        "barrier": null,
        "entrance": null,
        "heritage": null,
        "website": null,
        "phone": null,
        "address": "The Charter Road, Woodford Green IG8 9RE",
        "distanceToForestBoundaryMetres": 56.7,
        "shop": null
      }
    },
    {
      "type": "Feature",
      "id": "way/680101820",
      "geometry": {
        "type": "Point",
        "coordinates": [
          0.0038408,
          51.631605
        ]
      },
      "properties": {
        "id": "way/680101820",
        "osmType": "way",
        "osmId": 680101820,
        "name": "Chingford Chinese",
        "category": "restaurant",
        "categoryLabel": "Restaurant",
        "amenity": "restaurant",
        "highway": null,
        "tourism": null,
        "historic": null,
        "railway": null,
        "barrier": null,
        "entrance": null,
        "heritage": null,
        "website": null,
        "phone": null,
        "address": "4 Station Road, London E4 7BE",
        "distanceToForestBoundaryMetres": 172.6,
        "shop": null
      }
    },
    {
      "type": "Feature",
      "id": "way/680115719",
      "geometry": {
        "type": "Point",
        "coordinates": [
          0.0093464,
          51.6331936
        ]
      },
      "properties": {
        "id": "way/680115719",
        "osmType": "way",
        "osmId": 680115719,
        "name": "Trattoria Ibleo",
        "category": "restaurant",
        "categoryLabel": "Restaurant",
        "amenity": "restaurant",
        "highway": null,
        "tourism": null,
        "historic": null,
        "railway": null,
        "barrier": null,
        "entrance": null,
        "heritage": null,
        "website": null,
        "phone": null,
        "address": "1 Station Approach",
        "distanceToForestBoundaryMetres": 272.9,
        "shop": null
      }
    },
    {
      "type": "Feature",
      "id": "way/680295850",
      "geometry": {
        "type": "Point",
        "coordinates": [
          0.0076923,
          51.633006
        ]
      },
      "properties": {
        "id": "way/680295850",
        "osmType": "way",
        "osmId": 680295850,
        "name": "The Indian Brasserie",
        "category": "restaurant",
        "categoryLabel": "Restaurant",
        "amenity": "restaurant",
        "highway": null,
        "tourism": null,
        "historic": null,
        "railway": null,
        "barrier": null,
        "entrance": null,
        "heritage": null,
        "website": null,
        "phone": null,
        "address": "90 Station Road, London E4 6AD",
        "distanceToForestBoundaryMetres": 287.6,
        "shop": null
      }
    },
    {
      "type": "Feature",
      "id": "way/680295851",
      "geometry": {
        "type": "Point",
        "coordinates": [
          0.0077547,
          51.633036
        ]
      },
      "properties": {
        "id": "way/680295851",
        "osmType": "way",
        "osmId": 680295851,
        "name": "Nostrano",
        "category": "restaurant",
        "categoryLabel": "Restaurant",
        "amenity": "restaurant",
        "highway": null,
        "tourism": null,
        "historic": null,
        "railway": null,
        "barrier": null,
        "entrance": null,
        "heritage": null,
        "website": null,
        "phone": null,
        "address": "94 Station Road, London E4 6AD",
        "distanceToForestBoundaryMetres": 282.4,
        "shop": null
      }
    },
    {
      "type": "Feature",
      "id": "way/680295853",
      "geometry": {
        "type": "Point",
        "coordinates": [
          0.0079651,
          51.6331282
        ]
      },
      "properties": {
        "id": "way/680295853",
        "osmType": "way",
        "osmId": 680295853,
        "name": "La Baita Da Piero",
        "category": "restaurant",
        "categoryLabel": "Restaurant",
        "amenity": "restaurant",
        "highway": null,
        "tourism": null,
        "historic": null,
        "railway": null,
        "barrier": null,
        "entrance": null,
        "heritage": null,
        "website": null,
        "phone": null,
        "address": "98 Station Road, London E4 6AD",
        "distanceToForestBoundaryMetres": 265.1,
        "shop": null
      }
    },
    {
      "type": "Feature",
      "id": "way/680295868",
      "geometry": {
        "type": "Point",
        "coordinates": [
          0.0088772,
          51.6334176
        ]
      },
      "properties": {
        "id": "way/680295868",
        "osmType": "way",
        "osmId": 680295868,
        "name": "Bar One Twenty",
        "category": "bar",
        "categoryLabel": "Bar",
        "amenity": "bar",
        "highway": null,
        "tourism": null,
        "historic": null,
        "railway": null,
        "barrier": null,
        "entrance": null,
        "heritage": null,
        "website": null,
        "phone": null,
        "address": "120 Station Road, London E4 6AD",
        "distanceToForestBoundaryMetres": 284.5,
        "shop": null
      }
    },
    {
      "type": "Feature",
      "id": "way/680295869",
      "geometry": {
        "type": "Point",
        "coordinates": [
          0.0089505,
          51.6334464
        ]
      },
      "properties": {
        "id": "way/680295869",
        "osmType": "way",
        "osmId": 680295869,
        "name": "The Front Room",
        "category": "bar",
        "categoryLabel": "Bar",
        "amenity": "bar",
        "highway": null,
        "tourism": null,
        "historic": null,
        "railway": null,
        "barrier": null,
        "entrance": null,
        "heritage": null,
        "website": null,
        "phone": null,
        "address": "124 Station Road, London E4 6AD",
        "distanceToForestBoundaryMetres": 278.5,
        "shop": null
      }
    },
    {
      "type": "Feature",
      "id": "way/680295876",
      "geometry": {
        "type": "Point",
        "coordinates": [
          0.0094566,
          51.6336623
        ]
      },
      "properties": {
        "id": "way/680295876",
        "osmType": "way",
        "osmId": 680295876,
        "name": "Rusty Bike",
        "category": "pub",
        "categoryLabel": "Pub",
        "amenity": "pub",
        "highway": null,
        "tourism": null,
        "historic": null,
        "railway": null,
        "barrier": null,
        "entrance": null,
        "heritage": null,
        "website": "http://rustybike.pub/rusty-bike-pub-chingford/",
        "phone": "+44 20 8501 7465",
        "address": "134-138 Station Road, London E4 6AN",
        "distanceToForestBoundaryMetres": 278.3,
        "shop": null
      }
    },
    {
      "type": "Feature",
      "id": "way/680295877",
      "geometry": {
        "type": "Point",
        "coordinates": [
          0.0095837,
          51.6336615
        ]
      },
      "properties": {
        "id": "way/680295877",
        "osmType": "way",
        "osmId": 680295877,
        "name": "Spice Station",
        "category": "bar",
        "categoryLabel": "Bar",
        "amenity": "bar",
        "highway": null,
        "tourism": null,
        "historic": null,
        "railway": null,
        "barrier": null,
        "entrance": null,
        "heritage": null,
        "website": "http://www.spicestationandbar.co.uk/",
        "phone": "+44 20 8524 0707",
        "address": "140 Station Road, London E4 6AN",
        "distanceToForestBoundaryMetres": 287.5,
        "shop": null
      }
    },
    {
      "type": "Feature",
      "id": "way/680295879",
      "geometry": {
        "type": "Point",
        "coordinates": [
          0.0097018,
          51.6337648
        ]
      },
      "properties": {
        "id": "way/680295879",
        "osmType": "way",
        "osmId": 680295879,
        "name": "Pat Pong",
        "category": "restaurant",
        "categoryLabel": "Restaurant",
        "amenity": "restaurant",
        "highway": null,
        "tourism": null,
        "historic": null,
        "railway": null,
        "barrier": null,
        "entrance": null,
        "heritage": null,
        "website": "https://patpongthai.co.uk/",
        "phone": null,
        "address": "146,148 Station Road, London E4 6AN",
        "distanceToForestBoundaryMetres": 273.6,
        "shop": null
      }
    },
    {
      "type": "Feature",
      "id": "way/680295882",
      "geometry": {
        "type": "Point",
        "coordinates": [
          0.0100201,
          51.6338827
        ]
      },
      "properties": {
        "id": "way/680295882",
        "osmType": "way",
        "osmId": 680295882,
        "name": "Hokkaido",
        "category": "restaurant",
        "categoryLabel": "Restaurant",
        "amenity": "restaurant",
        "highway": null,
        "tourism": null,
        "historic": null,
        "railway": null,
        "barrier": null,
        "entrance": null,
        "heritage": null,
        "website": "https://www.hokkaidorestaurants.co.uk/",
        "phone": null,
        "address": "166 Station Road, London E4 6AN",
        "distanceToForestBoundaryMetres": 282.0,
        "shop": null
      }
    },
    {
      "type": "Feature",
      "id": "way/680295883",
      "geometry": {
        "type": "Point",
        "coordinates": [
          0.0101067,
          51.6339066
        ]
      },
      "properties": {
        "id": "way/680295883",
        "osmType": "way",
        "osmId": 680295883,
        "name": "Sweet1ne",
        "category": "restaurant",
        "categoryLabel": "Restaurant",
        "amenity": "restaurant",
        "highway": null,
        "tourism": null,
        "historic": null,
        "railway": null,
        "barrier": null,
        "entrance": null,
        "heritage": null,
        "website": "https://www.sweet1ne.com/",
        "phone": null,
        "address": "166 Station Road, London E4 6AN",
        "distanceToForestBoundaryMetres": 290.7,
        "shop": null
      }
    },
    {
      "type": "Feature",
      "id": "way/680295884",
      "geometry": {
        "type": "Point",
        "coordinates": [
          0.0101488,
          51.6339675
        ]
      },
      "properties": {
        "id": "way/680295884",
        "osmType": "way",
        "osmId": 680295884,
        "name": "The Voujon",
        "category": "restaurant",
        "categoryLabel": "Restaurant",
        "amenity": "restaurant",
        "highway": null,
        "tourism": null,
        "historic": null,
        "railway": null,
        "barrier": null,
        "entrance": null,
        "heritage": null,
        "website": "https://www.thevoujon.co.uk/",
        "phone": null,
        "address": "164 Station Road, London E4 6AN",
        "distanceToForestBoundaryMetres": 288.0,
        "shop": null
      }
    },
    {
      "type": "Feature",
      "id": "way/680295885",
      "geometry": {
        "type": "Point",
        "coordinates": [
          0.0102476,
          51.6339782
        ]
      },
      "properties": {
        "id": "way/680295885",
        "osmType": "way",
        "osmId": 680295885,
        "name": "Cypriot Heights",
        "category": "restaurant",
        "categoryLabel": "Restaurant",
        "amenity": "restaurant",
        "highway": null,
        "tourism": null,
        "historic": null,
        "railway": null,
        "barrier": null,
        "entrance": null,
        "heritage": null,
        "website": "https://cypriotheights.co.uk/",
        "phone": null,
        "address": "170 Station Road, London E4 6AN",
        "distanceToForestBoundaryMetres": 287.6,
        "shop": null
      }
    },
    {
      "type": "Feature",
      "id": "way/680363356",
      "geometry": {
        "type": "Point",
        "coordinates": [
          -0.0153264,
          51.6251308
        ]
      },
      "properties": {
        "id": "way/680363356",
        "osmType": "way",
        "osmId": 680363356,
        "name": "Greene Man",
        "category": "pub",
        "categoryLabel": "Pub",
        "amenity": "pub",
        "highway": null,
        "tourism": null,
        "historic": null,
        "railway": null,
        "barrier": null,
        "entrance": null,
        "heritage": null,
        "website": "https://www.hungryhorse.co.uk/pubs/greater-london/greene-man/",
        "phone": null,
        "address": "191 Old Church Road, London E4 6RB",
        "distanceToForestBoundaryMetres": 246.5,
        "shop": null
      }
    },
    {
      "type": "Feature",
      "id": "way/680916339",
      "geometry": {
        "type": "Point",
        "coordinates": [
          0.0029946,
          51.6283337
        ]
      },
      "properties": {
        "id": "way/680916339",
        "osmType": "way",
        "osmId": 680916339,
        "name": "Double Bubble",
        "category": "cafe",
        "categoryLabel": "Caf\u00e9",
        "amenity": "cafe",
        "highway": null,
        "tourism": null,
        "historic": null,
        "railway": null,
        "barrier": null,
        "entrance": null,
        "heritage": null,
        "website": "https://www.doublebubbleuk.co.uk/",
        "phone": "+44 20 8529 4444",
        "address": "38 King's Road, London E4 7JE",
        "distanceToForestBoundaryMetres": 290.1,
        "shop": null
      }
    },
    {
      "type": "Feature",
      "id": "way/680916433",
      "geometry": {
        "type": "Point",
        "coordinates": [
          0.0004349,
          51.6305872
        ]
      },
      "properties": {
        "id": "way/680916433",
        "osmType": "way",
        "osmId": 680916433,
        "name": "Helen\u2019s Coffee On The Green",
        "category": "cafe",
        "categoryLabel": "Caf\u00e9",
        "amenity": "cafe",
        "highway": null,
        "tourism": null,
        "historic": null,
        "railway": null,
        "barrier": null,
        "entrance": null,
        "heritage": null,
        "website": null,
        "phone": null,
        "address": null,
        "distanceToForestBoundaryMetres": 171.2,
        "shop": null
      }
    },
    {
      "type": "Feature",
      "id": "way/680916434",
      "geometry": {
        "type": "Point",
        "coordinates": [
          0.0004804,
          51.6305492
        ]
      },
      "properties": {
        "id": "way/680916434",
        "osmType": "way",
        "osmId": 680916434,
        "name": "ISO Sushi",
        "category": "restaurant",
        "categoryLabel": "Restaurant",
        "amenity": "restaurant",
        "highway": null,
        "tourism": null,
        "historic": null,
        "railway": null,
        "barrier": null,
        "entrance": null,
        "heritage": null,
        "website": null,
        "phone": null,
        "address": null,
        "distanceToForestBoundaryMetres": 175.3,
        "shop": null
      }
    },
    {
      "type": "Feature",
      "id": "way/680916435",
      "geometry": {
        "type": "Point",
        "coordinates": [
          0.0005258,
          51.6305112
        ]
      },
      "properties": {
        "id": "way/680916435",
        "osmType": "way",
        "osmId": 680916435,
        "name": "Cugini",
        "category": "restaurant",
        "categoryLabel": "Restaurant",
        "amenity": "restaurant",
        "highway": null,
        "tourism": null,
        "historic": null,
        "railway": null,
        "barrier": null,
        "entrance": null,
        "heritage": null,
        "website": null,
        "phone": null,
        "address": null,
        "distanceToForestBoundaryMetres": 179.5,
        "shop": null
      }
    },
    {
      "type": "Feature",
      "id": "way/681099014",
      "geometry": {
        "type": "Point",
        "coordinates": [
          0.0050235,
          51.6315991
        ]
      },
      "properties": {
        "id": "way/681099014",
        "osmType": "way",
        "osmId": 681099014,
        "name": "Station Cafe",
        "category": "cafe",
        "categoryLabel": "Caf\u00e9",
        "amenity": "cafe",
        "highway": null,
        "tourism": null,
        "historic": null,
        "railway": null,
        "barrier": null,
        "entrance": null,
        "heritage": null,
        "website": null,
        "phone": null,
        "address": "67 Station Road, London E4 7BU",
        "distanceToForestBoundaryMetres": 247.8,
        "shop": null
      }
    },
    {
      "type": "Feature",
      "id": "way/681099015",
      "geometry": {
        "type": "Point",
        "coordinates": [
          0.0049318,
          51.6315661
        ]
      },
      "properties": {
        "id": "way/681099015",
        "osmType": "way",
        "osmId": 681099015,
        "name": "Caff\u00e8 Nero",
        "category": "cafe",
        "categoryLabel": "Caf\u00e9",
        "amenity": "cafe",
        "highway": null,
        "tourism": null,
        "historic": null,
        "railway": null,
        "barrier": null,
        "entrance": null,
        "heritage": null,
        "website": "https://www.caffenero.com/uk/stores/chingford",
        "phone": null,
        "address": "65 Station Road, London E4 7BU",
        "distanceToForestBoundaryMetres": 240.7,
        "shop": null
      }
    },
    {
      "type": "Feature",
      "id": "way/681581511",
      "geometry": {
        "type": "Point",
        "coordinates": [
          0.0006745,
          51.6073654
        ]
      },
      "properties": {
        "id": "way/681581511",
        "osmType": "way",
        "osmId": 681581511,
        "name": "The County Arms",
        "category": "pub",
        "categoryLabel": "Pub",
        "amenity": "pub",
        "highway": null,
        "tourism": null,
        "historic": null,
        "railway": null,
        "barrier": null,
        "entrance": null,
        "heritage": null,
        "website": "https://www.greeneking.co.uk/pubs/greater-london/county-arms",
        "phone": null,
        "address": "420 Hale End Road, London E4 9PB",
        "distanceToForestBoundaryMetres": 262.8,
        "shop": null
      }
    },
    {
      "type": "Feature",
      "id": "way/681581516",
      "geometry": {
        "type": "Point",
        "coordinates": [
          0.0010248,
          51.6071778
        ]
      },
      "properties": {
        "id": "way/681581516",
        "osmType": "way",
        "osmId": 681581516,
        "name": "Coco Cafe",
        "category": "cafe",
        "categoryLabel": "Caf\u00e9",
        "amenity": "cafe",
        "highway": null,
        "tourism": null,
        "historic": null,
        "railway": null,
        "barrier": null,
        "entrance": null,
        "heritage": null,
        "website": null,
        "phone": null,
        "address": "410 Hale End Road",
        "distanceToForestBoundaryMetres": 233.9,
        "shop": null
      }
    },
    {
      "type": "Feature",
      "id": "way/681581521",
      "geometry": {
        "type": "Point",
        "coordinates": [
          0.0012197,
          51.6071017
        ]
      },
      "properties": {
        "id": "way/681581521",
        "osmType": "way",
        "osmId": 681581521,
        "name": "Gourmet House",
        "category": "restaurant",
        "categoryLabel": "Restaurant",
        "amenity": "restaurant",
        "highway": null,
        "tourism": null,
        "historic": null,
        "railway": null,
        "barrier": null,
        "entrance": null,
        "heritage": null,
        "website": null,
        "phone": null,
        "address": "404, 404a Hale End Road, London",
        "distanceToForestBoundaryMetres": 221.1,
        "shop": null
      }
    },
    {
      "type": "Feature",
      "id": "way/681825215",
      "geometry": {
        "type": "Point",
        "coordinates": [
          0.0211076,
          51.6099129
        ]
      },
      "properties": {
        "id": "way/681825215",
        "osmType": "way",
        "osmId": 681825215,
        "name": "Rose & Crown",
        "category": "bar",
        "categoryLabel": "Bar",
        "amenity": "bar",
        "highway": null,
        "tourism": null,
        "historic": null,
        "railway": null,
        "barrier": null,
        "entrance": null,
        "heritage": null,
        "website": null,
        "phone": null,
        "address": null,
        "distanceToForestBoundaryMetres": 275.4,
        "shop": null
      }
    },
    {
      "type": "Feature",
      "id": "way/694986322",
      "geometry": {
        "type": "Point",
        "coordinates": [
          -0.008172,
          51.5716614
        ]
      },
      "properties": {
        "id": "way/694986322",
        "osmType": "way",
        "osmId": 694986322,
        "name": "Brunch Cafe and Grill",
        "category": "cafe",
        "categoryLabel": "Caf\u00e9",
        "amenity": "cafe",
        "highway": null,
        "tourism": null,
        "historic": null,
        "railway": null,
        "barrier": null,
        "entrance": null,
        "heritage": null,
        "website": null,
        "phone": null,
        "address": "698 High Road Leyton, London E10 6JP",
        "distanceToForestBoundaryMetres": 228.7,
        "shop": null
      }
    },
    {
      "type": "Feature",
      "id": "way/694986325",
      "geometry": {
        "type": "Point",
        "coordinates": [
          -0.008173,
          51.5715309
        ]
      },
      "properties": {
        "id": "way/694986325",
        "osmType": "way",
        "osmId": 694986325,
        "name": "Kebabish Original",
        "category": "restaurant",
        "categoryLabel": "Restaurant",
        "amenity": "restaurant",
        "highway": null,
        "tourism": null,
        "historic": null,
        "railway": null,
        "barrier": null,
        "entrance": null,
        "heritage": null,
        "website": null,
        "phone": null,
        "address": "692 High Road Leyton, London",
        "distanceToForestBoundaryMetres": 242.6,
        "shop": null
      }
    },
    {
      "type": "Feature",
      "id": "way/694987876",
      "geometry": {
        "type": "Point",
        "coordinates": [
          -0.0081572,
          51.5713633
        ]
      },
      "properties": {
        "id": "way/694987876",
        "osmType": "way",
        "osmId": 694987876,
        "name": "Afters",
        "category": "confectionery",
        "categoryLabel": "Confectionery",
        "amenity": "cafe",
        "highway": null,
        "tourism": null,
        "historic": null,
        "railway": null,
        "barrier": null,
        "entrance": null,
        "heritage": null,
        "website": null,
        "phone": null,
        "address": "688 High Road Leyton, London E10 6JP",
        "distanceToForestBoundaryMetres": 260.8,
        "shop": "confectionery"
      }
    },
    {
      "type": "Feature",
      "id": "way/702992302",
      "geometry": {
        "type": "Point",
        "coordinates": [
          0.0540948,
          51.6460985
        ]
      },
      "properties": {
        "id": "way/702992302",
        "osmType": "way",
        "osmId": 702992302,
        "name": "GAIL's",
        "category": "bakery",
        "categoryLabel": "Bakery",
        "amenity": "cafe",
        "highway": null,
        "tourism": null,
        "historic": null,
        "railway": null,
        "barrier": null,
        "entrance": null,
        "heritage": null,
        "website": "https://gails.com/pages/loughton",
        "phone": null,
        "address": null,
        "distanceToForestBoundaryMetres": 137.6,
        "shop": "bakery"
      }
    },
    {
      "type": "Feature",
      "id": "way/705000852",
      "geometry": {
        "type": "Point",
        "coordinates": [
          0.0540748,
          51.6430524
        ]
      },
      "properties": {
        "id": "way/705000852",
        "osmType": "way",
        "osmId": 705000852,
        "name": null,
        "category": "cafe",
        "categoryLabel": "Caf\u00e9",
        "amenity": "cafe",
        "highway": null,
        "tourism": null,
        "historic": null,
        "railway": null,
        "barrier": null,
        "entrance": null,
        "heritage": null,
        "website": null,
        "phone": null,
        "address": null,
        "distanceToForestBoundaryMetres": 265.4,
        "shop": null
      }
    },
    {
      "type": "Feature",
      "id": "way/767855492",
      "geometry": {
        "type": "Point",
        "coordinates": [
          0.0111672,
          51.559027
        ]
      },
      "properties": {
        "id": "way/767855492",
        "osmType": "way",
        "osmId": 767855492,
        "name": "Leytonstone Tavern",
        "category": "pub",
        "categoryLabel": "Pub",
        "amenity": "pub",
        "highway": null,
        "tourism": null,
        "historic": null,
        "railway": null,
        "barrier": null,
        "entrance": null,
        "heritage": null,
        "website": "http://leytonstonetavern.com/",
        "phone": "+44 20 8522 4923",
        "address": "119 Harrow Road, London E11 3PX",
        "distanceToForestBoundaryMetres": 281.9,
        "shop": null
      }
    },
    {
      "type": "Feature",
      "id": "way/804578435",
      "geometry": {
        "type": "Point",
        "coordinates": [
          0.0600584,
          51.654488
        ]
      },
      "properties": {
        "id": "way/804578435",
        "osmType": "way",
        "osmId": 804578435,
        "name": "Gardeners Arms",
        "category": "pub",
        "categoryLabel": "Pub",
        "amenity": "pub",
        "highway": null,
        "tourism": null,
        "historic": null,
        "railway": null,
        "barrier": null,
        "entrance": null,
        "heritage": null,
        "website": null,
        "phone": null,
        "address": "York Hill",
        "distanceToForestBoundaryMetres": 149.2,
        "shop": null
      }
    },
    {
      "type": "Feature",
      "id": "way/816156003",
      "geometry": {
        "type": "Point",
        "coordinates": [
          0.0626262,
          51.6592159
        ]
      },
      "properties": {
        "id": "way/816156003",
        "osmType": "way",
        "osmId": 816156003,
        "name": "The Foresters Arms",
        "category": "pub",
        "categoryLabel": "Pub",
        "amenity": "pub",
        "highway": null,
        "tourism": null,
        "historic": null,
        "railway": null,
        "barrier": null,
        "entrance": null,
        "heritage": null,
        "website": null,
        "phone": null,
        "address": "15 Baldwin's Hill, Loughton IG10 1SF",
        "distanceToForestBoundaryMetres": 291.3,
        "shop": null
      }
    },
    {
      "type": "Feature",
      "id": "way/849701060",
      "geometry": {
        "type": "Point",
        "coordinates": [
          0.008266,
          51.6327472
        ]
      },
      "properties": {
        "id": "way/849701060",
        "osmType": "way",
        "osmId": 849701060,
        "name": "Breeze",
        "category": "restaurant",
        "categoryLabel": "Restaurant",
        "amenity": "restaurant",
        "highway": null,
        "tourism": null,
        "historic": null,
        "railway": null,
        "barrier": null,
        "entrance": null,
        "heritage": null,
        "website": null,
        "phone": null,
        "address": "139-141 Station Road, London E4 6AG",
        "distanceToForestBoundaryMetres": 265.6,
        "shop": null
      }
    },
    {
      "type": "Feature",
      "id": "way/884703062",
      "geometry": {
        "type": "Point",
        "coordinates": [
          0.0400192,
          51.6558222
        ]
      },
      "properties": {
        "id": "way/884703062",
        "osmType": "way",
        "osmId": 884703062,
        "name": "Robin Hood",
        "category": "restaurant",
        "categoryLabel": "Restaurant",
        "amenity": "restaurant",
        "highway": null,
        "tourism": null,
        "historic": null,
        "railway": null,
        "barrier": null,
        "entrance": null,
        "heritage": null,
        "website": null,
        "phone": null,
        "address": "Epping New Road, Loughton IG10 4AA",
        "distanceToForestBoundaryMetres": 290.9,
        "shop": null
      }
    },
    {
      "type": "Feature",
      "id": "way/885138737",
      "geometry": {
        "type": "Point",
        "coordinates": [
          0.1012998,
          51.6713634
        ]
      },
      "properties": {
        "id": "way/885138737",
        "osmType": "way",
        "osmId": 885138737,
        "name": "The Bull",
        "category": "pub",
        "categoryLabel": "Pub",
        "amenity": "pub",
        "highway": null,
        "tourism": null,
        "historic": null,
        "railway": null,
        "barrier": null,
        "entrance": null,
        "heritage": null,
        "website": null,
        "phone": null,
        "address": "Station Approach, Theydon Bois CM16 7HR",
        "distanceToForestBoundaryMetres": 287.3,
        "shop": null
      }
    },
    {
      "type": "Feature",
      "id": "way/885138744",
      "geometry": {
        "type": "Point",
        "coordinates": [
          0.0998022,
          51.6721913
        ]
      },
      "properties": {
        "id": "way/885138744",
        "osmType": "way",
        "osmId": 885138744,
        "name": "Queen Victoria",
        "category": "pub",
        "categoryLabel": "Pub",
        "amenity": "pub",
        "highway": null,
        "tourism": null,
        "historic": null,
        "railway": null,
        "barrier": null,
        "entrance": null,
        "heritage": null,
        "website": "https://www.mcmullens.co.uk/queenvictoria",
        "phone": null,
        "address": "Coppice Row, Theydon Bois CM16 7ES",
        "distanceToForestBoundaryMetres": 276.8,
        "shop": null
      }
    },
    {
      "type": "Feature",
      "id": "way/887943322",
      "geometry": {
        "type": "Point",
        "coordinates": [
          0.0250342,
          51.5534801
        ]
      },
      "properties": {
        "id": "way/887943322",
        "osmType": "way",
        "osmId": 887943322,
        "name": "Forest Coffee",
        "category": "cafe",
        "categoryLabel": "Caf\u00e9",
        "amenity": "cafe",
        "highway": null,
        "tourism": null,
        "historic": null,
        "railway": null,
        "barrier": null,
        "entrance": null,
        "heritage": null,
        "website": null,
        "phone": null,
        "address": "47 Woodford Road, London E7 0DJ",
        "distanceToForestBoundaryMetres": 286.0,
        "shop": null
      }
    },
    {
      "type": "Feature",
      "id": "way/916682836",
      "geometry": {
        "type": "Point",
        "coordinates": [
          -0.001001,
          51.6072356
        ]
      },
      "properties": {
        "id": "way/916682836",
        "osmType": "way",
        "osmId": 916682836,
        "name": "The Stag and Lantern",
        "category": "pub",
        "categoryLabel": "Pub",
        "amenity": "pub",
        "highway": null,
        "tourism": null,
        "historic": null,
        "railway": null,
        "barrier": null,
        "entrance": null,
        "heritage": null,
        "website": null,
        "phone": null,
        "address": "11-12 The Broadway, London E4 9LQ",
        "distanceToForestBoundaryMetres": 289.3,
        "shop": null
      }
    },
    {
      "type": "Feature",
      "id": "way/919282593",
      "geometry": {
        "type": "Point",
        "coordinates": [
          -0.000301,
          51.6074184
        ]
      },
      "properties": {
        "id": "way/919282593",
        "osmType": "way",
        "osmId": 919282593,
        "name": "V\u2019s Burgers",
        "category": "restaurant",
        "categoryLabel": "Restaurant",
        "amenity": "restaurant",
        "highway": null,
        "tourism": null,
        "historic": null,
        "railway": null,
        "barrier": null,
        "entrance": null,
        "heritage": null,
        "website": null,
        "phone": null,
        "address": null,
        "distanceToForestBoundaryMetres": 284.3,
        "shop": null
      }
    },
    {
      "type": "Feature",
      "id": "way/919282594",
      "geometry": {
        "type": "Point",
        "coordinates": [
          -0.0003406,
          51.6074495
        ]
      },
      "properties": {
        "id": "way/919282594",
        "osmType": "way",
        "osmId": 919282594,
        "name": "Strawberry\u2019s Ice Cream and Sandwich Bar",
        "category": "cafe",
        "categoryLabel": "Caf\u00e9",
        "amenity": "cafe",
        "highway": null,
        "tourism": null,
        "historic": null,
        "railway": null,
        "barrier": null,
        "entrance": null,
        "heritage": null,
        "website": null,
        "phone": null,
        "address": null,
        "distanceToForestBoundaryMetres": 288.7,
        "shop": null
      }
    },
    {
      "type": "Feature",
      "id": "way/926318272",
      "geometry": {
        "type": "Point",
        "coordinates": [
          0.0067992,
          51.6190677
        ]
      },
      "properties": {
        "id": "way/926318272",
        "osmType": "way",
        "osmId": 926318272,
        "name": "Royal Star Cafe",
        "category": "cafe",
        "categoryLabel": "Caf\u00e9",
        "amenity": "cafe",
        "highway": null,
        "tourism": null,
        "historic": null,
        "railway": null,
        "barrier": null,
        "entrance": null,
        "heritage": null,
        "website": null,
        "phone": null,
        "address": "44 Hatch Lane, London E4 6LQ",
        "distanceToForestBoundaryMetres": 151.4,
        "shop": null
      }
    },
    {
      "type": "Feature",
      "id": "way/927797178",
      "geometry": {
        "type": "Point",
        "coordinates": [
          0.002658,
          51.6309724
        ]
      },
      "properties": {
        "id": "way/927797178",
        "osmType": "way",
        "osmId": 927797178,
        "name": "Green 17 Bistro",
        "category": "restaurant",
        "categoryLabel": "Restaurant",
        "amenity": "restaurant",
        "highway": null,
        "tourism": null,
        "historic": null,
        "railway": null,
        "barrier": null,
        "entrance": null,
        "heritage": null,
        "website": null,
        "phone": null,
        "address": "17 Station Road, London E4 7BJ",
        "distanceToForestBoundaryMetres": 280.7,
        "shop": null
      }
    },
    {
      "type": "Feature",
      "id": "way/927800088",
      "geometry": {
        "type": "Point",
        "coordinates": [
          0.0037218,
          51.6312082
        ]
      },
      "properties": {
        "id": "way/927800088",
        "osmType": "way",
        "osmId": 927800088,
        "name": "Costa",
        "category": "cafe",
        "categoryLabel": "Caf\u00e9",
        "amenity": "cafe",
        "highway": null,
        "tourism": null,
        "historic": null,
        "railway": null,
        "barrier": null,
        "entrance": null,
        "heritage": null,
        "website": null,
        "phone": null,
        "address": "45-47 Station Road, London E4 7BJ",
        "distanceToForestBoundaryMetres": 149.4,
        "shop": null
      }
    },
    {
      "type": "Feature",
      "id": "way/927802577",
      "geometry": {
        "type": "Point",
        "coordinates": [
          0.0006713,
          51.6303303
        ]
      },
      "properties": {
        "id": "way/927802577",
        "osmType": "way",
        "osmId": 927802577,
        "name": "Grill On The Green",
        "category": "restaurant",
        "categoryLabel": "Restaurant",
        "amenity": "restaurant",
        "highway": null,
        "tourism": null,
        "historic": null,
        "railway": null,
        "barrier": null,
        "entrance": null,
        "heritage": null,
        "website": null,
        "phone": null,
        "address": null,
        "distanceToForestBoundaryMetres": 195.7,
        "shop": null
      }
    },
    {
      "type": "Feature",
      "id": "way/927943293",
      "geometry": {
        "type": "Point",
        "coordinates": [
          0.0089773,
          51.6330747
        ]
      },
      "properties": {
        "id": "way/927943293",
        "osmType": "way",
        "osmId": 927943293,
        "name": "Brick Lane Bagel Co",
        "category": "cafe",
        "categoryLabel": "Caf\u00e9",
        "amenity": "cafe",
        "highway": null,
        "tourism": null,
        "historic": null,
        "railway": null,
        "barrier": null,
        "entrance": null,
        "heritage": null,
        "website": null,
        "phone": null,
        "address": "165 Station Road",
        "distanceToForestBoundaryMetres": 291.5,
        "shop": null
      }
    },
    {
      "type": "Feature",
      "id": "way/928147869",
      "geometry": {
        "type": "Point",
        "coordinates": [
          0.0093387,
          51.6332318
        ]
      },
      "properties": {
        "id": "way/928147869",
        "osmType": "way",
        "osmId": 928147869,
        "name": "Bar Sicilia",
        "category": "cafe",
        "categoryLabel": "Caf\u00e9",
        "amenity": "cafe",
        "highway": null,
        "tourism": null,
        "historic": null,
        "railway": null,
        "barrier": null,
        "entrance": null,
        "heritage": null,
        "website": null,
        "phone": null,
        "address": null,
        "distanceToForestBoundaryMetres": 270.6,
        "shop": null
      }
    },
    {
      "type": "Feature",
      "id": "way/928846347",
      "geometry": {
        "type": "Point",
        "coordinates": [
          0.0125199,
          51.6349846
        ]
      },
      "properties": {
        "id": "way/928846347",
        "osmType": "way",
        "osmId": 928846347,
        "name": "Holly Trail Cafe",
        "category": "cafe",
        "categoryLabel": "Caf\u00e9",
        "amenity": "cafe",
        "highway": null,
        "tourism": null,
        "historic": null,
        "railway": null,
        "barrier": null,
        "entrance": null,
        "heritage": null,
        "website": null,
        "phone": null,
        "address": null,
        "distanceToForestBoundaryMetres": 277.8,
        "shop": null
      }
    },
    {
      "type": "Feature",
      "id": "way/930391987",
      "geometry": {
        "type": "Point",
        "coordinates": [
          0.0173255,
          51.5579215
        ]
      },
      "properties": {
        "id": "way/930391987",
        "osmType": "way",
        "osmId": 930391987,
        "name": "The Rookwood Village",
        "category": "pub",
        "categoryLabel": "Pub",
        "amenity": "pub",
        "highway": null,
        "tourism": null,
        "historic": null,
        "railway": null,
        "barrier": null,
        "entrance": null,
        "heritage": null,
        "website": null,
        "phone": null,
        "address": "314 Cann Hall Road, London E11 3NW",
        "distanceToForestBoundaryMetres": 289.5,
        "shop": null
      }
    },
    {
      "type": "Feature",
      "id": "way/934655907",
      "geometry": {
        "type": "Point",
        "coordinates": [
          0.0056607,
          51.632229
        ]
      },
      "properties": {
        "id": "way/934655907",
        "osmType": "way",
        "osmId": 934655907,
        "name": "Robins Pie and Mash",
        "category": "restaurant",
        "categoryLabel": "Restaurant",
        "amenity": "restaurant",
        "highway": null,
        "tourism": null,
        "historic": null,
        "railway": null,
        "barrier": null,
        "entrance": null,
        "heritage": null,
        "website": "http://www.robinspieandmash.com/page-1",
        "phone": null,
        "address": "50 Station Road, London E4 7BE",
        "distanceToForestBoundaryMetres": 281.8,
        "shop": null
      }
    },
    {
      "type": "Feature",
      "id": "way/934655909",
      "geometry": {
        "type": "Point",
        "coordinates": [
          0.0057687,
          51.6322644
        ]
      },
      "properties": {
        "id": "way/934655909",
        "osmType": "way",
        "osmId": 934655909,
        "name": "Wake Cup",
        "category": "cafe",
        "categoryLabel": "Caf\u00e9",
        "amenity": "cafe",
        "highway": null,
        "tourism": null,
        "historic": null,
        "railway": null,
        "barrier": null,
        "entrance": null,
        "heritage": null,
        "website": null,
        "phone": null,
        "address": "52-54 Station Road",
        "distanceToForestBoundaryMetres": 290.2,
        "shop": null
      }
    },
    {
      "type": "Feature",
      "id": "way/934655912",
      "geometry": {
        "type": "Point",
        "coordinates": [
          0.0060164,
          51.6323438
        ]
      },
      "properties": {
        "id": "way/934655912",
        "osmType": "way",
        "osmId": 934655912,
        "name": "Dada",
        "category": "cafe",
        "categoryLabel": "Caf\u00e9",
        "amenity": "cafe",
        "highway": null,
        "tourism": null,
        "historic": null,
        "railway": null,
        "barrier": null,
        "entrance": null,
        "heritage": null,
        "website": null,
        "phone": null,
        "address": "60 Station Road",
        "distanceToForestBoundaryMetres": 288.9,
        "shop": null
      }
    },
    {
      "type": "Feature",
      "id": "way/947913530",
      "geometry": {
        "type": "Point",
        "coordinates": [
          0.0783631,
          51.6572648
        ]
      },
      "properties": {
        "id": "way/947913530",
        "osmType": "way",
        "osmId": 947913530,
        "name": "Gunmakers Arms",
        "category": "pub",
        "categoryLabel": "Pub",
        "amenity": "pub",
        "highway": null,
        "tourism": null,
        "historic": null,
        "railway": null,
        "barrier": null,
        "entrance": null,
        "heritage": null,
        "website": null,
        "phone": null,
        "address": null,
        "distanceToForestBoundaryMetres": 245.2,
        "shop": null
      }
    },
    {
      "type": "Feature",
      "id": "way/954003468",
      "geometry": {
        "type": "Point",
        "coordinates": [
          0.0177382,
          51.5565649
        ]
      },
      "properties": {
        "id": "way/954003468",
        "osmType": "way",
        "osmId": 954003468,
        "name": "Pretty Decent Beer Co Taproom",
        "category": "bar",
        "categoryLabel": "Bar",
        "amenity": "bar",
        "highway": null,
        "tourism": null,
        "historic": null,
        "railway": null,
        "barrier": null,
        "entrance": null,
        "heritage": null,
        "website": "https://www.prettydecentbeer.co/",
        "phone": null,
        "address": "Sheridan Road, London E7 9EF",
        "distanceToForestBoundaryMetres": 191.2,
        "shop": null
      }
    },
    {
      "type": "Feature",
      "id": "way/954881895",
      "geometry": {
        "type": "Point",
        "coordinates": [
          -0.0114791,
          51.6256202
        ]
      },
      "properties": {
        "id": "way/954881895",
        "osmType": "way",
        "osmId": 954881895,
        "name": "Ridgeway Park Cafe",
        "category": "cafe",
        "categoryLabel": "Caf\u00e9",
        "amenity": "cafe",
        "highway": null,
        "tourism": null,
        "historic": null,
        "railway": null,
        "barrier": null,
        "entrance": null,
        "heritage": null,
        "website": null,
        "phone": null,
        "address": null,
        "distanceToForestBoundaryMetres": 154.9,
        "shop": null
      }
    },
    {
      "type": "Feature",
      "id": "way/964605299",
      "geometry": {
        "type": "Point",
        "coordinates": [
          0.0202609,
          51.6908142
        ]
      },
      "properties": {
        "id": "way/964605299",
        "osmType": "way",
        "osmId": 964605299,
        "name": "The Queen's Head",
        "category": "pub",
        "categoryLabel": "Pub",
        "amenity": "pub",
        "highway": null,
        "tourism": null,
        "historic": null,
        "railway": null,
        "barrier": null,
        "entrance": null,
        "heritage": null,
        "website": null,
        "phone": null,
        "address": "Waltham Abbey EN9 3LA",
        "distanceToForestBoundaryMetres": 135.2,
        "shop": null
      }
    },
    {
      "type": "Feature",
      "id": "way/965224991",
      "geometry": {
        "type": "Point",
        "coordinates": [
          0.0479133,
          51.5505878
        ]
      },
      "properties": {
        "id": "way/965224991",
        "osmType": "way",
        "osmId": 965224991,
        "name": "Hydrabai Mandi Palace",
        "category": "restaurant",
        "categoryLabel": "Restaurant",
        "amenity": "restaurant",
        "highway": null,
        "tourism": null,
        "historic": null,
        "railway": null,
        "barrier": null,
        "entrance": null,
        "heritage": null,
        "website": null,
        "phone": null,
        "address": "544 High Street North, London",
        "distanceToForestBoundaryMetres": 280.5,
        "shop": null
      }
    },
    {
      "type": "Feature",
      "id": "way/965224998",
      "geometry": {
        "type": "Point",
        "coordinates": [
          0.0482977,
          51.5508166
        ]
      },
      "properties": {
        "id": "way/965224998",
        "osmType": "way",
        "osmId": 965224998,
        "name": "William the Conqueror",
        "category": "pub",
        "categoryLabel": "Pub",
        "amenity": "pub",
        "highway": null,
        "tourism": null,
        "historic": null,
        "railway": null,
        "barrier": null,
        "entrance": null,
        "heritage": null,
        "website": null,
        "phone": "+44 7886 277621",
        "address": "630 Romford Road, London E12 5AQ",
        "distanceToForestBoundaryMetres": 264.5,
        "shop": null
      }
    },
    {
      "type": "Feature",
      "id": "way/965232197",
      "geometry": {
        "type": "Point",
        "coordinates": [
          0.0465164,
          51.5521133
        ]
      },
      "properties": {
        "id": "way/965232197",
        "osmType": "way",
        "osmId": 965232197,
        "name": "Blakesley Arms",
        "category": "pub",
        "categoryLabel": "Pub",
        "amenity": "pub",
        "highway": null,
        "tourism": null,
        "historic": null,
        "railway": null,
        "barrier": null,
        "entrance": null,
        "heritage": null,
        "website": null,
        "phone": null,
        "address": "53 Station Road, London E12 5BP",
        "distanceToForestBoundaryMetres": 106.6,
        "shop": null
      }
    },
    {
      "type": "Feature",
      "id": "way/976351907",
      "geometry": {
        "type": "Point",
        "coordinates": [
          0.0338422,
          51.5537312
        ]
      },
      "properties": {
        "id": "way/976351907",
        "osmType": "way",
        "osmId": 976351907,
        "name": "The Forest Gate Hotel",
        "category": "pub",
        "categoryLabel": "Pub",
        "amenity": "pub",
        "highway": null,
        "tourism": "hotel",
        "historic": null,
        "railway": null,
        "barrier": null,
        "entrance": null,
        "heritage": null,
        "website": null,
        "phone": null,
        "address": "105 Godwin Road, London E7 0LW",
        "distanceToForestBoundaryMetres": 274.4,
        "shop": null
      }
    },
    {
      "type": "Feature",
      "id": "way/990950455",
      "geometry": {
        "type": "Point",
        "coordinates": [
          0.0254881,
          51.5526426
        ]
      },
      "properties": {
        "id": "way/990950455",
        "osmType": "way",
        "osmId": 990950455,
        "name": "Verde",
        "category": "restaurant",
        "categoryLabel": "Restaurant",
        "amenity": "restaurant",
        "highway": null,
        "tourism": null,
        "historic": null,
        "railway": null,
        "barrier": null,
        "entrance": null,
        "heritage": null,
        "website": null,
        "phone": null,
        "address": "10 Woodford Road, London E7 0HA",
        "distanceToForestBoundaryMetres": 284.6,
        "shop": null
      }
    },
    {
      "type": "Feature",
      "id": "way/992055654",
      "geometry": {
        "type": "Point",
        "coordinates": [
          0.0466005,
          51.5505422
        ]
      },
      "properties": {
        "id": "way/992055654",
        "osmType": "way",
        "osmId": 992055654,
        "name": "Frandoz",
        "category": "restaurant",
        "categoryLabel": "Restaurant",
        "amenity": "restaurant",
        "highway": null,
        "tourism": null,
        "historic": null,
        "railway": null,
        "barrier": null,
        "entrance": null,
        "heritage": null,
        "website": "https://frandozonline.co.uk/",
        "phone": null,
        "address": "675 Romford Road, London E12 5AD",
        "distanceToForestBoundaryMetres": 277.7,
        "shop": null
      }
    },
    {
      "type": "Feature",
      "id": "way/1012904432",
      "geometry": {
        "type": "Point",
        "coordinates": [
          0.0057188,
          51.5553314
        ]
      },
      "properties": {
        "id": "way/1012904432",
        "osmType": "way",
        "osmId": 1012904432,
        "name": "Kome Express",
        "category": "restaurant",
        "categoryLabel": "Restaurant",
        "amenity": "restaurant",
        "highway": null,
        "tourism": null,
        "historic": null,
        "railway": null,
        "barrier": null,
        "entrance": null,
        "heritage": null,
        "website": null,
        "phone": null,
        "address": "268 High Road Leytonstone, London E11 3HS",
        "distanceToForestBoundaryMetres": 287.6,
        "shop": null
      }
    },
    {
      "type": "Feature",
      "id": "way/1054235597",
      "geometry": {
        "type": "Point",
        "coordinates": [
          0.0402095,
          51.6644675
        ]
      },
      "properties": {
        "id": "way/1054235597",
        "osmType": "way",
        "osmId": 1054235597,
        "name": "Oyster Shack and Seafood Bar",
        "category": "restaurant",
        "categoryLabel": "Restaurant",
        "amenity": "restaurant",
        "highway": null,
        "tourism": null,
        "historic": null,
        "railway": null,
        "barrier": null,
        "entrance": null,
        "heritage": null,
        "website": null,
        "phone": null,
        "address": "Paul's Nursery Road, Loughton IG10 4AE",
        "distanceToForestBoundaryMetres": 287.4,
        "shop": null
      }
    },
    {
      "type": "Feature",
      "id": "way/1069433877",
      "geometry": {
        "type": "Point",
        "coordinates": [
          0.0208461,
          51.583254
        ]
      },
      "properties": {
        "id": "way/1069433877",
        "osmType": "way",
        "osmId": 1069433877,
        "name": "Toby Carvery",
        "category": "pub",
        "categoryLabel": "Pub",
        "amenity": "pub",
        "highway": null,
        "tourism": null,
        "historic": null,
        "railway": null,
        "barrier": null,
        "entrance": null,
        "heritage": null,
        "website": "https://www.tobycarvery.co.uk/restaurants/london/snaresbrooklondon",
        "phone": null,
        "address": "73 Hollybush Hill, London E11 1PE",
        "distanceToForestBoundaryMetres": 286.0,
        "shop": null
      }
    },
    {
      "type": "Feature",
      "id": "way/1178292422",
      "geometry": {
        "type": "Point",
        "coordinates": [
          0.0375936,
          51.6828902
        ]
      },
      "properties": {
        "id": "way/1178292422",
        "osmType": "way",
        "osmId": 1178292422,
        "name": "Lakeside Cafe",
        "category": "cafe",
        "categoryLabel": "Caf\u00e9",
        "amenity": "cafe",
        "highway": null,
        "tourism": null,
        "historic": null,
        "railway": null,
        "barrier": null,
        "entrance": null,
        "heritage": null,
        "website": null,
        "phone": null,
        "address": null,
        "distanceToForestBoundaryMetres": 288.8,
        "shop": null
      }
    },
    {
      "type": "Feature",
      "id": "way/1184841649",
      "geometry": {
        "type": "Point",
        "coordinates": [
          0.0237276,
          51.5800979
        ]
      },
      "properties": {
        "id": "way/1184841649",
        "osmType": "way",
        "osmId": 1184841649,
        "name": "The Wagon Wanstead",
        "category": "cafe",
        "categoryLabel": "Caf\u00e9",
        "amenity": "cafe",
        "highway": null,
        "tourism": null,
        "historic": null,
        "railway": null,
        "barrier": null,
        "entrance": null,
        "heritage": null,
        "website": null,
        "phone": null,
        "address": "3 High Street, London E11 2AA",
        "distanceToForestBoundaryMetres": 118.7,
        "shop": null
      }
    },
    {
      "type": "Feature",
      "id": "way/1211223443",
      "geometry": {
        "type": "Point",
        "coordinates": [
          0.0011629,
          51.6666105
        ]
      },
      "properties": {
        "id": "way/1211223443",
        "osmType": "way",
        "osmId": 1211223443,
        "name": "The Plough",
        "category": "pub",
        "categoryLabel": "Pub",
        "amenity": "pub",
        "highway": null,
        "tourism": null,
        "historic": null,
        "railway": null,
        "barrier": null,
        "entrance": null,
        "heritage": null,
        "website": null,
        "phone": null,
        "address": "Sewardstone Road",
        "distanceToForestBoundaryMetres": 274.6,
        "shop": null
      }
    },
    {
      "type": "Feature",
      "id": "way/1275206081",
      "geometry": {
        "type": "Point",
        "coordinates": [
          0.0057284,
          51.5553845
        ]
      },
      "properties": {
        "id": "way/1275206081",
        "osmType": "way",
        "osmId": 1275206081,
        "name": "Ambassador",
        "category": "restaurant",
        "categoryLabel": "Restaurant",
        "amenity": "restaurant",
        "highway": null,
        "tourism": null,
        "historic": null,
        "railway": null,
        "barrier": null,
        "entrance": null,
        "heritage": null,
        "website": null,
        "phone": null,
        "address": "270 High Road Leytonstone, London E11 3HS",
        "distanceToForestBoundaryMetres": 281.8,
        "shop": null
      }
    },
    {
      "type": "Feature",
      "id": "way/1300204432",
      "geometry": {
        "type": "Point",
        "coordinates": [
          0.0270393,
          51.5766147
        ]
      },
      "properties": {
        "id": "way/1300204432",
        "osmType": "way",
        "osmId": 1300204432,
        "name": "Cafe Brunch",
        "category": "cafe",
        "categoryLabel": "Caf\u00e9",
        "amenity": "cafe",
        "highway": null,
        "tourism": null,
        "historic": null,
        "railway": null,
        "barrier": null,
        "entrance": null,
        "heritage": null,
        "website": null,
        "phone": null,
        "address": "40 High Street, London E11 2RJ",
        "distanceToForestBoundaryMetres": 285.0,
        "shop": null
      }
    },
    {
      "type": "Feature",
      "id": "way/1337211309",
      "geometry": {
        "type": "Point",
        "coordinates": [
          0.0284075,
          51.5760874
        ]
      },
      "properties": {
        "id": "way/1337211309",
        "osmType": "way",
        "osmId": 1337211309,
        "name": "The George and Dragon",
        "category": "pub",
        "categoryLabel": "Pub",
        "amenity": "pub",
        "highway": null,
        "tourism": null,
        "historic": null,
        "railway": null,
        "barrier": null,
        "entrance": null,
        "heritage": null,
        "website": null,
        "phone": null,
        "address": "159 High Street, London E11 2RL",
        "distanceToForestBoundaryMetres": 287.3,
        "shop": null
      }
    },
    {
      "type": "Feature",
      "id": "way/1351807630",
      "geometry": {
        "type": "Point",
        "coordinates": [
          0.0279191,
          51.5764303
        ]
      },
      "properties": {
        "id": "way/1351807630",
        "osmType": "way",
        "osmId": 1351807630,
        "name": "Joice Cafe",
        "category": "restaurant",
        "categoryLabel": "Restaurant",
        "amenity": "restaurant",
        "highway": null,
        "tourism": null,
        "historic": null,
        "railway": null,
        "barrier": null,
        "entrance": null,
        "heritage": null,
        "website": "https://www.joicecafe.co.uk/",
        "phone": null,
        "address": "141 High Street, London E11 2RL",
        "distanceToForestBoundaryMetres": 281.9,
        "shop": null
      }
    },
    {
      "type": "Feature",
      "id": "way/1351808629",
      "geometry": {
        "type": "Point",
        "coordinates": [
          0.0280447,
          51.5763125
        ]
      },
      "properties": {
        "id": "way/1351808629",
        "osmType": "way",
        "osmId": 1351808629,
        "name": "Alba Trattoria",
        "category": "restaurant",
        "categoryLabel": "Restaurant",
        "amenity": "restaurant",
        "highway": null,
        "tourism": null,
        "historic": null,
        "railway": null,
        "barrier": null,
        "entrance": null,
        "heritage": null,
        "website": "https://www.instagram.com/albatrattoria/",
        "phone": null,
        "address": "147 High Street, London",
        "distanceToForestBoundaryMetres": 289.8,
        "shop": null
      }
    },
    {
      "type": "Feature",
      "id": "way/1351808630",
      "geometry": {
        "type": "Point",
        "coordinates": [
          0.0279788,
          51.5761809
        ]
      },
      "properties": {
        "id": "way/1351808630",
        "osmType": "way",
        "osmId": 1351808630,
        "name": "The Barrel Boulangerie",
        "category": "restaurant",
        "categoryLabel": "Restaurant",
        "amenity": "restaurant",
        "highway": null,
        "tourism": null,
        "historic": null,
        "railway": null,
        "barrier": null,
        "entrance": null,
        "heritage": null,
        "website": null,
        "phone": null,
        "address": "151 High Street, London E11 2RL",
        "distanceToForestBoundaryMetres": 289.2,
        "shop": null
      }
    },
    {
      "type": "Feature",
      "id": "way/1351808631",
      "geometry": {
        "type": "Point",
        "coordinates": [
          0.027923,
          51.5761112
        ]
      },
      "properties": {
        "id": "way/1351808631",
        "osmType": "way",
        "osmId": 1351808631,
        "name": "Purbani",
        "category": "restaurant",
        "categoryLabel": "Restaurant",
        "amenity": "restaurant",
        "highway": null,
        "tourism": null,
        "historic": null,
        "railway": null,
        "barrier": null,
        "entrance": null,
        "heritage": null,
        "website": null,
        "phone": null,
        "address": "153;155 High Street, London E11 2RL",
        "distanceToForestBoundaryMetres": 284.3,
        "shop": null
      }
    },
    {
      "type": "Feature",
      "id": "way/1351826765",
      "geometry": {
        "type": "Point",
        "coordinates": [
          0.0276534,
          51.57674
        ]
      },
      "properties": {
        "id": "way/1351826765",
        "osmType": "way",
        "osmId": 1351826765,
        "name": "Must",
        "category": "bar",
        "categoryLabel": "Bar",
        "amenity": "bar",
        "highway": null,
        "tourism": null,
        "historic": null,
        "railway": null,
        "barrier": null,
        "entrance": null,
        "heritage": null,
        "website": "https://mustwine.co.uk/locations/wanstead/",
        "phone": null,
        "address": "125 High Street, London",
        "distanceToForestBoundaryMetres": 285.0,
        "shop": null
      }
    },
    {
      "type": "Feature",
      "id": "way/1351826767",
      "geometry": {
        "type": "Point",
        "coordinates": [
          0.0275913,
          51.5768109
        ]
      },
      "properties": {
        "id": "way/1351826767",
        "osmType": "way",
        "osmId": 1351826767,
        "name": "Cafe Chicchi",
        "category": "cafe",
        "categoryLabel": "Caf\u00e9",
        "amenity": "cafe",
        "highway": null,
        "tourism": null,
        "historic": null,
        "railway": null,
        "barrier": null,
        "entrance": null,
        "heritage": null,
        "website": null,
        "phone": null,
        "address": "123 High Street, London E11 2RL",
        "distanceToForestBoundaryMetres": 284.6,
        "shop": null
      }
    },
    {
      "type": "Feature",
      "id": "way/1351826772",
      "geometry": {
        "type": "Point",
        "coordinates": [
          0.0274822,
          51.5770059
        ]
      },
      "properties": {
        "id": "way/1351826772",
        "osmType": "way",
        "osmId": 1351826772,
        "name": "La Bakerie",
        "category": "cafe",
        "categoryLabel": "Caf\u00e9",
        "amenity": "cafe",
        "highway": null,
        "tourism": null,
        "historic": null,
        "railway": null,
        "barrier": null,
        "entrance": null,
        "heritage": null,
        "website": "https://www.instagram.com/la_bakerie_wanstead",
        "phone": null,
        "address": "119a High Street, London E11 2RL",
        "distanceToForestBoundaryMetres": 290.7,
        "shop": null
      }
    },
    {
      "type": "Feature",
      "id": "way/1351840834",
      "geometry": {
        "type": "Point",
        "coordinates": [
          0.0250856,
          51.5792938
        ]
      },
      "properties": {
        "id": "way/1351840834",
        "osmType": "way",
        "osmId": 1351840834,
        "name": "More Italy",
        "category": "restaurant",
        "categoryLabel": "Restaurant",
        "amenity": "restaurant",
        "highway": null,
        "tourism": null,
        "historic": null,
        "railway": null,
        "barrier": null,
        "entrance": null,
        "heritage": null,
        "website": null,
        "phone": null,
        "address": "33 High Street, London E11 2AA",
        "distanceToForestBoundaryMetres": 99.0,
        "shop": null
      }
    },
    {
      "type": "Feature",
      "id": "way/1351858504",
      "geometry": {
        "type": "Point",
        "coordinates": [
          0.0278822,
          51.5765434
        ]
      },
      "properties": {
        "id": "way/1351858504",
        "osmType": "way",
        "osmId": 1351858504,
        "name": "The Bull",
        "category": "pub",
        "categoryLabel": "Pub",
        "amenity": "pub",
        "highway": null,
        "tourism": null,
        "historic": null,
        "railway": null,
        "barrier": null,
        "entrance": null,
        "heritage": null,
        "website": "https://www.thebullwanstead.com/",
        "phone": null,
        "address": "129 High Street, London E11 2RL",
        "distanceToForestBoundaryMetres": 291.4,
        "shop": null
      }
    },
    {
      "type": "Feature",
      "id": "way/1361995223",
      "geometry": {
        "type": "Point",
        "coordinates": [
          0.0283959,
          51.5811692
        ]
      },
      "properties": {
        "id": "way/1361995223",
        "osmType": "way",
        "osmId": 1361995223,
        "name": "The Lane",
        "category": "restaurant",
        "categoryLabel": "Restaurant",
        "amenity": "restaurant",
        "highway": null,
        "tourism": null,
        "historic": null,
        "railway": null,
        "barrier": null,
        "entrance": null,
        "heritage": null,
        "website": null,
        "phone": null,
        "address": "82 Nightingale Lane, London E11 2EZ",
        "distanceToForestBoundaryMetres": 27.4,
        "shop": null
      }
    },
    {
      "type": "Feature",
      "id": "way/1361998552",
      "geometry": {
        "type": "Point",
        "coordinates": [
          0.025244,
          51.5791374
        ]
      },
      "properties": {
        "id": "way/1361998552",
        "osmType": "way",
        "osmId": 1361998552,
        "name": "Bobo & Wild",
        "category": "restaurant",
        "categoryLabel": "Restaurant",
        "amenity": "restaurant",
        "highway": null,
        "tourism": null,
        "historic": null,
        "railway": null,
        "barrier": null,
        "entrance": null,
        "heritage": null,
        "website": null,
        "phone": null,
        "address": null,
        "distanceToForestBoundaryMetres": 106.1,
        "shop": null
      }
    },
    {
      "type": "Feature",
      "id": "way/1362344089",
      "geometry": {
        "type": "Point",
        "coordinates": [
          0.0252857,
          51.5785795
        ]
      },
      "properties": {
        "id": "way/1362344089",
        "osmType": "way",
        "osmId": 1362344089,
        "name": "Robins Pie & Mash",
        "category": "restaurant",
        "categoryLabel": "Restaurant",
        "amenity": "restaurant",
        "highway": null,
        "tourism": null,
        "historic": null,
        "railway": null,
        "barrier": null,
        "entrance": null,
        "heritage": null,
        "website": "http://www.robinspieandmash.com/wanstead2-",
        "phone": "+44 20 8989 1988",
        "address": "14 High Street, London E11 2AJ",
        "distanceToForestBoundaryMetres": 113.5,
        "shop": null
      }
    },
    {
      "type": "Feature",
      "id": "way/1368344766",
      "geometry": {
        "type": "Point",
        "coordinates": [
          -0.0086438,
          51.5715159
        ]
      },
      "properties": {
        "id": "way/1368344766",
        "osmType": "way",
        "osmId": 1368344766,
        "name": "Coccle",
        "category": "cafe",
        "categoryLabel": "Caf\u00e9",
        "amenity": "cafe",
        "highway": null,
        "tourism": null,
        "historic": null,
        "railway": null,
        "barrier": null,
        "entrance": null,
        "heritage": null,
        "website": null,
        "phone": null,
        "address": "679 High Road Leyton, London E10 6RA",
        "distanceToForestBoundaryMetres": 238.0,
        "shop": null
      }
    },
    {
      "type": "Feature",
      "id": "way/1377445300",
      "geometry": {
        "type": "Point",
        "coordinates": [
          -0.0096057,
          51.5736271
        ]
      },
      "properties": {
        "id": "way/1377445300",
        "osmType": "way",
        "osmId": 1377445300,
        "name": "Chestersway",
        "category": "restaurant",
        "categoryLabel": "Restaurant",
        "amenity": "restaurant",
        "highway": null,
        "tourism": null,
        "historic": null,
        "railway": null,
        "barrier": null,
        "entrance": null,
        "heritage": null,
        "website": null,
        "phone": null,
        "address": "773 High Road Leyton, London E10 5AB",
        "distanceToForestBoundaryMetres": 36.7,
        "shop": null
      }
    },
    {
      "type": "Feature",
      "id": "node/279547985",
      "geometry": {
        "type": "Point",
        "coordinates": [
          0.0063422,
          51.5568535
        ]
      },
      "properties": {
        "id": "node/279547985",
        "osmType": "node",
        "osmId": 279547985,
        "name": "A&S Grocers",
        "category": "convenience",
        "categoryLabel": "Convenience Store",
        "amenity": null,
        "shop": "convenience",
        "highway": null,
        "tourism": null,
        "historic": null,
        "railway": null,
        "barrier": null,
        "entrance": null,
        "heritage": null,
        "website": null,
        "phone": null,
        "address": "332 High Road Leytonstone, London E11 3HR",
        "distanceToForestBoundaryMetres": 114.6
      }
    },
    {
      "type": "Feature",
      "id": "node/1012420460",
      "geometry": {
        "type": "Point",
        "coordinates": [
          0.0261003,
          51.592952
        ]
      },
      "properties": {
        "id": "node/1012420460",
        "osmType": "node",
        "osmId": 1012420460,
        "name": "SDA Stores",
        "category": "convenience",
        "categoryLabel": "Convenience Store",
        "amenity": null,
        "shop": "convenience",
        "highway": null,
        "tourism": null,
        "historic": null,
        "railway": null,
        "barrier": null,
        "entrance": null,
        "heritage": null,
        "website": null,
        "phone": null,
        "address": "George Lane",
        "distanceToForestBoundaryMetres": 291.6
      }
    },
    {
      "type": "Feature",
      "id": "node/1012420461",
      "geometry": {
        "type": "Point",
        "coordinates": [
          0.0251881,
          51.5934277
        ]
      },
      "properties": {
        "id": "node/1012420461",
        "osmType": "node",
        "osmId": 1012420461,
        "name": "International Supermarket",
        "category": "supermarket",
        "categoryLabel": "Supermarket",
        "amenity": null,
        "shop": "supermarket",
        "highway": null,
        "tourism": null,
        "historic": null,
        "railway": null,
        "barrier": null,
        "entrance": null,
        "heritage": null,
        "website": null,
        "phone": null,
        "address": "146-150 George Lane, London E18 1AY",
        "distanceToForestBoundaryMetres": 288.2
      }
    },
    {
      "type": "Feature",
      "id": "node/1334086704",
      "geometry": {
        "type": "Point",
        "coordinates": [
          0.1361378,
          51.7053116
        ]
      },
      "properties": {
        "id": "node/1334086704",
        "osmType": "node",
        "osmId": 1334086704,
        "name": "Hambrook",
        "category": "convenience",
        "categoryLabel": "Convenience Store",
        "amenity": null,
        "shop": "convenience",
        "highway": null,
        "tourism": null,
        "historic": null,
        "railway": null,
        "barrier": null,
        "entrance": null,
        "heritage": null,
        "website": null,
        "phone": null,
        "address": "Parklands, CM16 7RE",
        "distanceToForestBoundaryMetres": 268.1
      }
    },
    {
      "type": "Feature",
      "id": "node/1486129429",
      "geometry": {
        "type": "Point",
        "coordinates": [
          0.0280262,
          51.5761078
        ]
      },
      "properties": {
        "id": "node/1486129429",
        "osmType": "node",
        "osmId": 1486129429,
        "name": "M&S Simply Food",
        "category": "convenience",
        "categoryLabel": "Convenience Store",
        "amenity": null,
        "shop": "convenience",
        "highway": null,
        "tourism": null,
        "historic": null,
        "railway": null,
        "barrier": null,
        "entrance": null,
        "heritage": null,
        "website": null,
        "phone": null,
        "address": "157 High Street, London E11 2RL",
        "distanceToForestBoundaryMetres": 286.4
      }
    },
    {
      "type": "Feature",
      "id": "node/1985566360",
      "geometry": {
        "type": "Point",
        "coordinates": [
          0.0226489,
          51.5931403
        ]
      },
      "properties": {
        "id": "node/1985566360",
        "osmType": "node",
        "osmId": 1985566360,
        "name": "Woodford Food & Wine",
        "category": "convenience",
        "categoryLabel": "Convenience Store",
        "amenity": null,
        "shop": "convenience",
        "highway": null,
        "tourism": null,
        "historic": null,
        "railway": null,
        "barrier": null,
        "entrance": null,
        "heritage": null,
        "website": null,
        "phone": "+44 20 8530 8595",
        "address": "16 High Road, London E18 2QL",
        "distanceToForestBoundaryMetres": 255.7
      }
    },
    {
      "type": "Feature",
      "id": "node/2284359778",
      "geometry": {
        "type": "Point",
        "coordinates": [
          0.1015805,
          51.6717897
        ]
      },
      "properties": {
        "id": "node/2284359778",
        "osmType": "node",
        "osmId": 2284359778,
        "name": "Theydon Bois Bakery",
        "category": "bakery",
        "categoryLabel": "Bakery",
        "amenity": null,
        "shop": "bakery",
        "highway": null,
        "tourism": null,
        "historic": null,
        "railway": null,
        "barrier": null,
        "entrance": null,
        "heritage": null,
        "website": null,
        "phone": null,
        "address": "6 Forest Drive, Epping CM16 7EY",
        "distanceToForestBoundaryMetres": 286.4
      }
    },
    {
      "type": "Feature",
      "id": "node/2284359844",
      "geometry": {
        "type": "Point",
        "coordinates": [
          0.0999284,
          51.671775
        ]
      },
      "properties": {
        "id": "node/2284359844",
        "osmType": "node",
        "osmId": 2284359844,
        "name": "Tesco Express",
        "category": "convenience",
        "categoryLabel": "Convenience Store",
        "amenity": null,
        "shop": "convenience",
        "highway": null,
        "tourism": null,
        "historic": null,
        "railway": null,
        "barrier": null,
        "entrance": null,
        "heritage": null,
        "website": "https://www.tesco.com/store-locator/epping/coppice-row",
        "phone": null,
        "address": "Coppice Row, Theydon Bois CM16 7ES",
        "distanceToForestBoundaryMetres": 267.5
      }
    },
    {
      "type": "Feature",
      "id": "node/2284359869",
      "geometry": {
        "type": "Point",
        "coordinates": [
          0.1006637,
          51.6716668
        ]
      },
      "properties": {
        "id": "node/2284359869",
        "osmType": "node",
        "osmId": 2284359869,
        "name": "J. Phillips",
        "category": "butcher",
        "categoryLabel": "Butcher",
        "amenity": null,
        "shop": "butcher",
        "highway": null,
        "tourism": null,
        "historic": null,
        "railway": null,
        "barrier": null,
        "entrance": null,
        "heritage": null,
        "website": null,
        "phone": null,
        "address": null,
        "distanceToForestBoundaryMetres": 286.7
      }
    },
    {
      "type": "Feature",
      "id": "node/2290216901",
      "geometry": {
        "type": "Point",
        "coordinates": [
          0.0266094,
          51.5777511
        ]
      },
      "properties": {
        "id": "node/2290216901",
        "osmType": "node",
        "osmId": 2290216901,
        "name": "Harveys",
        "category": "greengrocer",
        "categoryLabel": "Greengrocer",
        "amenity": null,
        "shop": "greengrocer",
        "highway": null,
        "tourism": null,
        "historic": null,
        "railway": null,
        "barrier": null,
        "entrance": null,
        "heritage": null,
        "website": null,
        "phone": null,
        "address": "6 Clock House Parade, London E11 2AG",
        "distanceToForestBoundaryMetres": 236.7
      }
    },
    {
      "type": "Feature",
      "id": "node/2290249802",
      "geometry": {
        "type": "Point",
        "coordinates": [
          0.0265124,
          51.5778714
        ]
      },
      "properties": {
        "id": "node/2290249802",
        "osmType": "node",
        "osmId": 2290249802,
        "name": "The Ginger Pig",
        "category": "butcher",
        "categoryLabel": "Butcher",
        "amenity": null,
        "shop": "butcher",
        "highway": null,
        "tourism": null,
        "historic": null,
        "railway": null,
        "barrier": null,
        "entrance": null,
        "heritage": null,
        "website": "https://thegingerpig.co.uk/",
        "phone": null,
        "address": "3 Clock House Parade, London E11 2AG",
        "distanceToForestBoundaryMetres": 223.9
      }
    },
    {
      "type": "Feature",
      "id": "node/2931951408",
      "geometry": {
        "type": "Point",
        "coordinates": [
          0.0073691,
          51.618556
        ]
      },
      "properties": {
        "id": "node/2931951408",
        "osmType": "node",
        "osmId": 2931951408,
        "name": "Londis",
        "category": "supermarket",
        "categoryLabel": "Supermarket",
        "amenity": null,
        "shop": "supermarket",
        "highway": null,
        "tourism": null,
        "historic": null,
        "railway": null,
        "barrier": null,
        "entrance": null,
        "heritage": null,
        "website": null,
        "phone": null,
        "address": null,
        "distanceToForestBoundaryMetres": 104.1
      }
    },
    {
      "type": "Feature",
      "id": "node/2960190026",
      "geometry": {
        "type": "Point",
        "coordinates": [
          0.002574,
          51.5746497
        ]
      },
      "properties": {
        "id": "node/2960190026",
        "osmType": "node",
        "osmId": 2960190026,
        "name": "Glade Food & Wine Ltd",
        "category": "convenience",
        "categoryLabel": "Convenience Store",
        "amenity": null,
        "shop": "convenience",
        "highway": null,
        "tourism": null,
        "historic": null,
        "railway": null,
        "barrier": null,
        "entrance": null,
        "heritage": null,
        "website": null,
        "phone": null,
        "address": "122 James Lane, London E10 6HL",
        "distanceToForestBoundaryMetres": 284.1
      }
    },
    {
      "type": "Feature",
      "id": "node/3378513937",
      "geometry": {
        "type": "Point",
        "coordinates": [
          0.0239216,
          51.5530976
        ]
      },
      "properties": {
        "id": "node/3378513937",
        "osmType": "node",
        "osmId": 3378513937,
        "name": "Dames Food & Wine",
        "category": "convenience",
        "categoryLabel": "Convenience Store",
        "amenity": null,
        "shop": "convenience",
        "highway": null,
        "tourism": null,
        "historic": null,
        "railway": null,
        "barrier": null,
        "entrance": null,
        "heritage": null,
        "website": null,
        "phone": null,
        "address": "37 Dames Road, London E7 0DS",
        "distanceToForestBoundaryMetres": 268.8
      }
    },
    {
      "type": "Feature",
      "id": "node/4299971820",
      "geometry": {
        "type": "Point",
        "coordinates": [
          0.1119289,
          51.6998656
        ]
      },
      "properties": {
        "id": "node/4299971820",
        "osmType": "node",
        "osmId": 4299971820,
        "name": "M&S Foodhall",
        "category": "supermarket",
        "categoryLabel": "Supermarket",
        "amenity": null,
        "shop": "supermarket",
        "highway": null,
        "tourism": null,
        "historic": null,
        "railway": null,
        "barrier": null,
        "entrance": null,
        "heritage": null,
        "website": "https://www.marksandspencer.com/stores/epping-simply-food-175",
        "phone": null,
        "address": "237-243 High Street, Epping CM16 4BP",
        "distanceToForestBoundaryMetres": 279.1
      }
    },
    {
      "type": "Feature",
      "id": "node/4313691220",
      "geometry": {
        "type": "Point",
        "coordinates": [
          0.0263824,
          51.5780478
        ]
      },
      "properties": {
        "id": "node/4313691220",
        "osmType": "node",
        "osmId": 4313691220,
        "name": "Greggs",
        "category": "bakery",
        "categoryLabel": "Bakery",
        "amenity": "fast_food",
        "shop": "bakery",
        "highway": null,
        "tourism": null,
        "historic": null,
        "railway": null,
        "barrier": null,
        "entrance": null,
        "heritage": null,
        "website": "https://www.greggs.co.uk/shop-finder?shop-code=0703",
        "phone": null,
        "address": "85 High Street, London E11 2AE",
        "distanceToForestBoundaryMetres": 206.5
      }
    },
    {
      "type": "Feature",
      "id": "node/4537948725",
      "geometry": {
        "type": "Point",
        "coordinates": [
          -0.0014223,
          51.598266
        ]
      },
      "properties": {
        "id": "node/4537948725",
        "osmType": "node",
        "osmId": 4537948725,
        "name": "Newsplus Food & Wine",
        "category": "convenience",
        "categoryLabel": "Convenience Store",
        "amenity": null,
        "shop": "convenience",
        "highway": null,
        "tourism": null,
        "historic": null,
        "railway": null,
        "barrier": null,
        "entrance": null,
        "heritage": null,
        "website": null,
        "phone": null,
        "address": "131 Hale End Road, London E17 4DP",
        "distanceToForestBoundaryMetres": 273.0
      }
    },
    {
      "type": "Feature",
      "id": "node/4681538886",
      "geometry": {
        "type": "Point",
        "coordinates": [
          0.013787,
          51.571484
        ]
      },
      "properties": {
        "id": "node/4681538886",
        "osmType": "node",
        "osmId": 4681538886,
        "name": "1 Stop Halal at Tesco",
        "category": "butcher",
        "categoryLabel": "Butcher",
        "amenity": null,
        "shop": "butcher",
        "highway": null,
        "tourism": null,
        "historic": null,
        "railway": null,
        "barrier": null,
        "entrance": null,
        "heritage": null,
        "website": null,
        "phone": null,
        "address": "8 Gainsborough Road, London E11 1HT",
        "distanceToForestBoundaryMetres": 291.0
      }
    },
    {
      "type": "Feature",
      "id": "node/4770820823",
      "geometry": {
        "type": "Point",
        "coordinates": [
          0.055543,
          51.6480508
        ]
      },
      "properties": {
        "id": "node/4770820823",
        "osmType": "node",
        "osmId": 4770820823,
        "name": "Percy Ingle",
        "category": "bakery",
        "categoryLabel": "Bakery",
        "amenity": null,
        "shop": "bakery",
        "highway": null,
        "tourism": null,
        "historic": null,
        "railway": null,
        "barrier": null,
        "entrance": null,
        "heritage": null,
        "website": null,
        "phone": null,
        "address": "220 High Road, Loughton IG10 1ET",
        "distanceToForestBoundaryMetres": 291.3
      }
    },
    {
      "type": "Feature",
      "id": "node/5337276830",
      "geometry": {
        "type": "Point",
        "coordinates": [
          0.0545755,
          51.5533018
        ]
      },
      "properties": {
        "id": "node/5337276830",
        "osmType": "node",
        "osmId": 5337276830,
        "name": "Tesco Express",
        "category": "convenience",
        "categoryLabel": "Convenience Store",
        "amenity": null,
        "shop": "convenience",
        "highway": null,
        "tourism": null,
        "historic": null,
        "railway": null,
        "barrier": null,
        "entrance": null,
        "heritage": null,
        "website": "https://www.tesco.com/store-locator/london/849-853-romford-rd",
        "phone": null,
        "address": "849-853 Romford Road, London E12 5JY",
        "distanceToForestBoundaryMetres": 251.8
      }
    },
    {
      "type": "Feature",
      "id": "node/5793363648",
      "geometry": {
        "type": "Point",
        "coordinates": [
          0.0308907,
          51.6893798
        ]
      },
      "properties": {
        "id": "node/5793363648",
        "osmType": "node",
        "osmId": 5793363648,
        "name": "Co-Op",
        "category": "supermarket",
        "categoryLabel": "Supermarket",
        "amenity": null,
        "shop": "supermarket",
        "highway": null,
        "tourism": null,
        "historic": null,
        "railway": null,
        "barrier": null,
        "entrance": null,
        "heritage": null,
        "website": "https://www.coop.co.uk/store-finder/EN9-3PE/113-117-upshire-road",
        "phone": null,
        "address": null,
        "distanceToForestBoundaryMetres": 291.1
      }
    },
    {
      "type": "Feature",
      "id": "node/6454701808",
      "geometry": {
        "type": "Point",
        "coordinates": [
          0.0205168,
          51.5539659
        ]
      },
      "properties": {
        "id": "node/6454701808",
        "osmType": "node",
        "osmId": 6454701808,
        "name": "Wildgoose Bakery and Cafe",
        "category": "bakery",
        "categoryLabel": "Bakery",
        "amenity": null,
        "shop": "bakery",
        "highway": null,
        "tourism": null,
        "historic": null,
        "railway": null,
        "barrier": null,
        "entrance": null,
        "heritage": null,
        "website": "https://wildgoosebakery.square.site/",
        "phone": null,
        "address": "370-371 Station Road, London E7 0AB",
        "distanceToForestBoundaryMetres": 242.8
      }
    },
    {
      "type": "Feature",
      "id": "node/6601829138",
      "geometry": {
        "type": "Point",
        "coordinates": [
          0.052998,
          51.6450291
        ]
      },
      "properties": {
        "id": "node/6601829138",
        "osmType": "node",
        "osmId": 6601829138,
        "name": "The Ginger Pig",
        "category": "butcher",
        "categoryLabel": "Butcher",
        "amenity": null,
        "shop": "butcher",
        "highway": null,
        "tourism": null,
        "historic": null,
        "railway": null,
        "barrier": null,
        "entrance": null,
        "heritage": null,
        "website": "https://thegingerpig.co.uk/",
        "phone": "+44 20 3869 7890",
        "address": "165A High Road, Loughton IG10 4LF",
        "distanceToForestBoundaryMetres": 38.5
      }
    },
    {
      "type": "Feature",
      "id": "node/9143359960",
      "geometry": {
        "type": "Point",
        "coordinates": [
          0.113032,
          51.7005266
        ]
      },
      "properties": {
        "id": "node/9143359960",
        "osmType": "node",
        "osmId": 9143359960,
        "name": "Morrisons Daily",
        "category": "convenience",
        "categoryLabel": "Convenience Store",
        "amenity": null,
        "shop": "convenience",
        "highway": null,
        "tourism": null,
        "historic": null,
        "railway": null,
        "barrier": null,
        "entrance": null,
        "heritage": null,
        "website": "https://my.morrisons.com/storefinder/60362/morrisons-daily-epping-273-high-street",
        "phone": null,
        "address": "277 High Street, Epping CM16 4DA",
        "distanceToForestBoundaryMetres": 228.5
      }
    },
    {
      "type": "Feature",
      "id": "node/9731048220",
      "geometry": {
        "type": "Point",
        "coordinates": [
          0.0333796,
          51.5622691
        ]
      },
      "properties": {
        "id": "node/9731048220",
        "osmType": "node",
        "osmId": 9731048220,
        "name": "Greggs",
        "category": "bakery",
        "categoryLabel": "Bakery",
        "amenity": "fast_food",
        "shop": "bakery",
        "highway": null,
        "tourism": null,
        "historic": null,
        "railway": null,
        "barrier": null,
        "entrance": null,
        "heritage": null,
        "website": "https://www.greggs.co.uk/shop-finder?shop-code=3595",
        "phone": null,
        "address": "19 Aldersbrook Road, London E12 5HH",
        "distanceToForestBoundaryMetres": 286.1
      }
    },
    {
      "type": "Feature",
      "id": "node/10725809172",
      "geometry": {
        "type": "Point",
        "coordinates": [
          0.0352956,
          51.6299316
        ]
      },
      "properties": {
        "id": "node/10725809172",
        "osmType": "node",
        "osmId": 10725809172,
        "name": "Buckhurst Hill Store",
        "category": "convenience",
        "categoryLabel": "Convenience Store",
        "amenity": null,
        "shop": "convenience",
        "highway": null,
        "tourism": null,
        "historic": null,
        "railway": null,
        "barrier": null,
        "entrance": null,
        "heritage": null,
        "website": null,
        "phone": null,
        "address": null,
        "distanceToForestBoundaryMetres": 193.2
      }
    },
    {
      "type": "Feature",
      "id": "node/11036218210",
      "geometry": {
        "type": "Point",
        "coordinates": [
          0.0527386,
          51.6059451
        ]
      },
      "properties": {
        "id": "node/11036218210",
        "osmType": "node",
        "osmId": 11036218210,
        "name": "Syed Brothers",
        "category": "butcher",
        "categoryLabel": "Butcher",
        "amenity": null,
        "shop": "butcher",
        "highway": null,
        "tourism": null,
        "historic": null,
        "railway": null,
        "barrier": null,
        "entrance": null,
        "heritage": null,
        "website": null,
        "phone": "+44 20 3887 4259",
        "address": "640 Chigwell Road, Woodford Green IG8 8AF",
        "distanceToForestBoundaryMetres": 291.4
      }
    },
    {
      "type": "Feature",
      "id": "node/11036218215",
      "geometry": {
        "type": "Point",
        "coordinates": [
          0.0533623,
          51.6060339
        ]
      },
      "properties": {
        "id": "node/11036218215",
        "osmType": "node",
        "osmId": 11036218215,
        "name": "Chigwell Food & Wine",
        "category": "convenience",
        "categoryLabel": "Convenience Store",
        "amenity": null,
        "shop": "convenience",
        "highway": null,
        "tourism": null,
        "historic": null,
        "railway": null,
        "barrier": null,
        "entrance": null,
        "heritage": null,
        "website": null,
        "phone": null,
        "address": "652 Chigwell Road, Woodford Green IG8 8AQ",
        "distanceToForestBoundaryMetres": 289.0
      }
    },
    {
      "type": "Feature",
      "id": "node/11132901651",
      "geometry": {
        "type": "Point",
        "coordinates": [
          0.045497,
          51.6018594
        ]
      },
      "properties": {
        "id": "node/11132901651",
        "osmType": "node",
        "osmId": 11132901651,
        "name": "Londis",
        "category": "convenience",
        "categoryLabel": "Convenience Store",
        "amenity": null,
        "shop": "convenience",
        "highway": null,
        "tourism": null,
        "historic": null,
        "railway": null,
        "barrier": null,
        "entrance": null,
        "heritage": null,
        "website": null,
        "phone": null,
        "address": null,
        "distanceToForestBoundaryMetres": 288.9
      }
    },
    {
      "type": "Feature",
      "id": "node/11779986550",
      "geometry": {
        "type": "Point",
        "coordinates": [
          0.0090045,
          51.573596
        ]
      },
      "properties": {
        "id": "node/11779986550",
        "osmType": "node",
        "osmId": 11779986550,
        "name": "Chisholm Express",
        "category": "convenience",
        "categoryLabel": "Convenience Store",
        "amenity": null,
        "shop": "convenience",
        "highway": null,
        "tourism": null,
        "historic": null,
        "railway": null,
        "barrier": null,
        "entrance": null,
        "heritage": null,
        "website": null,
        "phone": null,
        "address": "87 Colworth Road, London E11 1JA",
        "distanceToForestBoundaryMetres": 282.9
      }
    },
    {
      "type": "Feature",
      "id": "node/11974778779",
      "geometry": {
        "type": "Point",
        "coordinates": [
          0.006261,
          51.5566727
        ]
      },
      "properties": {
        "id": "node/11974778779",
        "osmType": "node",
        "osmId": 11974778779,
        "name": "La Valentino",
        "category": "convenience",
        "categoryLabel": "Convenience Store",
        "amenity": null,
        "shop": "convenience",
        "highway": null,
        "tourism": null,
        "historic": null,
        "railway": null,
        "barrier": null,
        "entrance": null,
        "heritage": null,
        "website": null,
        "phone": null,
        "address": null,
        "distanceToForestBoundaryMetres": 135.5
      }
    },
    {
      "type": "Feature",
      "id": "node/12000529204",
      "geometry": {
        "type": "Point",
        "coordinates": [
          0.0460745,
          51.6252035
        ]
      },
      "properties": {
        "id": "node/12000529204",
        "osmType": "node",
        "osmId": 12000529204,
        "name": "Old Street Butcher",
        "category": "butcher",
        "categoryLabel": "Butcher",
        "amenity": null,
        "shop": "butcher",
        "highway": null,
        "tourism": null,
        "historic": null,
        "railway": null,
        "barrier": null,
        "entrance": null,
        "heritage": null,
        "website": null,
        "phone": null,
        "address": null,
        "distanceToForestBoundaryMetres": 255.4
      }
    },
    {
      "type": "Feature",
      "id": "node/12104156498",
      "geometry": {
        "type": "Point",
        "coordinates": [
          0.014368,
          51.5702951
        ]
      },
      "properties": {
        "id": "node/12104156498",
        "osmType": "node",
        "osmId": 12104156498,
        "name": "My Mini-Mix",
        "category": "convenience",
        "categoryLabel": "Convenience Store",
        "amenity": null,
        "shop": "convenience",
        "highway": null,
        "tourism": null,
        "historic": null,
        "railway": null,
        "barrier": null,
        "entrance": null,
        "heritage": null,
        "website": null,
        "phone": null,
        "address": "744 High Road Leytonstone, London E11 3AW",
        "distanceToForestBoundaryMetres": 288.4
      }
    },
    {
      "type": "Feature",
      "id": "node/12116750200",
      "geometry": {
        "type": "Point",
        "coordinates": [
          -0.002791,
          51.6407262
        ]
      },
      "properties": {
        "id": "node/12116750200",
        "osmType": "node",
        "osmId": 12116750200,
        "name": "OrganicLea Farm Stall",
        "category": "farm",
        "categoryLabel": "Farm Shop",
        "amenity": null,
        "shop": "farm",
        "highway": null,
        "tourism": null,
        "historic": null,
        "railway": null,
        "barrier": null,
        "entrance": null,
        "heritage": null,
        "website": "https://www.organiclea.org.uk/farm-stall/",
        "phone": null,
        "address": null,
        "distanceToForestBoundaryMetres": 239.7
      }
    },
    {
      "type": "Feature",
      "id": "node/12895043443",
      "geometry": {
        "type": "Point",
        "coordinates": [
          0.107055,
          51.6964139
        ]
      },
      "properties": {
        "id": "node/12895043443",
        "osmType": "node",
        "osmId": 12895043443,
        "name": "Shiv News & Off Licence",
        "category": "convenience",
        "categoryLabel": "Convenience Store",
        "amenity": null,
        "shop": "convenience",
        "highway": null,
        "tourism": null,
        "historic": null,
        "railway": null,
        "barrier": null,
        "entrance": null,
        "heritage": null,
        "website": null,
        "phone": null,
        "address": "51 High Street, Epping CM16 4BA",
        "distanceToForestBoundaryMetres": 244.4
      }
    },
    {
      "type": "Feature",
      "id": "node/13097168025",
      "geometry": {
        "type": "Point",
        "coordinates": [
          0.0241048,
          51.5804549
        ]
      },
      "properties": {
        "id": "node/13097168025",
        "osmType": "node",
        "osmId": 13097168025,
        "name": "Vimal Conveience Store",
        "category": "convenience",
        "categoryLabel": "Convenience Store",
        "amenity": null,
        "shop": "convenience",
        "highway": null,
        "tourism": null,
        "historic": null,
        "railway": null,
        "barrier": null,
        "entrance": null,
        "heritage": null,
        "website": null,
        "phone": null,
        "address": "2 Wellesley Road, London E11 2HF",
        "distanceToForestBoundaryMetres": 161.3
      }
    },
    {
      "type": "Feature",
      "id": "node/13159514908",
      "geometry": {
        "type": "Point",
        "coordinates": [
          0.0561146,
          51.5654753
        ]
      },
      "properties": {
        "id": "node/13159514908",
        "osmType": "node",
        "osmId": 13159514908,
        "name": "Belgrave Supermarket",
        "category": "convenience",
        "categoryLabel": "Convenience Store",
        "amenity": null,
        "shop": "convenience",
        "highway": null,
        "tourism": null,
        "historic": null,
        "railway": null,
        "barrier": null,
        "entrance": null,
        "heritage": null,
        "website": null,
        "phone": null,
        "address": null,
        "distanceToForestBoundaryMetres": 288.6
      }
    },
    {
      "type": "Feature",
      "id": "node/13159514914",
      "geometry": {
        "type": "Point",
        "coordinates": [
          0.0556896,
          51.56566
        ]
      },
      "properties": {
        "id": "node/13159514914",
        "osmType": "node",
        "osmId": 13159514914,
        "name": "Saif Halal Butchers",
        "category": "butcher",
        "categoryLabel": "Butcher",
        "amenity": null,
        "shop": "butcher",
        "highway": null,
        "tourism": null,
        "historic": null,
        "railway": null,
        "barrier": null,
        "entrance": null,
        "heritage": null,
        "website": null,
        "phone": "+44 20 8554 1759",
        "address": "123 Belgrave Road",
        "distanceToForestBoundaryMetres": 289.6
      }
    },
    {
      "type": "Feature",
      "id": "node/13159514915",
      "geometry": {
        "type": "Point",
        "coordinates": [
          0.0555803,
          51.565688
        ]
      },
      "properties": {
        "id": "node/13159514915",
        "osmType": "node",
        "osmId": 13159514915,
        "name": "Madina Store",
        "category": "convenience",
        "categoryLabel": "Convenience Store",
        "amenity": null,
        "shop": "convenience",
        "highway": null,
        "tourism": null,
        "historic": null,
        "railway": null,
        "barrier": null,
        "entrance": null,
        "heritage": null,
        "website": null,
        "phone": null,
        "address": null,
        "distanceToForestBoundaryMetres": 289.7
      }
    },
    {
      "type": "Feature",
      "id": "node/13359444270",
      "geometry": {
        "type": "Point",
        "coordinates": [
          0.1065476,
          51.6957569
        ]
      },
      "properties": {
        "id": "node/13359444270",
        "osmType": "node",
        "osmId": 13359444270,
        "name": "Little Waitrose",
        "category": "convenience",
        "categoryLabel": "Convenience Store",
        "amenity": null,
        "shop": "convenience",
        "highway": null,
        "tourism": null,
        "historic": null,
        "railway": null,
        "barrier": null,
        "entrance": null,
        "heritage": null,
        "website": null,
        "phone": null,
        "address": null,
        "distanceToForestBoundaryMetres": 169.0
      }
    },
    {
      "type": "Feature",
      "id": "way/23061412",
      "geometry": {
        "type": "Point",
        "coordinates": [
          -0.0207611,
          51.6042637
        ]
      },
      "properties": {
        "id": "way/23061412",
        "osmType": "way",
        "osmId": 23061412,
        "name": "Sainsbury's",
        "category": "supermarket",
        "categoryLabel": "Supermarket",
        "amenity": null,
        "shop": "supermarket",
        "highway": null,
        "tourism": null,
        "historic": null,
        "railway": null,
        "barrier": null,
        "entrance": null,
        "heritage": null,
        "website": "https://stores.sainsburys.co.uk/0433/low-hall",
        "phone": null,
        "address": "11 Walthamstow Avenue, London E4 8ST",
        "distanceToForestBoundaryMetres": 291.3
      }
    },
    {
      "type": "Feature",
      "id": "way/25335396",
      "geometry": {
        "type": "Point",
        "coordinates": [
          0.0241159,
          51.5934992
        ]
      },
      "properties": {
        "id": "way/25335396",
        "osmType": "way",
        "osmId": 25335396,
        "name": "Sainsbury's",
        "category": "supermarket",
        "categoryLabel": "Supermarket",
        "amenity": null,
        "shop": "supermarket",
        "highway": null,
        "tourism": null,
        "historic": null,
        "railway": null,
        "barrier": null,
        "entrance": null,
        "heritage": null,
        "website": "https://stores.sainsburys.co.uk/0119/south-woodford",
        "phone": null,
        "address": "176 George Lane, London E18 1AY",
        "distanceToForestBoundaryMetres": 289.8
      }
    },
    {
      "type": "Feature",
      "id": "way/28808114",
      "geometry": {
        "type": "Point",
        "coordinates": [
          0.0138803,
          51.5718503
        ]
      },
      "properties": {
        "id": "way/28808114",
        "osmType": "way",
        "osmId": 28808114,
        "name": "Tesco",
        "category": "supermarket",
        "categoryLabel": "Supermarket",
        "amenity": null,
        "shop": "supermarket",
        "highway": null,
        "tourism": null,
        "historic": null,
        "railway": null,
        "barrier": null,
        "entrance": null,
        "heritage": null,
        "website": "https://www.tesco.com/store-locator/london/gainsborough-rd",
        "phone": null,
        "address": "8 Gainsborough Road, London E11 1HT",
        "distanceToForestBoundaryMetres": 291.0
      }
    },
    {
      "type": "Feature",
      "id": "way/31696388",
      "geometry": {
        "type": "Point",
        "coordinates": [
          -0.0053898,
          51.6177745
        ]
      },
      "properties": {
        "id": "way/31696388",
        "osmType": "way",
        "osmId": 31696388,
        "name": "Tesco Express",
        "category": "convenience",
        "categoryLabel": "Convenience Store",
        "amenity": null,
        "shop": "convenience",
        "highway": null,
        "tourism": null,
        "historic": null,
        "railway": null,
        "barrier": null,
        "entrance": null,
        "heritage": null,
        "website": "https://www.tesco.com/store-locator/essex/175-new-road",
        "phone": "+44 345 600 1732",
        "address": "175 New Road, London E4 9EY",
        "distanceToForestBoundaryMetres": 288.0
      }
    },
    {
      "type": "Feature",
      "id": "way/55632529",
      "geometry": {
        "type": "Point",
        "coordinates": [
          -0.0121324,
          51.5744743
        ]
      },
      "properties": {
        "id": "way/55632529",
        "osmType": "way",
        "osmId": 55632529,
        "name": "Tesco",
        "category": "supermarket",
        "categoryLabel": "Supermarket",
        "amenity": null,
        "shop": "supermarket",
        "highway": null,
        "tourism": null,
        "historic": null,
        "railway": null,
        "barrier": null,
        "entrance": null,
        "heritage": null,
        "website": "https://www.tesco.com/store-locator/london/825-high-road",
        "phone": null,
        "address": "825 High Road Leyton, London E10 7AA",
        "distanceToForestBoundaryMetres": 229.9
      }
    },
    {
      "type": "Feature",
      "id": "way/88344408",
      "geometry": {
        "type": "Point",
        "coordinates": [
          0.0241716,
          51.5941531
        ]
      },
      "properties": {
        "id": "way/88344408",
        "osmType": "way",
        "osmId": 88344408,
        "name": "M&S Simply Food",
        "category": "supermarket",
        "categoryLabel": "Supermarket",
        "amenity": null,
        "shop": "supermarket",
        "highway": null,
        "tourism": null,
        "historic": null,
        "railway": null,
        "barrier": null,
        "entrance": null,
        "heritage": null,
        "website": "https://www.marksandspencer.com/stores/south-woodford-simply-food-6282",
        "phone": null,
        "address": "174 George Lane, London E18 1AY",
        "distanceToForestBoundaryMetres": 288.6
      }
    },
    {
      "type": "Feature",
      "id": "way/105608385",
      "geometry": {
        "type": "Point",
        "coordinates": [
          0.0525311,
          51.6433861
        ]
      },
      "properties": {
        "id": "way/105608385",
        "osmType": "way",
        "osmId": 105608385,
        "name": "Sainsbury's",
        "category": "supermarket",
        "categoryLabel": "Supermarket",
        "amenity": null,
        "shop": "supermarket",
        "highway": null,
        "tourism": null,
        "historic": null,
        "railway": null,
        "barrier": null,
        "entrance": null,
        "heritage": null,
        "website": "https://stores.sainsburys.co.uk/2111/loughton",
        "phone": null,
        "address": null,
        "distanceToForestBoundaryMetres": 209.1
      }
    },
    {
      "type": "Feature",
      "id": "way/172447802",
      "geometry": {
        "type": "Point",
        "coordinates": [
          0.0558835,
          51.6490857
        ]
      },
      "properties": {
        "id": "way/172447802",
        "osmType": "way",
        "osmId": 172447802,
        "name": "Morrisons",
        "category": "supermarket",
        "categoryLabel": "Supermarket",
        "amenity": null,
        "shop": "supermarket",
        "highway": null,
        "tourism": null,
        "historic": null,
        "railway": null,
        "barrier": null,
        "entrance": null,
        "heritage": null,
        "website": "https://my.morrisons.com/storefinder/314/loughton",
        "phone": null,
        "address": "246-250 High Road, Loughton IG10 1HW",
        "distanceToForestBoundaryMetres": 187.5
      }
    },
    {
      "type": "Feature",
      "id": "way/191306926",
      "geometry": {
        "type": "Point",
        "coordinates": [
          0.0530438,
          51.6446398
        ]
      },
      "properties": {
        "id": "way/191306926",
        "osmType": "way",
        "osmId": 191306926,
        "name": "M&S Foodhall",
        "category": "supermarket",
        "categoryLabel": "Supermarket",
        "amenity": null,
        "shop": "supermarket",
        "highway": null,
        "tourism": null,
        "historic": null,
        "railway": null,
        "barrier": null,
        "entrance": null,
        "heritage": null,
        "website": "https://www.marksandspencer.com/stores/loughton-simply-food-9124",
        "phone": null,
        "address": null,
        "distanceToForestBoundaryMetres": 76.3
      }
    },
    {
      "type": "Feature",
      "id": "way/235168542",
      "geometry": {
        "type": "Point",
        "coordinates": [
          0.0450879,
          51.6254727
        ]
      },
      "properties": {
        "id": "way/235168542",
        "osmType": "way",
        "osmId": 235168542,
        "name": "Waitrose",
        "category": "supermarket",
        "categoryLabel": "Supermarket",
        "amenity": null,
        "shop": "supermarket",
        "highway": null,
        "tourism": null,
        "historic": null,
        "railway": null,
        "barrier": null,
        "entrance": null,
        "heritage": null,
        "website": "https://www.waitrose.com/find-a-store/buckhurst-hill",
        "phone": null,
        "address": "Buckhurst Hill IG9 5EP",
        "distanceToForestBoundaryMetres": 260.8
      }
    },
    {
      "type": "Feature",
      "id": "way/332768889",
      "geometry": {
        "type": "Point",
        "coordinates": [
          -0.0069307,
          51.5788346
        ]
      },
      "properties": {
        "id": "way/332768889",
        "osmType": "way",
        "osmId": 332768889,
        "name": "Tesco Express",
        "category": "convenience",
        "categoryLabel": "Convenience Store",
        "amenity": null,
        "shop": "convenience",
        "highway": null,
        "tourism": null,
        "historic": null,
        "railway": null,
        "barrier": null,
        "entrance": null,
        "heritage": null,
        "website": "https://www.tesco.com/store-locator/london/727a-lea-bridge-rd",
        "phone": null,
        "address": "727a Lea Bridge Road, London E17 9DZ",
        "distanceToForestBoundaryMetres": 181.5
      }
    },
    {
      "type": "Feature",
      "id": "way/336668282",
      "geometry": {
        "type": "Point",
        "coordinates": [
          0.0020973,
          51.630765
        ]
      },
      "properties": {
        "id": "way/336668282",
        "osmType": "way",
        "osmId": 336668282,
        "name": "Co-op Food",
        "category": "supermarket",
        "categoryLabel": "Supermarket",
        "amenity": null,
        "shop": "supermarket",
        "highway": null,
        "tourism": null,
        "historic": null,
        "railway": null,
        "barrier": null,
        "entrance": null,
        "heritage": null,
        "website": "https://www.coop.co.uk/store-finder/E4-7BJ/1-station-road",
        "phone": null,
        "address": "1 Station Road, London E4 7BJ",
        "distanceToForestBoundaryMetres": 281.0
      }
    },
    {
      "type": "Feature",
      "id": "way/376788725",
      "geometry": {
        "type": "Point",
        "coordinates": [
          -0.0296815,
          51.5998187
        ]
      },
      "properties": {
        "id": "way/376788725",
        "osmType": "way",
        "osmId": 376788725,
        "name": "Nimika Best Food & Wine",
        "category": "convenience",
        "categoryLabel": "Convenience Store",
        "amenity": null,
        "shop": "convenience",
        "highway": null,
        "tourism": null,
        "historic": null,
        "railway": null,
        "barrier": null,
        "entrance": null,
        "heritage": null,
        "website": null,
        "phone": null,
        "address": "200 Billet Road, London E17 5DX",
        "distanceToForestBoundaryMetres": 290.3
      }
    },
    {
      "type": "Feature",
      "id": "way/422248410",
      "geometry": {
        "type": "Point",
        "coordinates": [
          -0.0003687,
          51.5837214
        ]
      },
      "properties": {
        "id": "way/422248410",
        "osmType": "way",
        "osmId": 422248410,
        "name": "Save Spot",
        "category": "convenience",
        "categoryLabel": "Convenience Store",
        "amenity": null,
        "shop": "convenience",
        "highway": null,
        "tourism": null,
        "historic": null,
        "railway": null,
        "barrier": null,
        "entrance": null,
        "heritage": null,
        "website": null,
        "phone": null,
        "address": "256 Wood Street, London",
        "distanceToForestBoundaryMetres": 236.3
      }
    },
    {
      "type": "Feature",
      "id": "way/428185228",
      "geometry": {
        "type": "Point",
        "coordinates": [
          6.56e-05,
          51.6075671
        ]
      },
      "properties": {
        "id": "way/428185228",
        "osmType": "way",
        "osmId": 428185228,
        "name": "Karya Bistro",
        "category": "bakery",
        "categoryLabel": "Bakery",
        "amenity": null,
        "shop": "bakery",
        "highway": null,
        "tourism": null,
        "historic": null,
        "railway": null,
        "barrier": null,
        "entrance": null,
        "heritage": null,
        "website": null,
        "phone": null,
        "address": "428 Hale End Road, London",
        "distanceToForestBoundaryMetres": 283.9
      }
    },
    {
      "type": "Feature",
      "id": "way/428186389",
      "geometry": {
        "type": "Point",
        "coordinates": [
          -6.99e-05,
          51.6072965
        ]
      },
      "properties": {
        "id": "way/428186389",
        "osmType": "way",
        "osmId": 428186389,
        "name": "The Community Larder",
        "category": "supermarket",
        "categoryLabel": "Supermarket",
        "amenity": null,
        "shop": "supermarket",
        "highway": null,
        "tourism": null,
        "historic": null,
        "railway": null,
        "barrier": null,
        "entrance": null,
        "heritage": null,
        "website": null,
        "phone": null,
        "address": null,
        "distanceToForestBoundaryMetres": 283.7
      }
    },
    {
      "type": "Feature",
      "id": "way/428455398",
      "geometry": {
        "type": "Point",
        "coordinates": [
          0.0002909,
          51.6075104
        ]
      },
      "properties": {
        "id": "way/428455398",
        "osmType": "way",
        "osmId": 428455398,
        "name": "Nisa Local",
        "category": "convenience",
        "categoryLabel": "Convenience Store",
        "amenity": null,
        "shop": "convenience",
        "highway": null,
        "tourism": null,
        "historic": null,
        "railway": null,
        "barrier": null,
        "entrance": null,
        "heritage": null,
        "website": null,
        "phone": null,
        "address": "422-426 Hale End Road, London E4 9PB",
        "distanceToForestBoundaryMetres": 290.4
      }
    },
    {
      "type": "Feature",
      "id": "way/444642774",
      "geometry": {
        "type": "Point",
        "coordinates": [
          -0.0129294,
          51.5749036
        ]
      },
      "properties": {
        "id": "way/444642774",
        "osmType": "way",
        "osmId": 444642774,
        "name": "Iceland",
        "category": "supermarket",
        "categoryLabel": "Supermarket",
        "amenity": null,
        "shop": "supermarket",
        "highway": null,
        "tourism": null,
        "historic": null,
        "railway": null,
        "barrier": null,
        "entrance": null,
        "heritage": null,
        "website": "https://www.iceland.co.uk/store-finder/store?StoreID=1227&StoreName=LEYTON",
        "phone": null,
        "address": "612 Lea Bridge Road, London E10 7DN",
        "distanceToForestBoundaryMetres": 285.7
      }
    },
    {
      "type": "Feature",
      "id": "way/452993161",
      "geometry": {
        "type": "Point",
        "coordinates": [
          -0.0122807,
          51.5756199
        ]
      },
      "properties": {
        "id": "way/452993161",
        "osmType": "way",
        "osmId": 452993161,
        "name": "Jesters",
        "category": "convenience",
        "categoryLabel": "Convenience Store",
        "amenity": null,
        "shop": "convenience",
        "highway": null,
        "tourism": null,
        "historic": null,
        "railway": null,
        "barrier": null,
        "entrance": null,
        "heritage": null,
        "website": null,
        "phone": null,
        "address": "630 Lea Bridge Road, London",
        "distanceToForestBoundaryMetres": 287.6
      }
    },
    {
      "type": "Feature",
      "id": "way/453684529",
      "geometry": {
        "type": "Point",
        "coordinates": [
          -0.0115429,
          51.5768305
        ]
      },
      "properties": {
        "id": "way/453684529",
        "osmType": "way",
        "osmId": 453684529,
        "name": "Happy Food Centre",
        "category": "supermarket",
        "categoryLabel": "Supermarket",
        "amenity": null,
        "shop": "supermarket",
        "highway": null,
        "tourism": null,
        "historic": null,
        "railway": null,
        "barrier": null,
        "entrance": null,
        "heritage": null,
        "website": null,
        "phone": null,
        "address": "619-623 Lea Bridge Road, London E10 6AJ",
        "distanceToForestBoundaryMetres": 241.7
      }
    },
    {
      "type": "Feature",
      "id": "way/454627308",
      "geometry": {
        "type": "Point",
        "coordinates": [
          -0.0123223,
          51.5751945
        ]
      },
      "properties": {
        "id": "way/454627308",
        "osmType": "way",
        "osmId": 454627308,
        "name": "Berdan Supermarket",
        "category": "convenience",
        "categoryLabel": "Convenience Store",
        "amenity": null,
        "shop": "convenience",
        "highway": null,
        "tourism": null,
        "historic": null,
        "railway": null,
        "barrier": null,
        "entrance": null,
        "heritage": null,
        "website": null,
        "phone": null,
        "address": "838 High Road Leyton, London E10 6AE",
        "distanceToForestBoundaryMetres": 282.2
      }
    },
    {
      "type": "Feature",
      "id": "way/454627316",
      "geometry": {
        "type": "Point",
        "coordinates": [
          -0.0116228,
          51.5749218
        ]
      },
      "properties": {
        "id": "way/454627316",
        "osmType": "way",
        "osmId": 454627316,
        "name": "Adil Cash & Carry",
        "category": "convenience",
        "categoryLabel": "Convenience Store",
        "amenity": null,
        "shop": "convenience",
        "highway": null,
        "tourism": null,
        "historic": null,
        "railway": null,
        "barrier": null,
        "entrance": null,
        "heritage": null,
        "website": null,
        "phone": null,
        "address": "824 High Road Leyton, London E10 6AE",
        "distanceToForestBoundaryMetres": 225.5
      }
    },
    {
      "type": "Feature",
      "id": "way/454663252",
      "geometry": {
        "type": "Point",
        "coordinates": [
          -0.010514,
          51.5743681
        ]
      },
      "properties": {
        "id": "way/454663252",
        "osmType": "way",
        "osmId": 454663252,
        "name": "Bakers Arms Food Centre",
        "category": "convenience",
        "categoryLabel": "Convenience Store",
        "amenity": null,
        "shop": "convenience",
        "highway": null,
        "tourism": null,
        "historic": null,
        "railway": null,
        "barrier": null,
        "entrance": null,
        "heritage": null,
        "website": null,
        "phone": null,
        "address": "790 High Road Leyton, London E10 6AE",
        "distanceToForestBoundaryMetres": 127.3
      }
    },
    {
      "type": "Feature",
      "id": "way/454663254",
      "geometry": {
        "type": "Point",
        "coordinates": [
          -0.0105769,
          51.5744171
        ]
      },
      "properties": {
        "id": "way/454663254",
        "osmType": "way",
        "osmId": 454663254,
        "name": "Tariq Halal Meats",
        "category": "butcher",
        "categoryLabel": "Butcher",
        "amenity": null,
        "shop": "butcher",
        "highway": null,
        "tourism": null,
        "historic": null,
        "railway": null,
        "barrier": null,
        "entrance": null,
        "heritage": null,
        "website": null,
        "phone": null,
        "address": "792-794 High Road Leyton, London E10 6AE",
        "distanceToForestBoundaryMetres": 134.1
      }
    },
    {
      "type": "Feature",
      "id": "way/454663262",
      "geometry": {
        "type": "Point",
        "coordinates": [
          -0.011068,
          51.5746188
        ]
      },
      "properties": {
        "id": "way/454663262",
        "osmType": "way",
        "osmId": 454663262,
        "name": "Gourmet London",
        "category": "bakery",
        "categoryLabel": "Bakery",
        "amenity": null,
        "shop": "bakery",
        "highway": null,
        "tourism": null,
        "historic": null,
        "railway": null,
        "barrier": null,
        "entrance": null,
        "heritage": null,
        "website": null,
        "phone": null,
        "address": "812 High Road Leyton, London",
        "distanceToForestBoundaryMetres": 174.6
      }
    },
    {
      "type": "Feature",
      "id": "way/454663267",
      "geometry": {
        "type": "Point",
        "coordinates": [
          -0.0109425,
          51.5745629
        ]
      },
      "properties": {
        "id": "way/454663267",
        "osmType": "way",
        "osmId": 454663267,
        "name": "Alytus",
        "category": "convenience",
        "categoryLabel": "Convenience Store",
        "amenity": null,
        "shop": "convenience",
        "highway": null,
        "tourism": null,
        "historic": null,
        "railway": null,
        "barrier": null,
        "entrance": null,
        "heritage": null,
        "website": null,
        "phone": null,
        "address": "808 High Road Leyton, London E10 6AE",
        "distanceToForestBoundaryMetres": 163.9
      }
    },
    {
      "type": "Feature",
      "id": "way/458736351",
      "geometry": {
        "type": "Point",
        "coordinates": [
          -0.012032,
          51.5730439
        ]
      },
      "properties": {
        "id": "way/458736351",
        "osmType": "way",
        "osmId": 458736351,
        "name": "Eagle Wines",
        "category": "convenience",
        "categoryLabel": "Convenience Store",
        "amenity": null,
        "shop": "convenience",
        "highway": null,
        "tourism": null,
        "historic": null,
        "railway": null,
        "barrier": null,
        "entrance": null,
        "heritage": null,
        "website": null,
        "phone": null,
        "address": "54 Capworth Street, London E10 7HA",
        "distanceToForestBoundaryMetres": 214.8
      }
    },
    {
      "type": "Feature",
      "id": "way/460135885",
      "geometry": {
        "type": "Point",
        "coordinates": [
          -0.0066223,
          51.5783129
        ]
      },
      "properties": {
        "id": "way/460135885",
        "osmType": "way",
        "osmId": 460135885,
        "name": "Quickpay",
        "category": "convenience",
        "categoryLabel": "Convenience Store",
        "amenity": null,
        "shop": "convenience",
        "highway": null,
        "tourism": null,
        "historic": null,
        "railway": null,
        "barrier": null,
        "entrance": null,
        "heritage": null,
        "website": null,
        "phone": null,
        "address": "766 Lea Bridge Road, London E17 9DN",
        "distanceToForestBoundaryMetres": 147.5
      }
    },
    {
      "type": "Feature",
      "id": "way/462698071",
      "geometry": {
        "type": "Point",
        "coordinates": [
          -0.0037751,
          51.5799945
        ]
      },
      "properties": {
        "id": "way/462698071",
        "osmType": "way",
        "osmId": 462698071,
        "name": "Sahan Market",
        "category": "convenience",
        "categoryLabel": "Convenience Store",
        "amenity": null,
        "shop": "convenience",
        "highway": null,
        "tourism": null,
        "historic": null,
        "railway": null,
        "barrier": null,
        "entrance": null,
        "heritage": null,
        "website": null,
        "phone": null,
        "address": "791-793 Lea Bridge Road, London E17 9DS",
        "distanceToForestBoundaryMetres": 180.6
      }
    },
    {
      "type": "Feature",
      "id": "way/462698080",
      "geometry": {
        "type": "Point",
        "coordinates": [
          -0.0040374,
          51.5798599
        ]
      },
      "properties": {
        "id": "way/462698080",
        "osmType": "way",
        "osmId": 462698080,
        "name": "Fluffy's Bakery Ltd",
        "category": "bakery",
        "categoryLabel": "Bakery",
        "amenity": null,
        "shop": "bakery",
        "highway": null,
        "tourism": null,
        "historic": null,
        "railway": null,
        "barrier": null,
        "entrance": null,
        "heritage": null,
        "website": null,
        "phone": null,
        "address": "787 Lea Bridge Road, London",
        "distanceToForestBoundaryMetres": 290.4
      }
    },
    {
      "type": "Feature",
      "id": "way/463210608",
      "geometry": {
        "type": "Point",
        "coordinates": [
          -0.0014983,
          51.5810082
        ]
      },
      "properties": {
        "id": "way/463210608",
        "osmType": "way",
        "osmId": 463210608,
        "name": "Uncle's Mini Market",
        "category": "convenience",
        "categoryLabel": "Convenience Store",
        "amenity": null,
        "shop": "convenience",
        "highway": null,
        "tourism": null,
        "historic": null,
        "railway": null,
        "barrier": null,
        "entrance": null,
        "heritage": null,
        "website": null,
        "phone": null,
        "address": "871 Lea Bridge Road, London E17 9DS",
        "distanceToForestBoundaryMetres": 285.9
      }
    },
    {
      "type": "Feature",
      "id": "way/468229910",
      "geometry": {
        "type": "Point",
        "coordinates": [
          -0.0012292,
          51.6066553
        ]
      },
      "properties": {
        "id": "way/468229910",
        "osmType": "way",
        "osmId": 468229910,
        "name": "Ali's Food & Wine",
        "category": "convenience",
        "categoryLabel": "Convenience Store",
        "amenity": null,
        "shop": "convenience",
        "highway": null,
        "tourism": null,
        "historic": null,
        "railway": null,
        "barrier": null,
        "entrance": null,
        "heritage": null,
        "website": null,
        "phone": null,
        "address": "27 Winchester Road, London E4 9LH",
        "distanceToForestBoundaryMetres": 287.4
      }
    },
    {
      "type": "Feature",
      "id": "way/468834936",
      "geometry": {
        "type": "Point",
        "coordinates": [
          -0.0015487,
          51.6069893
        ]
      },
      "properties": {
        "id": "way/468834936",
        "osmType": "way",
        "osmId": 468834936,
        "name": "Supermart",
        "category": "supermarket",
        "categoryLabel": "Supermarket",
        "amenity": null,
        "shop": "supermarket",
        "highway": null,
        "tourism": null,
        "historic": null,
        "railway": null,
        "barrier": null,
        "entrance": null,
        "heritage": null,
        "website": null,
        "phone": null,
        "address": "2-8 Winchester Road, London",
        "distanceToForestBoundaryMetres": 289.9
      }
    },
    {
      "type": "Feature",
      "id": "way/507095517",
      "geometry": {
        "type": "Point",
        "coordinates": [
          0.0081706,
          51.5609582
        ]
      },
      "properties": {
        "id": "way/507095517",
        "osmType": "way",
        "osmId": 507095517,
        "name": "Tesco Express",
        "category": "convenience",
        "categoryLabel": "Convenience Store",
        "amenity": null,
        "shop": "convenience",
        "highway": null,
        "tourism": null,
        "historic": null,
        "railway": null,
        "barrier": null,
        "entrance": null,
        "heritage": null,
        "website": "https://www.tesco.com/store-locator/london/567-569-high-rd",
        "phone": null,
        "address": "567-569 High Road Leytonstone, London E11 4PB",
        "distanceToForestBoundaryMetres": 290.3
      }
    },
    {
      "type": "Feature",
      "id": "way/507646202",
      "geometry": {
        "type": "Point",
        "coordinates": [
          0.0073627,
          51.5600712
        ]
      },
      "properties": {
        "id": "way/507646202",
        "osmType": "way",
        "osmId": 507646202,
        "name": "Costcutter",
        "category": "convenience",
        "categoryLabel": "Convenience Store",
        "amenity": null,
        "shop": "convenience",
        "highway": null,
        "tourism": null,
        "historic": null,
        "railway": null,
        "barrier": null,
        "entrance": null,
        "heritage": null,
        "website": null,
        "phone": null,
        "address": "509-515 High Road Leytonstone, London E11 4PA",
        "distanceToForestBoundaryMetres": 251.3
      }
    },
    {
      "type": "Feature",
      "id": "way/507646218",
      "geometry": {
        "type": "Point",
        "coordinates": [
          0.0071146,
          51.5595476
        ]
      },
      "properties": {
        "id": "way/507646218",
        "osmType": "way",
        "osmId": 507646218,
        "name": "Spices of Malabar",
        "category": "supermarket",
        "categoryLabel": "Supermarket",
        "amenity": null,
        "shop": "supermarket",
        "highway": null,
        "tourism": null,
        "historic": null,
        "railway": null,
        "barrier": null,
        "entrance": null,
        "heritage": null,
        "website": null,
        "phone": null,
        "address": "505 High Road Leytonstone, London E11 4PG",
        "distanceToForestBoundaryMetres": 191.5
      }
    },
    {
      "type": "Feature",
      "id": "way/507944144",
      "geometry": {
        "type": "Point",
        "coordinates": [
          0.0063096,
          51.557435
        ]
      },
      "properties": {
        "id": "way/507944144",
        "osmType": "way",
        "osmId": 507944144,
        "name": "Express Food Centre",
        "category": "convenience",
        "categoryLabel": "Convenience Store",
        "amenity": null,
        "shop": "convenience",
        "highway": null,
        "tourism": null,
        "historic": null,
        "railway": null,
        "barrier": null,
        "entrance": null,
        "heritage": null,
        "website": null,
        "phone": null,
        "address": "421-423 High Road Leytonstone, London E11 4JU",
        "distanceToForestBoundaryMetres": 58.4
      }
    },
    {
      "type": "Feature",
      "id": "way/507944161",
      "geometry": {
        "type": "Point",
        "coordinates": [
          0.0066819,
          51.5580417
        ]
      },
      "properties": {
        "id": "way/507944161",
        "osmType": "way",
        "osmId": 507944161,
        "name": "Corner Food & Wine",
        "category": "convenience",
        "categoryLabel": "Convenience Store",
        "amenity": null,
        "shop": "convenience",
        "highway": null,
        "tourism": null,
        "historic": null,
        "railway": null,
        "barrier": null,
        "entrance": null,
        "heritage": null,
        "website": null,
        "phone": null,
        "address": "459-461 High Road Leytonstone, London E11 4JU",
        "distanceToForestBoundaryMetres": 26.5
      }
    },
    {
      "type": "Feature",
      "id": "way/509105867",
      "geometry": {
        "type": "Point",
        "coordinates": [
          0.0102001,
          51.5641396
        ]
      },
      "properties": {
        "id": "way/509105867",
        "osmType": "way",
        "osmId": 509105867,
        "name": "International Food Centre",
        "category": "convenience",
        "categoryLabel": "Convenience Store",
        "amenity": null,
        "shop": "convenience",
        "highway": null,
        "tourism": null,
        "historic": null,
        "railway": null,
        "barrier": null,
        "entrance": null,
        "heritage": null,
        "website": null,
        "phone": null,
        "address": "558 High Road Leytonstone, London E11 3DH",
        "distanceToForestBoundaryMetres": 288.2
      }
    },
    {
      "type": "Feature",
      "id": "way/509105868",
      "geometry": {
        "type": "Point",
        "coordinates": [
          0.0101951,
          51.564076
        ]
      },
      "properties": {
        "id": "way/509105868",
        "osmType": "way",
        "osmId": 509105868,
        "name": "Nisa Local",
        "category": "convenience",
        "categoryLabel": "Convenience Store",
        "amenity": null,
        "shop": "convenience",
        "highway": null,
        "tourism": null,
        "historic": null,
        "railway": null,
        "barrier": null,
        "entrance": null,
        "heritage": null,
        "website": null,
        "phone": null,
        "address": "556 High Road Leytonstone, London E11 3DH",
        "distanceToForestBoundaryMetres": 289.3
      }
    },
    {
      "type": "Feature",
      "id": "way/511169028",
      "geometry": {
        "type": "Point",
        "coordinates": [
          0.0129104,
          51.5694526
        ]
      },
      "properties": {
        "id": "way/511169028",
        "osmType": "way",
        "osmId": 511169028,
        "name": "La Mariana",
        "category": "deli",
        "categoryLabel": "Deli",
        "amenity": null,
        "shop": "deli",
        "highway": null,
        "tourism": null,
        "historic": null,
        "railway": null,
        "barrier": null,
        "entrance": null,
        "heritage": null,
        "website": null,
        "phone": null,
        "address": "704 High Road Leytonstone, London E11 3AJ",
        "distanceToForestBoundaryMetres": 286.9
      }
    },
    {
      "type": "Feature",
      "id": "way/511261630",
      "geometry": {
        "type": "Point",
        "coordinates": [
          0.0141401,
          51.5701049
        ]
      },
      "properties": {
        "id": "way/511261630",
        "osmType": "way",
        "osmId": 511261630,
        "name": "Quick Pick Supermarket",
        "category": "convenience",
        "categoryLabel": "Convenience Store",
        "amenity": null,
        "shop": "convenience",
        "highway": null,
        "tourism": null,
        "historic": null,
        "railway": null,
        "barrier": null,
        "entrance": null,
        "heritage": null,
        "website": null,
        "phone": null,
        "address": "736 High Road Leytonstone, London E11 3AW",
        "distanceToForestBoundaryMetres": 289.0
      }
    },
    {
      "type": "Feature",
      "id": "way/550432139",
      "geometry": {
        "type": "Point",
        "coordinates": [
          -0.015159,
          51.603355
        ]
      },
      "properties": {
        "id": "way/550432139",
        "osmType": "way",
        "osmId": 550432139,
        "name": "Hugs w Mugs Store",
        "category": "convenience",
        "categoryLabel": "Convenience Store",
        "amenity": null,
        "shop": "convenience",
        "highway": null,
        "tourism": null,
        "historic": null,
        "railway": null,
        "barrier": null,
        "entrance": null,
        "heritage": null,
        "website": null,
        "phone": null,
        "address": "64 Parade Gardens, London E4 8DF",
        "distanceToForestBoundaryMetres": 165.5
      }
    },
    {
      "type": "Feature",
      "id": "way/595097793",
      "geometry": {
        "type": "Point",
        "coordinates": [
          0.0268457,
          51.5753822
        ]
      },
      "properties": {
        "id": "way/595097793",
        "osmType": "way",
        "osmId": 595097793,
        "name": "Best-one",
        "category": "convenience",
        "categoryLabel": "Convenience Store",
        "amenity": null,
        "shop": "convenience",
        "highway": null,
        "tourism": null,
        "historic": null,
        "railway": null,
        "barrier": null,
        "entrance": null,
        "heritage": null,
        "website": null,
        "phone": null,
        "address": "15 Cambridge Park, London",
        "distanceToForestBoundaryMetres": 207.7
      }
    },
    {
      "type": "Feature",
      "id": "way/623521857",
      "geometry": {
        "type": "Point",
        "coordinates": [
          0.0041163,
          51.5762888
        ]
      },
      "properties": {
        "id": "way/623521857",
        "osmType": "way",
        "osmId": 623521857,
        "name": "M&S Simply Food",
        "category": "convenience",
        "categoryLabel": "Convenience Store",
        "amenity": null,
        "shop": "convenience",
        "highway": null,
        "tourism": null,
        "historic": null,
        "railway": null,
        "barrier": null,
        "entrance": null,
        "heritage": null,
        "website": "https://www.marksandspencer.com/stores/whipps-bart-cross-nhs-hospital-873",
        "phone": "+44 20 8539 5340",
        "address": "Whipps Cross Road, London E11 1NR",
        "distanceToForestBoundaryMetres": 290.6
      }
    },
    {
      "type": "Feature",
      "id": "way/681581505",
      "geometry": {
        "type": "Point",
        "coordinates": [
          0.0002366,
          51.6079003
        ]
      },
      "properties": {
        "id": "way/681581505",
        "osmType": "way",
        "osmId": 681581505,
        "name": "Highams Park Express",
        "category": "supermarket",
        "categoryLabel": "Supermarket",
        "amenity": null,
        "shop": "supermarket",
        "highway": null,
        "tourism": null,
        "historic": null,
        "railway": null,
        "barrier": null,
        "entrance": null,
        "heritage": null,
        "website": null,
        "phone": null,
        "address": "6-8 The Avenue, London",
        "distanceToForestBoundaryMetres": 288.3
      }
    },
    {
      "type": "Feature",
      "id": "way/681581514",
      "geometry": {
        "type": "Point",
        "coordinates": [
          0.0008797,
          51.6072347
        ]
      },
      "properties": {
        "id": "way/681581514",
        "osmType": "way",
        "osmId": 681581514,
        "name": "Meg\u2019s Food And Wine",
        "category": "supermarket",
        "categoryLabel": "Supermarket",
        "amenity": null,
        "shop": "supermarket",
        "highway": null,
        "tourism": null,
        "historic": null,
        "railway": null,
        "barrier": null,
        "entrance": null,
        "heritage": null,
        "website": null,
        "phone": null,
        "address": "416 Hale End Road",
        "distanceToForestBoundaryMetres": 244.8
      }
    },
    {
      "type": "Feature",
      "id": "way/681832858",
      "geometry": {
        "type": "Point",
        "coordinates": [
          0.0020344,
          51.6033265
        ]
      },
      "properties": {
        "id": "way/681832858",
        "osmType": "way",
        "osmId": 681832858,
        "name": "SnS local",
        "category": "convenience",
        "categoryLabel": "Convenience Store",
        "amenity": null,
        "shop": "convenience",
        "highway": null,
        "tourism": null,
        "historic": null,
        "railway": null,
        "barrier": null,
        "entrance": null,
        "heritage": null,
        "website": null,
        "phone": null,
        "address": "281-283 Hale End Road, Woodford Green IG8 9LU",
        "distanceToForestBoundaryMetres": 287.5
      }
    },
    {
      "type": "Feature",
      "id": "way/685459484",
      "geometry": {
        "type": "Point",
        "coordinates": [
          -0.0163495,
          51.6055329
        ]
      },
      "properties": {
        "id": "way/685459484",
        "osmType": "way",
        "osmId": 685459484,
        "name": "Local Express",
        "category": "convenience",
        "categoryLabel": "Convenience Store",
        "amenity": null,
        "shop": "convenience",
        "highway": null,
        "tourism": null,
        "historic": null,
        "railway": null,
        "barrier": null,
        "entrance": null,
        "heritage": null,
        "website": null,
        "phone": null,
        "address": "31 Rowden Park Gardens Chingford Road, London E4 8SB",
        "distanceToForestBoundaryMetres": 72.8
      }
    },
    {
      "type": "Feature",
      "id": "way/694986319",
      "geometry": {
        "type": "Point",
        "coordinates": [
          -0.0081669,
          51.5717912
        ]
      },
      "properties": {
        "id": "way/694986319",
        "osmType": "way",
        "osmId": 694986319,
        "name": "Sajid Food Store",
        "category": "butcher",
        "categoryLabel": "Butcher",
        "amenity": null,
        "shop": "butcher",
        "highway": null,
        "tourism": null,
        "historic": null,
        "railway": null,
        "barrier": null,
        "entrance": null,
        "heritage": null,
        "website": null,
        "phone": null,
        "address": "704 High Road Leyton, London E10 6JP",
        "distanceToForestBoundaryMetres": 216.1
      }
    },
    {
      "type": "Feature",
      "id": "way/696359437",
      "geometry": {
        "type": "Point",
        "coordinates": [
          0.0109362,
          51.5588011
        ]
      },
      "properties": {
        "id": "way/696359437",
        "osmType": "way",
        "osmId": 696359437,
        "name": "Jay's Newsagent",
        "category": "convenience",
        "categoryLabel": "Convenience Store",
        "amenity": null,
        "shop": "convenience",
        "highway": null,
        "tourism": null,
        "historic": null,
        "railway": null,
        "barrier": null,
        "entrance": null,
        "heritage": null,
        "website": null,
        "phone": null,
        "address": "106 Woodhouse Road, London E11 3NA",
        "distanceToForestBoundaryMetres": 290.8
      }
    },
    {
      "type": "Feature",
      "id": "way/717845590",
      "geometry": {
        "type": "Point",
        "coordinates": [
          0.0660159,
          51.6558093
        ]
      },
      "properties": {
        "id": "way/717845590",
        "osmType": "way",
        "osmId": 717845590,
        "name": "Lidl",
        "category": "supermarket",
        "categoryLabel": "Supermarket",
        "amenity": null,
        "shop": "supermarket",
        "highway": null,
        "tourism": null,
        "historic": null,
        "railway": null,
        "barrier": null,
        "entrance": null,
        "heritage": null,
        "website": "https://www.lidl.co.uk/s/en-GB/store-finder/loughton/church-hill/",
        "phone": null,
        "address": "140 Church Hill, Loughton IG10 1LH",
        "distanceToForestBoundaryMetres": 164.5
      }
    },
    {
      "type": "Feature",
      "id": "way/717846043",
      "geometry": {
        "type": "Point",
        "coordinates": [
          0.0662854,
          51.6549179
        ]
      },
      "properties": {
        "id": "way/717846043",
        "osmType": "way",
        "osmId": 717846043,
        "name": "Sainsbury's Local",
        "category": "convenience",
        "categoryLabel": "Convenience Store",
        "amenity": null,
        "shop": "convenience",
        "highway": null,
        "tourism": null,
        "historic": null,
        "railway": null,
        "barrier": null,
        "entrance": null,
        "heritage": null,
        "website": "https://stores.sainsburys.co.uk/6490/loughton-church-hill-local",
        "phone": "+44 330 013 7794",
        "address": null,
        "distanceToForestBoundaryMetres": 249.1
      }
    },
    {
      "type": "Feature",
      "id": "way/849701055",
      "geometry": {
        "type": "Point",
        "coordinates": [
          0.0086346,
          51.6328972
        ]
      },
      "properties": {
        "id": "way/849701055",
        "osmType": "way",
        "osmId": 849701055,
        "name": "Morrisons Daily",
        "category": "convenience",
        "categoryLabel": "Convenience Store",
        "amenity": null,
        "shop": "convenience",
        "highway": null,
        "tourism": null,
        "historic": null,
        "railway": null,
        "barrier": null,
        "entrance": null,
        "heritage": null,
        "website": "https://my.morrisons.com/storefinder/66711/martins-chingford-149-station-road",
        "phone": null,
        "address": "149 Station Road, London E4 6AG",
        "distanceToForestBoundaryMetres": 290.7
      }
    },
    {
      "type": "Feature",
      "id": "way/883871119",
      "geometry": {
        "type": "Point",
        "coordinates": [
          0.0187846,
          51.5572643
        ]
      },
      "properties": {
        "id": "way/883871119",
        "osmType": "way",
        "osmId": 883871119,
        "name": "Dames Food Store",
        "category": "convenience",
        "categoryLabel": "Convenience Store",
        "amenity": null,
        "shop": "convenience",
        "highway": null,
        "tourism": null,
        "historic": null,
        "railway": null,
        "barrier": null,
        "entrance": null,
        "heritage": null,
        "website": null,
        "phone": null,
        "address": "215 Dames Road, London E7 0EA",
        "distanceToForestBoundaryMetres": 167.0
      }
    },
    {
      "type": "Feature",
      "id": "way/887798490",
      "geometry": {
        "type": "Point",
        "coordinates": [
          0.0230831,
          51.5542264
        ]
      },
      "properties": {
        "id": "way/887798490",
        "osmType": "way",
        "osmId": 887798490,
        "name": "Forest Food & Wine",
        "category": "convenience",
        "categoryLabel": "Convenience Store",
        "amenity": null,
        "shop": "convenience",
        "highway": null,
        "tourism": null,
        "historic": null,
        "railway": null,
        "barrier": null,
        "entrance": null,
        "heritage": null,
        "website": null,
        "phone": null,
        "address": "76-78 Dames Road, London E7 0DW",
        "distanceToForestBoundaryMetres": 280.6
      }
    },
    {
      "type": "Feature",
      "id": "way/907872616",
      "geometry": {
        "type": "Point",
        "coordinates": [
          0.0309274,
          51.6247013
        ]
      },
      "properties": {
        "id": "way/907872616",
        "osmType": "way",
        "osmId": 907872616,
        "name": "Select",
        "category": "convenience",
        "categoryLabel": "Convenience Store",
        "amenity": null,
        "shop": "convenience",
        "highway": null,
        "tourism": null,
        "historic": null,
        "railway": null,
        "barrier": null,
        "entrance": null,
        "heritage": null,
        "website": null,
        "phone": null,
        "address": null,
        "distanceToForestBoundaryMetres": 234.9
      }
    },
    {
      "type": "Feature",
      "id": "way/916682838",
      "geometry": {
        "type": "Point",
        "coordinates": [
          -0.0008391,
          51.6073693
        ]
      },
      "properties": {
        "id": "way/916682838",
        "osmType": "way",
        "osmId": 916682838,
        "name": "Greek on Broadway",
        "category": "bakery",
        "categoryLabel": "Bakery",
        "amenity": null,
        "shop": "bakery",
        "highway": null,
        "tourism": null,
        "historic": null,
        "railway": null,
        "barrier": null,
        "entrance": null,
        "heritage": null,
        "website": null,
        "phone": null,
        "address": "9 The Broadway",
        "distanceToForestBoundaryMetres": 290.0
      }
    },
    {
      "type": "Feature",
      "id": "way/926257246",
      "geometry": {
        "type": "Point",
        "coordinates": [
          0.0040603,
          51.6185303
        ]
      },
      "properties": {
        "id": "way/926257246",
        "osmType": "way",
        "osmId": 926257246,
        "name": "G\u00fcl\u00fczar Hatch Lane Food Centre",
        "category": "supermarket",
        "categoryLabel": "Supermarket",
        "amenity": null,
        "shop": "supermarket",
        "highway": null,
        "tourism": null,
        "historic": null,
        "railway": null,
        "barrier": null,
        "entrance": null,
        "heritage": null,
        "website": null,
        "phone": null,
        "address": "39-43 Hatch Lane",
        "distanceToForestBoundaryMetres": 77.2
      }
    },
    {
      "type": "Feature",
      "id": "way/926312504",
      "geometry": {
        "type": "Point",
        "coordinates": [
          0.0055899,
          51.6191338
        ]
      },
      "properties": {
        "id": "way/926312504",
        "osmType": "way",
        "osmId": 926312504,
        "name": "Co-op Food",
        "category": "convenience",
        "categoryLabel": "Convenience Store",
        "amenity": null,
        "shop": "convenience",
        "highway": null,
        "tourism": null,
        "historic": null,
        "railway": null,
        "barrier": null,
        "entrance": null,
        "heritage": null,
        "website": "https://www.coop.co.uk/store-finder/E4-6LQ/16-hatch-lane",
        "phone": null,
        "address": "Hatch Lane, London E4 6LQ",
        "distanceToForestBoundaryMetres": 233.5
      }
    },
    {
      "type": "Feature",
      "id": "way/926319494",
      "geometry": {
        "type": "Point",
        "coordinates": [
          0.0068845,
          51.6190573
        ]
      },
      "properties": {
        "id": "way/926319494",
        "osmType": "way",
        "osmId": 926319494,
        "name": "Laws the Bakers",
        "category": "bakery",
        "categoryLabel": "Bakery",
        "amenity": null,
        "shop": "bakery",
        "highway": null,
        "tourism": null,
        "historic": null,
        "railway": null,
        "barrier": null,
        "entrance": null,
        "heritage": null,
        "website": null,
        "phone": null,
        "address": "46 Hatch Lane, London E4 6LQ",
        "distanceToForestBoundaryMetres": 145.4
      }
    },
    {
      "type": "Feature",
      "id": "way/927797175",
      "geometry": {
        "type": "Point",
        "coordinates": [
          0.0030695,
          51.6311125
        ]
      },
      "properties": {
        "id": "way/927797175",
        "osmType": "way",
        "osmId": 927797175,
        "name": "Shaws Quality Butchers",
        "category": "butcher",
        "categoryLabel": "Butcher",
        "amenity": null,
        "shop": "butcher",
        "highway": null,
        "tourism": null,
        "historic": null,
        "railway": null,
        "barrier": null,
        "entrance": null,
        "heritage": null,
        "website": "https://www.shawsqualitybutchers.co.uk/",
        "phone": null,
        "address": "29 Station Road, London E4 7BJ",
        "distanceToForestBoundaryMetres": 103.0
      }
    },
    {
      "type": "Feature",
      "id": "way/927797180",
      "geometry": {
        "type": "Point",
        "coordinates": [
          0.0028734,
          51.631053
        ]
      },
      "properties": {
        "id": "way/927797180",
        "osmType": "way",
        "osmId": 927797180,
        "name": "Premier",
        "category": "convenience",
        "categoryLabel": "Convenience Store",
        "amenity": null,
        "shop": "convenience",
        "highway": null,
        "tourism": null,
        "historic": null,
        "railway": null,
        "barrier": null,
        "entrance": null,
        "heritage": null,
        "website": "https://www.premier-stores.co.uk/our-stores/paradise-stores-0",
        "phone": null,
        "address": "23 Station Road, London E4 7BJ",
        "distanceToForestBoundaryMetres": 291.0
      }
    },
    {
      "type": "Feature",
      "id": "way/934655896",
      "geometry": {
        "type": "Point",
        "coordinates": [
          0.0048532,
          51.6320372
        ]
      },
      "properties": {
        "id": "way/934655896",
        "osmType": "way",
        "osmId": 934655896,
        "name": "Tesco Express",
        "category": "convenience",
        "categoryLabel": "Convenience Store",
        "amenity": null,
        "shop": "convenience",
        "highway": null,
        "tourism": null,
        "historic": null,
        "railway": null,
        "barrier": null,
        "entrance": null,
        "heritage": null,
        "website": "https://www.tesco.com/store-locator/london/28-30-station-rd",
        "phone": null,
        "address": "28-30 Station Road, London E4 7BE",
        "distanceToForestBoundaryMetres": 257.0
      }
    },
    {
      "type": "Feature",
      "id": "way/934655905",
      "geometry": {
        "type": "Point",
        "coordinates": [
          0.0055179,
          51.6321848
        ]
      },
      "properties": {
        "id": "way/934655905",
        "osmType": "way",
        "osmId": 934655905,
        "name": "Wesley Matthew",
        "category": "convenience",
        "categoryLabel": "Convenience Store",
        "amenity": "fast_food",
        "shop": "convenience",
        "highway": null,
        "tourism": null,
        "historic": null,
        "railway": null,
        "barrier": null,
        "entrance": null,
        "heritage": null,
        "website": null,
        "phone": null,
        "address": "46 Station Road",
        "distanceToForestBoundaryMetres": 270.9
      }
    },
    {
      "type": "Feature",
      "id": "way/963306611",
      "geometry": {
        "type": "Point",
        "coordinates": [
          0.0464116,
          51.5526569
        ]
      },
      "properties": {
        "id": "way/963306611",
        "osmType": "way",
        "osmId": 963306611,
        "name": "S S Supermarket",
        "category": "convenience",
        "categoryLabel": "Convenience Store",
        "amenity": null,
        "shop": "convenience",
        "highway": null,
        "tourism": null,
        "historic": null,
        "railway": null,
        "barrier": null,
        "entrance": null,
        "heritage": null,
        "website": null,
        "phone": null,
        "address": "63 Station Road, London E12 5BP",
        "distanceToForestBoundaryMetres": 281.7
      }
    },
    {
      "type": "Feature",
      "id": "way/975959125",
      "geometry": {
        "type": "Point",
        "coordinates": [
          0.0254821,
          51.5527113
        ]
      },
      "properties": {
        "id": "way/975959125",
        "osmType": "way",
        "osmId": 975959125,
        "name": "Zaga Supermarket",
        "category": "convenience",
        "categoryLabel": "Convenience Store",
        "amenity": null,
        "shop": "convenience",
        "highway": null,
        "tourism": null,
        "historic": null,
        "railway": null,
        "barrier": null,
        "entrance": null,
        "heritage": null,
        "website": null,
        "phone": null,
        "address": "12-14 Woodford Road, London E7 0HA",
        "distanceToForestBoundaryMetres": 278.5
      }
    },
    {
      "type": "Feature",
      "id": "way/1037956266",
      "geometry": {
        "type": "Point",
        "coordinates": [
          0.0310897,
          51.5635659
        ]
      },
      "properties": {
        "id": "way/1037956266",
        "osmType": "way",
        "osmId": 1037956266,
        "name": "Brading Food & Wine",
        "category": "convenience",
        "categoryLabel": "Convenience Store",
        "amenity": null,
        "shop": "convenience",
        "highway": null,
        "tourism": null,
        "historic": null,
        "railway": null,
        "barrier": null,
        "entrance": null,
        "heritage": null,
        "website": null,
        "phone": null,
        "address": "130 Brading Crescent, London E11 3RS",
        "distanceToForestBoundaryMetres": 233.0
      }
    },
    {
      "type": "Feature",
      "id": "way/1059063367",
      "geometry": {
        "type": "Point",
        "coordinates": [
          0.0334542,
          51.5622635
        ]
      },
      "properties": {
        "id": "way/1059063367",
        "osmType": "way",
        "osmId": 1059063367,
        "name": "Asda Express",
        "category": "convenience",
        "categoryLabel": "Convenience Store",
        "amenity": null,
        "shop": "convenience",
        "highway": null,
        "tourism": null,
        "historic": null,
        "railway": null,
        "barrier": null,
        "entrance": null,
        "heritage": null,
        "website": null,
        "phone": null,
        "address": "19 Aldersbrook Road, London E12 5HH",
        "distanceToForestBoundaryMetres": 281.3
      }
    },
    {
      "type": "Feature",
      "id": "way/1084607142",
      "geometry": {
        "type": "Point",
        "coordinates": [
          0.0258909,
          51.5787055
        ]
      },
      "properties": {
        "id": "way/1084607142",
        "osmType": "way",
        "osmId": 1084607142,
        "name": "GAIL's",
        "category": "bakery",
        "categoryLabel": "Bakery",
        "amenity": null,
        "shop": "bakery",
        "highway": null,
        "tourism": null,
        "historic": null,
        "railway": null,
        "barrier": null,
        "entrance": null,
        "heritage": null,
        "website": "https://gails.com/pages/wanstead",
        "phone": "+44 20 8530 0598",
        "address": "55-57 High Street, London E11 2AE",
        "distanceToForestBoundaryMetres": 150.8
      }
    },
    {
      "type": "Feature",
      "id": "way/1184841650",
      "geometry": {
        "type": "Point",
        "coordinates": [
          0.0237788,
          51.5800642
        ]
      },
      "properties": {
        "id": "way/1184841650",
        "osmType": "way",
        "osmId": 1184841650,
        "name": "Daniyals",
        "category": "greengrocer",
        "categoryLabel": "Greengrocer",
        "amenity": null,
        "shop": "greengrocer",
        "highway": null,
        "tourism": null,
        "historic": null,
        "railway": null,
        "barrier": null,
        "entrance": null,
        "heritage": null,
        "website": null,
        "phone": null,
        "address": "5 High Street, London E11 2AA",
        "distanceToForestBoundaryMetres": 115.7
      }
    },
    {
      "type": "Feature",
      "id": "way/1184841660",
      "geometry": {
        "type": "Point",
        "coordinates": [
          0.0246066,
          51.5795347
        ]
      },
      "properties": {
        "id": "way/1184841660",
        "osmType": "way",
        "osmId": 1184841660,
        "name": "7 to Eleven Offy",
        "category": "convenience",
        "categoryLabel": "Convenience Store",
        "amenity": null,
        "shop": "convenience",
        "highway": null,
        "tourism": null,
        "historic": null,
        "railway": null,
        "barrier": null,
        "entrance": null,
        "heritage": null,
        "website": null,
        "phone": null,
        "address": "29 High Street, London E11 2AA",
        "distanceToForestBoundaryMetres": 83.5
      }
    },
    {
      "type": "Feature",
      "id": "way/1329953393",
      "geometry": {
        "type": "Point",
        "coordinates": [
          -0.0087752,
          51.573021
        ]
      },
      "properties": {
        "id": "way/1329953393",
        "osmType": "way",
        "osmId": 1329953393,
        "name": "New Wave Super Market",
        "category": "convenience",
        "categoryLabel": "Convenience Store",
        "amenity": null,
        "shop": "convenience",
        "highway": null,
        "tourism": null,
        "historic": null,
        "railway": null,
        "barrier": null,
        "entrance": null,
        "heritage": null,
        "website": null,
        "phone": null,
        "address": "743-745 High Road Leyton, London E10 5AB",
        "distanceToForestBoundaryMetres": 73.1
      }
    },
    {
      "type": "Feature",
      "id": "way/1351829023",
      "geometry": {
        "type": "Point",
        "coordinates": [
          0.0270061,
          51.5775868
        ]
      },
      "properties": {
        "id": "way/1351829023",
        "osmType": "way",
        "osmId": 1351829023,
        "name": "Co-op Food",
        "category": "supermarket",
        "categoryLabel": "Supermarket",
        "amenity": null,
        "shop": "supermarket",
        "highway": null,
        "tourism": null,
        "historic": null,
        "railway": null,
        "barrier": null,
        "entrance": null,
        "heritage": null,
        "website": "https://www.coop.co.uk/store-finder/E11-2AE/87-high-street",
        "phone": null,
        "address": "87 High Street, London E11 2AE",
        "distanceToForestBoundaryMetres": 269.6
      }
    },
    {
      "type": "Feature",
      "id": "way/1351840823",
      "geometry": {
        "type": "Point",
        "coordinates": [
          0.0262385,
          51.5783621
        ]
      },
      "properties": {
        "id": "way/1351840823",
        "osmType": "way",
        "osmId": 1351840823,
        "name": "D\u2019Vine Nature",
        "category": "convenience",
        "categoryLabel": "Convenience Store",
        "amenity": null,
        "shop": "convenience",
        "highway": null,
        "tourism": null,
        "historic": null,
        "railway": null,
        "barrier": null,
        "entrance": null,
        "heritage": null,
        "website": null,
        "phone": null,
        "address": "High Street, London E11 2AE",
        "distanceToForestBoundaryMetres": 183.4
      }
    },
    {
      "type": "Feature",
      "id": "way/1351840827",
      "geometry": {
        "type": "Point",
        "coordinates": [
          0.0261671,
          51.578537
        ]
      },
      "properties": {
        "id": "way/1351840827",
        "osmType": "way",
        "osmId": 1351840827,
        "name": "Tesco Express",
        "category": "convenience",
        "categoryLabel": "Convenience Store",
        "amenity": null,
        "shop": "convenience",
        "highway": null,
        "tourism": null,
        "historic": null,
        "railway": null,
        "barrier": null,
        "entrance": null,
        "heritage": null,
        "website": "https://www.tesco.com/store-locator/london/65-67-high-st",
        "phone": null,
        "address": "65-67 High Street, London E11 2AA",
        "distanceToForestBoundaryMetres": 173.2
      }
    },
    {
      "type": "Feature",
      "id": "way/1361995225",
      "geometry": {
        "type": "Point",
        "coordinates": [
          0.0283366,
          51.5812484
        ]
      },
      "properties": {
        "id": "way/1361995225",
        "osmType": "way",
        "osmId": 1361995225,
        "name": "Nightingale Village Store",
        "category": "convenience",
        "categoryLabel": "Convenience Store",
        "amenity": null,
        "shop": "convenience",
        "highway": null,
        "tourism": null,
        "historic": null,
        "railway": null,
        "barrier": null,
        "entrance": null,
        "heritage": null,
        "website": null,
        "phone": null,
        "address": "86 Nightingale Lane, London E11 2EZ",
        "distanceToForestBoundaryMetres": 35.7
      }
    },
    {
      "type": "Feature",
      "id": "way/1362344090",
      "geometry": {
        "type": "Point",
        "coordinates": [
          0.0252478,
          51.5786216
        ]
      },
      "properties": {
        "id": "way/1362344090",
        "osmType": "way",
        "osmId": 1362344090,
        "name": "Krishanco",
        "category": "convenience",
        "categoryLabel": "Convenience Store",
        "amenity": null,
        "shop": "convenience",
        "highway": null,
        "tourism": null,
        "historic": null,
        "railway": null,
        "barrier": null,
        "entrance": null,
        "heritage": null,
        "website": null,
        "phone": null,
        "address": "12 High Street, London E11 2AJ",
        "distanceToForestBoundaryMetres": 109.5
      }
    },
    {
      "type": "Feature",
      "id": "way/1460292491",
      "geometry": {
        "type": "Point",
        "coordinates": [
          0.0426812,
          51.5586914
        ]
      },
      "properties": {
        "id": "way/1460292491",
        "osmType": "way",
        "osmId": 1460292491,
        "name": "Tesco Express",
        "category": "convenience",
        "categoryLabel": "Convenience Store",
        "amenity": null,
        "shop": "convenience",
        "highway": null,
        "tourism": null,
        "historic": null,
        "railway": null,
        "barrier": null,
        "entrance": null,
        "heritage": null,
        "website": null,
        "phone": null,
        "address": "89 Aldersbrook Road, London E12 5DG",
        "distanceToForestBoundaryMetres": 285.6
      }
    },
    {
      "type": "Feature",
      "id": "node/312559592",
      "geometry": {
        "type": "Point",
        "coordinates": [
          0.0091763,
          51.554592
        ]
      },
      "properties": {
        "id": "node/312559592",
        "osmType": "node",
        "osmId": 312559592,
        "name": "Cascais Delicatessen",
        "category": "deli",
        "categoryLabel": "Deli",
        "amenity": null,
        "shop": "deli",
        "highway": null,
        "tourism": null,
        "historic": null,
        "railway": null,
        "barrier": null,
        "entrance": null,
        "heritage": null,
        "website": null,
        "phone": null,
        "address": "78 Cann Hall Road, London E11 3JF",
        "distanceToForestBoundaryMetres": 394.0
      }
    },
    {
      "type": "Feature",
      "id": "node/533984648",
      "geometry": {
        "type": "Point",
        "coordinates": [
          0.111318,
          51.698764
        ]
      },
      "properties": {
        "id": "node/533984648",
        "osmType": "node",
        "osmId": 533984648,
        "name": "Epping Sandwich Bar & Bakery",
        "category": "bakery",
        "categoryLabel": "Bakery",
        "amenity": "fast_food",
        "shop": "bakery",
        "highway": null,
        "tourism": null,
        "historic": null,
        "railway": null,
        "barrier": null,
        "entrance": null,
        "heritage": null,
        "website": null,
        "phone": null,
        "address": "166 High Street, Epping CM16 4AQ",
        "distanceToForestBoundaryMetres": 454.4
      }
    },
    {
      "type": "Feature",
      "id": "node/1091540389",
      "geometry": {
        "type": "Point",
        "coordinates": [
          0.0331615,
          51.5959007
        ]
      },
      "properties": {
        "id": "node/1091540389",
        "osmType": "node",
        "osmId": 1091540389,
        "name": "Food and Wine",
        "category": "convenience",
        "categoryLabel": "Convenience Store",
        "amenity": null,
        "shop": "convenience",
        "highway": null,
        "tourism": null,
        "historic": null,
        "railway": null,
        "barrier": null,
        "entrance": null,
        "heritage": null,
        "website": null,
        "phone": null,
        "address": null,
        "distanceToForestBoundaryMetres": 466.1
      }
    },
    {
      "type": "Feature",
      "id": "node/1094597192",
      "geometry": {
        "type": "Point",
        "coordinates": [
          0.0284581,
          51.5912019
        ]
      },
      "properties": {
        "id": "node/1094597192",
        "osmType": "node",
        "osmId": 1094597192,
        "name": "Woodford News",
        "category": "convenience",
        "categoryLabel": "Convenience Store",
        "amenity": null,
        "shop": "convenience",
        "highway": null,
        "tourism": null,
        "historic": null,
        "railway": null,
        "barrier": null,
        "entrance": null,
        "heritage": null,
        "website": null,
        "phone": null,
        "address": null,
        "distanceToForestBoundaryMetres": 466.2
      }
    },
    {
      "type": "Feature",
      "id": "node/1094597197",
      "geometry": {
        "type": "Point",
        "coordinates": [
          0.0278743,
          51.5916849
        ]
      },
      "properties": {
        "id": "node/1094597197",
        "osmType": "node",
        "osmId": 1094597197,
        "name": "Village Convenience Store",
        "category": "convenience",
        "categoryLabel": "Convenience Store",
        "amenity": null,
        "shop": "convenience",
        "highway": null,
        "tourism": null,
        "historic": null,
        "railway": null,
        "barrier": null,
        "entrance": null,
        "heritage": null,
        "website": null,
        "phone": null,
        "address": "82 George Lane",
        "distanceToForestBoundaryMetres": 464.3
      }
    },
    {
      "type": "Feature",
      "id": "node/1950746188",
      "geometry": {
        "type": "Point",
        "coordinates": [
          0.0268692,
          51.592285
        ]
      },
      "properties": {
        "id": "node/1950746188",
        "osmType": "node",
        "osmId": 1950746188,
        "name": "McColl's",
        "category": "convenience",
        "categoryLabel": "Convenience Store",
        "amenity": null,
        "shop": "convenience",
        "highway": null,
        "tourism": null,
        "historic": null,
        "railway": null,
        "barrier": null,
        "entrance": null,
        "heritage": null,
        "website": null,
        "phone": null,
        "address": "102 George Street",
        "distanceToForestBoundaryMetres": 462.6
      }
    },
    {
      "type": "Feature",
      "id": "node/1985559295",
      "geometry": {
        "type": "Point",
        "coordinates": [
          0.0221206,
          51.5944844
        ]
      },
      "properties": {
        "id": "node/1985559295",
        "osmType": "node",
        "osmId": 1985559295,
        "name": "William Webb News",
        "category": "convenience",
        "categoryLabel": "Convenience Store",
        "amenity": null,
        "shop": "convenience",
        "highway": null,
        "tourism": null,
        "historic": null,
        "railway": null,
        "barrier": null,
        "entrance": null,
        "heritage": null,
        "website": null,
        "phone": null,
        "address": "81 High Road, London E18 2QP",
        "distanceToForestBoundaryMetres": 404.0
      }
    },
    {
      "type": "Feature",
      "id": "node/2091312825",
      "geometry": {
        "type": "Point",
        "coordinates": [
          0.0280989,
          51.5915204
        ]
      },
      "properties": {
        "id": "node/2091312825",
        "osmType": "node",
        "osmId": 2091312825,
        "name": "Kistruck's",
        "category": "bakery",
        "categoryLabel": "Bakery",
        "amenity": null,
        "shop": "bakery",
        "highway": null,
        "tourism": null,
        "historic": null,
        "railway": null,
        "barrier": null,
        "entrance": null,
        "heritage": null,
        "website": null,
        "phone": null,
        "address": "74 George Lane",
        "distanceToForestBoundaryMetres": 464.3
      }
    },
    {
      "type": "Feature",
      "id": "node/2091367240",
      "geometry": {
        "type": "Point",
        "coordinates": [
          0.0282143,
          51.5917319
        ]
      },
      "properties": {
        "id": "node/2091367240",
        "osmType": "node",
        "osmId": 2091367240,
        "name": "Ram News",
        "category": "convenience",
        "categoryLabel": "Convenience Store",
        "amenity": null,
        "shop": "convenience",
        "highway": null,
        "tourism": null,
        "historic": null,
        "railway": null,
        "barrier": null,
        "entrance": null,
        "heritage": null,
        "website": null,
        "phone": null,
        "address": "73 George Lane",
        "distanceToForestBoundaryMetres": 457.6
      }
    },
    {
      "type": "Feature",
      "id": "node/2091367254",
      "geometry": {
        "type": "Point",
        "coordinates": [
          0.0286728,
          51.5913359
        ]
      },
      "properties": {
        "id": "node/2091367254",
        "osmType": "node",
        "osmId": 2091367254,
        "name": "Co-op Food",
        "category": "supermarket",
        "categoryLabel": "Supermarket",
        "amenity": null,
        "shop": "supermarket",
        "highway": null,
        "tourism": null,
        "historic": null,
        "railway": null,
        "barrier": null,
        "entrance": null,
        "heritage": null,
        "website": "https://www.coop.co.uk/store-finder/E18-1JJ/55-57-george-lane",
        "phone": "+44 20 8530 4602",
        "address": "55-57 George Lane, London E18 1JJ",
        "distanceToForestBoundaryMetres": 465.9
      }
    },
    {
      "type": "Feature",
      "id": "node/2299920898",
      "geometry": {
        "type": "Point",
        "coordinates": [
          0.009597,
          51.568313
        ]
      },
      "properties": {
        "id": "node/2299920898",
        "osmType": "node",
        "osmId": 2299920898,
        "name": "Sainsbury's Local",
        "category": "convenience",
        "categoryLabel": "Convenience Store",
        "amenity": null,
        "shop": "convenience",
        "highway": null,
        "tourism": null,
        "historic": null,
        "railway": null,
        "barrier": null,
        "entrance": null,
        "heritage": null,
        "website": "https://stores.sainsburys.co.uk/4489/leytonstone-church-lane-local",
        "phone": null,
        "address": "14-15 Church Lane, London E11 1HG",
        "distanceToForestBoundaryMetres": 465.1
      }
    },
    {
      "type": "Feature",
      "id": "node/2367508026",
      "geometry": {
        "type": "Point",
        "coordinates": [
          0.0197143,
          51.6003051
        ]
      },
      "properties": {
        "id": "node/2367508026",
        "osmType": "node",
        "osmId": 2367508026,
        "name": "Belgique Patisserie",
        "category": "bakery",
        "categoryLabel": "Bakery",
        "amenity": null,
        "shop": "bakery",
        "highway": null,
        "tourism": null,
        "historic": null,
        "railway": null,
        "barrier": null,
        "entrance": null,
        "heritage": null,
        "website": null,
        "phone": null,
        "address": null,
        "distanceToForestBoundaryMetres": 466.2
      }
    },
    {
      "type": "Feature",
      "id": "node/3792908701",
      "geometry": {
        "type": "Point",
        "coordinates": [
          -0.0256443,
          51.5994364
        ]
      },
      "properties": {
        "id": "node/3792908701",
        "osmType": "node",
        "osmId": 3792908701,
        "name": "Luks Minimarket",
        "category": "convenience",
        "categoryLabel": "Convenience Store",
        "amenity": null,
        "shop": "convenience",
        "highway": null,
        "tourism": null,
        "historic": null,
        "railway": null,
        "barrier": null,
        "entrance": null,
        "heritage": null,
        "website": null,
        "phone": null,
        "address": "99 Billet Road",
        "distanceToForestBoundaryMetres": 458.9
      }
    },
    {
      "type": "Feature",
      "id": "node/4545980436",
      "geometry": {
        "type": "Point",
        "coordinates": [
          -0.0266174,
          51.5997655
        ]
      },
      "properties": {
        "id": "node/4545980436",
        "osmType": "node",
        "osmId": 4545980436,
        "name": "Co-op Food",
        "category": "supermarket",
        "categoryLabel": "Supermarket",
        "amenity": null,
        "shop": "supermarket",
        "highway": null,
        "tourism": null,
        "historic": null,
        "railway": null,
        "barrier": null,
        "entrance": null,
        "heritage": null,
        "website": "https://www.coop.co.uk/store-finder/E17-5DT/billet-road",
        "phone": null,
        "address": "Billet Road, London E17 5DT",
        "distanceToForestBoundaryMetres": 464.7
      }
    },
    {
      "type": "Feature",
      "id": "node/5814136911",
      "geometry": {
        "type": "Point",
        "coordinates": [
          0.0053084,
          51.5540494
        ]
      },
      "properties": {
        "id": "node/5814136911",
        "osmType": "node",
        "osmId": 5814136911,
        "name": "Mr Bakery",
        "category": "bakery",
        "categoryLabel": "Bakery",
        "amenity": null,
        "shop": "bakery",
        "highway": null,
        "tourism": null,
        "historic": null,
        "railway": null,
        "barrier": null,
        "entrance": null,
        "heritage": null,
        "website": null,
        "phone": null,
        "address": "218 High Road Leytonstone, London",
        "distanceToForestBoundaryMetres": 434.1
      }
    },
    {
      "type": "Feature",
      "id": "node/6116222228",
      "geometry": {
        "type": "Point",
        "coordinates": [
          0.0167087,
          51.5532836
        ]
      },
      "properties": {
        "id": "node/6116222228",
        "osmType": "node",
        "osmId": 6116222228,
        "name": "Caner Supermarket",
        "category": "convenience",
        "categoryLabel": "Convenience Store",
        "amenity": null,
        "shop": "convenience",
        "highway": null,
        "tourism": null,
        "historic": null,
        "railway": null,
        "barrier": null,
        "entrance": null,
        "heritage": null,
        "website": null,
        "phone": null,
        "address": "163 Odessa Road, London E7 9DU",
        "distanceToForestBoundaryMetres": 410.0
      }
    },
    {
      "type": "Feature",
      "id": "node/6967654227",
      "geometry": {
        "type": "Point",
        "coordinates": [
          0.005347,
          51.5552956
        ]
      },
      "properties": {
        "id": "node/6967654227",
        "osmType": "node",
        "osmId": 6967654227,
        "name": "Gospodina Magazin Rom\u00e2nesc",
        "category": "convenience",
        "categoryLabel": "Convenience Store",
        "amenity": null,
        "shop": "convenience",
        "highway": null,
        "tourism": null,
        "historic": null,
        "railway": null,
        "barrier": null,
        "entrance": null,
        "heritage": null,
        "website": null,
        "phone": null,
        "address": "345 High Road Leytonstone, London",
        "distanceToForestBoundaryMetres": 300.9
      }
    },
    {
      "type": "Feature",
      "id": "node/8184833281",
      "geometry": {
        "type": "Point",
        "coordinates": [
          0.0254972,
          51.5503565
        ]
      },
      "properties": {
        "id": "node/8184833281",
        "osmType": "node",
        "osmId": 8184833281,
        "name": "Mama Kiheta Congolese",
        "category": "convenience",
        "categoryLabel": "Convenience Store",
        "amenity": null,
        "shop": "convenience",
        "highway": null,
        "tourism": null,
        "historic": null,
        "railway": null,
        "barrier": null,
        "entrance": null,
        "heritage": null,
        "website": null,
        "phone": null,
        "address": "1A Sebert Road, London",
        "distanceToForestBoundaryMetres": 465.1
      }
    },
    {
      "type": "Feature",
      "id": "node/8209527272",
      "geometry": {
        "type": "Point",
        "coordinates": [
          0.0145322,
          51.5563937
        ]
      },
      "properties": {
        "id": "node/8209527272",
        "osmType": "node",
        "osmId": 8209527272,
        "name": "Minute Mart",
        "category": "convenience",
        "categoryLabel": "Convenience Store",
        "amenity": null,
        "shop": "convenience",
        "highway": null,
        "tourism": null,
        "historic": null,
        "railway": null,
        "barrier": null,
        "entrance": null,
        "heritage": null,
        "website": null,
        "phone": null,
        "address": "245 Cann Hall Road, London E11 3NL",
        "distanceToForestBoundaryMetres": 407.8
      }
    },
    {
      "type": "Feature",
      "id": "node/9119891535",
      "geometry": {
        "type": "Point",
        "coordinates": [
          0.1087514,
          51.6974049
        ]
      },
      "properties": {
        "id": "node/9119891535",
        "osmType": "node",
        "osmId": 9119891535,
        "name": "Epping News",
        "category": "convenience",
        "categoryLabel": "Convenience Store",
        "amenity": null,
        "shop": "convenience",
        "highway": null,
        "tourism": null,
        "historic": null,
        "railway": null,
        "barrier": null,
        "entrance": null,
        "heritage": null,
        "website": null,
        "phone": null,
        "address": "83 High Street, Epping CM16 4BD",
        "distanceToForestBoundaryMetres": 405.0
      }
    },
    {
      "type": "Feature",
      "id": "node/9159248035",
      "geometry": {
        "type": "Point",
        "coordinates": [
          0.0248393,
          51.5500763
        ]
      },
      "properties": {
        "id": "node/9159248035",
        "osmType": "node",
        "osmId": 9159248035,
        "name": "E&S Superstore",
        "category": "convenience",
        "categoryLabel": "Convenience Store",
        "amenity": null,
        "shop": "convenience",
        "highway": null,
        "tourism": null,
        "historic": null,
        "railway": null,
        "barrier": null,
        "entrance": null,
        "heritage": null,
        "website": null,
        "phone": null,
        "address": null,
        "distanceToForestBoundaryMetres": 460.7
      }
    },
    {
      "type": "Feature",
      "id": "node/9579021661",
      "geometry": {
        "type": "Point",
        "coordinates": [
          0.010052,
          51.5550748
        ]
      },
      "properties": {
        "id": "node/9579021661",
        "osmType": "node",
        "osmId": 9579021661,
        "name": "Krishna News",
        "category": "convenience",
        "categoryLabel": "Convenience Store",
        "amenity": null,
        "shop": "convenience",
        "highway": null,
        "tourism": null,
        "historic": null,
        "railway": null,
        "barrier": null,
        "entrance": null,
        "heritage": null,
        "website": null,
        "phone": null,
        "address": "Cann Hall Road, London E11 3NH",
        "distanceToForestBoundaryMetres": 377.3
      }
    },
    {
      "type": "Feature",
      "id": "node/9579021663",
      "geometry": {
        "type": "Point",
        "coordinates": [
          0.0098749,
          51.5550114
        ]
      },
      "properties": {
        "id": "node/9579021663",
        "osmType": "node",
        "osmId": 9579021663,
        "name": "The Farm Community Kitchen",
        "category": "bakery",
        "categoryLabel": "Bakery",
        "amenity": "cafe",
        "shop": "bakery",
        "highway": null,
        "tourism": null,
        "historic": null,
        "railway": null,
        "barrier": null,
        "entrance": null,
        "heritage": null,
        "website": "https://www.thefarmcommunitykitchen.com/",
        "phone": null,
        "address": null,
        "distanceToForestBoundaryMetres": 376.1
      }
    },
    {
      "type": "Feature",
      "id": "node/10670750600",
      "geometry": {
        "type": "Point",
        "coordinates": [
          0.0479028,
          51.5502933
        ]
      },
      "properties": {
        "id": "node/10670750600",
        "osmType": "node",
        "osmId": 10670750600,
        "name": "Presco Food And Wine",
        "category": "convenience",
        "categoryLabel": "Convenience Store",
        "amenity": null,
        "shop": "convenience",
        "highway": null,
        "tourism": null,
        "historic": null,
        "railway": null,
        "barrier": null,
        "entrance": null,
        "heritage": null,
        "website": null,
        "phone": null,
        "address": "530 High Street North, London",
        "distanceToForestBoundaryMetres": 313.7
      }
    },
    {
      "type": "Feature",
      "id": "node/10713169873",
      "geometry": {
        "type": "Point",
        "coordinates": [
          0.0575334,
          51.5542997
        ]
      },
      "properties": {
        "id": "node/10713169873",
        "osmType": "node",
        "osmId": 10713169873,
        "name": "Kapadokya Food Centre",
        "category": "greengrocer",
        "categoryLabel": "Greengrocer",
        "amenity": null,
        "shop": "greengrocer",
        "highway": null,
        "tourism": null,
        "historic": null,
        "railway": null,
        "barrier": null,
        "entrance": null,
        "heritage": null,
        "website": null,
        "phone": "+44 20 8478 8189",
        "address": "911-917 Romford Road, London E12 5JT",
        "distanceToForestBoundaryMetres": 414.7
      }
    },
    {
      "type": "Feature",
      "id": "node/11036100778",
      "geometry": {
        "type": "Point",
        "coordinates": [
          0.0541126,
          51.6061173
        ]
      },
      "properties": {
        "id": "node/11036100778",
        "osmType": "node",
        "osmId": 11036100778,
        "name": "Co-op Food",
        "category": "convenience",
        "categoryLabel": "Convenience Store",
        "amenity": null,
        "shop": "convenience",
        "highway": null,
        "tourism": null,
        "historic": null,
        "railway": null,
        "barrier": null,
        "entrance": null,
        "heritage": null,
        "website": "https://www.coop.co.uk/store-finder/IG8-8AQ/686-chigwell-road",
        "phone": null,
        "address": "686 Chigwell Road, Woodford Green IG8 8AQ",
        "distanceToForestBoundaryMetres": 397.5
      }
    },
    {
      "type": "Feature",
      "id": "node/11036100781",
      "geometry": {
        "type": "Point",
        "coordinates": [
          0.0550896,
          51.6063546
        ]
      },
      "properties": {
        "id": "node/11036100781",
        "osmType": "node",
        "osmId": 11036100781,
        "name": "News & Booze",
        "category": "convenience",
        "categoryLabel": "Convenience Store",
        "amenity": null,
        "shop": "convenience",
        "highway": null,
        "tourism": null,
        "historic": null,
        "railway": null,
        "barrier": null,
        "entrance": null,
        "heritage": null,
        "website": null,
        "phone": null,
        "address": "704 Chigwell Road, Woodford Green IG8 8AL",
        "distanceToForestBoundaryMetres": 459.1
      }
    },
    {
      "type": "Feature",
      "id": "node/11036233887",
      "geometry": {
        "type": "Point",
        "coordinates": [
          0.0556918,
          51.6067934
        ]
      },
      "properties": {
        "id": "node/11036233887",
        "osmType": "node",
        "osmId": 11036233887,
        "name": "Magazin Rom\u00e2nesc",
        "category": "convenience",
        "categoryLabel": "Convenience Store",
        "amenity": null,
        "shop": "convenience",
        "highway": null,
        "tourism": null,
        "historic": null,
        "railway": null,
        "barrier": null,
        "entrance": null,
        "heritage": null,
        "website": null,
        "phone": null,
        "address": "730 Chigwell Road, Woodford Green IG8 8AL",
        "distanceToForestBoundaryMetres": 461.2
      }
    },
    {
      "type": "Feature",
      "id": "node/13096489669",
      "geometry": {
        "type": "Point",
        "coordinates": [
          0.0458715,
          51.5769631
        ]
      },
      "properties": {
        "id": "node/13096489669",
        "osmType": "node",
        "osmId": 13096489669,
        "name": "Redbridge Superstore",
        "category": "convenience",
        "categoryLabel": "Convenience Store",
        "amenity": null,
        "shop": "convenience",
        "highway": null,
        "tourism": null,
        "historic": null,
        "railway": null,
        "barrier": null,
        "entrance": null,
        "heritage": null,
        "website": null,
        "phone": "+44 20 8550 2311",
        "address": "220 Redbridge Lane East",
        "distanceToForestBoundaryMetres": 443.6
      }
    },
    {
      "type": "Feature",
      "id": "node/13232734164",
      "geometry": {
        "type": "Point",
        "coordinates": [
          0.0252768,
          51.5506956
        ]
      },
      "properties": {
        "id": "node/13232734164",
        "osmType": "node",
        "osmId": 13232734164,
        "name": "Bangla Cash and Carry",
        "category": "convenience",
        "categoryLabel": "Convenience Store",
        "amenity": null,
        "shop": "convenience",
        "highway": null,
        "tourism": null,
        "historic": null,
        "railway": null,
        "barrier": null,
        "entrance": null,
        "heritage": null,
        "website": null,
        "phone": null,
        "address": "92 Woodgrange Road, London E7 0EW",
        "distanceToForestBoundaryMetres": 443.7
      }
    },
    {
      "type": "Feature",
      "id": "node/13232734165",
      "geometry": {
        "type": "Point",
        "coordinates": [
          0.0252631,
          51.5506388
        ]
      },
      "properties": {
        "id": "node/13232734165",
        "osmType": "node",
        "osmId": 13232734165,
        "name": "Forest Gate Food and Wine",
        "category": "convenience",
        "categoryLabel": "Convenience Store",
        "amenity": null,
        "shop": "convenience",
        "highway": null,
        "tourism": null,
        "historic": null,
        "railway": null,
        "barrier": null,
        "entrance": null,
        "heritage": null,
        "website": null,
        "phone": null,
        "address": "90 Woodgrange Road, London E7 0EW",
        "distanceToForestBoundaryMetres": 450.0
      }
    },
    {
      "type": "Feature",
      "id": "node/13717302371",
      "geometry": {
        "type": "Point",
        "coordinates": [
          -0.0106784,
          51.5709331
        ]
      },
      "properties": {
        "id": "node/13717302371",
        "osmType": "node",
        "osmId": 13717302371,
        "name": "Crumbs Bakery",
        "category": "bakery",
        "categoryLabel": "Bakery",
        "amenity": null,
        "shop": "bakery",
        "highway": null,
        "tourism": null,
        "historic": null,
        "railway": null,
        "barrier": null,
        "entrance": null,
        "heritage": null,
        "website": null,
        "phone": null,
        "address": "135 Tilbury Road, London E10 6RE",
        "distanceToForestBoundaryMetres": 321.8
      }
    },
    {
      "type": "Feature",
      "id": "node/13717302374",
      "geometry": {
        "type": "Point",
        "coordinates": [
          -0.0095347,
          51.5704077
        ]
      },
      "properties": {
        "id": "node/13717302374",
        "osmType": "node",
        "osmId": 13717302374,
        "name": "Wins",
        "category": "bakery",
        "categoryLabel": "Bakery",
        "amenity": null,
        "shop": "bakery",
        "highway": null,
        "tourism": null,
        "historic": null,
        "railway": null,
        "barrier": null,
        "entrance": null,
        "heritage": null,
        "website": null,
        "phone": null,
        "address": "144 Tilbury Road, London E10 6RE",
        "distanceToForestBoundaryMetres": 362.0
      }
    },
    {
      "type": "Feature",
      "id": "node/13717333242",
      "geometry": {
        "type": "Point",
        "coordinates": [
          -0.0133038,
          51.5754985
        ]
      },
      "properties": {
        "id": "node/13717333242",
        "osmType": "node",
        "osmId": 13717333242,
        "name": "Capital Fruit Market",
        "category": "greengrocer",
        "categoryLabel": "Greengrocer",
        "amenity": null,
        "shop": "greengrocer",
        "highway": null,
        "tourism": null,
        "historic": null,
        "railway": null,
        "barrier": null,
        "entrance": null,
        "heritage": null,
        "website": null,
        "phone": null,
        "address": "500 Hoe Street, London",
        "distanceToForestBoundaryMetres": 412.5
      }
    },
    {
      "type": "Feature",
      "id": "way/15137156",
      "geometry": {
        "type": "Point",
        "coordinates": [
          0.0234331,
          51.5954499
        ]
      },
      "properties": {
        "id": "way/15137156",
        "osmType": "way",
        "osmId": 15137156,
        "name": "Waitrose",
        "category": "supermarket",
        "categoryLabel": "Supermarket",
        "amenity": null,
        "shop": "supermarket",
        "highway": null,
        "tourism": null,
        "historic": null,
        "railway": null,
        "barrier": null,
        "entrance": null,
        "heritage": null,
        "website": "https://www.waitrose.com/find-a-store/south-woodford",
        "phone": "+44 20 8989 0022",
        "address": "92-96 High Road, London E18 2NA",
        "distanceToForestBoundaryMetres": 462.7
      }
    },
    {
      "type": "Feature",
      "id": "way/27712730",
      "geometry": {
        "type": "Point",
        "coordinates": [
          0.0401776,
          51.5921111
        ]
      },
      "properties": {
        "id": "way/27712730",
        "osmType": "way",
        "osmId": 27712730,
        "name": "Tesco",
        "category": "supermarket",
        "categoryLabel": "Supermarket",
        "amenity": null,
        "shop": "supermarket",
        "highway": null,
        "tourism": null,
        "historic": null,
        "railway": null,
        "barrier": null,
        "entrance": null,
        "heritage": null,
        "website": "https://www.tesco.com/store-locator/woodford-green/southend-rd",
        "phone": null,
        "address": "Southend Road, Woodford Green IG8 8GE",
        "distanceToForestBoundaryMetres": 465.6
      }
    },
    {
      "type": "Feature",
      "id": "way/130996194",
      "geometry": {
        "type": "Point",
        "coordinates": [
          -0.024872,
          51.608321
        ]
      },
      "properties": {
        "id": "way/130996194",
        "osmType": "way",
        "osmId": 130996194,
        "name": "Food4All",
        "category": "convenience",
        "categoryLabel": "Convenience Store",
        "amenity": null,
        "shop": "convenience",
        "highway": null,
        "tourism": null,
        "historic": null,
        "railway": null,
        "barrier": null,
        "entrance": null,
        "heritage": null,
        "website": null,
        "phone": null,
        "address": null,
        "distanceToForestBoundaryMetres": 351.4
      }
    },
    {
      "type": "Feature",
      "id": "way/184558484",
      "geometry": {
        "type": "Point",
        "coordinates": [
          0.1080933,
          51.6972539
        ]
      },
      "properties": {
        "id": "way/184558484",
        "osmType": "way",
        "osmId": 184558484,
        "name": "Tesco",
        "category": "supermarket",
        "categoryLabel": "Supermarket",
        "amenity": null,
        "shop": "supermarket",
        "highway": null,
        "tourism": null,
        "historic": null,
        "railway": null,
        "barrier": null,
        "entrance": null,
        "heritage": null,
        "website": "https://www.tesco.com/store-locator/epping/77-79-high-st",
        "phone": null,
        "address": "77-79 High Street, Epping CM16 4BA",
        "distanceToForestBoundaryMetres": 361.7
      }
    },
    {
      "type": "Feature",
      "id": "way/199172851",
      "geometry": {
        "type": "Point",
        "coordinates": [
          -0.0156882,
          51.5996345
        ]
      },
      "properties": {
        "id": "way/199172851",
        "osmType": "way",
        "osmId": 199172851,
        "name": "Premier Express",
        "category": "convenience",
        "categoryLabel": "Convenience Store",
        "amenity": null,
        "shop": "convenience",
        "highway": null,
        "tourism": null,
        "historic": null,
        "railway": null,
        "barrier": null,
        "entrance": null,
        "heritage": null,
        "website": null,
        "phone": null,
        "address": "278 Chingford Road",
        "distanceToForestBoundaryMetres": 342.5
      }
    },
    {
      "type": "Feature",
      "id": "way/220148640",
      "geometry": {
        "type": "Point",
        "coordinates": [
          -0.0127036,
          51.5792675
        ]
      },
      "properties": {
        "id": "way/220148640",
        "osmType": "way",
        "osmId": 220148640,
        "name": "Costcutter",
        "category": "convenience",
        "categoryLabel": "Convenience Store",
        "amenity": null,
        "shop": "convenience",
        "highway": null,
        "tourism": null,
        "historic": null,
        "railway": null,
        "barrier": null,
        "entrance": null,
        "heritage": null,
        "website": "https://store-locator.costcutter.co.uk/costcutter-01d3467e4cf1",
        "phone": null,
        "address": "77-79 Grove Road, London E17 9BU",
        "distanceToForestBoundaryMetres": 376.7
      }
    },
    {
      "type": "Feature",
      "id": "way/225987758",
      "geometry": {
        "type": "Point",
        "coordinates": [
          -0.0024801,
          51.6081083
        ]
      },
      "properties": {
        "id": "way/225987758",
        "osmType": "way",
        "osmId": 225987758,
        "name": "Tesco",
        "category": "supermarket",
        "categoryLabel": "Supermarket",
        "amenity": null,
        "shop": "supermarket",
        "highway": null,
        "tourism": null,
        "historic": null,
        "railway": null,
        "barrier": null,
        "entrance": null,
        "heritage": null,
        "website": "https://www.tesco.com/store-locator/london/405-larkshall-road",
        "phone": null,
        "address": null,
        "distanceToForestBoundaryMetres": 461.5
      }
    },
    {
      "type": "Feature",
      "id": "way/228113378",
      "geometry": {
        "type": "Point",
        "coordinates": [
          0.0198644,
          51.5999061
        ]
      },
      "properties": {
        "id": "way/228113378",
        "osmType": "way",
        "osmId": 228113378,
        "name": "Tesco Express",
        "category": "convenience",
        "categoryLabel": "Convenience Store",
        "amenity": null,
        "shop": "convenience",
        "highway": null,
        "tourism": null,
        "historic": null,
        "railway": null,
        "barrier": null,
        "entrance": null,
        "heritage": null,
        "website": "https://www.tesco.com/store-locator/woodford-green/253-269-high-rd",
        "phone": null,
        "address": "253-269 High Road, Woodford Green IG8 9FB",
        "distanceToForestBoundaryMetres": 464.2
      }
    },
    {
      "type": "Feature",
      "id": "way/376258296",
      "geometry": {
        "type": "Point",
        "coordinates": [
          -0.0282792,
          51.5997976
        ]
      },
      "properties": {
        "id": "way/376258296",
        "osmType": "way",
        "osmId": 376258296,
        "name": "Billet Road Post Office",
        "category": "convenience",
        "categoryLabel": "Convenience Store",
        "amenity": "post_office",
        "shop": "convenience",
        "highway": null,
        "tourism": null,
        "historic": null,
        "railway": null,
        "barrier": null,
        "entrance": null,
        "heritage": null,
        "website": "https://www.postoffice.co.uk/branch-finder/1680021/billet-road",
        "phone": null,
        "address": "174 Billet Road, London E17 5DX",
        "distanceToForestBoundaryMetres": 392.3
      }
    },
    {
      "type": "Feature",
      "id": "way/421841055",
      "geometry": {
        "type": "Point",
        "coordinates": [
          -0.0021621,
          51.5862937
        ]
      },
      "properties": {
        "id": "way/421841055",
        "osmType": "way",
        "osmId": 421841055,
        "name": "Wood Street Supermarket",
        "category": "convenience",
        "categoryLabel": "Convenience Store",
        "amenity": null,
        "shop": "convenience",
        "highway": null,
        "tourism": null,
        "historic": null,
        "railway": null,
        "barrier": null,
        "entrance": null,
        "heritage": null,
        "website": null,
        "phone": null,
        "address": "173 Wood Street, London E17 3NU",
        "distanceToForestBoundaryMetres": 456.9
      }
    },
    {
      "type": "Feature",
      "id": "way/421929648",
      "geometry": {
        "type": "Point",
        "coordinates": [
          -0.0008054,
          51.584495
        ]
      },
      "properties": {
        "id": "way/421929648",
        "osmType": "way",
        "osmId": 421929648,
        "name": "SJR Woodstreet Food and Wine",
        "category": "convenience",
        "categoryLabel": "Convenience Store",
        "amenity": null,
        "shop": "convenience",
        "highway": null,
        "tourism": null,
        "historic": null,
        "railway": null,
        "barrier": null,
        "entrance": null,
        "heritage": null,
        "website": null,
        "phone": null,
        "address": "241 Wood Street, London",
        "distanceToForestBoundaryMetres": 462.8
      }
    },
    {
      "type": "Feature",
      "id": "way/444856079",
      "geometry": {
        "type": "Point",
        "coordinates": [
          -0.0133399,
          51.5753331
        ]
      },
      "properties": {
        "id": "way/444856079",
        "osmType": "way",
        "osmId": 444856079,
        "name": "Percy Ingle",
        "category": "bakery",
        "categoryLabel": "Bakery",
        "amenity": null,
        "shop": "bakery",
        "highway": null,
        "tourism": null,
        "historic": null,
        "railway": null,
        "barrier": null,
        "entrance": null,
        "heritage": null,
        "website": null,
        "phone": null,
        "address": "573 Lea Bridge Road, London E10 7EQ",
        "distanceToForestBoundaryMetres": 424.2
      }
    },
    {
      "type": "Feature",
      "id": "way/446429904",
      "geometry": {
        "type": "Point",
        "coordinates": [
          0.0070568,
          51.6322787
        ]
      },
      "properties": {
        "id": "way/446429904",
        "osmType": "way",
        "osmId": 446429904,
        "name": "Empire Food & Wine",
        "category": "convenience",
        "categoryLabel": "Convenience Store",
        "amenity": null,
        "shop": "convenience",
        "highway": null,
        "tourism": null,
        "historic": null,
        "railway": null,
        "barrier": null,
        "entrance": null,
        "heritage": null,
        "website": null,
        "phone": null,
        "address": "111 Station Road, London E4 7BU",
        "distanceToForestBoundaryMetres": 460.2
      }
    },
    {
      "type": "Feature",
      "id": "way/452820445",
      "geometry": {
        "type": "Point",
        "coordinates": [
          -0.0125699,
          51.5759094
        ]
      },
      "properties": {
        "id": "way/452820445",
        "osmType": "way",
        "osmId": 452820445,
        "name": "Pak Butchers",
        "category": "butcher",
        "categoryLabel": "Butcher",
        "amenity": null,
        "shop": "butcher",
        "highway": null,
        "tourism": null,
        "historic": null,
        "railway": null,
        "barrier": null,
        "entrance": null,
        "heritage": null,
        "website": null,
        "phone": null,
        "address": "587 Lea Bridge Road, London E10 6AJ",
        "distanceToForestBoundaryMetres": 346.1
      }
    },
    {
      "type": "Feature",
      "id": "way/452820463",
      "geometry": {
        "type": "Point",
        "coordinates": [
          -0.0133031,
          51.5757998
        ]
      },
      "properties": {
        "id": "way/452820463",
        "osmType": "way",
        "osmId": 452820463,
        "name": "Mohib Quality Butchers",
        "category": "butcher",
        "categoryLabel": "Butcher",
        "amenity": null,
        "shop": "butcher",
        "highway": null,
        "tourism": null,
        "historic": null,
        "railway": null,
        "barrier": null,
        "entrance": null,
        "heritage": null,
        "website": null,
        "phone": null,
        "address": "405 Hoe Street, London E17 9AP",
        "distanceToForestBoundaryMetres": 396.6
      }
    },
    {
      "type": "Feature",
      "id": "way/452822373",
      "geometry": {
        "type": "Point",
        "coordinates": [
          -0.0143934,
          51.5761503
        ]
      },
      "properties": {
        "id": "way/452822373",
        "osmType": "way",
        "osmId": 452822373,
        "name": "Afran Supermarket",
        "category": "convenience",
        "categoryLabel": "Convenience Store",
        "amenity": null,
        "shop": "convenience",
        "highway": null,
        "tourism": null,
        "historic": null,
        "railway": null,
        "barrier": null,
        "entrance": null,
        "heritage": null,
        "website": null,
        "phone": null,
        "address": "377-379 Hoe Street, London E17 9AP",
        "distanceToForestBoundaryMetres": 451.8
      }
    },
    {
      "type": "Feature",
      "id": "way/452822377",
      "geometry": {
        "type": "Point",
        "coordinates": [
          -0.0140897,
          51.5760547
        ]
      },
      "properties": {
        "id": "way/452822377",
        "osmType": "way",
        "osmId": 452822377,
        "name": "Allah Bakhsh Foods",
        "category": "convenience",
        "categoryLabel": "Convenience Store",
        "amenity": null,
        "shop": "convenience",
        "highway": null,
        "tourism": null,
        "historic": null,
        "railway": null,
        "barrier": null,
        "entrance": null,
        "heritage": null,
        "website": null,
        "phone": null,
        "address": "387 Hoe Street, London",
        "distanceToForestBoundaryMetres": 435.4
      }
    },
    {
      "type": "Feature",
      "id": "way/452984751",
      "geometry": {
        "type": "Point",
        "coordinates": [
          -0.0134993,
          51.5755312
        ]
      },
      "properties": {
        "id": "way/452984751",
        "osmType": "way",
        "osmId": 452984751,
        "name": "Nergiz Food Centre",
        "category": "convenience",
        "categoryLabel": "Convenience Store",
        "amenity": null,
        "shop": "convenience",
        "highway": null,
        "tourism": null,
        "historic": null,
        "railway": null,
        "barrier": null,
        "entrance": null,
        "heritage": null,
        "website": null,
        "phone": null,
        "address": "498 Hoe Street, London E17 9AH",
        "distanceToForestBoundaryMetres": 422.5
      }
    },
    {
      "type": "Feature",
      "id": "way/452984752",
      "geometry": {
        "type": "Point",
        "coordinates": [
          -0.0136402,
          51.5755243
        ]
      },
      "properties": {
        "id": "way/452984752",
        "osmType": "way",
        "osmId": 452984752,
        "name": "Jia Jia Oriental Supermarket",
        "category": "convenience",
        "categoryLabel": "Convenience Store",
        "amenity": null,
        "shop": "convenience",
        "highway": null,
        "tourism": null,
        "historic": null,
        "railway": null,
        "barrier": null,
        "entrance": null,
        "heritage": null,
        "website": null,
        "phone": null,
        "address": "496 Hoe Street, London",
        "distanceToForestBoundaryMetres": 431.4
      }
    },
    {
      "type": "Feature",
      "id": "way/452984759",
      "geometry": {
        "type": "Point",
        "coordinates": [
          -0.0141356,
          51.5757047
        ]
      },
      "properties": {
        "id": "way/452984759",
        "osmType": "way",
        "osmId": 452984759,
        "name": "Mistreful",
        "category": "convenience",
        "categoryLabel": "Convenience Store",
        "amenity": null,
        "shop": "convenience",
        "highway": null,
        "tourism": null,
        "historic": null,
        "railway": null,
        "barrier": null,
        "entrance": null,
        "heritage": null,
        "website": null,
        "phone": null,
        "address": "482 Hoe Street, London",
        "distanceToForestBoundaryMetres": 453.0
      }
    },
    {
      "type": "Feature",
      "id": "way/457371178",
      "geometry": {
        "type": "Point",
        "coordinates": [
          -0.005372,
          51.6008858
        ]
      },
      "properties": {
        "id": "way/457371178",
        "osmType": "way",
        "osmId": 457371178,
        "name": "Winchester Food & Wine",
        "category": "convenience",
        "categoryLabel": "Convenience Store",
        "amenity": null,
        "shop": "convenience",
        "highway": null,
        "tourism": null,
        "historic": null,
        "railway": null,
        "barrier": null,
        "entrance": null,
        "heritage": null,
        "website": null,
        "phone": null,
        "address": "202 Winchester Road, London E4 9JP",
        "distanceToForestBoundaryMetres": 461.0
      }
    },
    {
      "type": "Feature",
      "id": "way/468886600",
      "geometry": {
        "type": "Point",
        "coordinates": [
          -0.0011581,
          51.6077107
        ]
      },
      "properties": {
        "id": "way/468886600",
        "osmType": "way",
        "osmId": 468886600,
        "name": "Highams Park Food And Wine",
        "category": "convenience",
        "categoryLabel": "Convenience Store",
        "amenity": null,
        "shop": "convenience",
        "highway": null,
        "tourism": null,
        "historic": null,
        "railway": null,
        "barrier": null,
        "entrance": null,
        "heritage": null,
        "website": null,
        "phone": null,
        "address": "5-6 Broadway Parade The Broadway, London E4 9LG",
        "distanceToForestBoundaryMetres": 366.5
      }
    },
    {
      "type": "Feature",
      "id": "way/506580501",
      "geometry": {
        "type": "Point",
        "coordinates": [
          0.009208,
          51.5629403
        ]
      },
      "properties": {
        "id": "way/506580501",
        "osmType": "way",
        "osmId": 506580501,
        "name": "Hills Newspoint",
        "category": "convenience",
        "categoryLabel": "Convenience Store",
        "amenity": null,
        "shop": "convenience",
        "highway": null,
        "tourism": null,
        "historic": null,
        "railway": null,
        "barrier": null,
        "entrance": null,
        "heritage": null,
        "website": null,
        "phone": null,
        "address": "645 High Road Leytonstone, London E11 4RD",
        "distanceToForestBoundaryMetres": 466.0
      }
    },
    {
      "type": "Feature",
      "id": "way/509649638",
      "geometry": {
        "type": "Point",
        "coordinates": [
          0.0109348,
          51.5673201
        ]
      },
      "properties": {
        "id": "way/509649638",
        "osmType": "way",
        "osmId": 509649638,
        "name": "777",
        "category": "convenience",
        "categoryLabel": "Convenience Store",
        "amenity": null,
        "shop": "convenience",
        "highway": null,
        "tourism": null,
        "historic": null,
        "railway": null,
        "barrier": null,
        "entrance": null,
        "heritage": null,
        "website": null,
        "phone": null,
        "address": "624-626 High Road Leytonstone, London E11 3DA",
        "distanceToForestBoundaryMetres": 465.9
      }
    },
    {
      "type": "Feature",
      "id": "way/509649644",
      "geometry": {
        "type": "Point",
        "coordinates": [
          0.0108403,
          51.5671457
        ]
      },
      "properties": {
        "id": "way/509649644",
        "osmType": "way",
        "osmId": 509649644,
        "name": "International Supermarket",
        "category": "convenience",
        "categoryLabel": "Convenience Store",
        "amenity": null,
        "shop": "convenience",
        "highway": null,
        "tourism": null,
        "historic": null,
        "railway": null,
        "barrier": null,
        "entrance": null,
        "heritage": null,
        "website": null,
        "phone": null,
        "address": "616-618 High Road Leytonstone, London E11 3DA",
        "distanceToForestBoundaryMetres": 464.6
      }
    },
    {
      "type": "Feature",
      "id": "way/510025851",
      "geometry": {
        "type": "Point",
        "coordinates": [
          0.0111974,
          51.5683394
        ]
      },
      "properties": {
        "id": "way/510025851",
        "osmType": "way",
        "osmId": 510025851,
        "name": "The Wild Goose Bakery",
        "category": "bakery",
        "categoryLabel": "Bakery",
        "amenity": null,
        "shop": "bakery",
        "highway": null,
        "tourism": null,
        "historic": null,
        "railway": null,
        "barrier": null,
        "entrance": null,
        "heritage": null,
        "website": null,
        "phone": null,
        "address": "654 High Road Leytonstone, London E11 3AA",
        "distanceToForestBoundaryMetres": 466.0
      }
    },
    {
      "type": "Feature",
      "id": "way/512694575",
      "geometry": {
        "type": "Point",
        "coordinates": [
          0.0099638,
          51.5666107
        ]
      },
      "properties": {
        "id": "way/512694575",
        "osmType": "way",
        "osmId": 512694575,
        "name": "Gafoor Butchers",
        "category": "butcher",
        "categoryLabel": "Butcher",
        "amenity": null,
        "shop": "butcher",
        "highway": null,
        "tourism": null,
        "historic": null,
        "railway": null,
        "barrier": null,
        "entrance": null,
        "heritage": null,
        "website": null,
        "phone": null,
        "address": "765 High Road Leytonstone, London E11 4QS",
        "distanceToForestBoundaryMetres": 466.6
      }
    },
    {
      "type": "Feature",
      "id": "way/512694578",
      "geometry": {
        "type": "Point",
        "coordinates": [
          0.0099951,
          51.5664616
        ]
      },
      "properties": {
        "id": "way/512694578",
        "osmType": "way",
        "osmId": 512694578,
        "name": "Kenya Halal Butchers",
        "category": "butcher",
        "categoryLabel": "Butcher",
        "amenity": null,
        "shop": "butcher",
        "highway": null,
        "tourism": null,
        "historic": null,
        "railway": null,
        "barrier": null,
        "entrance": null,
        "heritage": null,
        "website": null,
        "phone": "+44 20 8556 6621",
        "address": "759 High Road Leytonstone, London E11 4QS",
        "distanceToForestBoundaryMetres": 461.3
      }
    },
    {
      "type": "Feature",
      "id": "way/512985635",
      "geometry": {
        "type": "Point",
        "coordinates": [
          0.0099354,
          51.5661063
        ]
      },
      "properties": {
        "id": "way/512985635",
        "osmType": "way",
        "osmId": 512985635,
        "name": "Leytonstone Local",
        "category": "convenience",
        "categoryLabel": "Convenience Store",
        "amenity": null,
        "shop": "convenience",
        "highway": null,
        "tourism": null,
        "historic": null,
        "railway": null,
        "barrier": null,
        "entrance": null,
        "heritage": null,
        "website": null,
        "phone": null,
        "address": "749 High Road Leytonstone, London E11 4QS",
        "distanceToForestBoundaryMetres": 459.1
      }
    },
    {
      "type": "Feature",
      "id": "way/513323905",
      "geometry": {
        "type": "Point",
        "coordinates": [
          0.009426,
          51.5633598
        ]
      },
      "properties": {
        "id": "way/513323905",
        "osmType": "way",
        "osmId": 513323905,
        "name": "The Continental Food Exchange",
        "category": "supermarket",
        "categoryLabel": "Supermarket",
        "amenity": null,
        "shop": "supermarket",
        "highway": null,
        "tourism": null,
        "historic": null,
        "railway": null,
        "barrier": null,
        "entrance": null,
        "heritage": null,
        "website": null,
        "phone": "+44 20 8558 8149",
        "address": "647-661 High Road Leytonstone, London E11 4RD",
        "distanceToForestBoundaryMetres": 466.6
      }
    },
    {
      "type": "Feature",
      "id": "way/614702715",
      "geometry": {
        "type": "Point",
        "coordinates": [
          0.0054265,
          51.5544277
        ]
      },
      "properties": {
        "id": "way/614702715",
        "osmType": "way",
        "osmId": 614702715,
        "name": "YDL Food Centre",
        "category": "supermarket",
        "categoryLabel": "Supermarket",
        "amenity": null,
        "shop": "supermarket",
        "highway": null,
        "tourism": null,
        "historic": null,
        "railway": null,
        "barrier": null,
        "entrance": null,
        "heritage": null,
        "website": null,
        "phone": null,
        "address": "234-236 High Road Leytonstone, London E11 3HU",
        "distanceToForestBoundaryMetres": 391.3
      }
    },
    {
      "type": "Feature",
      "id": "way/684609396",
      "geometry": {
        "type": "Point",
        "coordinates": [
          -0.0080091,
          51.6179196
        ]
      },
      "properties": {
        "id": "way/684609396",
        "osmType": "way",
        "osmId": 684609396,
        "name": "Premier The Convenience Store",
        "category": "convenience",
        "categoryLabel": "Convenience Store",
        "amenity": null,
        "shop": "convenience",
        "highway": null,
        "tourism": null,
        "historic": null,
        "railway": null,
        "barrier": null,
        "entrance": null,
        "heritage": null,
        "website": null,
        "phone": null,
        "address": "134 New Road, London",
        "distanceToForestBoundaryMetres": 466.6
      }
    },
    {
      "type": "Feature",
      "id": "way/685448957",
      "geometry": {
        "type": "Point",
        "coordinates": [
          -0.0173019,
          51.6083474
        ]
      },
      "properties": {
        "id": "way/685448957",
        "osmType": "way",
        "osmId": 685448957,
        "name": "Chingford Food Centre",
        "category": "supermarket",
        "categoryLabel": "Supermarket",
        "amenity": null,
        "shop": "supermarket",
        "highway": null,
        "tourism": null,
        "historic": null,
        "railway": null,
        "barrier": null,
        "entrance": null,
        "heritage": null,
        "website": null,
        "phone": null,
        "address": null,
        "distanceToForestBoundaryMetres": 390.7
      }
    },
    {
      "type": "Feature",
      "id": "way/689158446",
      "geometry": {
        "type": "Point",
        "coordinates": [
          -0.001524,
          51.6096694
        ]
      },
      "properties": {
        "id": "way/689158446",
        "osmType": "way",
        "osmId": 689158446,
        "name": "AR Convenience Store",
        "category": "convenience",
        "categoryLabel": "Convenience Store",
        "amenity": null,
        "shop": "convenience",
        "highway": null,
        "tourism": null,
        "historic": null,
        "railway": null,
        "barrier": null,
        "entrance": null,
        "heritage": null,
        "website": null,
        "phone": null,
        "address": "450-452 Larkshall Road, London E4 9HH",
        "distanceToForestBoundaryMetres": 379.5
      }
    },
    {
      "type": "Feature",
      "id": "way/696349659",
      "geometry": {
        "type": "Point",
        "coordinates": [
          0.0108373,
          51.5551018
        ]
      },
      "properties": {
        "id": "way/696349659",
        "osmType": "way",
        "osmId": 696349659,
        "name": "Olympic Superstore",
        "category": "convenience",
        "categoryLabel": "Convenience Store",
        "amenity": null,
        "shop": "convenience",
        "highway": null,
        "tourism": null,
        "historic": null,
        "railway": null,
        "barrier": null,
        "entrance": null,
        "heritage": null,
        "website": null,
        "phone": null,
        "address": "Cann Hall Road, London E11 3NJ",
        "distanceToForestBoundaryMetres": 408.9
      }
    },
    {
      "type": "Feature",
      "id": "way/696379843",
      "geometry": {
        "type": "Point",
        "coordinates": [
          0.0214553,
          51.553022
        ]
      },
      "properties": {
        "id": "way/696379843",
        "osmType": "way",
        "osmId": 696379843,
        "name": "Vraj General Store",
        "category": "convenience",
        "categoryLabel": "Convenience Store",
        "amenity": null,
        "shop": "convenience",
        "highway": null,
        "tourism": null,
        "historic": null,
        "railway": null,
        "barrier": null,
        "entrance": null,
        "heritage": null,
        "website": "https://www.postoffice.co.uk/branch-finder/2090023/station-road",
        "phone": null,
        "address": "78 Station Road, London E7 0AD",
        "distanceToForestBoundaryMetres": 354.5
      }
    },
    {
      "type": "Feature",
      "id": "way/803681953",
      "geometry": {
        "type": "Point",
        "coordinates": [
          0.016729,
          51.5535512
        ]
      },
      "properties": {
        "id": "way/803681953",
        "osmType": "way",
        "osmId": 803681953,
        "name": "Bottle & Basket",
        "category": "convenience",
        "categoryLabel": "Convenience Store",
        "amenity": null,
        "shop": "convenience",
        "highway": null,
        "tourism": null,
        "historic": null,
        "railway": null,
        "barrier": null,
        "entrance": null,
        "heritage": null,
        "website": null,
        "phone": null,
        "address": "13 Vansittart Road, London E7 0AS",
        "distanceToForestBoundaryMetres": 386.4
      }
    },
    {
      "type": "Feature",
      "id": "way/876151189",
      "geometry": {
        "type": "Point",
        "coordinates": [
          0.0227238,
          51.5506812
        ]
      },
      "properties": {
        "id": "way/876151189",
        "osmType": "way",
        "osmId": 876151189,
        "name": "Bluerock Express",
        "category": "convenience",
        "categoryLabel": "Convenience Store",
        "amenity": null,
        "shop": "convenience",
        "highway": null,
        "tourism": null,
        "historic": null,
        "railway": null,
        "barrier": null,
        "entrance": null,
        "heritage": null,
        "website": null,
        "phone": null,
        "address": "19 Station Road, London",
        "distanceToForestBoundaryMetres": 465.2
      }
    },
    {
      "type": "Feature",
      "id": "way/879875234",
      "geometry": {
        "type": "Point",
        "coordinates": [
          0.0251601,
          51.5498719
        ]
      },
      "properties": {
        "id": "way/879875234",
        "osmType": "way",
        "osmId": 879875234,
        "name": "Connie & Sons",
        "category": "convenience",
        "categoryLabel": "Convenience Store",
        "amenity": null,
        "shop": "convenience",
        "highway": null,
        "tourism": null,
        "historic": null,
        "railway": null,
        "barrier": null,
        "entrance": null,
        "heritage": null,
        "website": null,
        "phone": "+44 7309 472127",
        "address": "76 Woodgrange Road, London E7 0EN",
        "distanceToForestBoundaryMetres": 466.2
      }
    },
    {
      "type": "Feature",
      "id": "way/906618962",
      "geometry": {
        "type": "Point",
        "coordinates": [
          0.0097811,
          51.5652496
        ]
      },
      "properties": {
        "id": "way/906618962",
        "osmType": "way",
        "osmId": 906618962,
        "name": "Stone Mini Market",
        "category": "convenience",
        "categoryLabel": "Convenience Store",
        "amenity": null,
        "shop": "convenience",
        "highway": null,
        "tourism": null,
        "historic": null,
        "railway": null,
        "barrier": null,
        "entrance": null,
        "heritage": null,
        "website": "https://stoneminimarket.company.site/",
        "phone": null,
        "address": "721 High Road Leytonstone, London E11 4RD",
        "distanceToForestBoundaryMetres": 460.6
      }
    },
    {
      "type": "Feature",
      "id": "way/919214265",
      "geometry": {
        "type": "Point",
        "coordinates": [
          0.0001898,
          51.6088682
        ]
      },
      "properties": {
        "id": "way/919214265",
        "osmType": "way",
        "osmId": 919214265,
        "name": "Avenue Food And Wine",
        "category": "supermarket",
        "categoryLabel": "Supermarket",
        "amenity": null,
        "shop": "supermarket",
        "highway": null,
        "tourism": null,
        "historic": null,
        "railway": null,
        "barrier": null,
        "entrance": null,
        "heritage": null,
        "website": null,
        "phone": null,
        "address": null,
        "distanceToForestBoundaryMetres": 465.5
      }
    },
    {
      "type": "Feature",
      "id": "way/934910698",
      "geometry": {
        "type": "Point",
        "coordinates": [
          -0.0047441,
          51.6061804
        ]
      },
      "properties": {
        "id": "way/934910698",
        "osmType": "way",
        "osmId": 934910698,
        "name": "The Corner Shop",
        "category": "convenience",
        "categoryLabel": "Convenience Store",
        "amenity": null,
        "shop": "convenience",
        "highway": null,
        "tourism": null,
        "historic": null,
        "railway": null,
        "barrier": null,
        "entrance": null,
        "heritage": null,
        "website": null,
        "phone": null,
        "address": "95 Selwyn Avenue, London E4 9LP",
        "distanceToForestBoundaryMetres": 466.5
      }
    },
    {
      "type": "Feature",
      "id": "way/947925938",
      "geometry": {
        "type": "Point",
        "coordinates": [
          0.0096425,
          51.5549199
        ]
      },
      "properties": {
        "id": "way/947925938",
        "osmType": "way",
        "osmId": 947925938,
        "name": "Londis",
        "category": "convenience",
        "categoryLabel": "Convenience Store",
        "amenity": null,
        "shop": "convenience",
        "highway": null,
        "tourism": null,
        "historic": null,
        "railway": null,
        "barrier": null,
        "entrance": null,
        "heritage": null,
        "website": null,
        "phone": null,
        "address": "98-100 Cann Hall Road, London E11 3JF",
        "distanceToForestBoundaryMetres": 376.2
      }
    },
    {
      "type": "Feature",
      "id": "way/976066144",
      "geometry": {
        "type": "Point",
        "coordinates": [
          0.0255078,
          51.5513507
        ]
      },
      "properties": {
        "id": "way/976066144",
        "osmType": "way",
        "osmId": 976066144,
        "name": "Berket Food Centre",
        "category": "convenience",
        "categoryLabel": "Convenience Store",
        "amenity": null,
        "shop": "convenience",
        "highway": null,
        "tourism": null,
        "historic": null,
        "railway": null,
        "barrier": null,
        "entrance": null,
        "heritage": null,
        "website": null,
        "phone": null,
        "address": "116 Woodgrange Road, London E7 0EW",
        "distanceToForestBoundaryMetres": 466.4
      }
    },
    {
      "type": "Feature",
      "id": "way/986625289",
      "geometry": {
        "type": "Point",
        "coordinates": [
          0.0447979,
          51.5498259
        ]
      },
      "properties": {
        "id": "way/986625289",
        "osmType": "way",
        "osmId": 986625289,
        "name": "Manor Park Mini Market",
        "category": "convenience",
        "categoryLabel": "Convenience Store",
        "amenity": null,
        "shop": "convenience",
        "highway": null,
        "tourism": null,
        "historic": null,
        "railway": null,
        "barrier": null,
        "entrance": null,
        "heritage": null,
        "website": null,
        "phone": null,
        "address": "631 Romford Road, London E12 5AD",
        "distanceToForestBoundaryMetres": 386.4
      }
    },
    {
      "type": "Feature",
      "id": "way/986690009",
      "geometry": {
        "type": "Point",
        "coordinates": [
          0.0455426,
          51.5501122
        ]
      },
      "properties": {
        "id": "way/986690009",
        "osmType": "way",
        "osmId": 986690009,
        "name": "Barkat and Sons Halal Meat",
        "category": "butcher",
        "categoryLabel": "Butcher",
        "amenity": null,
        "shop": "butcher",
        "highway": null,
        "tourism": null,
        "historic": null,
        "railway": null,
        "barrier": null,
        "entrance": null,
        "heritage": null,
        "website": null,
        "phone": null,
        "address": "645 Romford Road, London E12 5AD",
        "distanceToForestBoundaryMetres": 339.5
      }
    },
    {
      "type": "Feature",
      "id": "way/992055658",
      "geometry": {
        "type": "Point",
        "coordinates": [
          0.0452041,
          51.5495706
        ]
      },
      "properties": {
        "id": "way/992055658",
        "osmType": "way",
        "osmId": 992055658,
        "name": "International Food Centre",
        "category": "convenience",
        "categoryLabel": "Convenience Store",
        "amenity": null,
        "shop": "convenience",
        "highway": null,
        "tourism": null,
        "historic": null,
        "railway": null,
        "barrier": null,
        "entrance": null,
        "heritage": null,
        "website": null,
        "phone": null,
        "address": "562-564 Romford Road, London E12 5AF",
        "distanceToForestBoundaryMetres": 403.9
      }
    },
    {
      "type": "Feature",
      "id": "way/1012904431",
      "geometry": {
        "type": "Point",
        "coordinates": [
          0.0057063,
          51.5552902
        ]
      },
      "properties": {
        "id": "way/1012904431",
        "osmType": "way",
        "osmId": 1012904431,
        "name": "Alam Bakes",
        "category": "bakery",
        "categoryLabel": "Bakery",
        "amenity": "bakery",
        "shop": "bakery",
        "highway": null,
        "tourism": null,
        "historic": null,
        "railway": null,
        "barrier": null,
        "entrance": null,
        "heritage": null,
        "website": null,
        "phone": null,
        "address": "266 High Road Leytonstone",
        "distanceToForestBoundaryMetres": 293.7
      }
    },
    {
      "type": "Feature",
      "id": "way/1423250000",
      "geometry": {
        "type": "Point",
        "coordinates": [
          0.0115286,
          51.5691192
        ]
      },
      "properties": {
        "id": "way/1423250000",
        "osmType": "way",
        "osmId": 1423250000,
        "name": "M&S Food",
        "category": "convenience",
        "categoryLabel": "Convenience Store",
        "amenity": null,
        "shop": "convenience",
        "highway": null,
        "tourism": null,
        "historic": null,
        "railway": null,
        "barrier": null,
        "entrance": null,
        "heritage": null,
        "website": "https://www.marksandspencer.com/stores/leytonstone-8596",
        "phone": null,
        "address": null,
        "distanceToForestBoundaryMetres": 466.4
      }
    },
    {
      "type": "Feature",
      "id": "way/1423250001",
      "geometry": {
        "type": "Point",
        "coordinates": [
          0.0111982,
          51.5692231
        ]
      },
      "properties": {
        "id": "way/1423250001",
        "osmType": "way",
        "osmId": 1423250001,
        "name": "Aldi",
        "category": "supermarket",
        "categoryLabel": "Supermarket",
        "amenity": null,
        "shop": "supermarket",
        "highway": null,
        "tourism": null,
        "historic": null,
        "railway": null,
        "barrier": null,
        "entrance": null,
        "heritage": null,
        "website": "https://www.aldi.co.uk/store-finder/l/leytonstone/829-837-high-road/c619",
        "phone": null,
        "address": null,
        "distanceToForestBoundaryMetres": 465.7
      }
    },
    {
      "type": "Feature",
      "id": "way/1442135834",
      "geometry": {
        "type": "Point",
        "coordinates": [
          0.0252729,
          51.5505627
        ]
      },
      "properties": {
        "id": "way/1442135834",
        "osmType": "way",
        "osmId": 1442135834,
        "name": "Polonezz",
        "category": "convenience",
        "categoryLabel": "Convenience Store",
        "amenity": null,
        "shop": "convenience",
        "highway": null,
        "tourism": null,
        "historic": null,
        "railway": null,
        "barrier": null,
        "entrance": null,
        "heritage": null,
        "website": null,
        "phone": null,
        "address": "86-88 Woodgrange Road, London E7 0EW",
        "distanceToForestBoundaryMetres": 458.5
      }
    }
  ]
}
