{
  "type": "FeatureCollection",
  "name": "Transport",
  "generatedAt": "2026-05-20T06:29:41.513437Z",
  "source": {
    "name": "OpenStreetMap via Overpass API",
    "license": "Open Data Commons Open Database License (ODbL)",
    "queryFile": "data/local-landmarks.overpassql",
    "bbox": [
      -0.035,
      51.595,
      0.145,
      51.745
    ],
    "distanceFilter": {
      "maxMinutesFromForestBoundary": 5,
      "walkingSpeedMPerMin": 58.333333333333336,
      "maxDistanceMetres": 291.7,
      "boundaryFile": "data/epping-forest-land.geojson"
    }
  },
  "features": [
    {
      "type": "Feature",
      "id": "node/297013732",
      "geometry": {
        "type": "Point",
        "coordinates": [
          0.0071878,
          51.559265
        ]
      },
      "properties": {
        "id": "node/297013732",
        "osmType": "node",
        "osmId": 297013732,
        "name": "West Street",
        "category": "bus_stop",
        "categoryLabel": "Bus Stop",
        "amenity": null,
        "highway": "bus_stop",
        "tourism": null,
        "historic": null,
        "railway": null,
        "barrier": null,
        "entrance": null,
        "heritage": null,
        "website": null,
        "phone": null,
        "address": null,
        "distanceToForestBoundaryMetres": 160.0,
        "shop": null
      }
    },
    {
      "type": "Feature",
      "id": "node/469760360",
      "geometry": {
        "type": "Point",
        "coordinates": [
          0.0288712,
          51.5758611
        ]
      },
      "properties": {
        "id": "node/469760360",
        "osmType": "node",
        "osmId": 469760360,
        "name": "Wanstead Station",
        "category": "bus_stop",
        "categoryLabel": "Bus Stop",
        "amenity": null,
        "highway": "bus_stop",
        "tourism": null,
        "historic": null,
        "railway": null,
        "barrier": null,
        "entrance": null,
        "heritage": null,
        "website": null,
        "phone": null,
        "address": null,
        "distanceToForestBoundaryMetres": 272.7,
        "shop": null
      }
    },
    {
      "type": "Feature",
      "id": "node/469760361",
      "geometry": {
        "type": "Point",
        "coordinates": [
          0.0274234,
          51.576747
        ]
      },
      "properties": {
        "id": "node/469760361",
        "osmType": "node",
        "osmId": 469760361,
        "name": "Wanstead High Street / Wanstead Station",
        "category": "bus_stop",
        "categoryLabel": "Bus Stop",
        "amenity": null,
        "highway": "bus_stop",
        "tourism": null,
        "historic": null,
        "railway": null,
        "barrier": null,
        "entrance": null,
        "heritage": null,
        "website": null,
        "phone": null,
        "address": null,
        "distanceToForestBoundaryMetres": 289.9,
        "shop": null
      }
    },
    {
      "type": "Feature",
      "id": "node/469760611",
      "geometry": {
        "type": "Point",
        "coordinates": [
          0.0213652,
          51.5812141
        ]
      },
      "properties": {
        "id": "node/469760611",
        "osmType": "node",
        "osmId": 469760611,
        "name": "Snaresbrook Station",
        "category": "bus_stop",
        "categoryLabel": "Bus Stop",
        "amenity": null,
        "highway": "bus_stop",
        "tourism": null,
        "historic": null,
        "railway": null,
        "barrier": null,
        "entrance": null,
        "heritage": null,
        "website": null,
        "phone": null,
        "address": null,
        "distanceToForestBoundaryMetres": 290.1,
        "shop": null
      }
    },
    {
      "type": "Feature",
      "id": "node/469760612",
      "geometry": {
        "type": "Point",
        "coordinates": [
          0.0221438,
          51.5809276
        ]
      },
      "properties": {
        "id": "node/469760612",
        "osmType": "node",
        "osmId": 469760612,
        "name": "Snaresbrook Station",
        "category": "bus_stop",
        "categoryLabel": "Bus Stop",
        "amenity": null,
        "highway": "bus_stop",
        "tourism": null,
        "historic": null,
        "railway": null,
        "barrier": null,
        "entrance": null,
        "heritage": null,
        "website": null,
        "phone": null,
        "address": null,
        "distanceToForestBoundaryMetres": 290.3,
        "shop": null
      }
    },
    {
      "type": "Feature",
      "id": "node/469761854",
      "geometry": {
        "type": "Point",
        "coordinates": [
          0.0103639,
          51.6335156
        ]
      },
      "properties": {
        "id": "node/469761854",
        "osmType": "node",
        "osmId": 469761854,
        "name": "Chingford Station",
        "category": "bus_stop",
        "categoryLabel": "Bus Stop",
        "amenity": null,
        "highway": "bus_stop",
        "tourism": null,
        "historic": null,
        "railway": null,
        "barrier": null,
        "entrance": null,
        "heritage": null,
        "website": null,
        "phone": null,
        "address": null,
        "distanceToForestBoundaryMetres": 265.6,
        "shop": null
      }
    },
    {
      "type": "Feature",
      "id": "node/469761858",
      "geometry": {
        "type": "Point",
        "coordinates": [
          0.0099588,
          51.6335152
        ]
      },
      "properties": {
        "id": "node/469761858",
        "osmType": "node",
        "osmId": 469761858,
        "name": "Chingford Station",
        "category": "bus_stop",
        "categoryLabel": "Bus Stop",
        "amenity": null,
        "highway": "bus_stop",
        "tourism": null,
        "historic": null,
        "railway": null,
        "barrier": null,
        "entrance": null,
        "heritage": null,
        "website": null,
        "phone": null,
        "address": null,
        "distanceToForestBoundaryMetres": 282.3,
        "shop": null
      }
    },
    {
      "type": "Feature",
      "id": "node/469761859",
      "geometry": {
        "type": "Point",
        "coordinates": [
          0.0098569,
          51.6334437
        ]
      },
      "properties": {
        "id": "node/469761859",
        "osmType": "node",
        "osmId": 469761859,
        "name": "Chingford Station",
        "category": "bus_stop",
        "categoryLabel": "Bus Stop",
        "amenity": null,
        "highway": "bus_stop",
        "tourism": null,
        "historic": null,
        "railway": null,
        "barrier": null,
        "entrance": null,
        "heritage": null,
        "website": null,
        "phone": null,
        "address": null,
        "distanceToForestBoundaryMetres": 276.0,
        "shop": null
      }
    },
    {
      "type": "Feature",
      "id": "node/469761860",
      "geometry": {
        "type": "Point",
        "coordinates": [
          0.0100543,
          51.6337912
        ]
      },
      "properties": {
        "id": "node/469761860",
        "osmType": "node",
        "osmId": 469761860,
        "name": "Chingford Station",
        "category": "bus_stop",
        "categoryLabel": "Bus Stop",
        "amenity": null,
        "highway": "bus_stop",
        "tourism": null,
        "historic": null,
        "railway": null,
        "barrier": null,
        "entrance": null,
        "heritage": null,
        "website": null,
        "phone": null,
        "address": null,
        "distanceToForestBoundaryMetres": 288.4,
        "shop": null
      }
    },
    {
      "type": "Feature",
      "id": "node/469762263",
      "geometry": {
        "type": "Point",
        "coordinates": [
          0.0459863,
          51.5526656
        ]
      },
      "properties": {
        "id": "node/469762263",
        "osmType": "node",
        "osmId": 469762263,
        "name": "Whitta Road",
        "category": "bus_stop",
        "categoryLabel": "Bus Stop",
        "amenity": null,
        "highway": "bus_stop",
        "tourism": null,
        "historic": null,
        "railway": null,
        "barrier": null,
        "entrance": null,
        "heritage": null,
        "website": null,
        "phone": null,
        "address": null,
        "distanceToForestBoundaryMetres": 281.4,
        "shop": null
      }
    },
    {
      "type": "Feature",
      "id": "node/469762264",
      "geometry": {
        "type": "Point",
        "coordinates": [
          0.0467332,
          51.5521266
        ]
      },
      "properties": {
        "id": "node/469762264",
        "osmType": "node",
        "osmId": 469762264,
        "name": "Manor Park Station",
        "category": "bus_stop",
        "categoryLabel": "Bus Stop",
        "amenity": null,
        "highway": "bus_stop",
        "tourism": null,
        "historic": null,
        "railway": null,
        "barrier": null,
        "entrance": null,
        "heritage": null,
        "website": null,
        "phone": null,
        "address": null,
        "distanceToForestBoundaryMetres": 102.4,
        "shop": null
      }
    },
    {
      "type": "Feature",
      "id": "node/469762265",
      "geometry": {
        "type": "Point",
        "coordinates": [
          0.0467269,
          51.5529045
        ]
      },
      "properties": {
        "id": "node/469762265",
        "osmType": "node",
        "osmId": 469762265,
        "name": "Manor Park Station",
        "category": "bus_stop",
        "categoryLabel": "Bus Stop",
        "amenity": null,
        "highway": "bus_stop",
        "tourism": null,
        "historic": null,
        "railway": null,
        "barrier": null,
        "entrance": null,
        "heritage": null,
        "website": null,
        "phone": null,
        "address": null,
        "distanceToForestBoundaryMetres": 287.1,
        "shop": null
      }
    },
    {
      "type": "Feature",
      "id": "node/469762683",
      "geometry": {
        "type": "Point",
        "coordinates": [
          -0.0120462,
          51.638477
        ]
      },
      "properties": {
        "id": "node/469762683",
        "osmType": "node",
        "osmId": 469762683,
        "name": "Amesbury Drive",
        "category": "bus_stop",
        "categoryLabel": "Bus Stop",
        "amenity": null,
        "highway": "bus_stop",
        "tourism": null,
        "historic": null,
        "railway": null,
        "barrier": null,
        "entrance": null,
        "heritage": null,
        "website": null,
        "phone": null,
        "address": null,
        "distanceToForestBoundaryMetres": 149.8,
        "shop": null
      }
    },
    {
      "type": "Feature",
      "id": "node/469762684",
      "geometry": {
        "type": "Point",
        "coordinates": [
          -0.0122745,
          51.6374555
        ]
      },
      "properties": {
        "id": "node/469762684",
        "osmType": "node",
        "osmId": 469762684,
        "name": "Amesbury Drive",
        "category": "bus_stop",
        "categoryLabel": "Bus Stop",
        "amenity": null,
        "highway": "bus_stop",
        "tourism": null,
        "historic": null,
        "railway": null,
        "barrier": null,
        "entrance": null,
        "heritage": null,
        "website": null,
        "phone": null,
        "address": null,
        "distanceToForestBoundaryMetres": 274.7,
        "shop": null
      }
    },
    {
      "type": "Feature",
      "id": "node/469762748",
      "geometry": {
        "type": "Point",
        "coordinates": [
          -0.0086123,
          51.6453077
        ]
      },
      "properties": {
        "id": "node/469762748",
        "osmType": "node",
        "osmId": 469762748,
        "name": "Hail & Ride Antlers Hill",
        "category": "bus_stop",
        "categoryLabel": "Bus Stop",
        "amenity": null,
        "highway": "bus_stop",
        "tourism": null,
        "historic": null,
        "railway": null,
        "barrier": null,
        "entrance": null,
        "heritage": null,
        "website": null,
        "phone": null,
        "address": null,
        "distanceToForestBoundaryMetres": 185.0,
        "shop": null
      }
    },
    {
      "type": "Feature",
      "id": "node/469762753",
      "geometry": {
        "type": "Point",
        "coordinates": [
          0.0053567,
          51.5590309
        ]
      },
      "properties": {
        "id": "node/469762753",
        "osmType": "node",
        "osmId": 469762753,
        "name": "Apollo Place",
        "category": "bus_stop",
        "categoryLabel": "Bus Stop",
        "amenity": null,
        "highway": "bus_stop",
        "tourism": null,
        "historic": null,
        "railway": null,
        "barrier": null,
        "entrance": null,
        "heritage": null,
        "website": null,
        "phone": null,
        "address": null,
        "distanceToForestBoundaryMetres": 168.5,
        "shop": null
      }
    },
    {
      "type": "Feature",
      "id": "node/469763087",
      "geometry": {
        "type": "Point",
        "coordinates": [
          -0.0117308,
          51.5739442
        ]
      },
      "properties": {
        "id": "node/469763087",
        "osmType": "node",
        "osmId": 469763087,
        "name": "Bromley Road",
        "category": "bus_stop",
        "categoryLabel": "Bus Stop",
        "amenity": null,
        "highway": "bus_stop",
        "tourism": null,
        "historic": null,
        "railway": null,
        "barrier": null,
        "entrance": null,
        "heritage": null,
        "website": null,
        "phone": null,
        "address": null,
        "distanceToForestBoundaryMetres": 186.2,
        "shop": null
      }
    },
    {
      "type": "Feature",
      "id": "node/469763132",
      "geometry": {
        "type": "Point",
        "coordinates": [
          0.0261048,
          51.618814
        ]
      },
      "properties": {
        "id": "node/469763132",
        "osmType": "node",
        "osmId": 469763132,
        "name": "Bancroft's School",
        "category": "bus_stop",
        "categoryLabel": "Bus Stop",
        "amenity": null,
        "highway": "bus_stop",
        "tourism": null,
        "historic": null,
        "railway": null,
        "barrier": null,
        "entrance": null,
        "heritage": null,
        "website": null,
        "phone": null,
        "address": null,
        "distanceToForestBoundaryMetres": 195.7,
        "shop": null
      }
    },
    {
      "type": "Feature",
      "id": "node/469763133",
      "geometry": {
        "type": "Point",
        "coordinates": [
          0.0260154,
          51.6187055
        ]
      },
      "properties": {
        "id": "node/469763133",
        "osmType": "node",
        "osmId": 469763133,
        "name": "Bancroft's School",
        "category": "bus_stop",
        "categoryLabel": "Bus Stop",
        "amenity": null,
        "highway": "bus_stop",
        "tourism": null,
        "historic": null,
        "railway": null,
        "barrier": null,
        "entrance": null,
        "heritage": null,
        "website": null,
        "phone": null,
        "address": null,
        "distanceToForestBoundaryMetres": 183.8,
        "shop": null
      }
    },
    {
      "type": "Feature",
      "id": "node/469763421",
      "geometry": {
        "type": "Point",
        "coordinates": [
          0.0223832,
          51.5921634
        ]
      },
      "properties": {
        "id": "node/469763421",
        "osmType": "node",
        "osmId": 469763421,
        "name": "Bedford Road",
        "category": "bus_stop",
        "categoryLabel": "Bus Stop",
        "amenity": null,
        "highway": "bus_stop",
        "tourism": null,
        "historic": null,
        "railway": null,
        "barrier": null,
        "entrance": null,
        "heritage": null,
        "website": null,
        "phone": null,
        "address": null,
        "distanceToForestBoundaryMetres": 288.8,
        "shop": null
      }
    },
    {
      "type": "Feature",
      "id": "node/469763422",
      "geometry": {
        "type": "Point",
        "coordinates": [
          0.0225493,
          51.5913779
        ]
      },
      "properties": {
        "id": "node/469763422",
        "osmType": "node",
        "osmId": 469763422,
        "name": "Bedford Road",
        "category": "bus_stop",
        "categoryLabel": "Bus Stop",
        "amenity": null,
        "highway": "bus_stop",
        "tourism": null,
        "historic": null,
        "railway": null,
        "barrier": null,
        "entrance": null,
        "heritage": null,
        "website": null,
        "phone": null,
        "address": null,
        "distanceToForestBoundaryMetres": 283.1,
        "shop": null
      }
    },
    {
      "type": "Feature",
      "id": "node/469763488",
      "geometry": {
        "type": "Point",
        "coordinates": [
          0.0496945,
          51.6053288
        ]
      },
      "properties": {
        "id": "node/469763488",
        "osmType": "node",
        "osmId": 469763488,
        "name": "Ashton Playing Fields",
        "category": "bus_stop",
        "categoryLabel": "Bus Stop",
        "amenity": null,
        "highway": "bus_stop",
        "tourism": null,
        "historic": null,
        "railway": null,
        "barrier": null,
        "entrance": null,
        "heritage": null,
        "website": null,
        "phone": null,
        "address": null,
        "distanceToForestBoundaryMetres": 83.8,
        "shop": null
      }
    },
    {
      "type": "Feature",
      "id": "node/469763567",
      "geometry": {
        "type": "Point",
        "coordinates": [
          0.0246156,
          51.5666145
        ]
      },
      "properties": {
        "id": "node/469763567",
        "osmType": "node",
        "osmId": 469763567,
        "name": "Blake Hall Crescent",
        "category": "bus_stop",
        "categoryLabel": "Bus Stop",
        "amenity": null,
        "highway": "bus_stop",
        "tourism": null,
        "historic": null,
        "railway": null,
        "barrier": null,
        "entrance": null,
        "heritage": null,
        "website": null,
        "phone": null,
        "address": null,
        "distanceToForestBoundaryMetres": 238.3,
        "shop": null
      }
    },
    {
      "type": "Feature",
      "id": "node/469763569",
      "geometry": {
        "type": "Point",
        "coordinates": [
          0.0249827,
          51.5656844
        ]
      },
      "properties": {
        "id": "node/469763569",
        "osmType": "node",
        "osmId": 469763569,
        "name": "Blake Hall Crescent",
        "category": "bus_stop",
        "categoryLabel": "Bus Stop",
        "amenity": null,
        "highway": "bus_stop",
        "tourism": null,
        "historic": null,
        "railway": null,
        "barrier": null,
        "entrance": null,
        "heritage": null,
        "website": null,
        "phone": null,
        "address": null,
        "distanceToForestBoundaryMetres": 278.4,
        "shop": null
      }
    },
    {
      "type": "Feature",
      "id": "node/469763572",
      "geometry": {
        "type": "Point",
        "coordinates": [
          0.0222535,
          51.5735449
        ]
      },
      "properties": {
        "id": "node/469763572",
        "osmType": "node",
        "osmId": 469763572,
        "name": "Blake Hall Road",
        "category": "bus_stop",
        "categoryLabel": "Bus Stop",
        "amenity": null,
        "highway": "bus_stop",
        "tourism": null,
        "historic": null,
        "railway": null,
        "barrier": null,
        "entrance": null,
        "heritage": null,
        "website": null,
        "phone": null,
        "address": null,
        "distanceToForestBoundaryMetres": 287.9,
        "shop": null
      }
    },
    {
      "type": "Feature",
      "id": "node/469763645",
      "geometry": {
        "type": "Point",
        "coordinates": [
          -0.0094919,
          51.6459985
        ]
      },
      "properties": {
        "id": "node/469763645",
        "osmType": "node",
        "osmId": 469763645,
        "name": "Hail & Ride Boardman Avenue",
        "category": "bus_stop",
        "categoryLabel": "Bus Stop",
        "amenity": null,
        "highway": "bus_stop",
        "tourism": null,
        "historic": null,
        "railway": null,
        "barrier": null,
        "entrance": null,
        "heritage": null,
        "website": null,
        "phone": null,
        "address": null,
        "distanceToForestBoundaryMetres": 158.0,
        "shop": null
      }
    },
    {
      "type": "Feature",
      "id": "node/469764110",
      "geometry": {
        "type": "Point",
        "coordinates": [
          0.0056154,
          51.5934395
        ]
      },
      "properties": {
        "id": "node/469764110",
        "osmType": "node",
        "osmId": 469764110,
        "name": "Beacontree Avenue",
        "category": "bus_stop",
        "categoryLabel": "Bus Stop",
        "amenity": null,
        "highway": "bus_stop",
        "tourism": null,
        "historic": null,
        "railway": null,
        "barrier": null,
        "entrance": null,
        "heritage": null,
        "website": null,
        "phone": null,
        "address": null,
        "distanceToForestBoundaryMetres": 165.3,
        "shop": null
      }
    },
    {
      "type": "Feature",
      "id": "node/469764128",
      "geometry": {
        "type": "Point",
        "coordinates": [
          0.0456975,
          51.6028356
        ]
      },
      "properties": {
        "id": "node/469764128",
        "osmType": "node",
        "osmId": 469764128,
        "name": "Beaumaris Drive",
        "category": "bus_stop",
        "categoryLabel": "Bus Stop",
        "amenity": null,
        "highway": "bus_stop",
        "tourism": null,
        "historic": null,
        "railway": null,
        "barrier": null,
        "entrance": null,
        "heritage": null,
        "website": null,
        "phone": null,
        "address": null,
        "distanceToForestBoundaryMetres": 267.5,
        "shop": null
      }
    },
    {
      "type": "Feature",
      "id": "node/469764129",
      "geometry": {
        "type": "Point",
        "coordinates": [
          0.0446187,
          51.6016844
        ]
      },
      "properties": {
        "id": "node/469764129",
        "osmType": "node",
        "osmId": 469764129,
        "name": "Beaumaris Drive",
        "category": "bus_stop",
        "categoryLabel": "Bus Stop",
        "amenity": null,
        "highway": "bus_stop",
        "tourism": null,
        "historic": null,
        "railway": null,
        "barrier": null,
        "entrance": null,
        "heritage": null,
        "website": null,
        "phone": null,
        "address": null,
        "distanceToForestBoundaryMetres": 290.7,
        "shop": null
      }
    },
    {
      "type": "Feature",
      "id": "node/469764161",
      "geometry": {
        "type": "Point",
        "coordinates": [
          0.0435864,
          51.6011123
        ]
      },
      "properties": {
        "id": "node/469764161",
        "osmType": "node",
        "osmId": 469764161,
        "name": "Chigwell Road / Broadmead Road",
        "category": "bus_stop",
        "categoryLabel": "Bus Stop",
        "amenity": null,
        "highway": "bus_stop",
        "tourism": null,
        "historic": null,
        "railway": null,
        "barrier": null,
        "entrance": null,
        "heritage": null,
        "website": null,
        "phone": null,
        "address": null,
        "distanceToForestBoundaryMetres": 249.2,
        "shop": null
      }
    },
    {
      "type": "Feature",
      "id": "node/469764172",
      "geometry": {
        "type": "Point",
        "coordinates": [
          0.0153789,
          51.5568115
        ]
      },
      "properties": {
        "id": "node/469764172",
        "osmType": "node",
        "osmId": 469764172,
        "name": "Bourne Road",
        "category": "bus_stop",
        "categoryLabel": "Bus Stop",
        "amenity": null,
        "highway": "bus_stop",
        "tourism": null,
        "historic": null,
        "railway": null,
        "barrier": null,
        "entrance": null,
        "heritage": null,
        "website": null,
        "phone": null,
        "address": null,
        "distanceToForestBoundaryMetres": 274.6,
        "shop": null
      }
    },
    {
      "type": "Feature",
      "id": "node/469764421",
      "geometry": {
        "type": "Point",
        "coordinates": [
          0.0212752,
          51.5872042
        ]
      },
      "properties": {
        "id": "node/469764421",
        "osmType": "node",
        "osmId": 469764421,
        "name": "Beechwood Park",
        "category": "bus_stop",
        "categoryLabel": "Bus Stop",
        "amenity": null,
        "highway": "bus_stop",
        "tourism": null,
        "historic": null,
        "railway": null,
        "barrier": null,
        "entrance": null,
        "heritage": null,
        "website": null,
        "phone": null,
        "address": null,
        "distanceToForestBoundaryMetres": 201.4,
        "shop": null
      }
    },
    {
      "type": "Feature",
      "id": "node/469764425",
      "geometry": {
        "type": "Point",
        "coordinates": [
          0.0213401,
          51.5866169
        ]
      },
      "properties": {
        "id": "node/469764425",
        "osmType": "node",
        "osmId": 469764425,
        "name": "Beechwood Park",
        "category": "bus_stop",
        "categoryLabel": "Bus Stop",
        "amenity": null,
        "highway": "bus_stop",
        "tourism": null,
        "historic": null,
        "railway": null,
        "barrier": null,
        "entrance": null,
        "heritage": null,
        "website": null,
        "phone": null,
        "address": null,
        "distanceToForestBoundaryMetres": 138.1,
        "shop": null
      }
    },
    {
      "type": "Feature",
      "id": "node/469764891",
      "geometry": {
        "type": "Point",
        "coordinates": [
          0.0010782,
          51.6070488
        ]
      },
      "properties": {
        "id": "node/469764891",
        "osmType": "node",
        "osmId": 469764891,
        "name": "Beverley Road",
        "category": "bus_stop",
        "categoryLabel": "Bus Stop",
        "amenity": null,
        "highway": "bus_stop",
        "tourism": null,
        "historic": null,
        "railway": null,
        "barrier": null,
        "entrance": null,
        "heritage": null,
        "website": null,
        "phone": null,
        "address": null,
        "distanceToForestBoundaryMetres": 219.3,
        "shop": null
      }
    },
    {
      "type": "Feature",
      "id": "node/469764894",
      "geometry": {
        "type": "Point",
        "coordinates": [
          0.0423648,
          51.6002064
        ]
      },
      "properties": {
        "id": "node/469764894",
        "osmType": "node",
        "osmId": 469764894,
        "name": "Broadmead Road",
        "category": "bus_stop",
        "categoryLabel": "Bus Stop",
        "amenity": null,
        "highway": "bus_stop",
        "tourism": null,
        "historic": null,
        "railway": null,
        "barrier": null,
        "entrance": null,
        "heritage": null,
        "website": null,
        "phone": null,
        "address": null,
        "distanceToForestBoundaryMetres": 118.2,
        "shop": null
      }
    },
    {
      "type": "Feature",
      "id": "node/469764895",
      "geometry": {
        "type": "Point",
        "coordinates": [
          0.042291,
          51.6010415
        ]
      },
      "properties": {
        "id": "node/469764895",
        "osmType": "node",
        "osmId": 469764895,
        "name": "Broadmead Road / Chigwell Road",
        "category": "bus_stop",
        "categoryLabel": "Bus Stop",
        "amenity": null,
        "highway": "bus_stop",
        "tourism": null,
        "historic": null,
        "railway": null,
        "barrier": null,
        "entrance": null,
        "heritage": null,
        "website": null,
        "phone": null,
        "address": null,
        "distanceToForestBoundaryMetres": 195.5,
        "shop": null
      }
    },
    {
      "type": "Feature",
      "id": "node/469765172",
      "geometry": {
        "type": "Point",
        "coordinates": [
          0.0235177,
          51.5728964
        ]
      },
      "properties": {
        "id": "node/469765172",
        "osmType": "node",
        "osmId": 469765172,
        "name": "Cambridge Park",
        "category": "bus_stop",
        "categoryLabel": "Bus Stop",
        "amenity": null,
        "highway": "bus_stop",
        "tourism": null,
        "historic": null,
        "railway": null,
        "barrier": null,
        "entrance": null,
        "heritage": null,
        "website": null,
        "phone": null,
        "address": null,
        "distanceToForestBoundaryMetres": 284.4,
        "shop": null
      }
    },
    {
      "type": "Feature",
      "id": "node/469765180",
      "geometry": {
        "type": "Point",
        "coordinates": [
          0.0197684,
          51.57262
        ]
      },
      "properties": {
        "id": "node/469765180",
        "osmType": "node",
        "osmId": 469765180,
        "name": "Cambridge Road",
        "category": "bus_stop",
        "categoryLabel": "Bus Stop",
        "amenity": null,
        "highway": "bus_stop",
        "tourism": null,
        "historic": null,
        "railway": null,
        "barrier": null,
        "entrance": null,
        "heritage": null,
        "website": null,
        "phone": null,
        "address": null,
        "distanceToForestBoundaryMetres": 280.2,
        "shop": null
      }
    },
    {
      "type": "Feature",
      "id": "node/469765181",
      "geometry": {
        "type": "Point",
        "coordinates": [
          0.020119,
          51.5730678
        ]
      },
      "properties": {
        "id": "node/469765181",
        "osmType": "node",
        "osmId": 469765181,
        "name": "Cambridge Road",
        "category": "bus_stop",
        "categoryLabel": "Bus Stop",
        "amenity": null,
        "highway": "bus_stop",
        "tourism": null,
        "historic": null,
        "railway": null,
        "barrier": null,
        "entrance": null,
        "heritage": null,
        "website": null,
        "phone": null,
        "address": null,
        "distanceToForestBoundaryMetres": 291.3,
        "shop": null
      }
    },
    {
      "type": "Feature",
      "id": "node/469765353",
      "geometry": {
        "type": "Point",
        "coordinates": [
          0.0464859,
          51.5546207
        ]
      },
      "properties": {
        "id": "node/469765353",
        "osmType": "node",
        "osmId": 469765353,
        "name": "Capel Road",
        "category": "bus_stop",
        "categoryLabel": "Bus Stop",
        "amenity": null,
        "highway": "bus_stop",
        "tourism": null,
        "historic": null,
        "railway": null,
        "barrier": null,
        "entrance": null,
        "heritage": null,
        "website": null,
        "phone": null,
        "address": null,
        "distanceToForestBoundaryMetres": 289.8,
        "shop": null
      }
    },
    {
      "type": "Feature",
      "id": "node/469765354",
      "geometry": {
        "type": "Point",
        "coordinates": [
          0.0463794,
          51.5542675
        ]
      },
      "properties": {
        "id": "node/469765354",
        "osmType": "node",
        "osmId": 469765354,
        "name": "Capel Road",
        "category": "bus_stop",
        "categoryLabel": "Bus Stop",
        "amenity": null,
        "highway": "bus_stop",
        "tourism": null,
        "historic": null,
        "railway": null,
        "barrier": null,
        "entrance": null,
        "heritage": null,
        "website": null,
        "phone": null,
        "address": null,
        "distanceToForestBoundaryMetres": 285.1,
        "shop": null
      }
    },
    {
      "type": "Feature",
      "id": "node/469765502",
      "geometry": {
        "type": "Point",
        "coordinates": [
          0.024097,
          51.5530552
        ]
      },
      "properties": {
        "id": "node/469765502",
        "osmType": "node",
        "osmId": 469765502,
        "name": "Bignold Road",
        "category": "bus_stop",
        "categoryLabel": "Bus Stop",
        "amenity": null,
        "highway": "bus_stop",
        "tourism": null,
        "historic": null,
        "railway": null,
        "barrier": null,
        "entrance": null,
        "heritage": null,
        "website": null,
        "phone": null,
        "address": null,
        "distanceToForestBoundaryMetres": 272.9,
        "shop": null
      }
    },
    {
      "type": "Feature",
      "id": "node/469765503",
      "geometry": {
        "type": "Point",
        "coordinates": [
          0.023629,
          51.5537417
        ]
      },
      "properties": {
        "id": "node/469765503",
        "osmType": "node",
        "osmId": 469765503,
        "name": "Bignold Road",
        "category": "bus_stop",
        "categoryLabel": "Bus Stop",
        "amenity": null,
        "highway": "bus_stop",
        "tourism": null,
        "historic": null,
        "railway": null,
        "barrier": null,
        "entrance": null,
        "heritage": null,
        "website": null,
        "phone": null,
        "address": null,
        "distanceToForestBoundaryMetres": 290.5,
        "shop": null
      }
    },
    {
      "type": "Feature",
      "id": "node/469765568",
      "geometry": {
        "type": "Point",
        "coordinates": [
          0.001105,
          51.5898202
        ]
      },
      "properties": {
        "id": "node/469765568",
        "osmType": "node",
        "osmId": 469765568,
        "name": "Fyfield Road",
        "category": "bus_stop",
        "categoryLabel": "Bus Stop",
        "amenity": null,
        "highway": "bus_stop",
        "tourism": null,
        "historic": null,
        "railway": null,
        "barrier": null,
        "entrance": null,
        "heritage": null,
        "website": null,
        "phone": null,
        "address": null,
        "distanceToForestBoundaryMetres": 277.9,
        "shop": null
      }
    },
    {
      "type": "Feature",
      "id": "node/469765570",
      "geometry": {
        "type": "Point",
        "coordinates": [
          0.0030727,
          51.5891893
        ]
      },
      "properties": {
        "id": "node/469765570",
        "osmType": "node",
        "osmId": 469765570,
        "name": "Hail & Ride Bisterne Avenue",
        "category": "bus_stop",
        "categoryLabel": "Bus Stop",
        "amenity": null,
        "highway": "bus_stop",
        "tourism": null,
        "historic": null,
        "railway": null,
        "barrier": null,
        "entrance": null,
        "heritage": null,
        "website": null,
        "phone": null,
        "address": null,
        "distanceToForestBoundaryMetres": 225.5,
        "shop": null
      }
    },
    {
      "type": "Feature",
      "id": "node/469765674",
      "geometry": {
        "type": "Point",
        "coordinates": [
          0.0350202,
          51.5945983
        ]
      },
      "properties": {
        "id": "node/469765674",
        "osmType": "node",
        "osmId": 469765674,
        "name": "Charlie Brown's Roundabout",
        "category": "bus_stop",
        "categoryLabel": "Bus Stop",
        "amenity": null,
        "highway": "bus_stop",
        "tourism": null,
        "historic": null,
        "railway": null,
        "barrier": null,
        "entrance": null,
        "heritage": null,
        "website": null,
        "phone": null,
        "address": null,
        "distanceToForestBoundaryMetres": 287.5,
        "shop": null
      }
    },
    {
      "type": "Feature",
      "id": "node/469765675",
      "geometry": {
        "type": "Point",
        "coordinates": [
          0.0364254,
          51.592921
        ]
      },
      "properties": {
        "id": "node/469765675",
        "osmType": "node",
        "osmId": 469765675,
        "name": "Charlie Browns Roundabout",
        "category": "bus_stop",
        "categoryLabel": "Bus Stop",
        "amenity": null,
        "highway": "bus_stop",
        "tourism": null,
        "historic": null,
        "railway": null,
        "barrier": null,
        "entrance": null,
        "heritage": null,
        "website": null,
        "phone": null,
        "address": null,
        "distanceToForestBoundaryMetres": 280.3,
        "shop": null
      }
    },
    {
      "type": "Feature",
      "id": "node/469765676",
      "geometry": {
        "type": "Point",
        "coordinates": [
          0.0378513,
          51.5945607
        ]
      },
      "properties": {
        "id": "node/469765676",
        "osmType": "node",
        "osmId": 469765676,
        "name": "Raven Road",
        "category": "bus_stop",
        "categoryLabel": "Bus Stop",
        "amenity": null,
        "highway": "bus_stop",
        "tourism": null,
        "historic": null,
        "railway": null,
        "barrier": null,
        "entrance": null,
        "heritage": null,
        "website": null,
        "phone": null,
        "address": null,
        "distanceToForestBoundaryMetres": 284.8,
        "shop": null
      }
    },
    {
      "type": "Feature",
      "id": "node/469765677",
      "geometry": {
        "type": "Point",
        "coordinates": [
          0.0347603,
          51.5938743
        ]
      },
      "properties": {
        "id": "node/469765677",
        "osmType": "node",
        "osmId": 469765677,
        "name": "Chigwell Road",
        "category": "bus_stop",
        "categoryLabel": "Bus Stop",
        "amenity": null,
        "highway": "bus_stop",
        "tourism": null,
        "historic": null,
        "railway": null,
        "barrier": null,
        "entrance": null,
        "heritage": null,
        "website": null,
        "phone": null,
        "address": null,
        "distanceToForestBoundaryMetres": 282.4,
        "shop": null
      }
    },
    {
      "type": "Feature",
      "id": "node/469765752",
      "geometry": {
        "type": "Point",
        "coordinates": [
          0.0127732,
          51.5993767
        ]
      },
      "properties": {
        "id": "node/469765752",
        "osmType": "node",
        "osmId": 469765752,
        "name": "Chelmsford Road",
        "category": "bus_stop",
        "categoryLabel": "Bus Stop",
        "amenity": null,
        "highway": "bus_stop",
        "tourism": null,
        "historic": null,
        "railway": null,
        "barrier": null,
        "entrance": null,
        "heritage": null,
        "website": null,
        "phone": null,
        "address": null,
        "distanceToForestBoundaryMetres": 287.2,
        "shop": null
      }
    },
    {
      "type": "Feature",
      "id": "node/469765753",
      "geometry": {
        "type": "Point",
        "coordinates": [
          0.0131149,
          51.599528
        ]
      },
      "properties": {
        "id": "node/469765753",
        "osmType": "node",
        "osmId": 469765753,
        "name": "Chelmsford Road",
        "category": "bus_stop",
        "categoryLabel": "Bus Stop",
        "amenity": null,
        "highway": "bus_stop",
        "tourism": null,
        "historic": null,
        "railway": null,
        "barrier": null,
        "entrance": null,
        "heritage": null,
        "website": null,
        "phone": null,
        "address": null,
        "distanceToForestBoundaryMetres": 276.3,
        "shop": null
      }
    },
    {
      "type": "Feature",
      "id": "node/469766010",
      "geometry": {
        "type": "Point",
        "coordinates": [
          0.0396008,
          51.5933259
        ]
      },
      "properties": {
        "id": "node/469766010",
        "osmType": "node",
        "osmId": 469766010,
        "name": "Lechmere Approach",
        "category": "bus_stop",
        "categoryLabel": "Bus Stop",
        "amenity": null,
        "highway": "bus_stop",
        "tourism": null,
        "historic": null,
        "railway": null,
        "barrier": null,
        "entrance": null,
        "heritage": null,
        "website": null,
        "phone": null,
        "address": null,
        "distanceToForestBoundaryMetres": 279.9,
        "shop": null
      }
    },
    {
      "type": "Feature",
      "id": "node/469766011",
      "geometry": {
        "type": "Point",
        "coordinates": [
          0.0394363,
          51.5931197
        ]
      },
      "properties": {
        "id": "node/469766011",
        "osmType": "node",
        "osmId": 469766011,
        "name": "Charlie Brown's Roundabout",
        "category": "bus_stop",
        "categoryLabel": "Bus Stop",
        "amenity": null,
        "highway": "bus_stop",
        "tourism": null,
        "historic": null,
        "railway": null,
        "barrier": null,
        "entrance": null,
        "heritage": null,
        "website": null,
        "phone": null,
        "address": null,
        "distanceToForestBoundaryMetres": 287.1,
        "shop": null
      }
    },
    {
      "type": "Feature",
      "id": "node/469766012",
      "geometry": {
        "type": "Point",
        "coordinates": [
          0.0467074,
          51.6054007
        ]
      },
      "properties": {
        "id": "node/469766012",
        "osmType": "node",
        "osmId": 469766012,
        "name": "Chigwell Road",
        "category": "bus_stop",
        "categoryLabel": "Bus Stop",
        "amenity": null,
        "highway": "bus_stop",
        "tourism": null,
        "historic": null,
        "railway": null,
        "barrier": null,
        "entrance": null,
        "heritage": null,
        "website": null,
        "phone": null,
        "address": null,
        "distanceToForestBoundaryMetres": 147.8,
        "shop": null
      }
    },
    {
      "type": "Feature",
      "id": "node/469766023",
      "geometry": {
        "type": "Point",
        "coordinates": [
          0.0087809,
          51.6198372
        ]
      },
      "properties": {
        "id": "node/469766023",
        "osmType": "node",
        "osmId": 469766023,
        "name": "Chingdale Road",
        "category": "bus_stop",
        "categoryLabel": "Bus Stop",
        "amenity": null,
        "highway": "bus_stop",
        "tourism": null,
        "historic": null,
        "railway": null,
        "barrier": null,
        "entrance": null,
        "heritage": null,
        "website": null,
        "phone": null,
        "address": null,
        "distanceToForestBoundaryMetres": 133.9,
        "shop": null
      }
    },
    {
      "type": "Feature",
      "id": "node/469766024",
      "geometry": {
        "type": "Point",
        "coordinates": [
          -0.0141867,
          51.6260674
        ]
      },
      "properties": {
        "id": "node/469766024",
        "osmType": "node",
        "osmId": 469766024,
        "name": "Ridgeway Park",
        "category": "bus_stop",
        "categoryLabel": "Bus Stop",
        "amenity": null,
        "highway": "bus_stop",
        "tourism": null,
        "historic": null,
        "railway": null,
        "barrier": null,
        "entrance": null,
        "heritage": null,
        "website": null,
        "phone": null,
        "address": null,
        "distanceToForestBoundaryMetres": 118.4,
        "shop": null
      }
    },
    {
      "type": "Feature",
      "id": "node/469766025",
      "geometry": {
        "type": "Point",
        "coordinates": [
          -0.0147148,
          51.6255547
        ]
      },
      "properties": {
        "id": "node/469766025",
        "osmType": "node",
        "osmId": 469766025,
        "name": "Ridgeway Park",
        "category": "bus_stop",
        "categoryLabel": "Bus Stop",
        "amenity": null,
        "highway": "bus_stop",
        "tourism": null,
        "historic": null,
        "railway": null,
        "barrier": null,
        "entrance": null,
        "heritage": null,
        "website": null,
        "phone": null,
        "address": null,
        "distanceToForestBoundaryMetres": 183.5,
        "shop": null
      }
    },
    {
      "type": "Feature",
      "id": "node/469766028",
      "geometry": {
        "type": "Point",
        "coordinates": [
          -0.0040213,
          51.6296249
        ]
      },
      "properties": {
        "id": "node/469766028",
        "osmType": "node",
        "osmId": 469766028,
        "name": "Chingford Fire Station",
        "category": "bus_stop",
        "categoryLabel": "Bus Stop",
        "amenity": null,
        "highway": "bus_stop",
        "tourism": null,
        "historic": null,
        "railway": null,
        "barrier": null,
        "entrance": null,
        "heritage": null,
        "website": null,
        "phone": null,
        "address": null,
        "distanceToForestBoundaryMetres": 207.2,
        "shop": null
      }
    },
    {
      "type": "Feature",
      "id": "node/469766029",
      "geometry": {
        "type": "Point",
        "coordinates": [
          -0.0038781,
          51.629576
        ]
      },
      "properties": {
        "id": "node/469766029",
        "osmType": "node",
        "osmId": 469766029,
        "name": "Chingford Fire Station",
        "category": "bus_stop",
        "categoryLabel": "Bus Stop",
        "amenity": null,
        "highway": "bus_stop",
        "tourism": null,
        "historic": null,
        "railway": null,
        "barrier": null,
        "entrance": null,
        "heritage": null,
        "website": null,
        "phone": null,
        "address": null,
        "distanceToForestBoundaryMetres": 204.6,
        "shop": null
      }
    },
    {
      "type": "Feature",
      "id": "node/469766030",
      "geometry": {
        "type": "Point",
        "coordinates": [
          5.37e-05,
          51.6312625
        ]
      },
      "properties": {
        "id": "node/469766030",
        "osmType": "node",
        "osmId": 469766030,
        "name": "Chingford Green",
        "category": "bus_stop",
        "categoryLabel": "Bus Stop",
        "amenity": null,
        "highway": "bus_stop",
        "tourism": null,
        "historic": null,
        "railway": null,
        "barrier": null,
        "entrance": null,
        "heritage": null,
        "website": null,
        "phone": null,
        "address": null,
        "distanceToForestBoundaryMetres": 142.4,
        "shop": null
      }
    },
    {
      "type": "Feature",
      "id": "node/469766032",
      "geometry": {
        "type": "Point",
        "coordinates": [
          0.0063017,
          51.6188433
        ]
      },
      "properties": {
        "id": "node/469766032",
        "osmType": "node",
        "osmId": 469766032,
        "name": "Hatch Lane",
        "category": "bus_stop",
        "categoryLabel": "Bus Stop",
        "amenity": null,
        "highway": "bus_stop",
        "tourism": null,
        "historic": null,
        "railway": null,
        "barrier": null,
        "entrance": null,
        "heritage": null,
        "website": null,
        "phone": null,
        "address": null,
        "distanceToForestBoundaryMetres": 179.3,
        "shop": null
      }
    },
    {
      "type": "Feature",
      "id": "node/469766033",
      "geometry": {
        "type": "Point",
        "coordinates": [
          0.0039968,
          51.6188236
        ]
      },
      "properties": {
        "id": "node/469766033",
        "osmType": "node",
        "osmId": 469766033,
        "name": "Hatch Lane",
        "category": "bus_stop",
        "categoryLabel": "Bus Stop",
        "amenity": null,
        "highway": "bus_stop",
        "tourism": null,
        "historic": null,
        "railway": null,
        "barrier": null,
        "entrance": null,
        "heritage": null,
        "website": null,
        "phone": null,
        "address": null,
        "distanceToForestBoundaryMetres": 83.9,
        "shop": null
      }
    },
    {
      "type": "Feature",
      "id": "node/469766034",
      "geometry": {
        "type": "Point",
        "coordinates": [
          -0.0003971,
          51.6202847
        ]
      },
      "properties": {
        "id": "node/469766034",
        "osmType": "node",
        "osmId": 469766034,
        "name": "Silverthorn Centre",
        "category": "bus_stop",
        "categoryLabel": "Bus Stop",
        "amenity": null,
        "highway": "bus_stop",
        "tourism": null,
        "historic": null,
        "railway": null,
        "barrier": null,
        "entrance": null,
        "heritage": null,
        "website": null,
        "phone": null,
        "address": null,
        "distanceToForestBoundaryMetres": 83.9,
        "shop": null
      }
    },
    {
      "type": "Feature",
      "id": "node/469766035",
      "geometry": {
        "type": "Point",
        "coordinates": [
          0.0190427,
          51.6104015
        ]
      },
      "properties": {
        "id": "node/469766035",
        "osmType": "node",
        "osmId": 469766035,
        "name": "Mill Lane",
        "category": "bus_stop",
        "categoryLabel": "Bus Stop",
        "amenity": null,
        "highway": "bus_stop",
        "tourism": null,
        "historic": null,
        "railway": null,
        "barrier": null,
        "entrance": null,
        "heritage": null,
        "website": null,
        "phone": null,
        "address": null,
        "distanceToForestBoundaryMetres": 155.3,
        "shop": null
      }
    },
    {
      "type": "Feature",
      "id": "node/469766036",
      "geometry": {
        "type": "Point",
        "coordinates": [
          0.0192819,
          51.6096152
        ]
      },
      "properties": {
        "id": "node/469766036",
        "osmType": "node",
        "osmId": 469766036,
        "name": "Mill Lane",
        "category": "bus_stop",
        "categoryLabel": "Bus Stop",
        "amenity": null,
        "highway": "bus_stop",
        "tourism": null,
        "historic": null,
        "railway": null,
        "barrier": null,
        "entrance": null,
        "heritage": null,
        "website": null,
        "phone": null,
        "address": null,
        "distanceToForestBoundaryMetres": 243.6,
        "shop": null
      }
    },
    {
      "type": "Feature",
      "id": "node/469766038",
      "geometry": {
        "type": "Point",
        "coordinates": [
          0.0198462,
          51.607022
        ]
      },
      "properties": {
        "id": "node/469766038",
        "osmType": "node",
        "osmId": 469766038,
        "name": "Chingford Lane",
        "category": "bus_stop",
        "categoryLabel": "Bus Stop",
        "amenity": null,
        "highway": "bus_stop",
        "tourism": null,
        "historic": null,
        "railway": null,
        "barrier": null,
        "entrance": null,
        "heritage": null,
        "website": null,
        "phone": null,
        "address": null,
        "distanceToForestBoundaryMetres": 285.6,
        "shop": null
      }
    },
    {
      "type": "Feature",
      "id": "node/469766187",
      "geometry": {
        "type": "Point",
        "coordinates": [
          0.0234075,
          51.5706564
        ]
      },
      "properties": {
        "id": "node/469766187",
        "osmType": "node",
        "osmId": 469766187,
        "name": "Bush Road",
        "category": "bus_stop",
        "categoryLabel": "Bus Stop",
        "amenity": null,
        "highway": "bus_stop",
        "tourism": null,
        "historic": null,
        "railway": null,
        "barrier": null,
        "entrance": null,
        "heritage": null,
        "website": null,
        "phone": null,
        "address": null,
        "distanceToForestBoundaryMetres": 95.5,
        "shop": null
      }
    },
    {
      "type": "Feature",
      "id": "node/469766188",
      "geometry": {
        "type": "Point",
        "coordinates": [
          0.0235641,
          51.5705222
        ]
      },
      "properties": {
        "id": "node/469766188",
        "osmType": "node",
        "osmId": 469766188,
        "name": "Bush Road",
        "category": "bus_stop",
        "categoryLabel": "Bus Stop",
        "amenity": null,
        "highway": "bus_stop",
        "tourism": null,
        "historic": null,
        "railway": null,
        "barrier": null,
        "entrance": null,
        "heritage": null,
        "website": null,
        "phone": null,
        "address": null,
        "distanceToForestBoundaryMetres": 81.9,
        "shop": null
      }
    },
    {
      "type": "Feature",
      "id": "node/469766202",
      "geometry": {
        "type": "Point",
        "coordinates": [
          0.0055984,
          51.6320612
        ]
      },
      "properties": {
        "id": "node/469766202",
        "osmType": "node",
        "osmId": 469766202,
        "name": "Buxton Road",
        "category": "bus_stop",
        "categoryLabel": "Bus Stop",
        "amenity": null,
        "highway": "bus_stop",
        "tourism": null,
        "historic": null,
        "railway": null,
        "barrier": null,
        "entrance": null,
        "heritage": null,
        "website": null,
        "phone": null,
        "address": null,
        "distanceToForestBoundaryMetres": 269.7,
        "shop": null
      }
    },
    {
      "type": "Feature",
      "id": "node/469766475",
      "geometry": {
        "type": "Point",
        "coordinates": [
          -0.0165436,
          51.6238774
        ]
      },
      "properties": {
        "id": "node/469766475",
        "osmType": "node",
        "osmId": 469766475,
        "name": "Chingford Old Church",
        "category": "bus_stop",
        "categoryLabel": "Bus Stop",
        "amenity": null,
        "highway": "bus_stop",
        "tourism": null,
        "historic": null,
        "railway": null,
        "barrier": null,
        "entrance": null,
        "heritage": null,
        "website": null,
        "phone": null,
        "address": null,
        "distanceToForestBoundaryMetres": 261.4,
        "shop": null
      }
    },
    {
      "type": "Feature",
      "id": "node/469766477",
      "geometry": {
        "type": "Point",
        "coordinates": [
          -0.001427,
          51.6316162
        ]
      },
      "properties": {
        "id": "node/469766477",
        "osmType": "node",
        "osmId": 469766477,
        "name": "Chingford Police Station",
        "category": "bus_stop",
        "categoryLabel": "Bus Stop",
        "amenity": null,
        "highway": "bus_stop",
        "tourism": null,
        "historic": null,
        "railway": null,
        "barrier": null,
        "entrance": null,
        "heritage": null,
        "website": null,
        "phone": null,
        "address": null,
        "distanceToForestBoundaryMetres": 78.3,
        "shop": null
      }
    },
    {
      "type": "Feature",
      "id": "node/469766478",
      "geometry": {
        "type": "Point",
        "coordinates": [
          0.0030127,
          51.628663
        ]
      },
      "properties": {
        "id": "node/469766478",
        "osmType": "node",
        "osmId": 469766478,
        "name": "Balgonie Road",
        "category": "bus_stop",
        "categoryLabel": "Bus Stop",
        "amenity": null,
        "highway": "bus_stop",
        "tourism": null,
        "historic": null,
        "railway": null,
        "barrier": null,
        "entrance": null,
        "heritage": null,
        "website": null,
        "phone": null,
        "address": null,
        "distanceToForestBoundaryMetres": 264.2,
        "shop": null
      }
    },
    {
      "type": "Feature",
      "id": "node/469766479",
      "geometry": {
        "type": "Point",
        "coordinates": [
          0.0029529,
          51.6285309
        ]
      },
      "properties": {
        "id": "node/469766479",
        "osmType": "node",
        "osmId": 469766479,
        "name": "Balgonie Road",
        "category": "bus_stop",
        "categoryLabel": "Bus Stop",
        "amenity": null,
        "highway": "bus_stop",
        "tourism": null,
        "historic": null,
        "railway": null,
        "barrier": null,
        "entrance": null,
        "heritage": null,
        "website": null,
        "phone": null,
        "address": null,
        "distanceToForestBoundaryMetres": 276.5,
        "shop": null
      }
    },
    {
      "type": "Feature",
      "id": "node/469767155",
      "geometry": {
        "type": "Point",
        "coordinates": [
          0.0188543,
          51.6063597
        ]
      },
      "properties": {
        "id": "node/469767155",
        "osmType": "node",
        "osmId": 469767155,
        "name": "Chingford Lane",
        "category": "bus_stop",
        "categoryLabel": "Bus Stop",
        "amenity": null,
        "highway": "bus_stop",
        "tourism": null,
        "historic": null,
        "railway": null,
        "barrier": null,
        "entrance": null,
        "heritage": null,
        "website": null,
        "phone": null,
        "address": null,
        "distanceToForestBoundaryMetres": 291.5,
        "shop": null
      }
    },
    {
      "type": "Feature",
      "id": "node/469767156",
      "geometry": {
        "type": "Point",
        "coordinates": [
          0.0190042,
          51.6041043
        ]
      },
      "properties": {
        "id": "node/469767156",
        "osmType": "node",
        "osmId": 469767156,
        "name": "Churchill Memorial",
        "category": "bus_stop",
        "categoryLabel": "Bus Stop",
        "amenity": null,
        "highway": "bus_stop",
        "tourism": null,
        "historic": null,
        "railway": null,
        "barrier": null,
        "entrance": null,
        "heritage": null,
        "website": null,
        "phone": null,
        "address": null,
        "distanceToForestBoundaryMetres": 281.3,
        "shop": null
      }
    },
    {
      "type": "Feature",
      "id": "node/469767157",
      "geometry": {
        "type": "Point",
        "coordinates": [
          0.0189519,
          51.6034646
        ]
      },
      "properties": {
        "id": "node/469767157",
        "osmType": "node",
        "osmId": 469767157,
        "name": "Churchill Memorial",
        "category": "bus_stop",
        "categoryLabel": "Bus Stop",
        "amenity": null,
        "highway": "bus_stop",
        "tourism": null,
        "historic": null,
        "railway": null,
        "barrier": null,
        "entrance": null,
        "heritage": null,
        "website": null,
        "phone": null,
        "address": null,
        "distanceToForestBoundaryMetres": 288.9,
        "shop": null
      }
    },
    {
      "type": "Feature",
      "id": "node/469767240",
      "geometry": {
        "type": "Point",
        "coordinates": [
          0.0447381,
          51.556853
        ]
      },
      "properties": {
        "id": "node/469767240",
        "osmType": "node",
        "osmId": 469767240,
        "name": "City Of London Cemetery",
        "category": "bus_stop",
        "categoryLabel": "Bus Stop",
        "amenity": null,
        "highway": "bus_stop",
        "tourism": null,
        "historic": null,
        "railway": null,
        "barrier": null,
        "entrance": null,
        "heritage": null,
        "website": null,
        "phone": null,
        "address": null,
        "distanceToForestBoundaryMetres": 283.4,
        "shop": null
      }
    },
    {
      "type": "Feature",
      "id": "node/469767300",
      "geometry": {
        "type": "Point",
        "coordinates": [
          0.0221425,
          51.5902
        ]
      },
      "properties": {
        "id": "node/469767300",
        "osmType": "node",
        "osmId": 469767300,
        "name": "Clarendon Road",
        "category": "bus_stop",
        "categoryLabel": "Bus Stop",
        "amenity": null,
        "highway": "bus_stop",
        "tourism": null,
        "historic": null,
        "railway": null,
        "barrier": null,
        "entrance": null,
        "heritage": null,
        "website": null,
        "phone": null,
        "address": null,
        "distanceToForestBoundaryMetres": 288.5,
        "shop": null
      }
    },
    {
      "type": "Feature",
      "id": "node/469767301",
      "geometry": {
        "type": "Point",
        "coordinates": [
          0.0221175,
          51.5892287
        ]
      },
      "properties": {
        "id": "node/469767301",
        "osmType": "node",
        "osmId": 469767301,
        "name": "Clarendon Road",
        "category": "bus_stop",
        "categoryLabel": "Bus Stop",
        "amenity": null,
        "highway": "bus_stop",
        "tourism": null,
        "historic": null,
        "railway": null,
        "barrier": null,
        "entrance": null,
        "heritage": null,
        "website": null,
        "phone": null,
        "address": null,
        "distanceToForestBoundaryMetres": 282.0,
        "shop": null
      }
    },
    {
      "type": "Feature",
      "id": "node/469767307",
      "geometry": {
        "type": "Point",
        "coordinates": [
          0.003331,
          51.5749882
        ]
      },
      "properties": {
        "id": "node/469767307",
        "osmType": "node",
        "osmId": 469767307,
        "name": "Clare Road",
        "category": "bus_stop",
        "categoryLabel": "Bus Stop",
        "amenity": null,
        "highway": "bus_stop",
        "tourism": null,
        "historic": null,
        "railway": null,
        "barrier": null,
        "entrance": null,
        "heritage": null,
        "website": null,
        "phone": null,
        "address": null,
        "distanceToForestBoundaryMetres": 289.7,
        "shop": null
      }
    },
    {
      "type": "Feature",
      "id": "node/469767308",
      "geometry": {
        "type": "Point",
        "coordinates": [
          0.0047944,
          51.575793
        ]
      },
      "properties": {
        "id": "node/469767308",
        "osmType": "node",
        "osmId": 469767308,
        "name": "Clare Road",
        "category": "bus_stop",
        "categoryLabel": "Bus Stop",
        "amenity": null,
        "highway": "bus_stop",
        "tourism": null,
        "historic": null,
        "railway": null,
        "barrier": null,
        "entrance": null,
        "heritage": null,
        "website": null,
        "phone": null,
        "address": null,
        "distanceToForestBoundaryMetres": 290.6,
        "shop": null
      }
    },
    {
      "type": "Feature",
      "id": "node/469767720",
      "geometry": {
        "type": "Point",
        "coordinates": [
          -0.0084676,
          51.5721127
        ]
      },
      "properties": {
        "id": "node/469767720",
        "osmType": "node",
        "osmId": 469767720,
        "name": "Colchester Road",
        "category": "bus_stop",
        "categoryLabel": "Bus Stop",
        "amenity": null,
        "highway": "bus_stop",
        "tourism": null,
        "historic": null,
        "railway": null,
        "barrier": null,
        "entrance": null,
        "heritage": null,
        "website": null,
        "phone": null,
        "address": null,
        "distanceToForestBoundaryMetres": 175.2,
        "shop": null
      }
    },
    {
      "type": "Feature",
      "id": "node/469767723",
      "geometry": {
        "type": "Point",
        "coordinates": [
          -0.0082831,
          51.5725928
        ]
      },
      "properties": {
        "id": "node/469767723",
        "osmType": "node",
        "osmId": 469767723,
        "name": "Colchester Road",
        "category": "bus_stop",
        "categoryLabel": "Bus Stop",
        "amenity": null,
        "highway": "bus_stop",
        "tourism": null,
        "historic": null,
        "railway": null,
        "barrier": null,
        "entrance": null,
        "heritage": null,
        "website": null,
        "phone": null,
        "address": null,
        "distanceToForestBoundaryMetres": 129.2,
        "shop": null
      }
    },
    {
      "type": "Feature",
      "id": "node/469767779",
      "geometry": {
        "type": "Point",
        "coordinates": [
          -0.0134848,
          51.6330043
        ]
      },
      "properties": {
        "id": "node/469767779",
        "osmType": "node",
        "osmId": 469767779,
        "name": "Maida Avenue",
        "category": "bus_stop",
        "categoryLabel": "Bus Stop",
        "amenity": null,
        "highway": "bus_stop",
        "tourism": null,
        "historic": null,
        "railway": null,
        "barrier": null,
        "entrance": null,
        "heritage": null,
        "website": null,
        "phone": null,
        "address": null,
        "distanceToForestBoundaryMetres": 194.5,
        "shop": null
      }
    },
    {
      "type": "Feature",
      "id": "node/469767820",
      "geometry": {
        "type": "Point",
        "coordinates": [
          0.0006863,
          51.6215972
        ]
      },
      "properties": {
        "id": "node/469767820",
        "osmType": "node",
        "osmId": 469767820,
        "name": "Colvin Gardens",
        "category": "bus_stop",
        "categoryLabel": "Bus Stop",
        "amenity": null,
        "highway": "bus_stop",
        "tourism": null,
        "historic": null,
        "railway": null,
        "barrier": null,
        "entrance": null,
        "heritage": null,
        "website": null,
        "phone": null,
        "address": null,
        "distanceToForestBoundaryMetres": 219.4,
        "shop": null
      }
    },
    {
      "type": "Feature",
      "id": "node/469767821",
      "geometry": {
        "type": "Point",
        "coordinates": [
          0.0004653,
          51.6211693
        ]
      },
      "properties": {
        "id": "node/469767821",
        "osmType": "node",
        "osmId": 469767821,
        "name": "Colvin Gardens",
        "category": "bus_stop",
        "categoryLabel": "Bus Stop",
        "amenity": null,
        "highway": "bus_stop",
        "tourism": null,
        "historic": null,
        "railway": null,
        "barrier": null,
        "entrance": null,
        "heritage": null,
        "website": null,
        "phone": null,
        "address": null,
        "distanceToForestBoundaryMetres": 269.0,
        "shop": null
      }
    },
    {
      "type": "Feature",
      "id": "node/469767878",
      "geometry": {
        "type": "Point",
        "coordinates": [
          0.0349333,
          51.5620363
        ]
      },
      "properties": {
        "id": "node/469767878",
        "osmType": "node",
        "osmId": 469767878,
        "name": "Dover Road",
        "category": "bus_stop",
        "categoryLabel": "Bus Stop",
        "amenity": null,
        "highway": "bus_stop",
        "tourism": null,
        "historic": null,
        "railway": null,
        "barrier": null,
        "entrance": null,
        "heritage": null,
        "website": null,
        "phone": null,
        "address": null,
        "distanceToForestBoundaryMetres": 281.3,
        "shop": null
      }
    },
    {
      "type": "Feature",
      "id": "node/469767961",
      "geometry": {
        "type": "Point",
        "coordinates": [
          -0.0084135,
          51.6406004
        ]
      },
      "properties": {
        "id": "node/469767961",
        "osmType": "node",
        "osmId": 469767961,
        "name": "Hail & Ride Drysdale Avenue / Hawkwood Crescent",
        "category": "bus_stop",
        "categoryLabel": "Bus Stop",
        "amenity": null,
        "highway": "bus_stop",
        "tourism": null,
        "historic": null,
        "railway": null,
        "barrier": null,
        "entrance": null,
        "heritage": null,
        "website": null,
        "phone": null,
        "address": null,
        "distanceToForestBoundaryMetres": 204.0,
        "shop": null
      }
    },
    {
      "type": "Feature",
      "id": "node/469768077",
      "geometry": {
        "type": "Point",
        "coordinates": [
          0.0167284,
          51.583325
        ]
      },
      "properties": {
        "id": "node/469768077",
        "osmType": "node",
        "osmId": 469768077,
        "name": "Eagle Pond",
        "category": "bus_stop",
        "categoryLabel": "Bus Stop",
        "amenity": null,
        "highway": "bus_stop",
        "tourism": null,
        "historic": null,
        "railway": null,
        "barrier": null,
        "entrance": null,
        "heritage": null,
        "website": null,
        "phone": null,
        "address": null,
        "distanceToForestBoundaryMetres": 180.0,
        "shop": null
      }
    },
    {
      "type": "Feature",
      "id": "node/469768078",
      "geometry": {
        "type": "Point",
        "coordinates": [
          0.0160204,
          51.583232
        ]
      },
      "properties": {
        "id": "node/469768078",
        "osmType": "node",
        "osmId": 469768078,
        "name": "Eagle Pond",
        "category": "bus_stop",
        "categoryLabel": "Bus Stop",
        "amenity": null,
        "highway": "bus_stop",
        "tourism": null,
        "historic": null,
        "railway": null,
        "barrier": null,
        "entrance": null,
        "heritage": null,
        "website": null,
        "phone": null,
        "address": null,
        "distanceToForestBoundaryMetres": 156.2,
        "shop": null
      }
    },
    {
      "type": "Feature",
      "id": "node/469768144",
      "geometry": {
        "type": "Point",
        "coordinates": [
          -0.0082719,
          51.6432196
        ]
      },
      "properties": {
        "id": "node/469768144",
        "osmType": "node",
        "osmId": 469768144,
        "name": "Hail & Ride Deerleap Grove",
        "category": "bus_stop",
        "categoryLabel": "Bus Stop",
        "amenity": null,
        "highway": "bus_stop",
        "tourism": null,
        "historic": null,
        "railway": null,
        "barrier": null,
        "entrance": null,
        "heritage": null,
        "website": null,
        "phone": null,
        "address": null,
        "distanceToForestBoundaryMetres": 259.4,
        "shop": null
      }
    },
    {
      "type": "Feature",
      "id": "node/469768383",
      "geometry": {
        "type": "Point",
        "coordinates": [
          0.0283106,
          51.5814375
        ]
      },
      "properties": {
        "id": "node/469768383",
        "osmType": "node",
        "osmId": 469768383,
        "name": "Hail & Ride Nightingale Lane",
        "category": "bus_stop",
        "categoryLabel": "Bus Stop",
        "amenity": null,
        "highway": "bus_stop",
        "tourism": null,
        "historic": null,
        "railway": null,
        "barrier": null,
        "entrance": null,
        "heritage": null,
        "website": null,
        "phone": null,
        "address": null,
        "distanceToForestBoundaryMetres": 52.3,
        "shop": null
      }
    },
    {
      "type": "Feature",
      "id": "node/469768384",
      "geometry": {
        "type": "Point",
        "coordinates": [
          0.0283999,
          51.5818185
        ]
      },
      "properties": {
        "id": "node/469768384",
        "osmType": "node",
        "osmId": 469768384,
        "name": "Hail & Ride Elmcroft Avenue",
        "category": "bus_stop",
        "categoryLabel": "Bus Stop",
        "amenity": null,
        "highway": "bus_stop",
        "tourism": null,
        "historic": null,
        "railway": null,
        "barrier": null,
        "entrance": null,
        "heritage": null,
        "website": null,
        "phone": null,
        "address": null,
        "distanceToForestBoundaryMetres": 88.2,
        "shop": null
      }
    },
    {
      "type": "Feature",
      "id": "node/469768572",
      "geometry": {
        "type": "Point",
        "coordinates": [
          0.0380345,
          51.5604988
        ]
      },
      "properties": {
        "id": "node/469768572",
        "osmType": "node",
        "osmId": 469768572,
        "name": "Empress Avenue",
        "category": "bus_stop",
        "categoryLabel": "Bus Stop",
        "amenity": null,
        "highway": "bus_stop",
        "tourism": null,
        "historic": null,
        "railway": null,
        "barrier": null,
        "entrance": null,
        "heritage": null,
        "website": null,
        "phone": null,
        "address": null,
        "distanceToForestBoundaryMetres": 282.2,
        "shop": null
      }
    },
    {
      "type": "Feature",
      "id": "node/469768598",
      "geometry": {
        "type": "Point",
        "coordinates": [
          0.0372604,
          51.5610086
        ]
      },
      "properties": {
        "id": "node/469768598",
        "osmType": "node",
        "osmId": 469768598,
        "name": "Empress Avenue",
        "category": "bus_stop",
        "categoryLabel": "Bus Stop",
        "amenity": null,
        "highway": "bus_stop",
        "tourism": null,
        "historic": null,
        "railway": null,
        "barrier": null,
        "entrance": null,
        "heritage": null,
        "website": null,
        "phone": null,
        "address": null,
        "distanceToForestBoundaryMetres": 285.8,
        "shop": null
      }
    },
    {
      "type": "Feature",
      "id": "node/469768608",
      "geometry": {
        "type": "Point",
        "coordinates": [
          0.0020224,
          51.6245643
        ]
      },
      "properties": {
        "id": "node/469768608",
        "osmType": "node",
        "osmId": 469768608,
        "name": "Endlebury Road",
        "category": "bus_stop",
        "categoryLabel": "Bus Stop",
        "amenity": null,
        "highway": "bus_stop",
        "tourism": null,
        "historic": null,
        "railway": null,
        "barrier": null,
        "entrance": null,
        "heritage": null,
        "website": null,
        "phone": null,
        "address": null,
        "distanceToForestBoundaryMetres": 115.3,
        "shop": null
      }
    },
    {
      "type": "Feature",
      "id": "node/469768612",
      "geometry": {
        "type": "Point",
        "coordinates": [
          0.0015398,
          51.6232643
        ]
      },
      "properties": {
        "id": "node/469768612",
        "osmType": "node",
        "osmId": 469768612,
        "name": "Endlebury Road",
        "category": "bus_stop",
        "categoryLabel": "Bus Stop",
        "amenity": null,
        "highway": "bus_stop",
        "tourism": null,
        "historic": null,
        "railway": null,
        "barrier": null,
        "entrance": null,
        "heritage": null,
        "website": null,
        "phone": null,
        "address": null,
        "distanceToForestBoundaryMetres": 31.3,
        "shop": null
      }
    },
    {
      "type": "Feature",
      "id": "node/469768615",
      "geometry": {
        "type": "Point",
        "coordinates": [
          -0.0081346,
          51.627017
        ]
      },
      "properties": {
        "id": "node/469768615",
        "osmType": "node",
        "osmId": 469768615,
        "name": "Endlebury Road",
        "category": "bus_stop",
        "categoryLabel": "Bus Stop",
        "amenity": null,
        "highway": "bus_stop",
        "tourism": null,
        "historic": null,
        "railway": null,
        "barrier": null,
        "entrance": null,
        "heritage": null,
        "website": null,
        "phone": null,
        "address": null,
        "distanceToForestBoundaryMetres": 290.7,
        "shop": null
      }
    },
    {
      "type": "Feature",
      "id": "node/469768619",
      "geometry": {
        "type": "Point",
        "coordinates": [
          -0.0081467,
          51.6268672
        ]
      },
      "properties": {
        "id": "node/469768619",
        "osmType": "node",
        "osmId": 469768619,
        "name": "Endlebury Road",
        "category": "bus_stop",
        "categoryLabel": "Bus Stop",
        "amenity": null,
        "highway": "bus_stop",
        "tourism": null,
        "historic": null,
        "railway": null,
        "barrier": null,
        "entrance": null,
        "heritage": null,
        "website": null,
        "phone": null,
        "address": null,
        "distanceToForestBoundaryMetres": 287.2,
        "shop": null
      }
    },
    {
      "type": "Feature",
      "id": "node/469768623",
      "geometry": {
        "type": "Point",
        "coordinates": [
          -0.0037604,
          51.6255266
        ]
      },
      "properties": {
        "id": "node/469768623",
        "osmType": "node",
        "osmId": 469768623,
        "name": "Hail & Ride Warren Road",
        "category": "bus_stop",
        "categoryLabel": "Bus Stop",
        "amenity": null,
        "highway": "bus_stop",
        "tourism": null,
        "historic": null,
        "railway": null,
        "barrier": null,
        "entrance": null,
        "heritage": null,
        "website": null,
        "phone": null,
        "address": null,
        "distanceToForestBoundaryMetres": 15.2,
        "shop": null
      }
    },
    {
      "type": "Feature",
      "id": "node/469768626",
      "geometry": {
        "type": "Point",
        "coordinates": [
          -0.0037549,
          51.6254128
        ]
      },
      "properties": {
        "id": "node/469768626",
        "osmType": "node",
        "osmId": 469768626,
        "name": "Hail & Ride Warren Road",
        "category": "bus_stop",
        "categoryLabel": "Bus Stop",
        "amenity": null,
        "highway": "bus_stop",
        "tourism": null,
        "historic": null,
        "railway": null,
        "barrier": null,
        "entrance": null,
        "heritage": null,
        "website": null,
        "phone": null,
        "address": null,
        "distanceToForestBoundaryMetres": 12.7,
        "shop": null
      }
    },
    {
      "type": "Feature",
      "id": "node/469768694",
      "geometry": {
        "type": "Point",
        "coordinates": [
          -0.0068936,
          51.5782777
        ]
      },
      "properties": {
        "id": "node/469768694",
        "osmType": "node",
        "osmId": 469768694,
        "name": "Essex Road",
        "category": "bus_stop",
        "categoryLabel": "Bus Stop",
        "amenity": null,
        "highway": "bus_stop",
        "tourism": null,
        "historic": null,
        "railway": null,
        "barrier": null,
        "entrance": null,
        "heritage": null,
        "website": null,
        "phone": null,
        "address": null,
        "distanceToForestBoundaryMetres": 131.3,
        "shop": null
      }
    },
    {
      "type": "Feature",
      "id": "node/469768792",
      "geometry": {
        "type": "Point",
        "coordinates": [
          -0.018549,
          51.6006123
        ]
      },
      "properties": {
        "id": "node/469768792",
        "osmType": "node",
        "osmId": 469768792,
        "name": "Waltham Park Way",
        "category": "bus_stop",
        "categoryLabel": "Bus Stop",
        "amenity": null,
        "highway": "bus_stop",
        "tourism": null,
        "historic": null,
        "railway": null,
        "barrier": null,
        "entrance": null,
        "heritage": null,
        "website": null,
        "phone": null,
        "address": null,
        "distanceToForestBoundaryMetres": 287.6,
        "shop": null
      }
    },
    {
      "type": "Feature",
      "id": "node/469768793",
      "geometry": {
        "type": "Point",
        "coordinates": [
          -0.0174991,
          51.6014898
        ]
      },
      "properties": {
        "id": "node/469768793",
        "osmType": "node",
        "osmId": 469768793,
        "name": "Crooked Billet / Walthamstow Avenue",
        "category": "bus_stop",
        "categoryLabel": "Bus Stop",
        "amenity": null,
        "highway": "bus_stop",
        "tourism": null,
        "historic": null,
        "railway": null,
        "barrier": null,
        "entrance": null,
        "heritage": null,
        "website": null,
        "phone": null,
        "address": null,
        "distanceToForestBoundaryMetres": 166.5,
        "shop": null
      }
    },
    {
      "type": "Feature",
      "id": "node/469768794",
      "geometry": {
        "type": "Point",
        "coordinates": [
          -0.0181052,
          51.6005473
        ]
      },
      "properties": {
        "id": "node/469768794",
        "osmType": "node",
        "osmId": 469768794,
        "name": "Waltham Park Way",
        "category": "bus_stop",
        "categoryLabel": "Bus Stop",
        "amenity": null,
        "highway": "bus_stop",
        "tourism": null,
        "historic": null,
        "railway": null,
        "barrier": null,
        "entrance": null,
        "heritage": null,
        "website": null,
        "phone": null,
        "address": null,
        "distanceToForestBoundaryMetres": 276.7,
        "shop": null
      }
    },
    {
      "type": "Feature",
      "id": "node/469768795",
      "geometry": {
        "type": "Point",
        "coordinates": [
          -0.0185849,
          51.6016202
        ]
      },
      "properties": {
        "id": "node/469768795",
        "osmType": "node",
        "osmId": 469768795,
        "name": "Crooked Billet / Walthamstow Avenue",
        "category": "bus_stop",
        "categoryLabel": "Bus Stop",
        "amenity": null,
        "highway": "bus_stop",
        "tourism": null,
        "historic": null,
        "railway": null,
        "barrier": null,
        "entrance": null,
        "heritage": null,
        "website": null,
        "phone": null,
        "address": null,
        "distanceToForestBoundaryMetres": 210.7,
        "shop": null
      }
    },
    {
      "type": "Feature",
      "id": "node/469768842",
      "geometry": {
        "type": "Point",
        "coordinates": [
          0.0236666,
          51.5723881
        ]
      },
      "properties": {
        "id": "node/469768842",
        "osmType": "node",
        "osmId": 469768842,
        "name": "Felstead Road",
        "category": "bus_stop",
        "categoryLabel": "Bus Stop",
        "amenity": null,
        "highway": "bus_stop",
        "tourism": null,
        "historic": null,
        "railway": null,
        "barrier": null,
        "entrance": null,
        "heritage": null,
        "website": null,
        "phone": null,
        "address": null,
        "distanceToForestBoundaryMetres": 287.7,
        "shop": null
      }
    },
    {
      "type": "Feature",
      "id": "node/469769268",
      "geometry": {
        "type": "Point",
        "coordinates": [
          0.0222537,
          51.5940557
        ]
      },
      "properties": {
        "id": "node/469769268",
        "osmType": "node",
        "osmId": 469769268,
        "name": "Grove Hill",
        "category": "bus_stop",
        "categoryLabel": "Bus Stop",
        "amenity": null,
        "highway": "bus_stop",
        "tourism": null,
        "historic": null,
        "railway": null,
        "barrier": null,
        "entrance": null,
        "heritage": null,
        "website": null,
        "phone": null,
        "address": null,
        "distanceToForestBoundaryMetres": 288.6,
        "shop": null
      }
    },
    {
      "type": "Feature",
      "id": "node/469769278",
      "geometry": {
        "type": "Point",
        "coordinates": [
          0.0506416,
          51.5518718
        ]
      },
      "properties": {
        "id": "node/469769278",
        "osmType": "node",
        "osmId": 469769278,
        "name": "First Avenue",
        "category": "bus_stop",
        "categoryLabel": "Bus Stop",
        "amenity": null,
        "highway": "bus_stop",
        "tourism": null,
        "historic": null,
        "railway": null,
        "barrier": null,
        "entrance": null,
        "heritage": null,
        "website": null,
        "phone": null,
        "address": null,
        "distanceToForestBoundaryMetres": 288.4,
        "shop": null
      }
    },
    {
      "type": "Feature",
      "id": "node/469769280",
      "geometry": {
        "type": "Point",
        "coordinates": [
          0.051333,
          51.5519559
        ]
      },
      "properties": {
        "id": "node/469769280",
        "osmType": "node",
        "osmId": 469769280,
        "name": "First Avenue",
        "category": "bus_stop",
        "categoryLabel": "Bus Stop",
        "amenity": null,
        "highway": "bus_stop",
        "tourism": null,
        "historic": null,
        "railway": null,
        "barrier": null,
        "entrance": null,
        "heritage": null,
        "website": null,
        "phone": null,
        "address": null,
        "distanceToForestBoundaryMetres": 287.8,
        "shop": null
      }
    },
    {
      "type": "Feature",
      "id": "node/469769347",
      "geometry": {
        "type": "Point",
        "coordinates": [
          -0.0326328,
          51.5994537
        ]
      },
      "properties": {
        "id": "node/469769347",
        "osmType": "node",
        "osmId": 469769347,
        "name": "Folly Lane",
        "category": "bus_stop",
        "categoryLabel": "Bus Stop",
        "amenity": null,
        "highway": "bus_stop",
        "tourism": null,
        "historic": null,
        "railway": null,
        "barrier": null,
        "entrance": null,
        "heritage": null,
        "website": null,
        "phone": null,
        "address": null,
        "distanceToForestBoundaryMetres": 265.7,
        "shop": null
      }
    },
    {
      "type": "Feature",
      "id": "node/469769379",
      "geometry": {
        "type": "Point",
        "coordinates": [
          0.0172541,
          51.628075
        ]
      },
      "properties": {
        "id": "node/469769379",
        "osmType": "node",
        "osmId": 469769379,
        "name": "Hail & Ride Forest Court",
        "category": "bus_stop",
        "categoryLabel": "Bus Stop",
        "amenity": null,
        "highway": "bus_stop",
        "tourism": null,
        "historic": null,
        "railway": null,
        "barrier": null,
        "entrance": null,
        "heritage": null,
        "website": null,
        "phone": null,
        "address": null,
        "distanceToForestBoundaryMetres": 291.4,
        "shop": null
      }
    },
    {
      "type": "Feature",
      "id": "node/469769380",
      "geometry": {
        "type": "Point",
        "coordinates": [
          0.0175554,
          51.6278246
        ]
      },
      "properties": {
        "id": "node/469769380",
        "osmType": "node",
        "osmId": 469769380,
        "name": "Hail & Ride Forest Court",
        "category": "bus_stop",
        "categoryLabel": "Bus Stop",
        "amenity": null,
        "highway": "bus_stop",
        "tourism": null,
        "historic": null,
        "railway": null,
        "barrier": null,
        "entrance": null,
        "heritage": null,
        "website": null,
        "phone": null,
        "address": null,
        "distanceToForestBoundaryMetres": 291.2,
        "shop": null
      }
    },
    {
      "type": "Feature",
      "id": "node/469769395",
      "geometry": {
        "type": "Point",
        "coordinates": [
          0.0076472,
          51.6154798
        ]
      },
      "properties": {
        "id": "node/469769395",
        "osmType": "node",
        "osmId": 469769395,
        "name": "Forest Glade",
        "category": "bus_stop",
        "categoryLabel": "Bus Stop",
        "amenity": null,
        "highway": "bus_stop",
        "tourism": null,
        "historic": null,
        "railway": null,
        "barrier": null,
        "entrance": null,
        "heritage": null,
        "website": null,
        "phone": null,
        "address": null,
        "distanceToForestBoundaryMetres": 289.8,
        "shop": null
      }
    },
    {
      "type": "Feature",
      "id": "node/469769408",
      "geometry": {
        "type": "Point",
        "coordinates": [
          0.0096477,
          51.5933194
        ]
      },
      "properties": {
        "id": "node/469769408",
        "osmType": "node",
        "osmId": 469769408,
        "name": "Forest Road",
        "category": "bus_stop",
        "categoryLabel": "Bus Stop",
        "amenity": null,
        "highway": "bus_stop",
        "tourism": null,
        "historic": null,
        "railway": null,
        "barrier": null,
        "entrance": null,
        "heritage": null,
        "website": null,
        "phone": null,
        "address": null,
        "distanceToForestBoundaryMetres": 163.6,
        "shop": null
      }
    },
    {
      "type": "Feature",
      "id": "node/469769409",
      "geometry": {
        "type": "Point",
        "coordinates": [
          0.0098953,
          51.5934
        ]
      },
      "properties": {
        "id": "node/469769409",
        "osmType": "node",
        "osmId": 469769409,
        "name": "Forest Road",
        "category": "bus_stop",
        "categoryLabel": "Bus Stop",
        "amenity": null,
        "highway": "bus_stop",
        "tourism": null,
        "historic": null,
        "railway": null,
        "barrier": null,
        "entrance": null,
        "heritage": null,
        "website": null,
        "phone": null,
        "address": null,
        "distanceToForestBoundaryMetres": 182.9,
        "shop": null
      }
    },
    {
      "type": "Feature",
      "id": "node/469769414",
      "geometry": {
        "type": "Point",
        "coordinates": [
          0.0234011,
          51.6210369
        ]
      },
      "properties": {
        "id": "node/469769414",
        "osmType": "node",
        "osmId": 469769414,
        "name": "Forest Road",
        "category": "bus_stop",
        "categoryLabel": "Bus Stop",
        "amenity": null,
        "highway": "bus_stop",
        "tourism": null,
        "historic": null,
        "railway": null,
        "barrier": null,
        "entrance": null,
        "heritage": null,
        "website": null,
        "phone": null,
        "address": null,
        "distanceToForestBoundaryMetres": 264.5,
        "shop": null
      }
    },
    {
      "type": "Feature",
      "id": "node/469769415",
      "geometry": {
        "type": "Point",
        "coordinates": [
          0.0236468,
          51.6208932
        ]
      },
      "properties": {
        "id": "node/469769415",
        "osmType": "node",
        "osmId": 469769415,
        "name": "Forest Road",
        "category": "bus_stop",
        "categoryLabel": "Bus Stop",
        "amenity": null,
        "highway": "bus_stop",
        "tourism": null,
        "historic": null,
        "railway": null,
        "barrier": null,
        "entrance": null,
        "heritage": null,
        "website": null,
        "phone": null,
        "address": null,
        "distanceToForestBoundaryMetres": 255.8,
        "shop": null
      }
    },
    {
      "type": "Feature",
      "id": "node/469769535",
      "geometry": {
        "type": "Point",
        "coordinates": [
          -0.0093448,
          51.5772549
        ]
      },
      "properties": {
        "id": "node/469769535",
        "osmType": "node",
        "osmId": 469769535,
        "name": "Fraser Road",
        "category": "bus_stop",
        "categoryLabel": "Bus Stop",
        "amenity": null,
        "highway": "bus_stop",
        "tourism": null,
        "historic": null,
        "railway": null,
        "barrier": null,
        "entrance": null,
        "heritage": null,
        "website": null,
        "phone": null,
        "address": null,
        "distanceToForestBoundaryMetres": 83.3,
        "shop": null
      }
    },
    {
      "type": "Feature",
      "id": "node/469769872",
      "geometry": {
        "type": "Point",
        "coordinates": [
          -0.0033637,
          51.580045
        ]
      },
      "properties": {
        "id": "node/469769872",
        "osmType": "node",
        "osmId": 469769872,
        "name": "Peterborough Road Lea Bridge Road",
        "category": "bus_stop",
        "categoryLabel": "Bus Stop",
        "amenity": null,
        "highway": "bus_stop",
        "tourism": null,
        "historic": null,
        "railway": null,
        "barrier": null,
        "entrance": null,
        "heritage": null,
        "website": null,
        "phone": null,
        "address": null,
        "distanceToForestBoundaryMetres": 208.1,
        "shop": null
      }
    },
    {
      "type": "Feature",
      "id": "node/469769924",
      "geometry": {
        "type": "Point",
        "coordinates": [
          -0.0024482,
          51.6128621
        ]
      },
      "properties": {
        "id": "node/469769924",
        "osmType": "node",
        "osmId": 469769924,
        "name": "East View",
        "category": "bus_stop",
        "categoryLabel": "Bus Stop",
        "amenity": null,
        "highway": "bus_stop",
        "tourism": null,
        "historic": null,
        "railway": null,
        "barrier": null,
        "entrance": null,
        "heritage": null,
        "website": null,
        "phone": null,
        "address": null,
        "distanceToForestBoundaryMetres": 230.5,
        "shop": null
      }
    },
    {
      "type": "Feature",
      "id": "node/469769926",
      "geometry": {
        "type": "Point",
        "coordinates": [
          -0.0017146,
          51.6131048
        ]
      },
      "properties": {
        "id": "node/469769926",
        "osmType": "node",
        "osmId": 469769926,
        "name": "East View",
        "category": "bus_stop",
        "categoryLabel": "Bus Stop",
        "amenity": null,
        "highway": "bus_stop",
        "tourism": null,
        "historic": null,
        "railway": null,
        "barrier": null,
        "entrance": null,
        "heritage": null,
        "website": null,
        "phone": null,
        "address": null,
        "distanceToForestBoundaryMetres": 175.1,
        "shop": null
      }
    },
    {
      "type": "Feature",
      "id": "node/469770239",
      "geometry": {
        "type": "Point",
        "coordinates": [
          0.0084803,
          51.6271868
        ]
      },
      "properties": {
        "id": "node/469770239",
        "osmType": "node",
        "osmId": 469770239,
        "name": "Friday Hill",
        "category": "bus_stop",
        "categoryLabel": "Bus Stop",
        "amenity": null,
        "highway": "bus_stop",
        "tourism": null,
        "historic": null,
        "railway": null,
        "barrier": null,
        "entrance": null,
        "heritage": null,
        "website": null,
        "phone": null,
        "address": null,
        "distanceToForestBoundaryMetres": 126.8,
        "shop": null
      }
    },
    {
      "type": "Feature",
      "id": "node/469770240",
      "geometry": {
        "type": "Point",
        "coordinates": [
          0.0066462,
          51.6270144
        ]
      },
      "properties": {
        "id": "node/469770240",
        "osmType": "node",
        "osmId": 469770240,
        "name": "Kings Road / Friday Hill",
        "category": "bus_stop",
        "categoryLabel": "Bus Stop",
        "amenity": null,
        "highway": "bus_stop",
        "tourism": null,
        "historic": null,
        "railway": null,
        "barrier": null,
        "entrance": null,
        "heritage": null,
        "website": null,
        "phone": null,
        "address": null,
        "distanceToForestBoundaryMetres": 290.8,
        "shop": null
      }
    },
    {
      "type": "Feature",
      "id": "node/469770325",
      "geometry": {
        "type": "Point",
        "coordinates": [
          0.0005185,
          51.5890789
        ]
      },
      "properties": {
        "id": "node/469770325",
        "osmType": "node",
        "osmId": 469770325,
        "name": "Hail & Ride Avon Road",
        "category": "bus_stop",
        "categoryLabel": "Bus Stop",
        "amenity": null,
        "highway": "bus_stop",
        "tourism": null,
        "historic": null,
        "railway": null,
        "barrier": null,
        "entrance": null,
        "heritage": null,
        "website": null,
        "phone": null,
        "address": null,
        "distanceToForestBoundaryMetres": 260.9,
        "shop": null
      }
    },
    {
      "type": "Feature",
      "id": "node/469770376",
      "geometry": {
        "type": "Point",
        "coordinates": [
          0.0040939,
          51.5830632
        ]
      },
      "properties": {
        "id": "node/469770376",
        "osmType": "node",
        "osmId": 469770376,
        "name": "Hainault Court",
        "category": "bus_stop",
        "categoryLabel": "Bus Stop",
        "amenity": null,
        "highway": "bus_stop",
        "tourism": null,
        "historic": null,
        "railway": null,
        "barrier": null,
        "entrance": null,
        "heritage": null,
        "website": null,
        "phone": null,
        "address": null,
        "distanceToForestBoundaryMetres": 288.5,
        "shop": null
      }
    },
    {
      "type": "Feature",
      "id": "node/469770377",
      "geometry": {
        "type": "Point",
        "coordinates": [
          0.0045581,
          51.5829595
        ]
      },
      "properties": {
        "id": "node/469770377",
        "osmType": "node",
        "osmId": 469770377,
        "name": "Hainault Court",
        "category": "bus_stop",
        "categoryLabel": "Bus Stop",
        "amenity": null,
        "highway": "bus_stop",
        "tourism": null,
        "historic": null,
        "railway": null,
        "barrier": null,
        "entrance": null,
        "heritage": null,
        "website": null,
        "phone": null,
        "address": null,
        "distanceToForestBoundaryMetres": 280.3,
        "shop": null
      }
    },
    {
      "type": "Feature",
      "id": "node/469770402",
      "geometry": {
        "type": "Point",
        "coordinates": [
          -0.0022161,
          51.6047772
        ]
      },
      "properties": {
        "id": "node/469770402",
        "osmType": "node",
        "osmId": 469770402,
        "name": "Haldan Road",
        "category": "bus_stop",
        "categoryLabel": "Bus Stop",
        "amenity": null,
        "highway": "bus_stop",
        "tourism": null,
        "historic": null,
        "railway": null,
        "barrier": null,
        "entrance": null,
        "heritage": null,
        "website": null,
        "phone": null,
        "address": null,
        "distanceToForestBoundaryMetres": 290.7,
        "shop": null
      }
    },
    {
      "type": "Feature",
      "id": "node/469770404",
      "geometry": {
        "type": "Point",
        "coordinates": [
          0.0013787,
          51.5926777
        ]
      },
      "properties": {
        "id": "node/469770404",
        "osmType": "node",
        "osmId": 469770404,
        "name": "Hale End Road",
        "category": "bus_stop",
        "categoryLabel": "Bus Stop",
        "amenity": null,
        "highway": "bus_stop",
        "tourism": null,
        "historic": null,
        "railway": null,
        "barrier": null,
        "entrance": null,
        "heritage": null,
        "website": null,
        "phone": null,
        "address": null,
        "distanceToForestBoundaryMetres": 287.4,
        "shop": null
      }
    },
    {
      "type": "Feature",
      "id": "node/469770506",
      "geometry": {
        "type": "Point",
        "coordinates": [
          0.0144488,
          51.5705476
        ]
      },
      "properties": {
        "id": "node/469770506",
        "osmType": "node",
        "osmId": 469770506,
        "name": "Green Man Roundabout",
        "category": "bus_stop",
        "categoryLabel": "Bus Stop",
        "amenity": null,
        "highway": "bus_stop",
        "tourism": null,
        "historic": null,
        "railway": null,
        "barrier": null,
        "entrance": null,
        "heritage": null,
        "website": null,
        "phone": null,
        "address": null,
        "distanceToForestBoundaryMetres": 289.5,
        "shop": null
      }
    },
    {
      "type": "Feature",
      "id": "node/469770507",
      "geometry": {
        "type": "Point",
        "coordinates": [
          0.0152062,
          51.5707575
        ]
      },
      "properties": {
        "id": "node/469770507",
        "osmType": "node",
        "osmId": 469770507,
        "name": "Green Man Roundabout",
        "category": "bus_stop",
        "categoryLabel": "Bus Stop",
        "amenity": null,
        "highway": "bus_stop",
        "tourism": null,
        "historic": null,
        "railway": null,
        "barrier": null,
        "entrance": null,
        "heritage": null,
        "website": null,
        "phone": null,
        "address": null,
        "distanceToForestBoundaryMetres": 291.1,
        "shop": null
      }
    },
    {
      "type": "Feature",
      "id": "node/469770508",
      "geometry": {
        "type": "Point",
        "coordinates": [
          0.0177357,
          51.5704395
        ]
      },
      "properties": {
        "id": "node/469770508",
        "osmType": "node",
        "osmId": 469770508,
        "name": "Bush Road / Green Man Roundabout",
        "category": "bus_stop",
        "categoryLabel": "Bus Stop",
        "amenity": null,
        "highway": "bus_stop",
        "tourism": null,
        "historic": null,
        "railway": null,
        "barrier": null,
        "entrance": null,
        "heritage": null,
        "website": null,
        "phone": null,
        "address": null,
        "distanceToForestBoundaryMetres": 289.6,
        "shop": null
      }
    },
    {
      "type": "Feature",
      "id": "node/469770509",
      "geometry": {
        "type": "Point",
        "coordinates": [
          0.0180411,
          51.5704484
        ]
      },
      "properties": {
        "id": "node/469770509",
        "osmType": "node",
        "osmId": 469770509,
        "name": "Bush Road / Green Man Roundabout",
        "category": "bus_stop",
        "categoryLabel": "Bus Stop",
        "amenity": null,
        "highway": "bus_stop",
        "tourism": null,
        "historic": null,
        "railway": null,
        "barrier": null,
        "entrance": null,
        "heritage": null,
        "website": null,
        "phone": null,
        "address": null,
        "distanceToForestBoundaryMetres": 290.0,
        "shop": null
      }
    },
    {
      "type": "Feature",
      "id": "node/469770607",
      "geometry": {
        "type": "Point",
        "coordinates": [
          0.025366,
          51.6062169
        ]
      },
      "properties": {
        "id": "node/469770607",
        "osmType": "node",
        "osmId": 469770607,
        "name": "Grosvenor Gardens",
        "category": "bus_stop",
        "categoryLabel": "Bus Stop",
        "amenity": null,
        "highway": "bus_stop",
        "tourism": null,
        "historic": null,
        "railway": null,
        "barrier": null,
        "entrance": null,
        "heritage": null,
        "website": null,
        "phone": null,
        "address": null,
        "distanceToForestBoundaryMetres": 289.2,
        "shop": null
      }
    },
    {
      "type": "Feature",
      "id": "node/469770659",
      "geometry": {
        "type": "Point",
        "coordinates": [
          -0.0064972,
          51.617961
        ]
      },
      "properties": {
        "id": "node/469770659",
        "osmType": "node",
        "osmId": 469770659,
        "name": "Grove Road",
        "category": "bus_stop",
        "categoryLabel": "Bus Stop",
        "amenity": null,
        "highway": "bus_stop",
        "tourism": null,
        "historic": null,
        "railway": null,
        "barrier": null,
        "entrance": null,
        "heritage": null,
        "website": null,
        "phone": null,
        "address": null,
        "distanceToForestBoundaryMetres": 291.0,
        "shop": null
      }
    },
    {
      "type": "Feature",
      "id": "node/469770896",
      "geometry": {
        "type": "Point",
        "coordinates": [
          -0.0057343,
          51.6242772
        ]
      },
      "properties": {
        "id": "node/469770896",
        "osmType": "node",
        "osmId": 469770896,
        "name": "Hail & Ride Heathcote Grove",
        "category": "bus_stop",
        "categoryLabel": "Bus Stop",
        "amenity": null,
        "highway": "bus_stop",
        "tourism": null,
        "historic": null,
        "railway": null,
        "barrier": null,
        "entrance": null,
        "heritage": null,
        "website": null,
        "phone": null,
        "address": null,
        "distanceToForestBoundaryMetres": 171.9,
        "shop": null
      }
    },
    {
      "type": "Feature",
      "id": "node/469770897",
      "geometry": {
        "type": "Point",
        "coordinates": [
          -0.005543,
          51.6242806
        ]
      },
      "properties": {
        "id": "node/469770897",
        "osmType": "node",
        "osmId": 469770897,
        "name": "Hail & Ride Heathcote Grove",
        "category": "bus_stop",
        "categoryLabel": "Bus Stop",
        "amenity": null,
        "highway": "bus_stop",
        "tourism": null,
        "historic": null,
        "railway": null,
        "barrier": null,
        "entrance": null,
        "heritage": null,
        "website": null,
        "phone": null,
        "address": null,
        "distanceToForestBoundaryMetres": 163.4,
        "shop": null
      }
    },
    {
      "type": "Feature",
      "id": "node/469771131",
      "geometry": {
        "type": "Point",
        "coordinates": [
          -0.0102536,
          51.6351215
        ]
      },
      "properties": {
        "id": "node/469771131",
        "osmType": "node",
        "osmId": 469771131,
        "name": "Hail & Ride Harford Road",
        "category": "bus_stop",
        "categoryLabel": "Bus Stop",
        "amenity": null,
        "highway": "bus_stop",
        "tourism": null,
        "historic": null,
        "railway": null,
        "barrier": null,
        "entrance": null,
        "heritage": null,
        "website": null,
        "phone": null,
        "address": null,
        "distanceToForestBoundaryMetres": 212.7,
        "shop": null
      }
    },
    {
      "type": "Feature",
      "id": "node/469771630",
      "geometry": {
        "type": "Point",
        "coordinates": [
          0.0065922,
          51.557719
        ]
      },
      "properties": {
        "id": "node/469771630",
        "osmType": "node",
        "osmId": 469771630,
        "name": "Harrow Green",
        "category": "bus_stop",
        "categoryLabel": "Bus Stop",
        "amenity": null,
        "highway": "bus_stop",
        "tourism": null,
        "historic": null,
        "railway": null,
        "barrier": null,
        "entrance": null,
        "heritage": null,
        "website": null,
        "phone": null,
        "address": null,
        "distanceToForestBoundaryMetres": 22.6,
        "shop": null
      }
    },
    {
      "type": "Feature",
      "id": "node/469771631",
      "geometry": {
        "type": "Point",
        "coordinates": [
          0.0063948,
          51.5571107
        ]
      },
      "properties": {
        "id": "node/469771631",
        "osmType": "node",
        "osmId": 469771631,
        "name": "Harrow Green",
        "category": "bus_stop",
        "categoryLabel": "Bus Stop",
        "amenity": null,
        "highway": "bus_stop",
        "tourism": null,
        "historic": null,
        "railway": null,
        "barrier": null,
        "entrance": null,
        "heritage": null,
        "website": null,
        "phone": null,
        "address": null,
        "distanceToForestBoundaryMetres": 86.1,
        "shop": null
      }
    },
    {
      "type": "Feature",
      "id": "node/469771650",
      "geometry": {
        "type": "Point",
        "coordinates": [
          0.0174634,
          51.557704
        ]
      },
      "properties": {
        "id": "node/469771650",
        "osmType": "node",
        "osmId": 469771650,
        "name": "Cobbold Road",
        "category": "bus_stop",
        "categoryLabel": "Bus Stop",
        "amenity": null,
        "highway": "bus_stop",
        "tourism": null,
        "historic": null,
        "railway": null,
        "barrier": null,
        "entrance": null,
        "heritage": null,
        "website": null,
        "phone": null,
        "address": null,
        "distanceToForestBoundaryMetres": 266.5,
        "shop": null
      }
    },
    {
      "type": "Feature",
      "id": "node/469771765",
      "geometry": {
        "type": "Point",
        "coordinates": [
          -0.0085991,
          51.640309
        ]
      },
      "properties": {
        "id": "node/469771765",
        "osmType": "node",
        "osmId": 469771765,
        "name": "Hail & Ride Hawkdene",
        "category": "bus_stop",
        "categoryLabel": "Bus Stop",
        "amenity": null,
        "highway": "bus_stop",
        "tourism": null,
        "historic": null,
        "railway": null,
        "barrier": null,
        "entrance": null,
        "heritage": null,
        "website": null,
        "phone": null,
        "address": null,
        "distanceToForestBoundaryMetres": 191.8,
        "shop": null
      }
    },
    {
      "type": "Feature",
      "id": "node/469771769",
      "geometry": {
        "type": "Point",
        "coordinates": [
          -0.0091911,
          51.6339616
        ]
      },
      "properties": {
        "id": "node/469771769",
        "osmType": "node",
        "osmId": 469771769,
        "name": "Hawksmouth",
        "category": "bus_stop",
        "categoryLabel": "Bus Stop",
        "amenity": null,
        "highway": "bus_stop",
        "tourism": null,
        "historic": null,
        "railway": null,
        "barrier": null,
        "entrance": null,
        "heritage": null,
        "website": null,
        "phone": null,
        "address": null,
        "distanceToForestBoundaryMetres": 142.8,
        "shop": null
      }
    },
    {
      "type": "Feature",
      "id": "node/469771770",
      "geometry": {
        "type": "Point",
        "coordinates": [
          -0.0091638,
          51.6337529
        ]
      },
      "properties": {
        "id": "node/469771770",
        "osmType": "node",
        "osmId": 469771770,
        "name": "Hawksmouth",
        "category": "bus_stop",
        "categoryLabel": "Bus Stop",
        "amenity": null,
        "highway": "bus_stop",
        "tourism": null,
        "historic": null,
        "railway": null,
        "barrier": null,
        "entrance": null,
        "heritage": null,
        "website": null,
        "phone": null,
        "address": null,
        "distanceToForestBoundaryMetres": 162.2,
        "shop": null
      }
    },
    {
      "type": "Feature",
      "id": "node/469771771",
      "geometry": {
        "type": "Point",
        "coordinates": [
          -0.0062082,
          51.6426981
        ]
      },
      "properties": {
        "id": "node/469771771",
        "osmType": "node",
        "osmId": 469771771,
        "name": "Hail & Ride Hawkswood School",
        "category": "bus_stop",
        "categoryLabel": "Bus Stop",
        "amenity": null,
        "highway": "bus_stop",
        "tourism": null,
        "historic": null,
        "railway": null,
        "barrier": null,
        "entrance": null,
        "heritage": null,
        "website": null,
        "phone": null,
        "address": null,
        "distanceToForestBoundaryMetres": 291.5,
        "shop": null
      }
    },
    {
      "type": "Feature",
      "id": "node/469771772",
      "geometry": {
        "type": "Point",
        "coordinates": [
          -0.0116865,
          51.6397212
        ]
      },
      "properties": {
        "id": "node/469771772",
        "osmType": "node",
        "osmId": 469771772,
        "name": "Hawkwood Crescent",
        "category": "bus_stop",
        "categoryLabel": "Bus Stop",
        "amenity": null,
        "highway": "bus_stop",
        "tourism": null,
        "historic": null,
        "railway": null,
        "barrier": null,
        "entrance": null,
        "heritage": null,
        "website": null,
        "phone": null,
        "address": null,
        "distanceToForestBoundaryMetres": 289.4,
        "shop": null
      }
    },
    {
      "type": "Feature",
      "id": "node/469771773",
      "geometry": {
        "type": "Point",
        "coordinates": [
          -0.0113398,
          51.6410133
        ]
      },
      "properties": {
        "id": "node/469771773",
        "osmType": "node",
        "osmId": 469771773,
        "name": "Hawkwood Crescent",
        "category": "bus_stop",
        "categoryLabel": "Bus Stop",
        "amenity": null,
        "highway": "bus_stop",
        "tourism": null,
        "historic": null,
        "railway": null,
        "barrier": null,
        "entrance": null,
        "heritage": null,
        "website": null,
        "phone": null,
        "address": null,
        "distanceToForestBoundaryMetres": 58.3,
        "shop": null
      }
    },
    {
      "type": "Feature",
      "id": "node/469771810",
      "geometry": {
        "type": "Point",
        "coordinates": [
          0.0071984,
          51.5784894
        ]
      },
      "properties": {
        "id": "node/469771810",
        "osmType": "node",
        "osmId": 469771810,
        "name": "James Lane",
        "category": "bus_stop",
        "categoryLabel": "Bus Stop",
        "amenity": null,
        "highway": "bus_stop",
        "tourism": null,
        "historic": null,
        "railway": null,
        "barrier": null,
        "entrance": null,
        "heritage": null,
        "website": null,
        "phone": null,
        "address": null,
        "distanceToForestBoundaryMetres": 271.3,
        "shop": null
      }
    },
    {
      "type": "Feature",
      "id": "node/469771813",
      "geometry": {
        "type": "Point",
        "coordinates": [
          0.0090192,
          51.5780937
        ]
      },
      "properties": {
        "id": "node/469771813",
        "osmType": "node",
        "osmId": 469771813,
        "name": "James Lane",
        "category": "bus_stop",
        "categoryLabel": "Bus Stop",
        "amenity": null,
        "highway": "bus_stop",
        "tourism": null,
        "historic": null,
        "railway": null,
        "barrier": null,
        "entrance": null,
        "heritage": null,
        "website": null,
        "phone": null,
        "address": null,
        "distanceToForestBoundaryMetres": 223.2,
        "shop": null
      }
    },
    {
      "type": "Feature",
      "id": "node/469771969",
      "geometry": {
        "type": "Point",
        "coordinates": [
          0.0236639,
          51.5799832
        ]
      },
      "properties": {
        "id": "node/469771969",
        "osmType": "node",
        "osmId": 469771969,
        "name": "High Street / Hermon Hill",
        "category": "bus_stop",
        "categoryLabel": "Bus Stop",
        "amenity": null,
        "highway": "bus_stop",
        "tourism": null,
        "historic": null,
        "railway": null,
        "barrier": null,
        "entrance": null,
        "heritage": null,
        "website": null,
        "phone": null,
        "address": null,
        "distanceToForestBoundaryMetres": 106.1,
        "shop": null
      }
    },
    {
      "type": "Feature",
      "id": "node/469771971",
      "geometry": {
        "type": "Point",
        "coordinates": [
          0.0355107,
          51.5618843
        ]
      },
      "properties": {
        "id": "node/469771971",
        "osmType": "node",
        "osmId": 469771971,
        "name": "Herongate Road",
        "category": "bus_stop",
        "categoryLabel": "Bus Stop",
        "amenity": null,
        "highway": "bus_stop",
        "tourism": null,
        "historic": null,
        "railway": null,
        "barrier": null,
        "entrance": null,
        "heritage": null,
        "website": null,
        "phone": null,
        "address": null,
        "distanceToForestBoundaryMetres": 275.6,
        "shop": null
      }
    },
    {
      "type": "Feature",
      "id": "node/469772020",
      "geometry": {
        "type": "Point",
        "coordinates": [
          -0.0025853,
          51.6106541
        ]
      },
      "properties": {
        "id": "node/469772020",
        "osmType": "node",
        "osmId": 469772020,
        "name": "Hickman Avenue",
        "category": "bus_stop",
        "categoryLabel": "Bus Stop",
        "amenity": null,
        "highway": "bus_stop",
        "tourism": null,
        "historic": null,
        "railway": null,
        "barrier": null,
        "entrance": null,
        "heritage": null,
        "website": null,
        "phone": null,
        "address": null,
        "distanceToForestBoundaryMetres": 268.4,
        "shop": null
      }
    },
    {
      "type": "Feature",
      "id": "node/469772022",
      "geometry": {
        "type": "Point",
        "coordinates": [
          -0.0169728,
          51.6070515
        ]
      },
      "properties": {
        "id": "node/469772022",
        "osmType": "node",
        "osmId": 469772022,
        "name": "Higham Station Avenue",
        "category": "bus_stop",
        "categoryLabel": "Bus Stop",
        "amenity": null,
        "highway": "bus_stop",
        "tourism": null,
        "historic": null,
        "railway": null,
        "barrier": null,
        "entrance": null,
        "heritage": null,
        "website": null,
        "phone": null,
        "address": null,
        "distanceToForestBoundaryMetres": 243.5,
        "shop": null
      }
    },
    {
      "type": "Feature",
      "id": "node/469772024",
      "geometry": {
        "type": "Point",
        "coordinates": [
          -0.016773,
          51.6073472
        ]
      },
      "properties": {
        "id": "node/469772024",
        "osmType": "node",
        "osmId": 469772024,
        "name": "Higham Station Avenue",
        "category": "bus_stop",
        "categoryLabel": "Bus Stop",
        "amenity": null,
        "highway": "bus_stop",
        "tourism": null,
        "historic": null,
        "railway": null,
        "barrier": null,
        "entrance": null,
        "heritage": null,
        "website": null,
        "phone": null,
        "address": null,
        "distanceToForestBoundaryMetres": 274.1,
        "shop": null
      }
    },
    {
      "type": "Feature",
      "id": "node/469772037",
      "geometry": {
        "type": "Point",
        "coordinates": [
          -0.0008685,
          51.6074853
        ]
      },
      "properties": {
        "id": "node/469772037",
        "osmType": "node",
        "osmId": 469772037,
        "name": "Highams Park Station",
        "category": "bus_stop",
        "categoryLabel": "Bus Stop",
        "amenity": null,
        "highway": "bus_stop",
        "tourism": null,
        "historic": null,
        "railway": null,
        "barrier": null,
        "entrance": null,
        "heritage": null,
        "website": null,
        "phone": null,
        "address": null,
        "distanceToForestBoundaryMetres": 290.1,
        "shop": null
      }
    },
    {
      "type": "Feature",
      "id": "node/469772044",
      "geometry": {
        "type": "Point",
        "coordinates": [
          0.0020867,
          51.6032751
        ]
      },
      "properties": {
        "id": "node/469772044",
        "osmType": "node",
        "osmId": 469772044,
        "name": "Forest Mount Road",
        "category": "bus_stop",
        "categoryLabel": "Bus Stop",
        "amenity": null,
        "highway": "bus_stop",
        "tourism": null,
        "historic": null,
        "railway": null,
        "barrier": null,
        "entrance": null,
        "heritage": null,
        "website": null,
        "phone": null,
        "address": null,
        "distanceToForestBoundaryMetres": 287.5,
        "shop": null
      }
    },
    {
      "type": "Feature",
      "id": "node/469772046",
      "geometry": {
        "type": "Point",
        "coordinates": [
          0.0026023,
          51.6044931
        ]
      },
      "properties": {
        "id": "node/469772046",
        "osmType": "node",
        "osmId": 469772046,
        "name": "Hollywood Way",
        "category": "bus_stop",
        "categoryLabel": "Bus Stop",
        "amenity": null,
        "highway": "bus_stop",
        "tourism": null,
        "historic": null,
        "railway": null,
        "barrier": null,
        "entrance": null,
        "heritage": null,
        "website": null,
        "phone": null,
        "address": null,
        "distanceToForestBoundaryMetres": 249.7,
        "shop": null
      }
    },
    {
      "type": "Feature",
      "id": "node/469772661",
      "geometry": {
        "type": "Point",
        "coordinates": [
          0.0118262,
          51.6274975
        ]
      },
      "properties": {
        "id": "node/469772661",
        "osmType": "node",
        "osmId": 469772661,
        "name": "Kimberley Road",
        "category": "bus_stop",
        "categoryLabel": "Bus Stop",
        "amenity": null,
        "highway": "bus_stop",
        "tourism": null,
        "historic": null,
        "railway": null,
        "barrier": null,
        "entrance": null,
        "heritage": null,
        "website": null,
        "phone": null,
        "address": null,
        "distanceToForestBoundaryMetres": 288.8,
        "shop": null
      }
    },
    {
      "type": "Feature",
      "id": "node/469772662",
      "geometry": {
        "type": "Point",
        "coordinates": [
          0.0128697,
          51.6274618
        ]
      },
      "properties": {
        "id": "node/469772662",
        "osmType": "node",
        "osmId": 469772662,
        "name": "Kimberley Road",
        "category": "bus_stop",
        "categoryLabel": "Bus Stop",
        "amenity": null,
        "highway": "bus_stop",
        "tourism": null,
        "historic": null,
        "railway": null,
        "barrier": null,
        "entrance": null,
        "heritage": null,
        "website": null,
        "phone": null,
        "address": null,
        "distanceToForestBoundaryMetres": 290.9,
        "shop": null
      }
    },
    {
      "type": "Feature",
      "id": "node/469772679",
      "geometry": {
        "type": "Point",
        "coordinates": [
          0.0219238,
          51.5732891
        ]
      },
      "properties": {
        "id": "node/469772679",
        "osmType": "node",
        "osmId": 469772679,
        "name": "Highstone Avenue",
        "category": "bus_stop",
        "categoryLabel": "Bus Stop",
        "amenity": null,
        "highway": "bus_stop",
        "tourism": null,
        "historic": null,
        "railway": null,
        "barrier": null,
        "entrance": null,
        "heritage": null,
        "website": null,
        "phone": null,
        "address": null,
        "distanceToForestBoundaryMetres": 282.1,
        "shop": null
      }
    },
    {
      "type": "Feature",
      "id": "node/469772684",
      "geometry": {
        "type": "Point",
        "coordinates": [
          0.0467951,
          51.5504434
        ]
      },
      "properties": {
        "id": "node/469772684",
        "osmType": "node",
        "osmId": 469772684,
        "name": "High Street North",
        "category": "bus_stop",
        "categoryLabel": "Bus Stop",
        "amenity": null,
        "highway": "bus_stop",
        "tourism": null,
        "historic": null,
        "railway": null,
        "barrier": null,
        "entrance": null,
        "heritage": null,
        "website": null,
        "phone": null,
        "address": null,
        "distanceToForestBoundaryMetres": 287.9,
        "shop": null
      }
    },
    {
      "type": "Feature",
      "id": "node/469772685",
      "geometry": {
        "type": "Point",
        "coordinates": [
          0.0488038,
          51.5511452
        ]
      },
      "properties": {
        "id": "node/469772685",
        "osmType": "node",
        "osmId": 469772685,
        "name": "High Street North",
        "category": "bus_stop",
        "categoryLabel": "Bus Stop",
        "amenity": null,
        "highway": "bus_stop",
        "tourism": null,
        "historic": null,
        "railway": null,
        "barrier": null,
        "entrance": null,
        "heritage": null,
        "website": null,
        "phone": null,
        "address": null,
        "distanceToForestBoundaryMetres": 247.5,
        "shop": null
      }
    },
    {
      "type": "Feature",
      "id": "node/469772715",
      "geometry": {
        "type": "Point",
        "coordinates": [
          0.0037354,
          51.5929877
        ]
      },
      "properties": {
        "id": "node/469772715",
        "osmType": "node",
        "osmId": 469772715,
        "name": "Hillcrest Road",
        "category": "bus_stop",
        "categoryLabel": "Bus Stop",
        "amenity": null,
        "highway": "bus_stop",
        "tourism": null,
        "historic": null,
        "railway": null,
        "barrier": null,
        "entrance": null,
        "heritage": null,
        "website": null,
        "phone": null,
        "address": null,
        "distanceToForestBoundaryMetres": 265.1,
        "shop": null
      }
    },
    {
      "type": "Feature",
      "id": "node/469772972",
      "geometry": {
        "type": "Point",
        "coordinates": [
          0.0302647,
          51.623573
        ]
      },
      "properties": {
        "id": "node/469772972",
        "osmType": "node",
        "osmId": 469772972,
        "name": "Knighton Lane",
        "category": "bus_stop",
        "categoryLabel": "Bus Stop",
        "amenity": null,
        "highway": "bus_stop",
        "tourism": null,
        "historic": null,
        "railway": null,
        "barrier": null,
        "entrance": null,
        "heritage": null,
        "website": null,
        "phone": null,
        "address": null,
        "distanceToForestBoundaryMetres": 231.8,
        "shop": null
      }
    },
    {
      "type": "Feature",
      "id": "node/469772973",
      "geometry": {
        "type": "Point",
        "coordinates": [
          0.0300007,
          51.6225956
        ]
      },
      "properties": {
        "id": "node/469772973",
        "osmType": "node",
        "osmId": 469772973,
        "name": "Knighton Lane",
        "category": "bus_stop",
        "categoryLabel": "Bus Stop",
        "amenity": null,
        "highway": "bus_stop",
        "tourism": null,
        "historic": null,
        "railway": null,
        "barrier": null,
        "entrance": null,
        "heritage": null,
        "website": null,
        "phone": null,
        "address": null,
        "distanceToForestBoundaryMetres": 286.0,
        "shop": null
      }
    },
    {
      "type": "Feature",
      "id": "node/469773011",
      "geometry": {
        "type": "Point",
        "coordinates": [
          -0.0155592,
          51.6370333
        ]
      },
      "properties": {
        "id": "node/469773011",
        "osmType": "node",
        "osmId": 469773011,
        "name": "King George Sailing Club",
        "category": "bus_stop",
        "categoryLabel": "Bus Stop",
        "amenity": null,
        "highway": "bus_stop",
        "tourism": null,
        "historic": null,
        "railway": null,
        "barrier": null,
        "entrance": null,
        "heritage": null,
        "website": null,
        "phone": null,
        "address": null,
        "distanceToForestBoundaryMetres": 274.8,
        "shop": null
      }
    },
    {
      "type": "Feature",
      "id": "node/469773012",
      "geometry": {
        "type": "Point",
        "coordinates": [
          -0.0165019,
          51.6371896
        ]
      },
      "properties": {
        "id": "node/469773012",
        "osmType": "node",
        "osmId": 469773012,
        "name": "King George Sailing Club",
        "category": "bus_stop",
        "categoryLabel": "Bus Stop",
        "amenity": null,
        "highway": "bus_stop",
        "tourism": null,
        "historic": null,
        "railway": null,
        "barrier": null,
        "entrance": null,
        "heritage": null,
        "website": null,
        "phone": null,
        "address": null,
        "distanceToForestBoundaryMetres": 271.2,
        "shop": null
      }
    },
    {
      "type": "Feature",
      "id": "node/469773114",
      "geometry": {
        "type": "Point",
        "coordinates": [
          -0.0015525,
          51.631236
        ]
      },
      "properties": {
        "id": "node/469773114",
        "osmType": "node",
        "osmId": 469773114,
        "name": "Kings Head Hill",
        "category": "bus_stop",
        "categoryLabel": "Bus Stop",
        "amenity": null,
        "highway": "bus_stop",
        "tourism": null,
        "historic": null,
        "railway": null,
        "barrier": null,
        "entrance": null,
        "heritage": null,
        "website": null,
        "phone": null,
        "address": null,
        "distanceToForestBoundaryMetres": 39.1,
        "shop": null
      }
    },
    {
      "type": "Feature",
      "id": "node/469773117",
      "geometry": {
        "type": "Point",
        "coordinates": [
          -0.0018281,
          51.630862
        ]
      },
      "properties": {
        "id": "node/469773117",
        "osmType": "node",
        "osmId": 469773117,
        "name": "Kings Head Hill",
        "category": "bus_stop",
        "categoryLabel": "Bus Stop",
        "amenity": null,
        "highway": "bus_stop",
        "tourism": null,
        "historic": null,
        "railway": null,
        "barrier": null,
        "entrance": null,
        "heritage": null,
        "website": null,
        "phone": null,
        "address": null,
        "distanceToForestBoundaryMetres": 16.4,
        "shop": null
      }
    },
    {
      "type": "Feature",
      "id": "node/469773565",
      "geometry": {
        "type": "Point",
        "coordinates": [
          0.0244455,
          51.5634957
        ]
      },
      "properties": {
        "id": "node/469773565",
        "osmType": "node",
        "osmId": 469773565,
        "name": "Windsor Road",
        "category": "bus_stop",
        "categoryLabel": "Bus Stop",
        "amenity": null,
        "highway": "bus_stop",
        "tourism": null,
        "historic": null,
        "railway": null,
        "barrier": null,
        "entrance": null,
        "heritage": null,
        "website": null,
        "phone": null,
        "address": null,
        "distanceToForestBoundaryMetres": 289.1,
        "shop": null
      }
    },
    {
      "type": "Feature",
      "id": "node/469773566",
      "geometry": {
        "type": "Point",
        "coordinates": [
          0.024326,
          51.5632477
        ]
      },
      "properties": {
        "id": "node/469773566",
        "osmType": "node",
        "osmId": 469773566,
        "name": "Windsor Road",
        "category": "bus_stop",
        "categoryLabel": "Bus Stop",
        "amenity": null,
        "highway": "bus_stop",
        "tourism": null,
        "historic": null,
        "railway": null,
        "barrier": null,
        "entrance": null,
        "heritage": null,
        "website": null,
        "phone": null,
        "address": null,
        "distanceToForestBoundaryMetres": 283.5,
        "shop": null
      }
    },
    {
      "type": "Feature",
      "id": "node/469773714",
      "geometry": {
        "type": "Point",
        "coordinates": [
          0.0005119,
          51.618044
        ]
      },
      "properties": {
        "id": "node/469773714",
        "osmType": "node",
        "osmId": 469773714,
        "name": "St Anne's Parish Church",
        "category": "bus_stop",
        "categoryLabel": "Bus Stop",
        "amenity": null,
        "highway": "bus_stop",
        "tourism": null,
        "historic": null,
        "railway": null,
        "barrier": null,
        "entrance": null,
        "heritage": null,
        "website": null,
        "phone": null,
        "address": null,
        "distanceToForestBoundaryMetres": 168.4,
        "shop": null
      }
    },
    {
      "type": "Feature",
      "id": "node/469773716",
      "geometry": {
        "type": "Point",
        "coordinates": [
          0.0003793,
          51.6174658
        ]
      },
      "properties": {
        "id": "node/469773716",
        "osmType": "node",
        "osmId": 469773716,
        "name": "St Anne's Parish Church",
        "category": "bus_stop",
        "categoryLabel": "Bus Stop",
        "amenity": null,
        "highway": "bus_stop",
        "tourism": null,
        "historic": null,
        "railway": null,
        "barrier": null,
        "entrance": null,
        "heritage": null,
        "website": null,
        "phone": null,
        "address": null,
        "distanceToForestBoundaryMetres": 202.3,
        "shop": null
      }
    },
    {
      "type": "Feature",
      "id": "node/469773717",
      "geometry": {
        "type": "Point",
        "coordinates": [
          1.84e-05,
          51.6150912
        ]
      },
      "properties": {
        "id": "node/469773717",
        "osmType": "node",
        "osmId": 469773717,
        "name": "Larkshall Crescent",
        "category": "bus_stop",
        "categoryLabel": "Bus Stop",
        "amenity": null,
        "highway": "bus_stop",
        "tourism": null,
        "historic": null,
        "railway": null,
        "barrier": null,
        "entrance": null,
        "heritage": null,
        "website": null,
        "phone": null,
        "address": null,
        "distanceToForestBoundaryMetres": 90.2,
        "shop": null
      }
    },
    {
      "type": "Feature",
      "id": "node/469773719",
      "geometry": {
        "type": "Point",
        "coordinates": [
          5.05e-05,
          51.6154603
        ]
      },
      "properties": {
        "id": "node/469773719",
        "osmType": "node",
        "osmId": 469773719,
        "name": "Larkshall Crescent",
        "category": "bus_stop",
        "categoryLabel": "Bus Stop",
        "amenity": null,
        "highway": "bus_stop",
        "tourism": null,
        "historic": null,
        "railway": null,
        "barrier": null,
        "entrance": null,
        "heritage": null,
        "website": null,
        "phone": null,
        "address": null,
        "distanceToForestBoundaryMetres": 130.8,
        "shop": null
      }
    },
    {
      "type": "Feature",
      "id": "node/469773832",
      "geometry": {
        "type": "Point",
        "coordinates": [
          -0.0090813,
          51.5735001
        ]
      },
      "properties": {
        "id": "node/469773832",
        "osmType": "node",
        "osmId": 469773832,
        "name": "Leyton Green",
        "category": "bus_stop",
        "categoryLabel": "Bus Stop",
        "amenity": null,
        "highway": "bus_stop",
        "tourism": null,
        "historic": null,
        "railway": null,
        "barrier": null,
        "entrance": null,
        "heritage": null,
        "website": null,
        "phone": null,
        "address": null,
        "distanceToForestBoundaryMetres": 16.7,
        "shop": null
      }
    },
    {
      "type": "Feature",
      "id": "node/469773834",
      "geometry": {
        "type": "Point",
        "coordinates": [
          -0.0084164,
          51.5776535
        ]
      },
      "properties": {
        "id": "node/469773834",
        "osmType": "node",
        "osmId": 469773834,
        "name": "Leyton Green Road",
        "category": "bus_stop",
        "categoryLabel": "Bus Stop",
        "amenity": null,
        "highway": "bus_stop",
        "tourism": null,
        "historic": null,
        "railway": null,
        "barrier": null,
        "entrance": null,
        "heritage": null,
        "website": null,
        "phone": null,
        "address": null,
        "distanceToForestBoundaryMetres": 34.1,
        "shop": null
      }
    },
    {
      "type": "Feature",
      "id": "node/469773835",
      "geometry": {
        "type": "Point",
        "coordinates": [
          -0.0075796,
          51.5765628
        ]
      },
      "properties": {
        "id": "node/469773835",
        "osmType": "node",
        "osmId": 469773835,
        "name": "Leyton Green Road",
        "category": "bus_stop",
        "categoryLabel": "Bus Stop",
        "amenity": null,
        "highway": "bus_stop",
        "tourism": null,
        "historic": null,
        "railway": null,
        "barrier": null,
        "entrance": null,
        "heritage": null,
        "website": null,
        "phone": null,
        "address": null,
        "distanceToForestBoundaryMetres": 96.6,
        "shop": null
      }
    },
    {
      "type": "Feature",
      "id": "node/469773847",
      "geometry": {
        "type": "Point",
        "coordinates": [
          0.0082495,
          51.5608515
        ]
      },
      "properties": {
        "id": "node/469773847",
        "osmType": "node",
        "osmId": 469773847,
        "name": "Leytonstone Fire Station",
        "category": "bus_stop",
        "categoryLabel": "Bus Stop",
        "amenity": null,
        "highway": "bus_stop",
        "tourism": null,
        "historic": null,
        "railway": null,
        "barrier": null,
        "entrance": null,
        "heritage": null,
        "website": null,
        "phone": null,
        "address": null,
        "distanceToForestBoundaryMetres": 282.8,
        "shop": null
      }
    },
    {
      "type": "Feature",
      "id": "node/469773848",
      "geometry": {
        "type": "Point",
        "coordinates": [
          0.0080804,
          51.5603396
        ]
      },
      "properties": {
        "id": "node/469773848",
        "osmType": "node",
        "osmId": 469773848,
        "name": "Leytonstone Fire Station",
        "category": "bus_stop",
        "categoryLabel": "Bus Stop",
        "amenity": null,
        "highway": "bus_stop",
        "tourism": null,
        "historic": null,
        "railway": null,
        "barrier": null,
        "entrance": null,
        "heritage": null,
        "website": null,
        "phone": null,
        "address": null,
        "distanceToForestBoundaryMetres": 289.7,
        "shop": null
      }
    },
    {
      "type": "Feature",
      "id": "node/469773849",
      "geometry": {
        "type": "Point",
        "coordinates": [
          0.0152399,
          51.5736495
        ]
      },
      "properties": {
        "id": "node/469773849",
        "osmType": "node",
        "osmId": 469773849,
        "name": "Leyton Way",
        "category": "bus_stop",
        "categoryLabel": "Bus Stop",
        "amenity": null,
        "highway": "bus_stop",
        "tourism": null,
        "historic": null,
        "railway": null,
        "barrier": null,
        "entrance": null,
        "heritage": null,
        "website": null,
        "phone": null,
        "address": null,
        "distanceToForestBoundaryMetres": 289.7,
        "shop": null
      }
    },
    {
      "type": "Feature",
      "id": "node/469773851",
      "geometry": {
        "type": "Point",
        "coordinates": [
          0.0145823,
          51.5741573
        ]
      },
      "properties": {
        "id": "node/469773851",
        "osmType": "node",
        "osmId": 469773851,
        "name": "Leyton Way",
        "category": "bus_stop",
        "categoryLabel": "Bus Stop",
        "amenity": null,
        "highway": "bus_stop",
        "tourism": null,
        "historic": null,
        "railway": null,
        "barrier": null,
        "entrance": null,
        "heritage": null,
        "website": null,
        "phone": null,
        "address": null,
        "distanceToForestBoundaryMetres": 172.9,
        "shop": null
      }
    },
    {
      "type": "Feature",
      "id": "node/469774074",
      "geometry": {
        "type": "Point",
        "coordinates": [
          -0.0128165,
          51.6364888
        ]
      },
      "properties": {
        "id": "node/469774074",
        "osmType": "node",
        "osmId": 469774074,
        "name": "Lea Valley Road",
        "category": "bus_stop",
        "categoryLabel": "Bus Stop",
        "amenity": null,
        "highway": "bus_stop",
        "tourism": null,
        "historic": null,
        "railway": null,
        "barrier": null,
        "entrance": null,
        "heritage": null,
        "website": null,
        "phone": null,
        "address": null,
        "distanceToForestBoundaryMetres": 193.9,
        "shop": null
      }
    },
    {
      "type": "Feature",
      "id": "node/469774075",
      "geometry": {
        "type": "Point",
        "coordinates": [
          -0.0129965,
          51.6351571
        ]
      },
      "properties": {
        "id": "node/469774075",
        "osmType": "node",
        "osmId": 469774075,
        "name": "Lea Valley Road",
        "category": "bus_stop",
        "categoryLabel": "Bus Stop",
        "amenity": null,
        "highway": "bus_stop",
        "tourism": null,
        "historic": null,
        "railway": null,
        "barrier": null,
        "entrance": null,
        "heritage": null,
        "website": null,
        "phone": null,
        "address": null,
        "distanceToForestBoundaryMetres": 48.1,
        "shop": null
      }
    },
    {
      "type": "Feature",
      "id": "node/469774110",
      "geometry": {
        "type": "Point",
        "coordinates": [
          -0.0089516,
          51.6383662
        ]
      },
      "properties": {
        "id": "node/469774110",
        "osmType": "node",
        "osmId": 469774110,
        "name": "Hail & Ride Mark Avenue",
        "category": "bus_stop",
        "categoryLabel": "Bus Stop",
        "amenity": null,
        "highway": "bus_stop",
        "tourism": null,
        "historic": null,
        "railway": null,
        "barrier": null,
        "entrance": null,
        "heritage": null,
        "website": null,
        "phone": null,
        "address": null,
        "distanceToForestBoundaryMetres": 282.9,
        "shop": null
      }
    },
    {
      "type": "Feature",
      "id": "node/469774223",
      "geometry": {
        "type": "Point",
        "coordinates": [
          0.0396084,
          51.5976429
        ]
      },
      "properties": {
        "id": "node/469774223",
        "osmType": "node",
        "osmId": 469774223,
        "name": "Maybank Road",
        "category": "bus_stop",
        "categoryLabel": "Bus Stop",
        "amenity": null,
        "highway": "bus_stop",
        "tourism": null,
        "historic": null,
        "railway": null,
        "barrier": null,
        "entrance": null,
        "heritage": null,
        "website": null,
        "phone": null,
        "address": null,
        "distanceToForestBoundaryMetres": 217.2,
        "shop": null
      }
    },
    {
      "type": "Feature",
      "id": "node/469774224",
      "geometry": {
        "type": "Point",
        "coordinates": [
          0.0391476,
          51.5964573
        ]
      },
      "properties": {
        "id": "node/469774224",
        "osmType": "node",
        "osmId": 469774224,
        "name": "Maybank Road",
        "category": "bus_stop",
        "categoryLabel": "Bus Stop",
        "amenity": null,
        "highway": "bus_stop",
        "tourism": null,
        "historic": null,
        "railway": null,
        "barrier": null,
        "entrance": null,
        "heritage": null,
        "website": null,
        "phone": null,
        "address": null,
        "distanceToForestBoundaryMetres": 290.0,
        "shop": null
      }
    },
    {
      "type": "Feature",
      "id": "node/469774225",
      "geometry": {
        "type": "Point",
        "coordinates": [
          0.0381551,
          51.5970653
        ]
      },
      "properties": {
        "id": "node/469774225",
        "osmType": "node",
        "osmId": 469774225,
        "name": "Maybank Road",
        "category": "bus_stop",
        "categoryLabel": "Bus Stop",
        "amenity": null,
        "highway": "bus_stop",
        "tourism": null,
        "historic": null,
        "railway": null,
        "barrier": null,
        "entrance": null,
        "heritage": null,
        "website": null,
        "phone": null,
        "address": null,
        "distanceToForestBoundaryMetres": 287.9,
        "shop": null
      }
    },
    {
      "type": "Feature",
      "id": "node/469774381",
      "geometry": {
        "type": "Point",
        "coordinates": [
          0.0448044,
          51.5546884
        ]
      },
      "properties": {
        "id": "node/469774381",
        "osmType": "node",
        "osmId": 469774381,
        "name": "Manor Park / Gladding Road",
        "category": "bus_stop",
        "categoryLabel": "Bus Stop",
        "amenity": null,
        "highway": "bus_stop",
        "tourism": null,
        "historic": null,
        "railway": null,
        "barrier": null,
        "entrance": null,
        "heritage": null,
        "website": null,
        "phone": null,
        "address": null,
        "distanceToForestBoundaryMetres": 287.1,
        "shop": null
      }
    },
    {
      "type": "Feature",
      "id": "node/469774382",
      "geometry": {
        "type": "Point",
        "coordinates": [
          0.0530292,
          51.5526455
        ]
      },
      "properties": {
        "id": "node/469774382",
        "osmType": "node",
        "osmId": 469774382,
        "name": "Rabbits Road",
        "category": "bus_stop",
        "categoryLabel": "Bus Stop",
        "amenity": null,
        "highway": "bus_stop",
        "tourism": null,
        "historic": null,
        "railway": null,
        "barrier": null,
        "entrance": null,
        "heritage": null,
        "website": null,
        "phone": null,
        "address": null,
        "distanceToForestBoundaryMetres": 235.0,
        "shop": null
      }
    },
    {
      "type": "Feature",
      "id": "node/469774383",
      "geometry": {
        "type": "Point",
        "coordinates": [
          0.0543689,
          51.5530115
        ]
      },
      "properties": {
        "id": "node/469774383",
        "osmType": "node",
        "osmId": 469774383,
        "name": "Rabbits Road",
        "category": "bus_stop",
        "categoryLabel": "Bus Stop",
        "amenity": null,
        "highway": "bus_stop",
        "tourism": null,
        "historic": null,
        "railway": null,
        "barrier": null,
        "entrance": null,
        "heritage": null,
        "website": null,
        "phone": null,
        "address": null,
        "distanceToForestBoundaryMetres": 259.7,
        "shop": null
      }
    },
    {
      "type": "Feature",
      "id": "node/469774435",
      "geometry": {
        "type": "Point",
        "coordinates": [
          -0.0111529,
          51.6270502
        ]
      },
      "properties": {
        "id": "node/469774435",
        "osmType": "node",
        "osmId": 469774435,
        "name": "Mansfield Hill",
        "category": "bus_stop",
        "categoryLabel": "Bus Stop",
        "amenity": null,
        "highway": "bus_stop",
        "tourism": null,
        "historic": null,
        "railway": null,
        "barrier": null,
        "entrance": null,
        "heritage": null,
        "website": null,
        "phone": null,
        "address": null,
        "distanceToForestBoundaryMetres": 119.8,
        "shop": null
      }
    },
    {
      "type": "Feature",
      "id": "node/469774436",
      "geometry": {
        "type": "Point",
        "coordinates": [
          -0.0125346,
          51.62689
        ]
      },
      "properties": {
        "id": "node/469774436",
        "osmType": "node",
        "osmId": 469774436,
        "name": "Mansfield Park",
        "category": "bus_stop",
        "categoryLabel": "Bus Stop",
        "amenity": null,
        "highway": "bus_stop",
        "tourism": null,
        "historic": null,
        "railway": null,
        "barrier": null,
        "entrance": null,
        "heritage": null,
        "website": null,
        "phone": null,
        "address": null,
        "distanceToForestBoundaryMetres": 25.3,
        "shop": null
      }
    },
    {
      "type": "Feature",
      "id": "node/469774437",
      "geometry": {
        "type": "Point",
        "coordinates": [
          -0.0119258,
          51.6275489
        ]
      },
      "properties": {
        "id": "node/469774437",
        "osmType": "node",
        "osmId": 469774437,
        "name": "Mansfield Park",
        "category": "bus_stop",
        "categoryLabel": "Bus Stop",
        "amenity": null,
        "highway": "bus_stop",
        "tourism": null,
        "historic": null,
        "railway": null,
        "barrier": null,
        "entrance": null,
        "heritage": null,
        "website": null,
        "phone": null,
        "address": null,
        "distanceToForestBoundaryMetres": 108.1,
        "shop": null
      }
    },
    {
      "type": "Feature",
      "id": "node/469774470",
      "geometry": {
        "type": "Point",
        "coordinates": [
          -0.0014172,
          51.6186603
        ]
      },
      "properties": {
        "id": "node/469774470",
        "osmType": "node",
        "osmId": 469774470,
        "name": "Mapleton Road",
        "category": "bus_stop",
        "categoryLabel": "Bus Stop",
        "amenity": null,
        "highway": "bus_stop",
        "tourism": null,
        "historic": null,
        "railway": null,
        "barrier": null,
        "entrance": null,
        "heritage": null,
        "website": null,
        "phone": null,
        "address": null,
        "distanceToForestBoundaryMetres": 121.1,
        "shop": null
      }
    },
    {
      "type": "Feature",
      "id": "node/469774472",
      "geometry": {
        "type": "Point",
        "coordinates": [
          -0.0020017,
          51.6183151
        ]
      },
      "properties": {
        "id": "node/469774472",
        "osmType": "node",
        "osmId": 469774472,
        "name": "Mapleton Road",
        "category": "bus_stop",
        "categoryLabel": "Bus Stop",
        "amenity": null,
        "highway": "bus_stop",
        "tourism": null,
        "historic": null,
        "railway": null,
        "barrier": null,
        "entrance": null,
        "heritage": null,
        "website": null,
        "phone": null,
        "address": null,
        "distanceToForestBoundaryMetres": 176.2,
        "shop": null
      }
    },
    {
      "type": "Feature",
      "id": "node/469774494",
      "geometry": {
        "type": "Point",
        "coordinates": [
          -0.0093927,
          51.6373956
        ]
      },
      "properties": {
        "id": "node/469774494",
        "osmType": "node",
        "osmId": 469774494,
        "name": "Hail & Ride Margaret Avenue",
        "category": "bus_stop",
        "categoryLabel": "Bus Stop",
        "amenity": null,
        "highway": "bus_stop",
        "tourism": null,
        "historic": null,
        "railway": null,
        "barrier": null,
        "entrance": null,
        "heritage": null,
        "website": null,
        "phone": null,
        "address": null,
        "distanceToForestBoundaryMetres": 220.6,
        "shop": null
      }
    },
    {
      "type": "Feature",
      "id": "node/469774717",
      "geometry": {
        "type": "Point",
        "coordinates": [
          0.0236583,
          51.5806231
        ]
      },
      "properties": {
        "id": "node/469774717",
        "osmType": "node",
        "osmId": 469774717,
        "name": "New Wanstead",
        "category": "bus_stop",
        "categoryLabel": "Bus Stop",
        "amenity": null,
        "highway": "bus_stop",
        "tourism": null,
        "historic": null,
        "railway": null,
        "barrier": null,
        "entrance": null,
        "heritage": null,
        "website": null,
        "phone": null,
        "address": null,
        "distanceToForestBoundaryMetres": 176.8,
        "shop": null
      }
    },
    {
      "type": "Feature",
      "id": "node/469774880",
      "geometry": {
        "type": "Point",
        "coordinates": [
          0.0396533,
          51.5596605
        ]
      },
      "properties": {
        "id": "node/469774880",
        "osmType": "node",
        "osmId": 469774880,
        "name": "Merlin Road",
        "category": "bus_stop",
        "categoryLabel": "Bus Stop",
        "amenity": null,
        "highway": "bus_stop",
        "tourism": null,
        "historic": null,
        "railway": null,
        "barrier": null,
        "entrance": null,
        "heritage": null,
        "website": null,
        "phone": null,
        "address": null,
        "distanceToForestBoundaryMetres": 289.1,
        "shop": null
      }
    },
    {
      "type": "Feature",
      "id": "node/469774881",
      "geometry": {
        "type": "Point",
        "coordinates": [
          0.0391749,
          51.5600352
        ]
      },
      "properties": {
        "id": "node/469774881",
        "osmType": "node",
        "osmId": 469774881,
        "name": "Merlin Road",
        "category": "bus_stop",
        "categoryLabel": "Bus Stop",
        "amenity": null,
        "highway": "bus_stop",
        "tourism": null,
        "historic": null,
        "railway": null,
        "barrier": null,
        "entrance": null,
        "heritage": null,
        "website": null,
        "phone": null,
        "address": null,
        "distanceToForestBoundaryMetres": 287.3,
        "shop": null
      }
    },
    {
      "type": "Feature",
      "id": "node/469774918",
      "geometry": {
        "type": "Point",
        "coordinates": [
          0.0103151,
          51.5659623
        ]
      },
      "properties": {
        "id": "node/469774918",
        "osmType": "node",
        "osmId": 469774918,
        "name": "Michael Road",
        "category": "bus_stop",
        "categoryLabel": "Bus Stop",
        "amenity": null,
        "highway": "bus_stop",
        "tourism": null,
        "historic": null,
        "railway": null,
        "barrier": null,
        "entrance": null,
        "heritage": null,
        "website": null,
        "phone": null,
        "address": null,
        "distanceToForestBoundaryMetres": 287.6,
        "shop": null
      }
    },
    {
      "type": "Feature",
      "id": "node/469775207",
      "geometry": {
        "type": "Point",
        "coordinates": [
          0.0242836,
          51.6134897
        ]
      },
      "properties": {
        "id": "node/469775207",
        "osmType": "node",
        "osmId": 469775207,
        "name": "Monkhams Lane",
        "category": "bus_stop",
        "categoryLabel": "Bus Stop",
        "amenity": null,
        "highway": "bus_stop",
        "tourism": null,
        "historic": null,
        "railway": null,
        "barrier": null,
        "entrance": null,
        "heritage": null,
        "website": null,
        "phone": null,
        "address": null,
        "distanceToForestBoundaryMetres": 290.7,
        "shop": null
      }
    },
    {
      "type": "Feature",
      "id": "node/469775208",
      "geometry": {
        "type": "Point",
        "coordinates": [
          0.0238996,
          51.6124925
        ]
      },
      "properties": {
        "id": "node/469775208",
        "osmType": "node",
        "osmId": 469775208,
        "name": "Monkhams Lane",
        "category": "bus_stop",
        "categoryLabel": "Bus Stop",
        "amenity": null,
        "highway": "bus_stop",
        "tourism": null,
        "historic": null,
        "railway": null,
        "barrier": null,
        "entrance": null,
        "heritage": null,
        "website": null,
        "phone": null,
        "address": null,
        "distanceToForestBoundaryMetres": 287.2,
        "shop": null
      }
    },
    {
      "type": "Feature",
      "id": "node/469775434",
      "geometry": {
        "type": "Point",
        "coordinates": [
          -0.0134762,
          51.6314143
        ]
      },
      "properties": {
        "id": "node/469775434",
        "osmType": "node",
        "osmId": 469775434,
        "name": "Mount Echo Drive",
        "category": "bus_stop",
        "categoryLabel": "Bus Stop",
        "amenity": null,
        "highway": "bus_stop",
        "tourism": null,
        "historic": null,
        "railway": null,
        "barrier": null,
        "entrance": null,
        "heritage": null,
        "website": null,
        "phone": null,
        "address": null,
        "distanceToForestBoundaryMetres": 210.5,
        "shop": null
      }
    },
    {
      "type": "Feature",
      "id": "node/469775437",
      "geometry": {
        "type": "Point",
        "coordinates": [
          -0.0134923,
          51.6322768
        ]
      },
      "properties": {
        "id": "node/469775437",
        "osmType": "node",
        "osmId": 469775437,
        "name": "Mount Echo Drive",
        "category": "bus_stop",
        "categoryLabel": "Bus Stop",
        "amenity": null,
        "highway": "bus_stop",
        "tourism": null,
        "historic": null,
        "railway": null,
        "barrier": null,
        "entrance": null,
        "heritage": null,
        "website": null,
        "phone": null,
        "address": null,
        "distanceToForestBoundaryMetres": 274.8,
        "shop": null
      }
    },
    {
      "type": "Feature",
      "id": "node/469776579",
      "geometry": {
        "type": "Point",
        "coordinates": [
          2.36e-05,
          51.624289
        ]
      },
      "properties": {
        "id": "node/469776579",
        "osmType": "node",
        "osmId": 469776579,
        "name": "Hail & Ride Onslow Close",
        "category": "bus_stop",
        "categoryLabel": "Bus Stop",
        "amenity": null,
        "highway": "bus_stop",
        "tourism": null,
        "historic": null,
        "railway": null,
        "barrier": null,
        "entrance": null,
        "heritage": null,
        "website": null,
        "phone": null,
        "address": null,
        "distanceToForestBoundaryMetres": 121.9,
        "shop": null
      }
    },
    {
      "type": "Feature",
      "id": "node/469776583",
      "geometry": {
        "type": "Point",
        "coordinates": [
          -4.21e-05,
          51.6241787
        ]
      },
      "properties": {
        "id": "node/469776583",
        "osmType": "node",
        "osmId": 469776583,
        "name": "Hail & Ride Onslow Close",
        "category": "bus_stop",
        "categoryLabel": "Bus Stop",
        "amenity": null,
        "highway": "bus_stop",
        "tourism": null,
        "historic": null,
        "railway": null,
        "barrier": null,
        "entrance": null,
        "heritage": null,
        "website": null,
        "phone": null,
        "address": null,
        "distanceToForestBoundaryMetres": 118.4,
        "shop": null
      }
    },
    {
      "type": "Feature",
      "id": "node/469776628",
      "geometry": {
        "type": "Point",
        "coordinates": [
          0.0397972,
          51.6017653
        ]
      },
      "properties": {
        "id": "node/469776628",
        "osmType": "node",
        "osmId": 469776628,
        "name": "Orchard Estate",
        "category": "bus_stop",
        "categoryLabel": "Bus Stop",
        "amenity": null,
        "highway": "bus_stop",
        "tourism": null,
        "historic": null,
        "railway": null,
        "barrier": null,
        "entrance": null,
        "heritage": null,
        "website": null,
        "phone": null,
        "address": null,
        "distanceToForestBoundaryMetres": 280.1,
        "shop": null
      }
    },
    {
      "type": "Feature",
      "id": "node/469777519",
      "geometry": {
        "type": "Point",
        "coordinates": [
          0.0020239,
          51.574204
        ]
      },
      "properties": {
        "id": "node/469777519",
        "osmType": "node",
        "osmId": 469777519,
        "name": "Peterborough Road",
        "category": "bus_stop",
        "categoryLabel": "Bus Stop",
        "amenity": null,
        "highway": "bus_stop",
        "tourism": null,
        "historic": null,
        "railway": null,
        "barrier": null,
        "entrance": null,
        "heritage": null,
        "website": null,
        "phone": null,
        "address": null,
        "distanceToForestBoundaryMetres": 291.2,
        "shop": null
      }
    },
    {
      "type": "Feature",
      "id": "node/469777566",
      "geometry": {
        "type": "Point",
        "coordinates": [
          0.0210421,
          51.5553928
        ]
      },
      "properties": {
        "id": "node/469777566",
        "osmType": "node",
        "osmId": 469777566,
        "name": "Pevensey Road",
        "category": "bus_stop",
        "categoryLabel": "Bus Stop",
        "amenity": null,
        "highway": "bus_stop",
        "tourism": null,
        "historic": null,
        "railway": null,
        "barrier": null,
        "entrance": null,
        "heritage": null,
        "website": null,
        "phone": null,
        "address": null,
        "distanceToForestBoundaryMetres": 93.1,
        "shop": null
      }
    },
    {
      "type": "Feature",
      "id": "node/469777862",
      "geometry": {
        "type": "Point",
        "coordinates": [
          0.03203,
          51.5630347
        ]
      },
      "properties": {
        "id": "node/469777862",
        "osmType": "node",
        "osmId": 469777862,
        "name": "Park Road",
        "category": "bus_stop",
        "categoryLabel": "Bus Stop",
        "amenity": null,
        "highway": "bus_stop",
        "tourism": null,
        "historic": null,
        "railway": null,
        "barrier": null,
        "entrance": null,
        "heritage": null,
        "website": null,
        "phone": null,
        "address": null,
        "distanceToForestBoundaryMetres": 264.8,
        "shop": null
      }
    },
    {
      "type": "Feature",
      "id": "node/469777864",
      "geometry": {
        "type": "Point",
        "coordinates": [
          0.0322687,
          51.562891
        ]
      },
      "properties": {
        "id": "node/469777864",
        "osmType": "node",
        "osmId": 469777864,
        "name": "Park Road",
        "category": "bus_stop",
        "categoryLabel": "Bus Stop",
        "amenity": null,
        "highway": "bus_stop",
        "tourism": null,
        "historic": null,
        "railway": null,
        "barrier": null,
        "entrance": null,
        "heritage": null,
        "website": null,
        "phone": null,
        "address": null,
        "distanceToForestBoundaryMetres": 277.9,
        "shop": null
      }
    },
    {
      "type": "Feature",
      "id": "node/469778125",
      "geometry": {
        "type": "Point",
        "coordinates": [
          0.0255586,
          51.563905
        ]
      },
      "properties": {
        "id": "node/469778125",
        "osmType": "node",
        "osmId": 469778125,
        "name": "Queenswood Gardens",
        "category": "bus_stop",
        "categoryLabel": "Bus Stop",
        "amenity": null,
        "highway": "bus_stop",
        "tourism": null,
        "historic": null,
        "railway": null,
        "barrier": null,
        "entrance": null,
        "heritage": null,
        "website": null,
        "phone": null,
        "address": null,
        "distanceToForestBoundaryMetres": 285.4,
        "shop": null
      }
    },
    {
      "type": "Feature",
      "id": "node/469778127",
      "geometry": {
        "type": "Point",
        "coordinates": [
          0.0257954,
          51.5639265
        ]
      },
      "properties": {
        "id": "node/469778127",
        "osmType": "node",
        "osmId": 469778127,
        "name": "Queenswood Gardens",
        "category": "bus_stop",
        "categoryLabel": "Bus Stop",
        "amenity": null,
        "highway": "bus_stop",
        "tourism": null,
        "historic": null,
        "railway": null,
        "barrier": null,
        "entrance": null,
        "heritage": null,
        "website": null,
        "phone": null,
        "address": null,
        "distanceToForestBoundaryMetres": 288.6,
        "shop": null
      }
    },
    {
      "type": "Feature",
      "id": "node/469778309",
      "geometry": {
        "type": "Point",
        "coordinates": [
          -0.0062516,
          51.6324898
        ]
      },
      "properties": {
        "id": "node/469778309",
        "osmType": "node",
        "osmId": 469778309,
        "name": "Pole Hill Road",
        "category": "bus_stop",
        "categoryLabel": "Bus Stop",
        "amenity": null,
        "highway": "bus_stop",
        "tourism": null,
        "historic": null,
        "railway": null,
        "barrier": null,
        "entrance": null,
        "heritage": null,
        "website": null,
        "phone": null,
        "address": null,
        "distanceToForestBoundaryMetres": 147.8,
        "shop": null
      }
    },
    {
      "type": "Feature",
      "id": "node/469778310",
      "geometry": {
        "type": "Point",
        "coordinates": [
          -0.0054336,
          51.6321719
        ]
      },
      "properties": {
        "id": "node/469778310",
        "osmType": "node",
        "osmId": 469778310,
        "name": "Pole Hill Road",
        "category": "bus_stop",
        "categoryLabel": "Bus Stop",
        "amenity": null,
        "highway": "bus_stop",
        "tourism": null,
        "historic": null,
        "railway": null,
        "barrier": null,
        "entrance": null,
        "heritage": null,
        "website": null,
        "phone": null,
        "address": null,
        "distanceToForestBoundaryMetres": 273.0,
        "shop": null
      }
    },
    {
      "type": "Feature",
      "id": "node/469779412",
      "geometry": {
        "type": "Point",
        "coordinates": [
          0.0540478,
          51.6055159
        ]
      },
      "properties": {
        "id": "node/469779412",
        "osmType": "node",
        "osmId": 469779412,
        "name": "Roding Lane North",
        "category": "bus_stop",
        "categoryLabel": "Bus Stop",
        "amenity": null,
        "highway": "bus_stop",
        "tourism": null,
        "historic": null,
        "railway": null,
        "barrier": null,
        "entrance": null,
        "heritage": null,
        "website": null,
        "phone": null,
        "address": null,
        "distanceToForestBoundaryMetres": 286.9,
        "shop": null
      }
    },
    {
      "type": "Feature",
      "id": "node/469779505",
      "geometry": {
        "type": "Point",
        "coordinates": [
          0.0145352,
          51.6334562
        ]
      },
      "properties": {
        "id": "node/469779505",
        "osmType": "node",
        "osmId": 469779505,
        "name": "Hail & Ride Royal Forest Hotel",
        "category": "bus_stop",
        "categoryLabel": "Bus Stop",
        "amenity": null,
        "highway": "bus_stop",
        "tourism": null,
        "historic": null,
        "railway": null,
        "barrier": null,
        "entrance": null,
        "heritage": null,
        "website": null,
        "phone": null,
        "address": null,
        "distanceToForestBoundaryMetres": 119.0,
        "shop": null
      }
    },
    {
      "type": "Feature",
      "id": "node/469779506",
      "geometry": {
        "type": "Point",
        "coordinates": [
          0.0146657,
          51.6336147
        ]
      },
      "properties": {
        "id": "node/469779506",
        "osmType": "node",
        "osmId": 469779506,
        "name": "Hail & Ride Royal Forest Hotel",
        "category": "bus_stop",
        "categoryLabel": "Bus Stop",
        "amenity": null,
        "highway": "bus_stop",
        "tourism": null,
        "historic": null,
        "railway": null,
        "barrier": null,
        "entrance": null,
        "heritage": null,
        "website": null,
        "phone": null,
        "address": null,
        "distanceToForestBoundaryMetres": 104.7,
        "shop": null
      }
    },
    {
      "type": "Feature",
      "id": "node/469779670",
      "geometry": {
        "type": "Point",
        "coordinates": [
          -0.0200677,
          51.6033037
        ]
      },
      "properties": {
        "id": "node/469779670",
        "osmType": "node",
        "osmId": 469779670,
        "name": "Salisbury Hall Sainsbury's",
        "category": "bus_stop",
        "categoryLabel": "Bus Stop",
        "amenity": null,
        "highway": "bus_stop",
        "tourism": null,
        "historic": null,
        "railway": null,
        "barrier": null,
        "entrance": null,
        "heritage": null,
        "website": null,
        "phone": null,
        "address": null,
        "distanceToForestBoundaryMetres": 291.4,
        "shop": null
      }
    },
    {
      "type": "Feature",
      "id": "node/469779736",
      "geometry": {
        "type": "Point",
        "coordinates": [
          0.0381662,
          51.5951929
        ]
      },
      "properties": {
        "id": "node/469779736",
        "osmType": "node",
        "osmId": 469779736,
        "name": "Raven Road",
        "category": "bus_stop",
        "categoryLabel": "Bus Stop",
        "amenity": null,
        "highway": "bus_stop",
        "tourism": null,
        "historic": null,
        "railway": null,
        "barrier": null,
        "entrance": null,
        "heritage": null,
        "website": null,
        "phone": null,
        "address": null,
        "distanceToForestBoundaryMetres": 291.6,
        "shop": null
      }
    },
    {
      "type": "Feature",
      "id": "node/469779795",
      "geometry": {
        "type": "Point",
        "coordinates": [
          0.0411969,
          51.5758719
        ]
      },
      "properties": {
        "id": "node/469779795",
        "osmType": "node",
        "osmId": 469779795,
        "name": "Redbridge Lane West",
        "category": "bus_stop",
        "categoryLabel": "Bus Stop",
        "amenity": null,
        "highway": "bus_stop",
        "tourism": null,
        "historic": null,
        "railway": null,
        "barrier": null,
        "entrance": null,
        "heritage": null,
        "website": null,
        "phone": null,
        "address": null,
        "distanceToForestBoundaryMetres": 219.8,
        "shop": null
      }
    },
    {
      "type": "Feature",
      "id": "node/469779861",
      "geometry": {
        "type": "Point",
        "coordinates": [
          -0.0056145,
          51.5791905
        ]
      },
      "properties": {
        "id": "node/469779861",
        "osmType": "node",
        "osmId": 469779861,
        "name": "Shernhall Street",
        "category": "bus_stop",
        "categoryLabel": "Bus Stop",
        "amenity": null,
        "highway": "bus_stop",
        "tourism": null,
        "historic": null,
        "railway": null,
        "barrier": null,
        "entrance": null,
        "heritage": null,
        "website": null,
        "phone": null,
        "address": null,
        "distanceToForestBoundaryMetres": 265.5,
        "shop": null
      }
    },
    {
      "type": "Feature",
      "id": "node/469780195",
      "geometry": {
        "type": "Point",
        "coordinates": [
          0.0557003,
          51.553649
        ]
      },
      "properties": {
        "id": "node/469780195",
        "osmType": "node",
        "osmId": 469780195,
        "name": "Seventh Avenue",
        "category": "bus_stop",
        "categoryLabel": "Bus Stop",
        "amenity": null,
        "highway": "bus_stop",
        "tourism": null,
        "historic": null,
        "railway": null,
        "barrier": null,
        "entrance": null,
        "heritage": null,
        "website": null,
        "phone": null,
        "address": null,
        "distanceToForestBoundaryMetres": 288.6,
        "shop": null
      }
    },
    {
      "type": "Feature",
      "id": "node/469780201",
      "geometry": {
        "type": "Point",
        "coordinates": [
          -0.0112409,
          51.643805
        ]
      },
      "properties": {
        "id": "node/469780201",
        "osmType": "node",
        "osmId": 469780201,
        "name": "Sewardstone Gardens",
        "category": "bus_stop",
        "categoryLabel": "Bus Stop",
        "amenity": null,
        "highway": "bus_stop",
        "tourism": null,
        "historic": null,
        "railway": null,
        "barrier": null,
        "entrance": null,
        "heritage": null,
        "website": null,
        "phone": null,
        "address": null,
        "distanceToForestBoundaryMetres": 90.8,
        "shop": null
      }
    },
    {
      "type": "Feature",
      "id": "node/469780203",
      "geometry": {
        "type": "Point",
        "coordinates": [
          -0.0113837,
          51.6429619
        ]
      },
      "properties": {
        "id": "node/469780203",
        "osmType": "node",
        "osmId": 469780203,
        "name": "Sewardstone Gardens",
        "category": "bus_stop",
        "categoryLabel": "Bus Stop",
        "amenity": null,
        "highway": "bus_stop",
        "tourism": null,
        "historic": null,
        "railway": null,
        "barrier": null,
        "entrance": null,
        "heritage": null,
        "website": null,
        "phone": null,
        "address": null,
        "distanceToForestBoundaryMetres": 184.1,
        "shop": null
      }
    },
    {
      "type": "Feature",
      "id": "node/469780204",
      "geometry": {
        "type": "Point",
        "coordinates": [
          -0.0123648,
          51.6359537
        ]
      },
      "properties": {
        "id": "node/469780204",
        "osmType": "node",
        "osmId": 469780204,
        "name": "Kings Head Hill / Sewardstone Road",
        "category": "bus_stop",
        "categoryLabel": "Bus Stop",
        "amenity": null,
        "highway": "bus_stop",
        "tourism": null,
        "historic": null,
        "railway": null,
        "barrier": null,
        "entrance": null,
        "heritage": null,
        "website": null,
        "phone": null,
        "address": null,
        "distanceToForestBoundaryMetres": 146.4,
        "shop": null
      }
    },
    {
      "type": "Feature",
      "id": "node/469780205",
      "geometry": {
        "type": "Point",
        "coordinates": [
          -0.0123726,
          51.6358286
        ]
      },
      "properties": {
        "id": "node/469780205",
        "osmType": "node",
        "osmId": 469780205,
        "name": "Kings Head Hill / Sewardstone Road",
        "category": "bus_stop",
        "categoryLabel": "Bus Stop",
        "amenity": null,
        "highway": "bus_stop",
        "tourism": null,
        "historic": null,
        "railway": null,
        "barrier": null,
        "entrance": null,
        "heritage": null,
        "website": null,
        "phone": null,
        "address": null,
        "distanceToForestBoundaryMetres": 133.8,
        "shop": null
      }
    },
    {
      "type": "Feature",
      "id": "node/469780212",
      "geometry": {
        "type": "Point",
        "coordinates": [
          0.0195329,
          51.6267316
        ]
      },
      "properties": {
        "id": "node/469780212",
        "osmType": "node",
        "osmId": 469780212,
        "name": "Seymour Court",
        "category": "bus_stop",
        "categoryLabel": "Bus Stop",
        "amenity": null,
        "highway": "bus_stop",
        "tourism": null,
        "historic": null,
        "railway": null,
        "barrier": null,
        "entrance": null,
        "heritage": null,
        "website": null,
        "phone": null,
        "address": null,
        "distanceToForestBoundaryMetres": 281.7,
        "shop": null
      }
    },
    {
      "type": "Feature",
      "id": "node/469780213",
      "geometry": {
        "type": "Point",
        "coordinates": [
          0.0191291,
          51.6267544
        ]
      },
      "properties": {
        "id": "node/469780213",
        "osmType": "node",
        "osmId": 469780213,
        "name": "Seymour Court",
        "category": "bus_stop",
        "categoryLabel": "Bus Stop",
        "amenity": null,
        "highway": "bus_stop",
        "tourism": null,
        "historic": null,
        "railway": null,
        "barrier": null,
        "entrance": null,
        "heritage": null,
        "website": null,
        "phone": null,
        "address": null,
        "distanceToForestBoundaryMetres": 286.5,
        "shop": null
      }
    },
    {
      "type": "Feature",
      "id": "node/469780315",
      "geometry": {
        "type": "Point",
        "coordinates": [
          0.0473155,
          51.5513794
        ]
      },
      "properties": {
        "id": "node/469780315",
        "osmType": "node",
        "osmId": 469780315,
        "name": "Romford Road",
        "category": "bus_stop",
        "categoryLabel": "Bus Stop",
        "amenity": null,
        "highway": "bus_stop",
        "tourism": null,
        "historic": null,
        "railway": null,
        "barrier": null,
        "entrance": null,
        "heritage": null,
        "website": null,
        "phone": null,
        "address": null,
        "distanceToForestBoundaryMetres": 186.4,
        "shop": null
      }
    },
    {
      "type": "Feature",
      "id": "node/469780497",
      "geometry": {
        "type": "Point",
        "coordinates": [
          -0.0164631,
          51.6052187
        ]
      },
      "properties": {
        "id": "node/469780497",
        "osmType": "node",
        "osmId": 469780497,
        "name": "Rowden Park Gardens",
        "category": "bus_stop",
        "categoryLabel": "Bus Stop",
        "amenity": null,
        "highway": "bus_stop",
        "tourism": null,
        "historic": null,
        "railway": null,
        "barrier": null,
        "entrance": null,
        "heritage": null,
        "website": null,
        "phone": null,
        "address": null,
        "distanceToForestBoundaryMetres": 37.8,
        "shop": null
      }
    },
    {
      "type": "Feature",
      "id": "node/469780498",
      "geometry": {
        "type": "Point",
        "coordinates": [
          -0.0167424,
          51.605628
        ]
      },
      "properties": {
        "id": "node/469780498",
        "osmType": "node",
        "osmId": 469780498,
        "name": "Rowden Road",
        "category": "bus_stop",
        "categoryLabel": "Bus Stop",
        "amenity": null,
        "highway": "bus_stop",
        "tourism": null,
        "historic": null,
        "railway": null,
        "barrier": null,
        "entrance": null,
        "heritage": null,
        "website": null,
        "phone": null,
        "address": null,
        "distanceToForestBoundaryMetres": 86.1,
        "shop": null
      }
    },
    {
      "type": "Feature",
      "id": "node/469780597",
      "geometry": {
        "type": "Point",
        "coordinates": [
          0.0204309,
          51.5561821
        ]
      },
      "properties": {
        "id": "node/469780597",
        "osmType": "node",
        "osmId": 469780597,
        "name": "Sidney Road",
        "category": "bus_stop",
        "categoryLabel": "Bus Stop",
        "amenity": null,
        "highway": "bus_stop",
        "tourism": null,
        "historic": null,
        "railway": null,
        "barrier": null,
        "entrance": null,
        "heritage": null,
        "website": null,
        "phone": null,
        "address": null,
        "distanceToForestBoundaryMetres": 2.0,
        "shop": null
      }
    },
    {
      "type": "Feature",
      "id": "node/469780611",
      "geometry": {
        "type": "Point",
        "coordinates": [
          0.0049895,
          51.6238439
        ]
      },
      "properties": {
        "id": "node/469780611",
        "osmType": "node",
        "osmId": 469780611,
        "name": "Hail & Ride Simmons Lane",
        "category": "bus_stop",
        "categoryLabel": "Bus Stop",
        "amenity": null,
        "highway": "bus_stop",
        "tourism": null,
        "historic": null,
        "railway": null,
        "barrier": null,
        "entrance": null,
        "heritage": null,
        "website": null,
        "phone": null,
        "address": null,
        "distanceToForestBoundaryMetres": 249.6,
        "shop": null
      }
    },
    {
      "type": "Feature",
      "id": "node/469780614",
      "geometry": {
        "type": "Point",
        "coordinates": [
          0.0049634,
          51.6237348
        ]
      },
      "properties": {
        "id": "node/469780614",
        "osmType": "node",
        "osmId": 469780614,
        "name": "Hail & Ride Simmons Lane",
        "category": "bus_stop",
        "categoryLabel": "Bus Stop",
        "amenity": null,
        "highway": "bus_stop",
        "tourism": null,
        "historic": null,
        "railway": null,
        "barrier": null,
        "entrance": null,
        "heritage": null,
        "website": null,
        "phone": null,
        "address": null,
        "distanceToForestBoundaryMetres": 246.8,
        "shop": null
      }
    },
    {
      "type": "Feature",
      "id": "node/469780635",
      "geometry": {
        "type": "Point",
        "coordinates": [
          0.0117195,
          51.5767863
        ]
      },
      "properties": {
        "id": "node/469780635",
        "osmType": "node",
        "osmId": 469780635,
        "name": "Sir Alfred Hitchcock Hotel",
        "category": "bus_stop",
        "categoryLabel": "Bus Stop",
        "amenity": null,
        "highway": "bus_stop",
        "tourism": null,
        "historic": null,
        "railway": null,
        "barrier": null,
        "entrance": null,
        "heritage": null,
        "website": null,
        "phone": null,
        "address": null,
        "distanceToForestBoundaryMetres": 289.3,
        "shop": null
      }
    },
    {
      "type": "Feature",
      "id": "node/469780637",
      "geometry": {
        "type": "Point",
        "coordinates": [
          0.0116699,
          51.5769779
        ]
      },
      "properties": {
        "id": "node/469780637",
        "osmType": "node",
        "osmId": 469780637,
        "name": "Sir Alfred Hitchcock Hotel",
        "category": "bus_stop",
        "categoryLabel": "Bus Stop",
        "amenity": null,
        "highway": "bus_stop",
        "tourism": null,
        "historic": null,
        "railway": null,
        "barrier": null,
        "entrance": null,
        "heritage": null,
        "website": null,
        "phone": null,
        "address": null,
        "distanceToForestBoundaryMetres": 283.7,
        "shop": null
      }
    },
    {
      "type": "Feature",
      "id": "node/469780683",
      "geometry": {
        "type": "Point",
        "coordinates": [
          0.04737,
          51.6043596
        ]
      },
      "properties": {
        "id": "node/469780683",
        "osmType": "node",
        "osmId": 469780683,
        "name": "Snakes Lane East",
        "category": "bus_stop",
        "categoryLabel": "Bus Stop",
        "amenity": null,
        "highway": "bus_stop",
        "tourism": null,
        "historic": null,
        "railway": null,
        "barrier": null,
        "entrance": null,
        "heritage": null,
        "website": null,
        "phone": null,
        "address": null,
        "distanceToForestBoundaryMetres": 108.3,
        "shop": null
      }
    },
    {
      "type": "Feature",
      "id": "node/469780685",
      "geometry": {
        "type": "Point",
        "coordinates": [
          0.0203871,
          51.5844915
        ]
      },
      "properties": {
        "id": "node/469780685",
        "osmType": "node",
        "osmId": 469780685,
        "name": "Eagle Lane",
        "category": "bus_stop",
        "categoryLabel": "Bus Stop",
        "amenity": null,
        "highway": "bus_stop",
        "tourism": null,
        "historic": null,
        "railway": null,
        "barrier": null,
        "entrance": null,
        "heritage": null,
        "website": null,
        "phone": null,
        "address": null,
        "distanceToForestBoundaryMetres": 289.1,
        "shop": null
      }
    },
    {
      "type": "Feature",
      "id": "node/469780686",
      "geometry": {
        "type": "Point",
        "coordinates": [
          0.0204791,
          51.5840554
        ]
      },
      "properties": {
        "id": "node/469780686",
        "osmType": "node",
        "osmId": 469780686,
        "name": "Eagle Lane",
        "category": "bus_stop",
        "categoryLabel": "Bus Stop",
        "amenity": null,
        "highway": "bus_stop",
        "tourism": null,
        "historic": null,
        "railway": null,
        "barrier": null,
        "entrance": null,
        "heritage": null,
        "website": null,
        "phone": null,
        "address": null,
        "distanceToForestBoundaryMetres": 291.6,
        "shop": null
      }
    },
    {
      "type": "Feature",
      "id": "node/469780687",
      "geometry": {
        "type": "Point",
        "coordinates": [
          0.0063533,
          51.5841108
        ]
      },
      "properties": {
        "id": "node/469780687",
        "osmType": "node",
        "osmId": 469780687,
        "name": "Snaresbrook Road",
        "category": "bus_stop",
        "categoryLabel": "Bus Stop",
        "amenity": null,
        "highway": "bus_stop",
        "tourism": null,
        "historic": null,
        "railway": null,
        "barrier": null,
        "entrance": null,
        "heritage": null,
        "website": null,
        "phone": null,
        "address": null,
        "distanceToForestBoundaryMetres": 284.6,
        "shop": null
      }
    },
    {
      "type": "Feature",
      "id": "node/469780731",
      "geometry": {
        "type": "Point",
        "coordinates": [
          -0.0095646,
          51.6367067
        ]
      },
      "properties": {
        "id": "node/469780731",
        "osmType": "node",
        "osmId": 469780731,
        "name": "Hail & Ride South Avenue",
        "category": "bus_stop",
        "categoryLabel": "Bus Stop",
        "amenity": null,
        "highway": "bus_stop",
        "tourism": null,
        "historic": null,
        "railway": null,
        "barrier": null,
        "entrance": null,
        "heritage": null,
        "website": null,
        "phone": null,
        "address": null,
        "distanceToForestBoundaryMetres": 213.2,
        "shop": null
      }
    },
    {
      "type": "Feature",
      "id": "node/469780778",
      "geometry": {
        "type": "Point",
        "coordinates": [
          -0.0018208,
          51.5999197
        ]
      },
      "properties": {
        "id": "node/469780778",
        "osmType": "node",
        "osmId": 469780778,
        "name": "Southend Road",
        "category": "bus_stop",
        "categoryLabel": "Bus Stop",
        "amenity": null,
        "highway": "bus_stop",
        "tourism": null,
        "historic": null,
        "railway": null,
        "barrier": null,
        "entrance": null,
        "heritage": null,
        "website": null,
        "phone": null,
        "address": null,
        "distanceToForestBoundaryMetres": 291.4,
        "shop": null
      }
    },
    {
      "type": "Feature",
      "id": "node/469780779",
      "geometry": {
        "type": "Point",
        "coordinates": [
          -0.0012587,
          51.5989009
        ]
      },
      "properties": {
        "id": "node/469780779",
        "osmType": "node",
        "osmId": 469780779,
        "name": "Southend Road",
        "category": "bus_stop",
        "categoryLabel": "Bus Stop",
        "amenity": null,
        "highway": "bus_stop",
        "tourism": null,
        "historic": null,
        "railway": null,
        "barrier": null,
        "entrance": null,
        "heritage": null,
        "website": null,
        "phone": null,
        "address": null,
        "distanceToForestBoundaryMetres": 290.1,
        "shop": null
      }
    },
    {
      "type": "Feature",
      "id": "node/469780780",
      "geometry": {
        "type": "Point",
        "coordinates": [
          0.0359768,
          51.5921381
        ]
      },
      "properties": {
        "id": "node/469780780",
        "osmType": "node",
        "osmId": 469780780,
        "name": "Southend Road",
        "category": "bus_stop",
        "categoryLabel": "Bus Stop",
        "amenity": null,
        "highway": "bus_stop",
        "tourism": null,
        "historic": null,
        "railway": null,
        "barrier": null,
        "entrance": null,
        "heritage": null,
        "website": null,
        "phone": null,
        "address": null,
        "distanceToForestBoundaryMetres": 274.7,
        "shop": null
      }
    },
    {
      "type": "Feature",
      "id": "node/469780895",
      "geometry": {
        "type": "Point",
        "coordinates": [
          0.0051811,
          51.6317804
        ]
      },
      "properties": {
        "id": "node/469780895",
        "osmType": "node",
        "osmId": 469780895,
        "name": "Stanley Road",
        "category": "bus_stop",
        "categoryLabel": "Bus Stop",
        "amenity": null,
        "highway": "bus_stop",
        "tourism": null,
        "historic": null,
        "railway": null,
        "barrier": null,
        "entrance": null,
        "heritage": null,
        "website": null,
        "phone": null,
        "address": null,
        "distanceToForestBoundaryMetres": 265.0,
        "shop": null
      }
    },
    {
      "type": "Feature",
      "id": "node/469780983",
      "geometry": {
        "type": "Point",
        "coordinates": [
          0.008705,
          51.6330829
        ]
      },
      "properties": {
        "id": "node/469780983",
        "osmType": "node",
        "osmId": 469780983,
        "name": "Station Road / Chingford Station",
        "category": "bus_stop",
        "categoryLabel": "Bus Stop",
        "amenity": null,
        "highway": "bus_stop",
        "tourism": null,
        "historic": null,
        "railway": null,
        "barrier": null,
        "entrance": null,
        "heritage": null,
        "website": null,
        "phone": null,
        "address": null,
        "distanceToForestBoundaryMetres": 291.3,
        "shop": null
      }
    },
    {
      "type": "Feature",
      "id": "node/469780985",
      "geometry": {
        "type": "Point",
        "coordinates": [
          0.0020712,
          51.6309123
        ]
      },
      "properties": {
        "id": "node/469780985",
        "osmType": "node",
        "osmId": 469780985,
        "name": "Station Road / The Green",
        "category": "bus_stop",
        "categoryLabel": "Bus Stop",
        "amenity": null,
        "highway": "bus_stop",
        "tourism": null,
        "historic": null,
        "railway": null,
        "barrier": null,
        "entrance": null,
        "heritage": null,
        "website": null,
        "phone": null,
        "address": null,
        "distanceToForestBoundaryMetres": 278.6,
        "shop": null
      }
    },
    {
      "type": "Feature",
      "id": "node/469780986",
      "geometry": {
        "type": "Point",
        "coordinates": [
          0.0015982,
          51.6306795
        ]
      },
      "properties": {
        "id": "node/469780986",
        "osmType": "node",
        "osmId": 469780986,
        "name": "Station Road / The Green",
        "category": "bus_stop",
        "categoryLabel": "Bus Stop",
        "amenity": null,
        "highway": "bus_stop",
        "tourism": null,
        "historic": null,
        "railway": null,
        "barrier": null,
        "entrance": null,
        "heritage": null,
        "website": null,
        "phone": null,
        "address": null,
        "distanceToForestBoundaryMetres": 248.1,
        "shop": null
      }
    },
    {
      "type": "Feature",
      "id": "node/469780987",
      "geometry": {
        "type": "Point",
        "coordinates": [
          0.0027864,
          51.6312867
        ]
      },
      "properties": {
        "id": "node/469780987",
        "osmType": "node",
        "osmId": 469780987,
        "name": "Station Road / The Green",
        "category": "bus_stop",
        "categoryLabel": "Bus Stop",
        "amenity": null,
        "highway": "bus_stop",
        "tourism": null,
        "historic": null,
        "railway": null,
        "barrier": null,
        "entrance": null,
        "heritage": null,
        "website": null,
        "phone": null,
        "address": null,
        "distanceToForestBoundaryMetres": 285.7,
        "shop": null
      }
    },
    {
      "type": "Feature",
      "id": "node/469780990",
      "geometry": {
        "type": "Point",
        "coordinates": [
          0.0158937,
          51.6029604
        ]
      },
      "properties": {
        "id": "node/469780990",
        "osmType": "node",
        "osmId": 469780990,
        "name": "St Aubyns School",
        "category": "bus_stop",
        "categoryLabel": "Bus Stop",
        "amenity": null,
        "highway": "bus_stop",
        "tourism": null,
        "historic": null,
        "railway": null,
        "barrier": null,
        "entrance": null,
        "heritage": null,
        "website": null,
        "phone": null,
        "address": null,
        "distanceToForestBoundaryMetres": 266.7,
        "shop": null
      }
    },
    {
      "type": "Feature",
      "id": "node/469780991",
      "geometry": {
        "type": "Point",
        "coordinates": [
          0.0158686,
          51.6026853
        ]
      },
      "properties": {
        "id": "node/469780991",
        "osmType": "node",
        "osmId": 469780991,
        "name": "St Aubyns School",
        "category": "bus_stop",
        "categoryLabel": "Bus Stop",
        "amenity": null,
        "highway": "bus_stop",
        "tourism": null,
        "historic": null,
        "railway": null,
        "barrier": null,
        "entrance": null,
        "heritage": null,
        "website": null,
        "phone": null,
        "address": null,
        "distanceToForestBoundaryMetres": 282.9,
        "shop": null
      }
    },
    {
      "type": "Feature",
      "id": "node/469781128",
      "geometry": {
        "type": "Point",
        "coordinates": [
          0.0247636,
          51.5826414
        ]
      },
      "properties": {
        "id": "node/469781128",
        "osmType": "node",
        "osmId": 469781128,
        "name": "Sylvan Road",
        "category": "bus_stop",
        "categoryLabel": "Bus Stop",
        "amenity": null,
        "highway": "bus_stop",
        "tourism": null,
        "historic": null,
        "railway": null,
        "barrier": null,
        "entrance": null,
        "heritage": null,
        "website": null,
        "phone": null,
        "address": null,
        "distanceToForestBoundaryMetres": 282.0,
        "shop": null
      }
    },
    {
      "type": "Feature",
      "id": "node/469781129",
      "geometry": {
        "type": "Point",
        "coordinates": [
          0.0248585,
          51.5824081
        ]
      },
      "properties": {
        "id": "node/469781129",
        "osmType": "node",
        "osmId": 469781129,
        "name": "Sylvan Road",
        "category": "bus_stop",
        "categoryLabel": "Bus Stop",
        "amenity": null,
        "highway": "bus_stop",
        "tourism": null,
        "historic": null,
        "railway": null,
        "barrier": null,
        "entrance": null,
        "heritage": null,
        "website": null,
        "phone": null,
        "address": null,
        "distanceToForestBoundaryMetres": 288.6,
        "shop": null
      }
    },
    {
      "type": "Feature",
      "id": "node/469781143",
      "geometry": {
        "type": "Point",
        "coordinates": [
          0.0216961,
          51.5549381
        ]
      },
      "properties": {
        "id": "node/469781143",
        "osmType": "node",
        "osmId": 469781143,
        "name": "Talbot Road",
        "category": "bus_stop",
        "categoryLabel": "Bus Stop",
        "amenity": null,
        "highway": "bus_stop",
        "tourism": null,
        "historic": null,
        "railway": null,
        "barrier": null,
        "entrance": null,
        "heritage": null,
        "website": null,
        "phone": null,
        "address": null,
        "distanceToForestBoundaryMetres": 159.2,
        "shop": null
      }
    },
    {
      "type": "Feature",
      "id": "node/469781435",
      "geometry": {
        "type": "Point",
        "coordinates": [
          0.0064023,
          51.585972
        ]
      },
      "properties": {
        "id": "node/469781435",
        "osmType": "node",
        "osmId": 469781435,
        "name": "Oakhurst Gardens",
        "category": "bus_stop",
        "categoryLabel": "Bus Stop",
        "amenity": null,
        "highway": "bus_stop",
        "tourism": null,
        "historic": null,
        "railway": null,
        "barrier": null,
        "entrance": null,
        "heritage": null,
        "website": null,
        "phone": null,
        "address": null,
        "distanceToForestBoundaryMetres": 289.5,
        "shop": null
      }
    },
    {
      "type": "Feature",
      "id": "node/469782141",
      "geometry": {
        "type": "Point",
        "coordinates": [
          0.001983,
          51.605433
        ]
      },
      "properties": {
        "id": "node/469782141",
        "osmType": "node",
        "osmId": 469782141,
        "name": "Hollywood Way",
        "category": "bus_stop",
        "categoryLabel": "Bus Stop",
        "amenity": null,
        "highway": "bus_stop",
        "tourism": null,
        "historic": null,
        "railway": null,
        "barrier": null,
        "entrance": null,
        "heritage": null,
        "website": null,
        "phone": null,
        "address": null,
        "distanceToForestBoundaryMetres": 33.3,
        "shop": null
      }
    },
    {
      "type": "Feature",
      "id": "node/469782256",
      "geometry": {
        "type": "Point",
        "coordinates": [
          0.0046276,
          51.6128068
        ]
      },
      "properties": {
        "id": "node/469782256",
        "osmType": "node",
        "osmId": 469782256,
        "name": "Sunnydene Avenue",
        "category": "bus_stop",
        "categoryLabel": "Bus Stop",
        "amenity": null,
        "highway": "bus_stop",
        "tourism": null,
        "historic": null,
        "railway": null,
        "barrier": null,
        "entrance": null,
        "heritage": null,
        "website": null,
        "phone": null,
        "address": null,
        "distanceToForestBoundaryMetres": 291.3,
        "shop": null
      }
    },
    {
      "type": "Feature",
      "id": "node/469782257",
      "geometry": {
        "type": "Point",
        "coordinates": [
          0.0058769,
          51.6136248
        ]
      },
      "properties": {
        "id": "node/469782257",
        "osmType": "node",
        "osmId": 469782257,
        "name": "Sunnydene Avenue",
        "category": "bus_stop",
        "categoryLabel": "Bus Stop",
        "amenity": null,
        "highway": "bus_stop",
        "tourism": null,
        "historic": null,
        "railway": null,
        "barrier": null,
        "entrance": null,
        "heritage": null,
        "website": null,
        "phone": null,
        "address": null,
        "distanceToForestBoundaryMetres": 279.1,
        "shop": null
      }
    },
    {
      "type": "Feature",
      "id": "node/469782416",
      "geometry": {
        "type": "Point",
        "coordinates": [
          0.0140681,
          51.6009599
        ]
      },
      "properties": {
        "id": "node/469782416",
        "osmType": "node",
        "osmId": 469782416,
        "name": "Oak Hill",
        "category": "bus_stop",
        "categoryLabel": "Bus Stop",
        "amenity": null,
        "highway": "bus_stop",
        "tourism": null,
        "historic": null,
        "railway": null,
        "barrier": null,
        "entrance": null,
        "heritage": null,
        "website": null,
        "phone": null,
        "address": null,
        "distanceToForestBoundaryMetres": 291.0,
        "shop": null
      }
    },
    {
      "type": "Feature",
      "id": "node/469782541",
      "geometry": {
        "type": "Point",
        "coordinates": [
          0.0070772,
          51.5880914
        ]
      },
      "properties": {
        "id": "node/469782541",
        "osmType": "node",
        "osmId": 469782541,
        "name": "St Peters Church",
        "category": "bus_stop",
        "categoryLabel": "Bus Stop",
        "amenity": null,
        "highway": "bus_stop",
        "tourism": null,
        "historic": null,
        "railway": null,
        "barrier": null,
        "entrance": null,
        "heritage": null,
        "website": null,
        "phone": null,
        "address": null,
        "distanceToForestBoundaryMetres": 209.6,
        "shop": null
      }
    },
    {
      "type": "Feature",
      "id": "node/469782542",
      "geometry": {
        "type": "Point",
        "coordinates": [
          0.0070113,
          51.5874383
        ]
      },
      "properties": {
        "id": "node/469782542",
        "osmType": "node",
        "osmId": 469782542,
        "name": "St Peters Church",
        "category": "bus_stop",
        "categoryLabel": "Bus Stop",
        "amenity": null,
        "highway": "bus_stop",
        "tourism": null,
        "historic": null,
        "railway": null,
        "barrier": null,
        "entrance": null,
        "heritage": null,
        "website": null,
        "phone": null,
        "address": null,
        "distanceToForestBoundaryMetres": 186.2,
        "shop": null
      }
    },
    {
      "type": "Feature",
      "id": "node/469782865",
      "geometry": {
        "type": "Point",
        "coordinates": [
          -0.0011402,
          51.6009138
        ]
      },
      "properties": {
        "id": "node/469782865",
        "osmType": "node",
        "osmId": 469782865,
        "name": "Wadham Road Hale End",
        "category": "bus_stop",
        "categoryLabel": "Bus Stop",
        "amenity": null,
        "highway": "bus_stop",
        "tourism": null,
        "historic": null,
        "railway": null,
        "barrier": null,
        "entrance": null,
        "heritage": null,
        "website": null,
        "phone": null,
        "address": null,
        "distanceToForestBoundaryMetres": 290.4,
        "shop": null
      }
    },
    {
      "type": "Feature",
      "id": "node/469782871",
      "geometry": {
        "type": "Point",
        "coordinates": [
          -0.00081,
          51.6009304
        ]
      },
      "properties": {
        "id": "node/469782871",
        "osmType": "node",
        "osmId": 469782871,
        "name": "Wadham Road Hale End",
        "category": "bus_stop",
        "categoryLabel": "Bus Stop",
        "amenity": null,
        "highway": "bus_stop",
        "tourism": null,
        "historic": null,
        "railway": null,
        "barrier": null,
        "entrance": null,
        "heritage": null,
        "website": null,
        "phone": null,
        "address": null,
        "distanceToForestBoundaryMetres": 290.1,
        "shop": null
      }
    },
    {
      "type": "Feature",
      "id": "node/469783359",
      "geometry": {
        "type": "Point",
        "coordinates": [
          -0.0166666,
          51.6024103
        ]
      },
      "properties": {
        "id": "node/469783359",
        "osmType": "node",
        "osmId": 469783359,
        "name": "Walthamstow Stadium",
        "category": "bus_stop",
        "categoryLabel": "Bus Stop",
        "amenity": null,
        "highway": "bus_stop",
        "tourism": null,
        "historic": null,
        "railway": null,
        "barrier": null,
        "entrance": null,
        "heritage": null,
        "website": null,
        "phone": null,
        "address": null,
        "distanceToForestBoundaryMetres": 247.1,
        "shop": null
      }
    },
    {
      "type": "Feature",
      "id": "node/469783364",
      "geometry": {
        "type": "Point",
        "coordinates": [
          -0.0163996,
          51.6034804
        ]
      },
      "properties": {
        "id": "node/469783364",
        "osmType": "node",
        "osmId": 469783364,
        "name": "Walthamstow Stadium",
        "category": "bus_stop",
        "categoryLabel": "Bus Stop",
        "amenity": null,
        "highway": "bus_stop",
        "tourism": null,
        "historic": null,
        "railway": null,
        "barrier": null,
        "entrance": null,
        "heritage": null,
        "website": null,
        "phone": null,
        "address": null,
        "distanceToForestBoundaryMetres": 128.0,
        "shop": null
      }
    },
    {
      "type": "Feature",
      "id": "node/469783384",
      "geometry": {
        "type": "Point",
        "coordinates": [
          -0.0147839,
          51.6312439
        ]
      },
      "properties": {
        "id": "node/469783384",
        "osmType": "node",
        "osmId": 469783384,
        "name": "Hail & Ride Waltham Way / Valley Side",
        "category": "bus_stop",
        "categoryLabel": "Bus Stop",
        "amenity": null,
        "highway": "bus_stop",
        "tourism": null,
        "historic": null,
        "railway": null,
        "barrier": null,
        "entrance": null,
        "heritage": null,
        "website": null,
        "phone": null,
        "address": null,
        "distanceToForestBoundaryMetres": 248.2,
        "shop": null
      }
    },
    {
      "type": "Feature",
      "id": "node/469783390",
      "geometry": {
        "type": "Point",
        "coordinates": [
          -0.0165688,
          51.6307479
        ]
      },
      "properties": {
        "id": "node/469783390",
        "osmType": "node",
        "osmId": 469783390,
        "name": "Waltham Way Valley Side",
        "category": "bus_stop",
        "categoryLabel": "Bus Stop",
        "amenity": null,
        "highway": "bus_stop",
        "tourism": null,
        "historic": null,
        "railway": null,
        "barrier": null,
        "entrance": null,
        "heritage": null,
        "website": null,
        "phone": null,
        "address": null,
        "distanceToForestBoundaryMetres": 284.9,
        "shop": null
      }
    },
    {
      "type": "Feature",
      "id": "node/469783587",
      "geometry": {
        "type": "Point",
        "coordinates": [
          -0.0251614,
          51.6057124
        ]
      },
      "properties": {
        "id": "node/469783587",
        "osmType": "node",
        "osmId": 469783587,
        "name": "Trinity Park",
        "category": "bus_stop",
        "categoryLabel": "Bus Stop",
        "amenity": null,
        "highway": "bus_stop",
        "tourism": null,
        "historic": null,
        "railway": null,
        "barrier": null,
        "entrance": null,
        "heritage": null,
        "website": null,
        "phone": null,
        "address": null,
        "distanceToForestBoundaryMetres": 221.9,
        "shop": null
      }
    },
    {
      "type": "Feature",
      "id": "node/469783593",
      "geometry": {
        "type": "Point",
        "coordinates": [
          -0.0247394,
          51.6051545
        ]
      },
      "properties": {
        "id": "node/469783593",
        "osmType": "node",
        "osmId": 469783593,
        "name": "Trinity Park",
        "category": "bus_stop",
        "categoryLabel": "Bus Stop",
        "amenity": null,
        "highway": "bus_stop",
        "tourism": null,
        "historic": null,
        "railway": null,
        "barrier": null,
        "entrance": null,
        "heritage": null,
        "website": null,
        "phone": null,
        "address": null,
        "distanceToForestBoundaryMetres": 265.8,
        "shop": null
      }
    },
    {
      "type": "Feature",
      "id": "node/469785498",
      "geometry": {
        "type": "Point",
        "coordinates": [
          -0.0145683,
          51.6312549
        ]
      },
      "properties": {
        "id": "node/469785498",
        "osmType": "node",
        "osmId": 469785498,
        "name": "Hail & Ride Waltham Way / Valley Side",
        "category": "bus_stop",
        "categoryLabel": "Bus Stop",
        "amenity": null,
        "highway": "bus_stop",
        "tourism": null,
        "historic": null,
        "railway": null,
        "barrier": null,
        "entrance": null,
        "heritage": null,
        "website": null,
        "phone": null,
        "address": null,
        "distanceToForestBoundaryMetres": 241.7,
        "shop": null
      }
    },
    {
      "type": "Feature",
      "id": "node/469785499",
      "geometry": {
        "type": "Point",
        "coordinates": [
          -0.0133871,
          51.6339921
        ]
      },
      "properties": {
        "id": "node/469785499",
        "osmType": "node",
        "osmId": 469785499,
        "name": "Maida Avenue",
        "category": "bus_stop",
        "categoryLabel": "Bus Stop",
        "amenity": null,
        "highway": "bus_stop",
        "tourism": null,
        "historic": null,
        "railway": null,
        "barrier": null,
        "entrance": null,
        "heritage": null,
        "website": null,
        "phone": null,
        "address": null,
        "distanceToForestBoundaryMetres": 85.1,
        "shop": null
      }
    },
    {
      "type": "Feature",
      "id": "node/469785543",
      "geometry": {
        "type": "Point",
        "coordinates": [
          0.0189483,
          51.5572996
        ]
      },
      "properties": {
        "id": "node/469785543",
        "osmType": "node",
        "osmId": 469785543,
        "name": "Wanstead Flats",
        "category": "bus_stop",
        "categoryLabel": "Bus Stop",
        "amenity": null,
        "highway": "bus_stop",
        "tourism": null,
        "historic": null,
        "railway": null,
        "barrier": null,
        "entrance": null,
        "heritage": null,
        "website": null,
        "phone": null,
        "address": null,
        "distanceToForestBoundaryMetres": 162.1,
        "shop": null
      }
    },
    {
      "type": "Feature",
      "id": "node/469785544",
      "geometry": {
        "type": "Point",
        "coordinates": [
          0.01872,
          51.55769
        ]
      },
      "properties": {
        "id": "node/469785544",
        "osmType": "node",
        "osmId": 469785544,
        "name": "Wanstead Flats",
        "category": "bus_stop",
        "categoryLabel": "Bus Stop",
        "amenity": null,
        "highway": "bus_stop",
        "tourism": null,
        "historic": null,
        "railway": null,
        "barrier": null,
        "entrance": null,
        "heritage": null,
        "website": null,
        "phone": null,
        "address": null,
        "distanceToForestBoundaryMetres": 206.0,
        "shop": null
      }
    },
    {
      "type": "Feature",
      "id": "node/469785547",
      "geometry": {
        "type": "Point",
        "coordinates": [
          0.041581,
          51.5588414
        ]
      },
      "properties": {
        "id": "node/469785547",
        "osmType": "node",
        "osmId": 469785547,
        "name": "Wanstead Park Avenue",
        "category": "bus_stop",
        "categoryLabel": "Bus Stop",
        "amenity": null,
        "highway": "bus_stop",
        "tourism": null,
        "historic": null,
        "railway": null,
        "barrier": null,
        "entrance": null,
        "heritage": null,
        "website": null,
        "phone": null,
        "address": null,
        "distanceToForestBoundaryMetres": 291.0,
        "shop": null
      }
    },
    {
      "type": "Feature",
      "id": "node/469785548",
      "geometry": {
        "type": "Point",
        "coordinates": [
          0.0425811,
          51.5586364
        ]
      },
      "properties": {
        "id": "node/469785548",
        "osmType": "node",
        "osmId": 469785548,
        "name": "City Of London Cemetery",
        "category": "bus_stop",
        "categoryLabel": "Bus Stop",
        "amenity": null,
        "highway": "bus_stop",
        "tourism": null,
        "historic": null,
        "railway": null,
        "barrier": null,
        "entrance": null,
        "heritage": null,
        "website": null,
        "phone": null,
        "address": null,
        "distanceToForestBoundaryMetres": 286.7,
        "shop": null
      }
    },
    {
      "type": "Feature",
      "id": "node/469785549",
      "geometry": {
        "type": "Point",
        "coordinates": [
          0.0257039,
          51.578329
        ]
      },
      "properties": {
        "id": "node/469785549",
        "osmType": "node",
        "osmId": 469785549,
        "name": "Wanstead Place",
        "category": "bus_stop",
        "categoryLabel": "Bus Stop",
        "amenity": null,
        "highway": "bus_stop",
        "tourism": null,
        "historic": null,
        "railway": null,
        "barrier": null,
        "entrance": null,
        "heritage": null,
        "website": null,
        "phone": null,
        "address": null,
        "distanceToForestBoundaryMetres": 150.6,
        "shop": null
      }
    },
    {
      "type": "Feature",
      "id": "node/469785550",
      "geometry": {
        "type": "Point",
        "coordinates": [
          0.0261839,
          51.5780104
        ]
      },
      "properties": {
        "id": "node/469785550",
        "osmType": "node",
        "osmId": 469785550,
        "name": "Wanstead Place",
        "category": "bus_stop",
        "categoryLabel": "Bus Stop",
        "amenity": null,
        "highway": "bus_stop",
        "tourism": null,
        "historic": null,
        "railway": null,
        "barrier": null,
        "entrance": null,
        "heritage": null,
        "website": null,
        "phone": null,
        "address": null,
        "distanceToForestBoundaryMetres": 196.4,
        "shop": null
      }
    },
    {
      "type": "Feature",
      "id": "node/469785594",
      "geometry": {
        "type": "Point",
        "coordinates": [
          0.0158806,
          51.6304631
        ]
      },
      "properties": {
        "id": "node/469785594",
        "osmType": "node",
        "osmId": 469785594,
        "name": "Hail & Ride Warren Pond Road",
        "category": "bus_stop",
        "categoryLabel": "Bus Stop",
        "amenity": null,
        "highway": "bus_stop",
        "tourism": null,
        "historic": null,
        "railway": null,
        "barrier": null,
        "entrance": null,
        "heritage": null,
        "website": null,
        "phone": null,
        "address": null,
        "distanceToForestBoundaryMetres": 289.5,
        "shop": null
      }
    },
    {
      "type": "Feature",
      "id": "node/469785596",
      "geometry": {
        "type": "Point",
        "coordinates": [
          0.0158356,
          51.6308112
        ]
      },
      "properties": {
        "id": "node/469785596",
        "osmType": "node",
        "osmId": 469785596,
        "name": "Hail & Ride Warren Pond Road",
        "category": "bus_stop",
        "categoryLabel": "Bus Stop",
        "amenity": null,
        "highway": "bus_stop",
        "tourism": null,
        "historic": null,
        "railway": null,
        "barrier": null,
        "entrance": null,
        "heritage": null,
        "website": null,
        "phone": null,
        "address": null,
        "distanceToForestBoundaryMetres": 275.2,
        "shop": null
      }
    },
    {
      "type": "Feature",
      "id": "node/469785668",
      "geometry": {
        "type": "Point",
        "coordinates": [
          0.0082065,
          51.5937437
        ]
      },
      "properties": {
        "id": "node/469785668",
        "osmType": "node",
        "osmId": 469785668,
        "name": "Woodford New Road",
        "category": "bus_stop",
        "categoryLabel": "Bus Stop",
        "amenity": null,
        "highway": "bus_stop",
        "tourism": null,
        "historic": null,
        "railway": null,
        "barrier": null,
        "entrance": null,
        "heritage": null,
        "website": null,
        "phone": null,
        "address": null,
        "distanceToForestBoundaryMetres": 138.7,
        "shop": null
      }
    },
    {
      "type": "Feature",
      "id": "node/469785669",
      "geometry": {
        "type": "Point",
        "coordinates": [
          0.0117491,
          51.5975057
        ]
      },
      "properties": {
        "id": "node/469785669",
        "osmType": "node",
        "osmId": 469785669,
        "name": "Waterworks Corner",
        "category": "bus_stop",
        "categoryLabel": "Bus Stop",
        "amenity": null,
        "highway": "bus_stop",
        "tourism": null,
        "historic": null,
        "railway": null,
        "barrier": null,
        "entrance": null,
        "heritage": null,
        "website": null,
        "phone": null,
        "address": null,
        "distanceToForestBoundaryMetres": 281.2,
        "shop": null
      }
    },
    {
      "type": "Feature",
      "id": "node/469785670",
      "geometry": {
        "type": "Point",
        "coordinates": [
          0.0117341,
          51.597062
        ]
      },
      "properties": {
        "id": "node/469785670",
        "osmType": "node",
        "osmId": 469785670,
        "name": "Waterworks Corner",
        "category": "bus_stop",
        "categoryLabel": "Bus Stop",
        "amenity": null,
        "highway": "bus_stop",
        "tourism": null,
        "historic": null,
        "railway": null,
        "barrier": null,
        "entrance": null,
        "heritage": null,
        "website": null,
        "phone": null,
        "address": null,
        "distanceToForestBoundaryMetres": 278.1,
        "shop": null
      }
    },
    {
      "type": "Feature",
      "id": "node/469785823",
      "geometry": {
        "type": "Point",
        "coordinates": [
          0.0166191,
          51.627631
        ]
      },
      "properties": {
        "id": "node/469785823",
        "osmType": "node",
        "osmId": 469785823,
        "name": "Valance Avenue",
        "category": "bus_stop",
        "categoryLabel": "Bus Stop",
        "amenity": null,
        "highway": "bus_stop",
        "tourism": null,
        "historic": null,
        "railway": null,
        "barrier": null,
        "entrance": null,
        "heritage": null,
        "website": null,
        "phone": null,
        "address": null,
        "distanceToForestBoundaryMetres": 289.1,
        "shop": null
      }
    },
    {
      "type": "Feature",
      "id": "node/469785824",
      "geometry": {
        "type": "Point",
        "coordinates": [
          0.0167874,
          51.6275221
        ]
      },
      "properties": {
        "id": "node/469785824",
        "osmType": "node",
        "osmId": 469785824,
        "name": "Valance Avenue",
        "category": "bus_stop",
        "categoryLabel": "Bus Stop",
        "amenity": null,
        "highway": "bus_stop",
        "tourism": null,
        "historic": null,
        "railway": null,
        "barrier": null,
        "entrance": null,
        "heritage": null,
        "website": null,
        "phone": null,
        "address": null,
        "distanceToForestBoundaryMetres": 291.2,
        "shop": null
      }
    },
    {
      "type": "Feature",
      "id": "node/469786039",
      "geometry": {
        "type": "Point",
        "coordinates": [
          -0.0002382,
          51.5830466
        ]
      },
      "properties": {
        "id": "node/469786039",
        "osmType": "node",
        "osmId": 469786039,
        "name": "Woodside Park Avenue",
        "category": "bus_stop",
        "categoryLabel": "Bus Stop",
        "amenity": null,
        "highway": "bus_stop",
        "tourism": null,
        "historic": null,
        "railway": null,
        "barrier": null,
        "entrance": null,
        "heritage": null,
        "website": null,
        "phone": null,
        "address": null,
        "distanceToForestBoundaryMetres": 267.2,
        "shop": null
      }
    },
    {
      "type": "Feature",
      "id": "node/469786040",
      "geometry": {
        "type": "Point",
        "coordinates": [
          -3.69e-05,
          51.583173
        ]
      },
      "properties": {
        "id": "node/469786040",
        "osmType": "node",
        "osmId": 469786040,
        "name": "Woodside Park Avenue",
        "category": "bus_stop",
        "categoryLabel": "Bus Stop",
        "amenity": null,
        "highway": "bus_stop",
        "tourism": null,
        "historic": null,
        "railway": null,
        "barrier": null,
        "entrance": null,
        "heritage": null,
        "website": null,
        "phone": null,
        "address": null,
        "distanceToForestBoundaryMetres": 290.1,
        "shop": null
      }
    },
    {
      "type": "Feature",
      "id": "node/469786153",
      "geometry": {
        "type": "Point",
        "coordinates": [
          -0.0116808,
          51.6414441
        ]
      },
      "properties": {
        "id": "node/469786153",
        "osmType": "node",
        "osmId": 469786153,
        "name": "Yardley Lane",
        "category": "bus_stop",
        "categoryLabel": "Bus Stop",
        "amenity": null,
        "highway": "bus_stop",
        "tourism": null,
        "historic": null,
        "railway": null,
        "barrier": null,
        "entrance": null,
        "heritage": null,
        "website": null,
        "phone": null,
        "address": null,
        "distanceToForestBoundaryMetres": 108.2,
        "shop": null
      }
    },
    {
      "type": "Feature",
      "id": "node/469786154",
      "geometry": {
        "type": "Point",
        "coordinates": [
          -0.0104144,
          51.6464179
        ]
      },
      "properties": {
        "id": "node/469786154",
        "osmType": "node",
        "osmId": 469786154,
        "name": "Yardley Lane Estate",
        "category": "bus_stop",
        "categoryLabel": "Bus Stop",
        "amenity": null,
        "highway": "bus_stop",
        "tourism": null,
        "historic": null,
        "railway": null,
        "barrier": null,
        "entrance": null,
        "heritage": null,
        "website": null,
        "phone": null,
        "address": null,
        "distanceToForestBoundaryMetres": 157.4,
        "shop": null
      }
    },
    {
      "type": "Feature",
      "id": "node/469786155",
      "geometry": {
        "type": "Point",
        "coordinates": [
          -0.0102843,
          51.6463557
        ]
      },
      "properties": {
        "id": "node/469786155",
        "osmType": "node",
        "osmId": 469786155,
        "name": "Yardley Lane Estate",
        "category": "bus_stop",
        "categoryLabel": "Bus Stop",
        "amenity": null,
        "highway": "bus_stop",
        "tourism": null,
        "historic": null,
        "railway": null,
        "barrier": null,
        "entrance": null,
        "heritage": null,
        "website": null,
        "phone": null,
        "address": null,
        "distanceToForestBoundaryMetres": 154.8,
        "shop": null
      }
    },
    {
      "type": "Feature",
      "id": "node/469786156",
      "geometry": {
        "type": "Point",
        "coordinates": [
          -0.0087974,
          51.6442638
        ]
      },
      "properties": {
        "id": "node/469786156",
        "osmType": "node",
        "osmId": 469786156,
        "name": "Hail & Ride Antlers Hill",
        "category": "bus_stop",
        "categoryLabel": "Bus Stop",
        "amenity": null,
        "highway": "bus_stop",
        "tourism": null,
        "historic": null,
        "railway": null,
        "barrier": null,
        "entrance": null,
        "heritage": null,
        "website": null,
        "phone": null,
        "address": null,
        "distanceToForestBoundaryMetres": 175.9,
        "shop": null
      }
    },
    {
      "type": "Feature",
      "id": "node/469786247",
      "geometry": {
        "type": "Point",
        "coordinates": [
          -0.0334306,
          51.6007738
        ]
      },
      "properties": {
        "id": "node/469786247",
        "osmType": "node",
        "osmId": 469786247,
        "name": "William Morris School",
        "category": "bus_stop",
        "categoryLabel": "Bus Stop",
        "amenity": null,
        "highway": "bus_stop",
        "tourism": null,
        "historic": null,
        "railway": null,
        "barrier": null,
        "entrance": null,
        "heritage": null,
        "website": null,
        "phone": null,
        "address": null,
        "distanceToForestBoundaryMetres": 124.1,
        "shop": null
      }
    },
    {
      "type": "Feature",
      "id": "node/469786466",
      "geometry": {
        "type": "Point",
        "coordinates": [
          0.026712,
          51.5768913
        ]
      },
      "properties": {
        "id": "node/469786466",
        "osmType": "node",
        "osmId": 469786466,
        "name": "Woodbine Place",
        "category": "bus_stop",
        "categoryLabel": "Bus Stop",
        "amenity": null,
        "highway": "bus_stop",
        "tourism": null,
        "historic": null,
        "railway": null,
        "barrier": null,
        "entrance": null,
        "heritage": null,
        "website": null,
        "phone": null,
        "address": null,
        "distanceToForestBoundaryMetres": 291.0,
        "shop": null
      }
    },
    {
      "type": "Feature",
      "id": "node/469786468",
      "geometry": {
        "type": "Point",
        "coordinates": [
          0.0267083,
          51.5767626
        ]
      },
      "properties": {
        "id": "node/469786468",
        "osmType": "node",
        "osmId": 469786468,
        "name": "Woodbine Place",
        "category": "bus_stop",
        "categoryLabel": "Bus Stop",
        "amenity": null,
        "highway": "bus_stop",
        "tourism": null,
        "historic": null,
        "railway": null,
        "barrier": null,
        "entrance": null,
        "heritage": null,
        "website": null,
        "phone": null,
        "address": null,
        "distanceToForestBoundaryMetres": 291.0,
        "shop": null
      }
    },
    {
      "type": "Feature",
      "id": "node/469786591",
      "geometry": {
        "type": "Point",
        "coordinates": [
          -0.0118381,
          51.5747001
        ]
      },
      "properties": {
        "id": "node/469786591",
        "osmType": "node",
        "osmId": 469786591,
        "name": "Lea Bridge Road / Bakers Arms",
        "category": "bus_stop",
        "categoryLabel": "Bus Stop",
        "amenity": null,
        "highway": "bus_stop",
        "tourism": null,
        "historic": null,
        "railway": null,
        "barrier": null,
        "entrance": null,
        "heritage": null,
        "website": null,
        "phone": null,
        "address": null,
        "distanceToForestBoundaryMetres": 223.3,
        "shop": null
      }
    },
    {
      "type": "Feature",
      "id": "node/469786594",
      "geometry": {
        "type": "Point",
        "coordinates": [
          -0.0116393,
          51.5764178
        ]
      },
      "properties": {
        "id": "node/469786594",
        "osmType": "node",
        "osmId": 469786594,
        "name": "Lea Bridge Road / Bakers Arms",
        "category": "bus_stop",
        "categoryLabel": "Bus Stop",
        "amenity": null,
        "highway": "bus_stop",
        "tourism": null,
        "historic": null,
        "railway": null,
        "barrier": null,
        "entrance": null,
        "heritage": null,
        "website": null,
        "phone": null,
        "address": null,
        "distanceToForestBoundaryMetres": 263.4,
        "shop": null
      }
    },
    {
      "type": "Feature",
      "id": "node/469786595",
      "geometry": {
        "type": "Point",
        "coordinates": [
          -0.0122432,
          51.5757615
        ]
      },
      "properties": {
        "id": "node/469786595",
        "osmType": "node",
        "osmId": 469786595,
        "name": "Lea Bridge Road / Bakers Arms",
        "category": "bus_stop",
        "categoryLabel": "Bus Stop",
        "amenity": null,
        "highway": "bus_stop",
        "tourism": null,
        "historic": null,
        "railway": null,
        "barrier": null,
        "entrance": null,
        "heritage": null,
        "website": null,
        "phone": null,
        "address": null,
        "distanceToForestBoundaryMetres": 291.3,
        "shop": null
      }
    },
    {
      "type": "Feature",
      "id": "node/469786646",
      "geometry": {
        "type": "Point",
        "coordinates": [
          0.0252384,
          51.6157545
        ]
      },
      "properties": {
        "id": "node/469786646",
        "osmType": "node",
        "osmId": 469786646,
        "name": "St Thomas of Canterbury Church",
        "category": "bus_stop",
        "categoryLabel": "Bus Stop",
        "amenity": null,
        "highway": "bus_stop",
        "tourism": null,
        "historic": null,
        "railway": null,
        "barrier": null,
        "entrance": null,
        "heritage": null,
        "website": null,
        "phone": null,
        "address": null,
        "distanceToForestBoundaryMetres": 145.6,
        "shop": null
      }
    },
    {
      "type": "Feature",
      "id": "node/469786647",
      "geometry": {
        "type": "Point",
        "coordinates": [
          0.0255626,
          51.6157924
        ]
      },
      "properties": {
        "id": "node/469786647",
        "osmType": "node",
        "osmId": 469786647,
        "name": "St Thomas of Canterbury Church",
        "category": "bus_stop",
        "categoryLabel": "Bus Stop",
        "amenity": null,
        "highway": "bus_stop",
        "tourism": null,
        "historic": null,
        "railway": null,
        "barrier": null,
        "entrance": null,
        "heritage": null,
        "website": null,
        "phone": null,
        "address": null,
        "distanceToForestBoundaryMetres": 134.0,
        "shop": null
      }
    },
    {
      "type": "Feature",
      "id": "node/469786648",
      "geometry": {
        "type": "Point",
        "coordinates": [
          0.0261913,
          51.6170734
        ]
      },
      "properties": {
        "id": "node/469786648",
        "osmType": "node",
        "osmId": 469786648,
        "name": "Woodford Wells / Horse & Well",
        "category": "bus_stop",
        "categoryLabel": "Bus Stop",
        "amenity": null,
        "highway": "bus_stop",
        "tourism": null,
        "historic": null,
        "railway": null,
        "barrier": null,
        "entrance": null,
        "heritage": null,
        "website": null,
        "phone": null,
        "address": null,
        "distanceToForestBoundaryMetres": 4.9,
        "shop": null
      }
    },
    {
      "type": "Feature",
      "id": "node/469786651",
      "geometry": {
        "type": "Point",
        "coordinates": [
          0.0271887,
          51.5753425
        ]
      },
      "properties": {
        "id": "node/469786651",
        "osmType": "node",
        "osmId": 469786651,
        "name": "Wanstead Station",
        "category": "bus_stop",
        "categoryLabel": "Bus Stop",
        "amenity": null,
        "highway": "bus_stop",
        "tourism": null,
        "historic": null,
        "railway": null,
        "barrier": null,
        "entrance": null,
        "heritage": null,
        "website": null,
        "phone": null,
        "address": null,
        "distanceToForestBoundaryMetres": 198.6,
        "shop": null
      }
    },
    {
      "type": "Feature",
      "id": "node/469786652",
      "geometry": {
        "type": "Point",
        "coordinates": [
          0.0265011,
          51.5749305
        ]
      },
      "properties": {
        "id": "node/469786652",
        "osmType": "node",
        "osmId": 469786652,
        "name": "Wanstead Station / George Green",
        "category": "bus_stop",
        "categoryLabel": "Bus Stop",
        "amenity": null,
        "highway": "bus_stop",
        "tourism": null,
        "historic": null,
        "railway": null,
        "barrier": null,
        "entrance": null,
        "heritage": null,
        "website": null,
        "phone": null,
        "address": null,
        "distanceToForestBoundaryMetres": 164.9,
        "shop": null
      }
    },
    {
      "type": "Feature",
      "id": "node/469786767",
      "geometry": {
        "type": "Point",
        "coordinates": [
          0.0191883,
          51.6018251
        ]
      },
      "properties": {
        "id": "node/469786767",
        "osmType": "node",
        "osmId": 469786767,
        "name": "Empress Avenue",
        "category": "bus_stop",
        "categoryLabel": "Bus Stop",
        "amenity": null,
        "highway": "bus_stop",
        "tourism": null,
        "historic": null,
        "railway": null,
        "barrier": null,
        "entrance": null,
        "heritage": null,
        "website": null,
        "phone": null,
        "address": null,
        "distanceToForestBoundaryMetres": 287.3,
        "shop": null
      }
    },
    {
      "type": "Feature",
      "id": "node/469786771",
      "geometry": {
        "type": "Point",
        "coordinates": [
          0.0219062,
          51.6085386
        ]
      },
      "properties": {
        "id": "node/469786771",
        "osmType": "node",
        "osmId": 469786771,
        "name": "Woodford Green / Broadmead Road",
        "category": "bus_stop",
        "categoryLabel": "Bus Stop",
        "amenity": null,
        "highway": "bus_stop",
        "tourism": null,
        "historic": null,
        "railway": null,
        "barrier": null,
        "entrance": null,
        "heritage": null,
        "website": null,
        "phone": null,
        "address": null,
        "distanceToForestBoundaryMetres": 291.1,
        "shop": null
      }
    },
    {
      "type": "Feature",
      "id": "node/469786772",
      "geometry": {
        "type": "Point",
        "coordinates": [
          0.0211058,
          51.6090584
        ]
      },
      "properties": {
        "id": "node/469786772",
        "osmType": "node",
        "osmId": 469786772,
        "name": "Woodford Green / Broadmead Road",
        "category": "bus_stop",
        "categoryLabel": "Bus Stop",
        "amenity": null,
        "highway": "bus_stop",
        "tourism": null,
        "historic": null,
        "railway": null,
        "barrier": null,
        "entrance": null,
        "heritage": null,
        "website": null,
        "phone": null,
        "address": null,
        "distanceToForestBoundaryMetres": 289.6,
        "shop": null
      }
    },
    {
      "type": "Feature",
      "id": "node/469786773",
      "geometry": {
        "type": "Point",
        "coordinates": [
          0.0214307,
          51.6091624
        ]
      },
      "properties": {
        "id": "node/469786773",
        "osmType": "node",
        "osmId": 469786773,
        "name": "Woodford Green / Broadmead Road",
        "category": "bus_stop",
        "categoryLabel": "Bus Stop",
        "amenity": null,
        "highway": "bus_stop",
        "tourism": null,
        "historic": null,
        "railway": null,
        "barrier": null,
        "entrance": null,
        "heritage": null,
        "website": null,
        "phone": null,
        "address": null,
        "distanceToForestBoundaryMetres": 289.4,
        "shop": null
      }
    },
    {
      "type": "Feature",
      "id": "node/469786774",
      "geometry": {
        "type": "Point",
        "coordinates": [
          0.022168,
          51.608126
        ]
      },
      "properties": {
        "id": "node/469786774",
        "osmType": "node",
        "osmId": 469786774,
        "name": "Woodford Green High Road",
        "category": "bus_stop",
        "categoryLabel": "Bus Stop",
        "amenity": null,
        "highway": "bus_stop",
        "tourism": null,
        "historic": null,
        "railway": null,
        "barrier": null,
        "entrance": null,
        "heritage": null,
        "website": null,
        "phone": null,
        "address": null,
        "distanceToForestBoundaryMetres": 288.8,
        "shop": null
      }
    },
    {
      "type": "Feature",
      "id": "node/469786910",
      "geometry": {
        "type": "Point",
        "coordinates": [
          0.0083689,
          51.6197241
        ]
      },
      "properties": {
        "id": "node/469786910",
        "osmType": "node",
        "osmId": 469786910,
        "name": "Chingdale Road",
        "category": "bus_stop",
        "categoryLabel": "Bus Stop",
        "amenity": null,
        "highway": "bus_stop",
        "tourism": null,
        "historic": null,
        "railway": null,
        "barrier": null,
        "entrance": null,
        "heritage": null,
        "website": null,
        "phone": null,
        "address": null,
        "distanceToForestBoundaryMetres": 126.4,
        "shop": null
      }
    },
    {
      "type": "Feature",
      "id": "node/469787927",
      "geometry": {
        "type": "Point",
        "coordinates": [
          0.0072181,
          51.5588612
        ]
      },
      "properties": {
        "id": "node/469787927",
        "osmType": "node",
        "osmId": 469787927,
        "name": "Harrow Road",
        "category": "bus_stop",
        "categoryLabel": "Bus Stop",
        "amenity": null,
        "highway": "bus_stop",
        "tourism": null,
        "historic": null,
        "railway": null,
        "barrier": null,
        "entrance": null,
        "heritage": null,
        "website": null,
        "phone": null,
        "address": null,
        "distanceToForestBoundaryMetres": 116.3,
        "shop": null
      }
    },
    {
      "type": "Feature",
      "id": "node/469788109",
      "geometry": {
        "type": "Point",
        "coordinates": [
          0.0103125,
          51.6169369
        ]
      },
      "properties": {
        "id": "node/469788109",
        "osmType": "node",
        "osmId": 469788109,
        "name": "Chingford Lane",
        "category": "bus_stop",
        "categoryLabel": "Bus Stop",
        "amenity": null,
        "highway": "bus_stop",
        "tourism": null,
        "historic": null,
        "railway": null,
        "barrier": null,
        "entrance": null,
        "heritage": null,
        "website": null,
        "phone": null,
        "address": null,
        "distanceToForestBoundaryMetres": 211.3,
        "shop": null
      }
    },
    {
      "type": "Feature",
      "id": "node/469788110",
      "geometry": {
        "type": "Point",
        "coordinates": [
          0.0103017,
          51.6167937
        ]
      },
      "properties": {
        "id": "node/469788110",
        "osmType": "node",
        "osmId": 469788110,
        "name": "Chingford Lane",
        "category": "bus_stop",
        "categoryLabel": "Bus Stop",
        "amenity": null,
        "highway": "bus_stop",
        "tourism": null,
        "historic": null,
        "railway": null,
        "barrier": null,
        "entrance": null,
        "heritage": null,
        "website": null,
        "phone": null,
        "address": null,
        "distanceToForestBoundaryMetres": 225.1,
        "shop": null
      }
    },
    {
      "type": "Feature",
      "id": "node/469788281",
      "geometry": {
        "type": "Point",
        "coordinates": [
          -0.0044628,
          51.5794728
        ]
      },
      "properties": {
        "id": "node/469788281",
        "osmType": "node",
        "osmId": 469788281,
        "name": "Peterborough Road Lea Bridge Road",
        "category": "bus_stop",
        "categoryLabel": "Bus Stop",
        "amenity": null,
        "highway": "bus_stop",
        "tourism": null,
        "historic": null,
        "railway": null,
        "barrier": null,
        "entrance": null,
        "heritage": null,
        "website": null,
        "phone": null,
        "address": null,
        "distanceToForestBoundaryMetres": 268.9,
        "shop": null
      }
    },
    {
      "type": "Feature",
      "id": "node/469788710",
      "geometry": {
        "type": "Point",
        "coordinates": [
          0.0109558,
          51.5834535
        ]
      },
      "properties": {
        "id": "node/469788710",
        "osmType": "node",
        "osmId": 469788710,
        "name": "The Forest",
        "category": "bus_stop",
        "categoryLabel": "Bus Stop",
        "amenity": null,
        "highway": "bus_stop",
        "tourism": null,
        "historic": null,
        "railway": null,
        "barrier": null,
        "entrance": null,
        "heritage": null,
        "website": null,
        "phone": null,
        "address": null,
        "distanceToForestBoundaryMetres": 275.6,
        "shop": null
      }
    },
    {
      "type": "Feature",
      "id": "node/469788711",
      "geometry": {
        "type": "Point",
        "coordinates": [
          0.0093649,
          51.5834031
        ]
      },
      "properties": {
        "id": "node/469788711",
        "osmType": "node",
        "osmId": 469788711,
        "name": "The Forest",
        "category": "bus_stop",
        "categoryLabel": "Bus Stop",
        "amenity": null,
        "highway": "bus_stop",
        "tourism": null,
        "historic": null,
        "railway": null,
        "barrier": null,
        "entrance": null,
        "heritage": null,
        "website": null,
        "phone": null,
        "address": null,
        "distanceToForestBoundaryMetres": 284.8,
        "shop": null
      }
    },
    {
      "type": "Feature",
      "id": "node/469789179",
      "geometry": {
        "type": "Point",
        "coordinates": [
          0.0184785,
          51.5752133
        ]
      },
      "properties": {
        "id": "node/469789179",
        "osmType": "node",
        "osmId": 469789179,
        "name": "Chestnut Drive",
        "category": "bus_stop",
        "categoryLabel": "Bus Stop",
        "amenity": null,
        "highway": "bus_stop",
        "tourism": null,
        "historic": null,
        "railway": null,
        "barrier": null,
        "entrance": null,
        "heritage": null,
        "website": null,
        "phone": null,
        "address": null,
        "distanceToForestBoundaryMetres": 175.8,
        "shop": null
      }
    },
    {
      "type": "Feature",
      "id": "node/469789180",
      "geometry": {
        "type": "Point",
        "coordinates": [
          0.0195834,
          51.5766961
        ]
      },
      "properties": {
        "id": "node/469789180",
        "osmType": "node",
        "osmId": 469789180,
        "name": "Gordon Road",
        "category": "bus_stop",
        "categoryLabel": "Bus Stop",
        "amenity": null,
        "highway": "bus_stop",
        "tourism": null,
        "historic": null,
        "railway": null,
        "barrier": null,
        "entrance": null,
        "heritage": null,
        "website": null,
        "phone": null,
        "address": null,
        "distanceToForestBoundaryMetres": 287.2,
        "shop": null
      }
    },
    {
      "type": "Feature",
      "id": "node/469789249",
      "geometry": {
        "type": "Point",
        "coordinates": [
          0.0130149,
          51.5955771
        ]
      },
      "properties": {
        "id": "node/469789249",
        "osmType": "node",
        "osmId": 469789249,
        "name": "Waterworks Corner",
        "category": "bus_stop",
        "categoryLabel": "Bus Stop",
        "amenity": null,
        "highway": "bus_stop",
        "tourism": null,
        "historic": null,
        "railway": null,
        "barrier": null,
        "entrance": null,
        "heritage": null,
        "website": null,
        "phone": null,
        "address": null,
        "distanceToForestBoundaryMetres": 290.8,
        "shop": null
      }
    },
    {
      "type": "Feature",
      "id": "node/469789250",
      "geometry": {
        "type": "Point",
        "coordinates": [
          0.008725,
          51.5939847
        ]
      },
      "properties": {
        "id": "node/469789250",
        "osmType": "node",
        "osmId": 469789250,
        "name": "Woodford New Road",
        "category": "bus_stop",
        "categoryLabel": "Bus Stop",
        "amenity": null,
        "highway": "bus_stop",
        "tourism": null,
        "historic": null,
        "railway": null,
        "barrier": null,
        "entrance": null,
        "heritage": null,
        "website": null,
        "phone": null,
        "address": null,
        "distanceToForestBoundaryMetres": 289.6,
        "shop": null
      }
    },
    {
      "type": "Feature",
      "id": "node/469789252",
      "geometry": {
        "type": "Point",
        "coordinates": [
          0.0126508,
          51.5950964
        ]
      },
      "properties": {
        "id": "node/469789252",
        "osmType": "node",
        "osmId": 469789252,
        "name": "Waterworks Corner",
        "category": "bus_stop",
        "categoryLabel": "Bus Stop",
        "amenity": null,
        "highway": "bus_stop",
        "tourism": null,
        "historic": null,
        "railway": null,
        "barrier": null,
        "entrance": null,
        "heritage": null,
        "website": null,
        "phone": null,
        "address": null,
        "distanceToForestBoundaryMetres": 265.6,
        "shop": null
      }
    },
    {
      "type": "Feature",
      "id": "node/469789710",
      "geometry": {
        "type": "Point",
        "coordinates": [
          0.0283042,
          51.579604
        ]
      },
      "properties": {
        "id": "node/469789710",
        "osmType": "node",
        "osmId": 469789710,
        "name": "Hail & Ride Grosvenor Road",
        "category": "bus_stop",
        "categoryLabel": "Bus Stop",
        "amenity": null,
        "highway": "bus_stop",
        "tourism": null,
        "historic": null,
        "railway": null,
        "barrier": null,
        "entrance": null,
        "heritage": null,
        "website": null,
        "phone": null,
        "address": null,
        "distanceToForestBoundaryMetres": 162.8,
        "shop": null
      }
    },
    {
      "type": "Feature",
      "id": "node/469789711",
      "geometry": {
        "type": "Point",
        "coordinates": [
          0.0283306,
          51.5794201
        ]
      },
      "properties": {
        "id": "node/469789711",
        "osmType": "node",
        "osmId": 469789711,
        "name": "Hail & Ride Grosvenor Road",
        "category": "bus_stop",
        "categoryLabel": "Bus Stop",
        "amenity": null,
        "highway": "bus_stop",
        "tourism": null,
        "historic": null,
        "railway": null,
        "barrier": null,
        "entrance": null,
        "heritage": null,
        "website": null,
        "phone": null,
        "address": null,
        "distanceToForestBoundaryMetres": 182.5,
        "shop": null
      }
    },
    {
      "type": "Feature",
      "id": "node/469789712",
      "geometry": {
        "type": "Point",
        "coordinates": [
          0.0308952,
          51.5825627
        ]
      },
      "properties": {
        "id": "node/469789712",
        "osmType": "node",
        "osmId": 469789712,
        "name": "Hail & Ride Elmcroft Avenue",
        "category": "bus_stop",
        "categoryLabel": "Bus Stop",
        "amenity": null,
        "highway": "bus_stop",
        "tourism": null,
        "historic": null,
        "railway": null,
        "barrier": null,
        "entrance": null,
        "heritage": null,
        "website": null,
        "phone": null,
        "address": null,
        "distanceToForestBoundaryMetres": 223.4,
        "shop": null
      }
    },
    {
      "type": "Feature",
      "id": "node/469790011",
      "geometry": {
        "type": "Point",
        "coordinates": [
          -0.0084359,
          51.6418497
        ]
      },
      "properties": {
        "id": "node/469790011",
        "osmType": "node",
        "osmId": 469790011,
        "name": "Hail & Ride Yardley Close",
        "category": "bus_stop",
        "categoryLabel": "Bus Stop",
        "amenity": null,
        "highway": "bus_stop",
        "tourism": null,
        "historic": null,
        "railway": null,
        "barrier": null,
        "entrance": null,
        "heritage": null,
        "website": null,
        "phone": null,
        "address": null,
        "distanceToForestBoundaryMetres": 252.1,
        "shop": null
      }
    },
    {
      "type": "Feature",
      "id": "node/469790107",
      "geometry": {
        "type": "Point",
        "coordinates": [
          0.0038833,
          51.5799422
        ]
      },
      "properties": {
        "id": "node/469790107",
        "osmType": "node",
        "osmId": 469790107,
        "name": "Whipps Cross Hospital",
        "category": "bus_stop",
        "categoryLabel": "Bus Stop",
        "amenity": null,
        "highway": "bus_stop",
        "tourism": null,
        "historic": null,
        "railway": null,
        "barrier": null,
        "entrance": null,
        "heritage": null,
        "website": null,
        "phone": null,
        "address": null,
        "distanceToForestBoundaryMetres": 283.7,
        "shop": null
      }
    },
    {
      "type": "Feature",
      "id": "node/469790109",
      "geometry": {
        "type": "Point",
        "coordinates": [
          0.0035482,
          51.5799314
        ]
      },
      "properties": {
        "id": "node/469790109",
        "osmType": "node",
        "osmId": 469790109,
        "name": "Whipps Cross Hospital",
        "category": "bus_stop",
        "categoryLabel": "Bus Stop",
        "amenity": null,
        "highway": "bus_stop",
        "tourism": null,
        "historic": null,
        "railway": null,
        "barrier": null,
        "entrance": null,
        "heritage": null,
        "website": null,
        "phone": null,
        "address": null,
        "distanceToForestBoundaryMetres": 283.8,
        "shop": null
      }
    },
    {
      "type": "Feature",
      "id": "node/469790112",
      "geometry": {
        "type": "Point",
        "coordinates": [
          0.002808,
          51.5774888
        ]
      },
      "properties": {
        "id": "node/469790112",
        "osmType": "node",
        "osmId": 469790112,
        "name": "Whipps Cross Hospital / A & E",
        "category": "bus_stop",
        "categoryLabel": "Bus Stop",
        "amenity": null,
        "highway": "bus_stop",
        "tourism": null,
        "historic": null,
        "railway": null,
        "barrier": null,
        "entrance": null,
        "heritage": null,
        "website": null,
        "phone": null,
        "address": null,
        "distanceToForestBoundaryMetres": 291.2,
        "shop": null
      }
    },
    {
      "type": "Feature",
      "id": "node/469790116",
      "geometry": {
        "type": "Point",
        "coordinates": [
          0.0036848,
          51.5765904
        ]
      },
      "properties": {
        "id": "node/469790116",
        "osmType": "node",
        "osmId": 469790116,
        "name": "Whipps Cross Hospital / A & E",
        "category": "bus_stop",
        "categoryLabel": "Bus Stop",
        "amenity": null,
        "highway": "bus_stop",
        "tourism": null,
        "historic": null,
        "railway": null,
        "barrier": null,
        "entrance": null,
        "heritage": null,
        "website": null,
        "phone": null,
        "address": null,
        "distanceToForestBoundaryMetres": 291.0,
        "shop": null
      }
    },
    {
      "type": "Feature",
      "id": "node/469790120",
      "geometry": {
        "type": "Point",
        "coordinates": [
          0.001783,
          51.5796605
        ]
      },
      "properties": {
        "id": "node/469790120",
        "osmType": "node",
        "osmId": 469790120,
        "name": "Whipps Cross Hospital / Main Entrance",
        "category": "bus_stop",
        "categoryLabel": "Bus Stop",
        "amenity": null,
        "highway": "bus_stop",
        "tourism": null,
        "historic": null,
        "railway": null,
        "barrier": null,
        "entrance": null,
        "heritage": null,
        "website": null,
        "phone": null,
        "address": null,
        "distanceToForestBoundaryMetres": 290.4,
        "shop": null
      }
    },
    {
      "type": "Feature",
      "id": "node/469790124",
      "geometry": {
        "type": "Point",
        "coordinates": [
          0.001295,
          51.5796165
        ]
      },
      "properties": {
        "id": "node/469790124",
        "osmType": "node",
        "osmId": 469790124,
        "name": "Whipps Cross Hospital / Main Entrance",
        "category": "bus_stop",
        "categoryLabel": "Bus Stop",
        "amenity": null,
        "highway": "bus_stop",
        "tourism": null,
        "historic": null,
        "railway": null,
        "barrier": null,
        "entrance": null,
        "heritage": null,
        "website": null,
        "phone": null,
        "address": null,
        "distanceToForestBoundaryMetres": 291.5,
        "shop": null
      }
    },
    {
      "type": "Feature",
      "id": "node/469790127",
      "geometry": {
        "type": "Point",
        "coordinates": [
          -0.0005035,
          51.5813453
        ]
      },
      "properties": {
        "id": "node/469790127",
        "osmType": "node",
        "osmId": 469790127,
        "name": "Whipps Cross / Wood Street",
        "category": "bus_stop",
        "categoryLabel": "Bus Stop",
        "amenity": null,
        "highway": "bus_stop",
        "tourism": null,
        "historic": null,
        "railway": null,
        "barrier": null,
        "entrance": null,
        "heritage": null,
        "website": null,
        "phone": null,
        "address": null,
        "distanceToForestBoundaryMetres": 290.6,
        "shop": null
      }
    },
    {
      "type": "Feature",
      "id": "node/469790131",
      "geometry": {
        "type": "Point",
        "coordinates": [
          -0.0010612,
          51.5809164
        ]
      },
      "properties": {
        "id": "node/469790131",
        "osmType": "node",
        "osmId": 469790131,
        "name": "Whipps Cross / Wood Street",
        "category": "bus_stop",
        "categoryLabel": "Bus Stop",
        "amenity": null,
        "highway": "bus_stop",
        "tourism": null,
        "historic": null,
        "railway": null,
        "barrier": null,
        "entrance": null,
        "heritage": null,
        "website": null,
        "phone": null,
        "address": null,
        "distanceToForestBoundaryMetres": 275.1,
        "shop": null
      }
    },
    {
      "type": "Feature",
      "id": "node/469790134",
      "geometry": {
        "type": "Point",
        "coordinates": [
          0.0014578,
          51.5812947
        ]
      },
      "properties": {
        "id": "node/469790134",
        "osmType": "node",
        "osmId": 469790134,
        "name": "Whipps Cross Bus Stand",
        "category": "bus_stop",
        "categoryLabel": "Bus Stop",
        "amenity": null,
        "highway": "bus_stop",
        "tourism": null,
        "historic": null,
        "railway": null,
        "barrier": null,
        "entrance": null,
        "heritage": null,
        "website": null,
        "phone": null,
        "address": null,
        "distanceToForestBoundaryMetres": 275.9,
        "shop": null
      }
    },
    {
      "type": "Feature",
      "id": "node/469790146",
      "geometry": {
        "type": "Point",
        "coordinates": [
          0.0019813,
          51.5807523
        ]
      },
      "properties": {
        "id": "node/469790146",
        "osmType": "node",
        "osmId": 469790146,
        "name": "Whipps Cross Bus Stand",
        "category": "bus_stop",
        "categoryLabel": "Bus Stop",
        "amenity": null,
        "highway": "bus_stop",
        "tourism": null,
        "historic": null,
        "railway": null,
        "barrier": null,
        "entrance": null,
        "heritage": null,
        "website": null,
        "phone": null,
        "address": null,
        "distanceToForestBoundaryMetres": 280.4,
        "shop": null
      }
    },
    {
      "type": "Feature",
      "id": "node/469790173",
      "geometry": {
        "type": "Point",
        "coordinates": [
          0.0222706,
          51.6244022
        ]
      },
      "properties": {
        "id": "node/469790173",
        "osmType": "node",
        "osmId": 469790173,
        "name": "Newlands Road",
        "category": "bus_stop",
        "categoryLabel": "Bus Stop",
        "amenity": null,
        "highway": "bus_stop",
        "tourism": null,
        "historic": null,
        "railway": null,
        "barrier": null,
        "entrance": null,
        "heritage": null,
        "website": null,
        "phone": null,
        "address": null,
        "distanceToForestBoundaryMetres": 290.6,
        "shop": null
      }
    },
    {
      "type": "Feature",
      "id": "node/469790174",
      "geometry": {
        "type": "Point",
        "coordinates": [
          0.0221675,
          51.6241931
        ]
      },
      "properties": {
        "id": "node/469790174",
        "osmType": "node",
        "osmId": 469790174,
        "name": "Whitehall Lane",
        "category": "bus_stop",
        "categoryLabel": "Bus Stop",
        "amenity": null,
        "highway": "bus_stop",
        "tourism": null,
        "historic": null,
        "railway": null,
        "barrier": null,
        "entrance": null,
        "heritage": null,
        "website": null,
        "phone": null,
        "address": null,
        "distanceToForestBoundaryMetres": 269.3,
        "shop": null
      }
    },
    {
      "type": "Feature",
      "id": "node/469790177",
      "geometry": {
        "type": "Point",
        "coordinates": [
          0.026912,
          51.6190222
        ]
      },
      "properties": {
        "id": "node/469790177",
        "osmType": "node",
        "osmId": 469790177,
        "name": "Whitehall Road / Bancroft School",
        "category": "bus_stop",
        "categoryLabel": "Bus Stop",
        "amenity": null,
        "highway": "bus_stop",
        "tourism": null,
        "historic": null,
        "railway": null,
        "barrier": null,
        "entrance": null,
        "heritage": null,
        "website": null,
        "phone": null,
        "address": null,
        "distanceToForestBoundaryMetres": 225.1,
        "shop": null
      }
    },
    {
      "type": "Feature",
      "id": "node/469790178",
      "geometry": {
        "type": "Point",
        "coordinates": [
          0.0273397,
          51.6192357
        ]
      },
      "properties": {
        "id": "node/469790178",
        "osmType": "node",
        "osmId": 469790178,
        "name": "Whitehall Road / Bancroft School",
        "category": "bus_stop",
        "categoryLabel": "Bus Stop",
        "amenity": null,
        "highway": "bus_stop",
        "tourism": null,
        "historic": null,
        "railway": null,
        "barrier": null,
        "entrance": null,
        "heritage": null,
        "website": null,
        "phone": null,
        "address": null,
        "distanceToForestBoundaryMetres": 256.1,
        "shop": null
      }
    },
    {
      "type": "Feature",
      "id": "node/469790179",
      "geometry": {
        "type": "Point",
        "coordinates": [
          0.0075551,
          51.6265969
        ]
      },
      "properties": {
        "id": "node/469790179",
        "osmType": "node",
        "osmId": 469790179,
        "name": "Whitehall Road",
        "category": "bus_stop",
        "categoryLabel": "Bus Stop",
        "amenity": null,
        "highway": "bus_stop",
        "tourism": null,
        "historic": null,
        "railway": null,
        "barrier": null,
        "entrance": null,
        "heritage": null,
        "website": null,
        "phone": null,
        "address": null,
        "distanceToForestBoundaryMetres": 206.6,
        "shop": null
      }
    },
    {
      "type": "Feature",
      "id": "node/474888731",
      "geometry": {
        "type": "Point",
        "coordinates": [
          0.0955774,
          51.6725382
        ]
      },
      "properties": {
        "id": "node/474888731",
        "osmType": "node",
        "osmId": 474888731,
        "name": "Village Hall",
        "category": "bus_stop",
        "categoryLabel": "Bus Stop",
        "amenity": null,
        "highway": "bus_stop",
        "tourism": null,
        "historic": null,
        "railway": null,
        "barrier": null,
        "entrance": null,
        "heritage": null,
        "website": null,
        "phone": null,
        "address": null,
        "distanceToForestBoundaryMetres": 265.4,
        "shop": null
      }
    },
    {
      "type": "Feature",
      "id": "node/474888733",
      "geometry": {
        "type": "Point",
        "coordinates": [
          0.0936019,
          51.6744865
        ]
      },
      "properties": {
        "id": "node/474888733",
        "osmType": "node",
        "osmId": 474888733,
        "name": "Morgan Crescent",
        "category": "bus_stop",
        "categoryLabel": "Bus Stop",
        "amenity": null,
        "highway": "bus_stop",
        "tourism": null,
        "historic": null,
        "railway": null,
        "barrier": null,
        "entrance": null,
        "heritage": null,
        "website": null,
        "phone": null,
        "address": null,
        "distanceToForestBoundaryMetres": 286.6,
        "shop": null
      }
    },
    {
      "type": "Feature",
      "id": "node/474888735",
      "geometry": {
        "type": "Point",
        "coordinates": [
          0.0932134,
          51.6750138
        ]
      },
      "properties": {
        "id": "node/474888735",
        "osmType": "node",
        "osmId": 474888735,
        "name": "Morgan Crescent",
        "category": "bus_stop",
        "categoryLabel": "Bus Stop",
        "amenity": null,
        "highway": "bus_stop",
        "tourism": null,
        "historic": null,
        "railway": null,
        "barrier": null,
        "entrance": null,
        "heritage": null,
        "website": null,
        "phone": null,
        "address": null,
        "distanceToForestBoundaryMetres": 288.1,
        "shop": null
      }
    },
    {
      "type": "Feature",
      "id": "node/474888736",
      "geometry": {
        "type": "Point",
        "coordinates": [
          0.0917739,
          51.6799555
        ]
      },
      "properties": {
        "id": "node/474888736",
        "osmType": "node",
        "osmId": 474888736,
        "name": "Little Gregories",
        "category": "bus_stop",
        "categoryLabel": "Bus Stop",
        "amenity": null,
        "highway": "bus_stop",
        "tourism": null,
        "historic": null,
        "railway": null,
        "barrier": null,
        "entrance": null,
        "heritage": null,
        "website": null,
        "phone": null,
        "address": null,
        "distanceToForestBoundaryMetres": 53.0,
        "shop": null
      }
    },
    {
      "type": "Feature",
      "id": "node/474888738",
      "geometry": {
        "type": "Point",
        "coordinates": [
          0.0942701,
          51.6832654
        ]
      },
      "properties": {
        "id": "node/474888738",
        "osmType": "node",
        "osmId": 474888738,
        "name": "Golf Club",
        "category": "bus_stop",
        "categoryLabel": "Bus Stop",
        "amenity": null,
        "highway": "bus_stop",
        "tourism": null,
        "historic": null,
        "railway": null,
        "barrier": null,
        "entrance": null,
        "heritage": null,
        "website": null,
        "phone": null,
        "address": null,
        "distanceToForestBoundaryMetres": 281.9,
        "shop": null
      }
    },
    {
      "type": "Feature",
      "id": "node/474888746",
      "geometry": {
        "type": "Point",
        "coordinates": [
          0.1182386,
          51.7044795
        ]
      },
      "properties": {
        "id": "node/474888746",
        "osmType": "node",
        "osmId": 474888746,
        "name": "Maltings Lane",
        "category": "bus_stop",
        "categoryLabel": "Bus Stop",
        "amenity": null,
        "highway": "bus_stop",
        "tourism": null,
        "historic": null,
        "railway": null,
        "barrier": null,
        "entrance": null,
        "heritage": null,
        "website": null,
        "phone": null,
        "address": null,
        "distanceToForestBoundaryMetres": 211.7,
        "shop": null
      }
    },
    {
      "type": "Feature",
      "id": "node/474888748",
      "geometry": {
        "type": "Point",
        "coordinates": [
          0.1136431,
          51.7007922
        ]
      },
      "properties": {
        "id": "node/474888748",
        "osmType": "node",
        "osmId": 474888748,
        "name": "Council Offices",
        "category": "bus_stop",
        "categoryLabel": "Bus Stop",
        "amenity": null,
        "highway": "bus_stop",
        "tourism": null,
        "historic": null,
        "railway": null,
        "barrier": null,
        "entrance": null,
        "heritage": null,
        "website": null,
        "phone": null,
        "address": null,
        "distanceToForestBoundaryMetres": 177.7,
        "shop": null
      }
    },
    {
      "type": "Feature",
      "id": "node/474888749",
      "geometry": {
        "type": "Point",
        "coordinates": [
          0.1133546,
          51.7004276
        ]
      },
      "properties": {
        "id": "node/474888749",
        "osmType": "node",
        "osmId": 474888749,
        "name": "Council Offices",
        "category": "bus_stop",
        "categoryLabel": "Bus Stop",
        "amenity": null,
        "highway": "bus_stop",
        "tourism": null,
        "historic": null,
        "railway": null,
        "barrier": null,
        "entrance": null,
        "heritage": null,
        "website": null,
        "phone": null,
        "address": null,
        "distanceToForestBoundaryMetres": 221.4,
        "shop": null
      }
    },
    {
      "type": "Feature",
      "id": "node/474888752",
      "geometry": {
        "type": "Point",
        "coordinates": [
          0.1019252,
          51.6938029
        ]
      },
      "properties": {
        "id": "node/474888752",
        "osmType": "node",
        "osmId": 474888752,
        "name": "Bury Lane",
        "category": "bus_stop",
        "categoryLabel": "Bus Stop",
        "amenity": null,
        "highway": "bus_stop",
        "tourism": null,
        "historic": null,
        "railway": null,
        "barrier": null,
        "entrance": null,
        "heritage": null,
        "website": null,
        "phone": null,
        "address": null,
        "distanceToForestBoundaryMetres": 217.5,
        "shop": null
      }
    },
    {
      "type": "Feature",
      "id": "node/474888753",
      "geometry": {
        "type": "Point",
        "coordinates": [
          0.1010597,
          51.6936164
        ]
      },
      "properties": {
        "id": "node/474888753",
        "osmType": "node",
        "osmId": 474888753,
        "name": "Bury Lane",
        "category": "bus_stop",
        "categoryLabel": "Bus Stop",
        "amenity": null,
        "highway": "bus_stop",
        "tourism": null,
        "historic": null,
        "railway": null,
        "barrier": null,
        "entrance": null,
        "heritage": null,
        "website": null,
        "phone": null,
        "address": null,
        "distanceToForestBoundaryMetres": 279.7,
        "shop": null
      }
    },
    {
      "type": "Feature",
      "id": "node/474888765",
      "geometry": {
        "type": "Point",
        "coordinates": [
          0.1102851,
          51.6932215
        ]
      },
      "properties": {
        "id": "node/474888765",
        "osmType": "node",
        "osmId": 474888765,
        "name": "Sunnyside Road",
        "category": "bus_stop",
        "categoryLabel": "Bus Stop",
        "amenity": null,
        "highway": "bus_stop",
        "tourism": null,
        "historic": null,
        "railway": null,
        "barrier": null,
        "entrance": null,
        "heritage": null,
        "website": null,
        "phone": null,
        "address": null,
        "distanceToForestBoundaryMetres": 291.4,
        "shop": null
      }
    },
    {
      "type": "Feature",
      "id": "node/474888767",
      "geometry": {
        "type": "Point",
        "coordinates": [
          0.1097833,
          51.6926999
        ]
      },
      "properties": {
        "id": "node/474888767",
        "osmType": "node",
        "osmId": 474888767,
        "name": "Sunnyside Road",
        "category": "bus_stop",
        "categoryLabel": "Bus Stop",
        "amenity": null,
        "highway": "bus_stop",
        "tourism": null,
        "historic": null,
        "railway": null,
        "barrier": null,
        "entrance": null,
        "heritage": null,
        "website": null,
        "phone": null,
        "address": null,
        "distanceToForestBoundaryMetres": 291.2,
        "shop": null
      }
    },
    {
      "type": "Feature",
      "id": "node/474888768",
      "geometry": {
        "type": "Point",
        "coordinates": [
          0.1079527,
          51.6897382
        ]
      },
      "properties": {
        "id": "node/474888768",
        "osmType": "node",
        "osmId": 474888768,
        "name": "Western Avenue",
        "category": "bus_stop",
        "categoryLabel": "Bus Stop",
        "amenity": null,
        "highway": "bus_stop",
        "tourism": null,
        "historic": null,
        "railway": null,
        "barrier": null,
        "entrance": null,
        "heritage": null,
        "website": null,
        "phone": null,
        "address": null,
        "distanceToForestBoundaryMetres": 231.8,
        "shop": null
      }
    },
    {
      "type": "Feature",
      "id": "node/474888770",
      "geometry": {
        "type": "Point",
        "coordinates": [
          0.1079665,
          51.6894142
        ]
      },
      "properties": {
        "id": "node/474888770",
        "osmType": "node",
        "osmId": 474888770,
        "name": "Western Avenue",
        "category": "bus_stop",
        "categoryLabel": "Bus Stop",
        "amenity": null,
        "highway": "bus_stop",
        "tourism": null,
        "historic": null,
        "railway": null,
        "barrier": null,
        "entrance": null,
        "heritage": null,
        "website": null,
        "phone": null,
        "address": null,
        "distanceToForestBoundaryMetres": 223.9,
        "shop": null
      }
    },
    {
      "type": "Feature",
      "id": "node/474888783",
      "geometry": {
        "type": "Point",
        "coordinates": [
          0.1239923,
          51.7100947
        ]
      },
      "properties": {
        "id": "node/474888783",
        "osmType": "node",
        "osmId": 474888783,
        "name": "Brickfield Business Centre",
        "category": "bus_stop",
        "categoryLabel": "Bus Stop",
        "amenity": null,
        "highway": "bus_stop",
        "tourism": null,
        "historic": null,
        "railway": null,
        "barrier": null,
        "entrance": null,
        "heritage": null,
        "website": null,
        "phone": null,
        "address": null,
        "distanceToForestBoundaryMetres": 257.8,
        "shop": null
      }
    },
    {
      "type": "Feature",
      "id": "node/474888784",
      "geometry": {
        "type": "Point",
        "coordinates": [
          0.1241938,
          51.7105206
        ]
      },
      "properties": {
        "id": "node/474888784",
        "osmType": "node",
        "osmId": 474888784,
        "name": "Brickfield Business Centre",
        "category": "bus_stop",
        "categoryLabel": "Bus Stop",
        "amenity": null,
        "highway": "bus_stop",
        "tourism": null,
        "historic": null,
        "railway": null,
        "barrier": null,
        "entrance": null,
        "heritage": null,
        "website": null,
        "phone": null,
        "address": null,
        "distanceToForestBoundaryMetres": 262.0,
        "shop": null
      }
    },
    {
      "type": "Feature",
      "id": "node/474888807",
      "geometry": {
        "type": "Point",
        "coordinates": [
          0.1430978,
          51.7126452
        ]
      },
      "properties": {
        "id": "node/474888807",
        "osmType": "node",
        "osmId": 474888807,
        "name": "Woodside",
        "category": "bus_stop",
        "categoryLabel": "Bus Stop",
        "amenity": null,
        "highway": "bus_stop",
        "tourism": null,
        "historic": null,
        "railway": null,
        "barrier": null,
        "entrance": null,
        "heritage": null,
        "website": null,
        "phone": null,
        "address": null,
        "distanceToForestBoundaryMetres": 157.1,
        "shop": null
      }
    },
    {
      "type": "Feature",
      "id": "node/474888811",
      "geometry": {
        "type": "Point",
        "coordinates": [
          0.1410097,
          51.7118919
        ]
      },
      "properties": {
        "id": "node/474888811",
        "osmType": "node",
        "osmId": 474888811,
        "name": "Woodside",
        "category": "bus_stop",
        "categoryLabel": "Bus Stop",
        "amenity": null,
        "highway": "bus_stop",
        "tourism": null,
        "historic": null,
        "railway": null,
        "barrier": null,
        "entrance": null,
        "heritage": null,
        "website": null,
        "phone": null,
        "address": null,
        "distanceToForestBoundaryMetres": 9.6,
        "shop": null
      }
    },
    {
      "type": "Feature",
      "id": "node/474888812",
      "geometry": {
        "type": "Point",
        "coordinates": [
          0.1224841,
          51.7061092
        ]
      },
      "properties": {
        "id": "node/474888812",
        "osmType": "node",
        "osmId": 474888812,
        "name": "St. Margaret's Hospital",
        "category": "bus_stop",
        "categoryLabel": "Bus Stop",
        "amenity": null,
        "highway": "bus_stop",
        "tourism": null,
        "historic": null,
        "railway": null,
        "barrier": null,
        "entrance": null,
        "heritage": null,
        "website": null,
        "phone": null,
        "address": null,
        "distanceToForestBoundaryMetres": 80.2,
        "shop": null
      }
    },
    {
      "type": "Feature",
      "id": "node/474888814",
      "geometry": {
        "type": "Point",
        "coordinates": [
          0.1216612,
          51.7057082
        ]
      },
      "properties": {
        "id": "node/474888814",
        "osmType": "node",
        "osmId": 474888814,
        "name": "St. Margaret's Hospital",
        "category": "bus_stop",
        "categoryLabel": "Bus Stop",
        "amenity": null,
        "highway": "bus_stop",
        "tourism": null,
        "historic": null,
        "railway": null,
        "barrier": null,
        "entrance": null,
        "heritage": null,
        "website": null,
        "phone": null,
        "address": null,
        "distanceToForestBoundaryMetres": 91.5,
        "shop": null
      }
    },
    {
      "type": "Feature",
      "id": "node/474888935",
      "geometry": {
        "type": "Point",
        "coordinates": [
          0.0058699,
          51.7093505
        ]
      },
      "properties": {
        "id": "node/474888935",
        "osmType": "node",
        "osmId": 474888935,
        "name": "North Lodge Farm",
        "category": "bus_stop",
        "categoryLabel": "Bus Stop",
        "amenity": null,
        "highway": "bus_stop",
        "tourism": null,
        "historic": null,
        "railway": null,
        "barrier": null,
        "entrance": null,
        "heritage": null,
        "website": null,
        "phone": null,
        "address": null,
        "distanceToForestBoundaryMetres": 290.9,
        "shop": null
      }
    },
    {
      "type": "Feature",
      "id": "node/474888943",
      "geometry": {
        "type": "Point",
        "coordinates": [
          0.0059729,
          51.709294
        ]
      },
      "properties": {
        "id": "node/474888943",
        "osmType": "node",
        "osmId": 474888943,
        "name": "North Lodge Farm",
        "category": "bus_stop",
        "categoryLabel": "Bus Stop",
        "amenity": null,
        "highway": "bus_stop",
        "tourism": null,
        "historic": null,
        "railway": null,
        "barrier": null,
        "entrance": null,
        "heritage": null,
        "website": null,
        "phone": null,
        "address": null,
        "distanceToForestBoundaryMetres": 290.2,
        "shop": null
      }
    },
    {
      "type": "Feature",
      "id": "node/474888969",
      "geometry": {
        "type": "Point",
        "coordinates": [
          -0.0049356,
          51.658128
        ]
      },
      "properties": {
        "id": "node/474888969",
        "osmType": "node",
        "osmId": 474888969,
        "name": "Chapel Field Nursery",
        "category": "bus_stop",
        "categoryLabel": "Bus Stop",
        "amenity": null,
        "highway": "bus_stop",
        "tourism": null,
        "historic": null,
        "railway": null,
        "barrier": null,
        "entrance": null,
        "heritage": null,
        "website": null,
        "phone": null,
        "address": null,
        "distanceToForestBoundaryMetres": 283.4,
        "shop": null
      }
    },
    {
      "type": "Feature",
      "id": "node/474888970",
      "geometry": {
        "type": "Point",
        "coordinates": [
          -0.004903,
          51.6576907
        ]
      },
      "properties": {
        "id": "node/474888970",
        "osmType": "node",
        "osmId": 474888970,
        "name": "Chapel Field Nursery",
        "category": "bus_stop",
        "categoryLabel": "Bus Stop",
        "amenity": null,
        "highway": "bus_stop",
        "tourism": null,
        "historic": null,
        "railway": null,
        "barrier": null,
        "entrance": null,
        "heritage": null,
        "website": null,
        "phone": null,
        "address": null,
        "distanceToForestBoundaryMetres": 283.9,
        "shop": null
      }
    },
    {
      "type": "Feature",
      "id": "node/474888971",
      "geometry": {
        "type": "Point",
        "coordinates": [
          -0.0053451,
          51.6562993
        ]
      },
      "properties": {
        "id": "node/474888971",
        "osmType": "node",
        "osmId": 474888971,
        "name": "Woodland Stables",
        "category": "bus_stop",
        "categoryLabel": "Bus Stop",
        "amenity": null,
        "highway": "bus_stop",
        "tourism": null,
        "historic": null,
        "railway": null,
        "barrier": null,
        "entrance": null,
        "heritage": null,
        "website": null,
        "phone": null,
        "address": null,
        "distanceToForestBoundaryMetres": 249.3,
        "shop": null
      }
    },
    {
      "type": "Feature",
      "id": "node/474888973",
      "geometry": {
        "type": "Point",
        "coordinates": [
          -0.0051977,
          51.6562117
        ]
      },
      "properties": {
        "id": "node/474888973",
        "osmType": "node",
        "osmId": 474888973,
        "name": "Woodland Stables",
        "category": "bus_stop",
        "categoryLabel": "Bus Stop",
        "amenity": null,
        "highway": "bus_stop",
        "tourism": null,
        "historic": null,
        "railway": null,
        "barrier": null,
        "entrance": null,
        "heritage": null,
        "website": null,
        "phone": null,
        "address": null,
        "distanceToForestBoundaryMetres": 235.4,
        "shop": null
      }
    },
    {
      "type": "Feature",
      "id": "node/474888974",
      "geometry": {
        "type": "Point",
        "coordinates": [
          -0.0068133,
          51.6527192
        ]
      },
      "properties": {
        "id": "node/474888974",
        "osmType": "node",
        "osmId": 474888974,
        "name": "Mill Lane",
        "category": "bus_stop",
        "categoryLabel": "Bus Stop",
        "amenity": null,
        "highway": "bus_stop",
        "tourism": null,
        "historic": null,
        "railway": null,
        "barrier": null,
        "entrance": null,
        "heritage": null,
        "website": null,
        "phone": null,
        "address": null,
        "distanceToForestBoundaryMetres": 217.7,
        "shop": null
      }
    },
    {
      "type": "Feature",
      "id": "node/474888976",
      "geometry": {
        "type": "Point",
        "coordinates": [
          -0.010681,
          51.6476416
        ]
      },
      "properties": {
        "id": "node/474888976",
        "osmType": "node",
        "osmId": 474888976,
        "name": "Albion Terrace",
        "category": "bus_stop",
        "categoryLabel": "Bus Stop",
        "amenity": null,
        "highway": "bus_stop",
        "tourism": null,
        "historic": null,
        "railway": null,
        "barrier": null,
        "entrance": null,
        "heritage": null,
        "website": null,
        "phone": null,
        "address": null,
        "distanceToForestBoundaryMetres": 284.1,
        "shop": null
      }
    },
    {
      "type": "Feature",
      "id": "node/474888979",
      "geometry": {
        "type": "Point",
        "coordinates": [
          -0.0066456,
          51.6527115
        ]
      },
      "properties": {
        "id": "node/474888979",
        "osmType": "node",
        "osmId": 474888979,
        "name": "Mill Lane",
        "category": "bus_stop",
        "categoryLabel": "Bus Stop",
        "amenity": null,
        "highway": "bus_stop",
        "tourism": null,
        "historic": null,
        "railway": null,
        "barrier": null,
        "entrance": null,
        "heritage": null,
        "website": null,
        "phone": null,
        "address": null,
        "distanceToForestBoundaryMetres": 221.3,
        "shop": null
      }
    },
    {
      "type": "Feature",
      "id": "node/474889005",
      "geometry": {
        "type": "Point",
        "coordinates": [
          0.0238662,
          51.6839082
        ]
      },
      "properties": {
        "id": "node/474889005",
        "osmType": "node",
        "osmId": 474889005,
        "name": "Farthingale Lane",
        "category": "bus_stop",
        "categoryLabel": "Bus Stop",
        "amenity": null,
        "highway": "bus_stop",
        "tourism": null,
        "historic": null,
        "railway": null,
        "barrier": null,
        "entrance": null,
        "heritage": null,
        "website": null,
        "phone": null,
        "address": null,
        "distanceToForestBoundaryMetres": 291.4,
        "shop": null
      }
    },
    {
      "type": "Feature",
      "id": "node/474889006",
      "geometry": {
        "type": "Point",
        "coordinates": [
          0.0237124,
          51.6834932
        ]
      },
      "properties": {
        "id": "node/474889006",
        "osmType": "node",
        "osmId": 474889006,
        "name": "Farthingale Lane",
        "category": "bus_stop",
        "categoryLabel": "Bus Stop",
        "amenity": null,
        "highway": "bus_stop",
        "tourism": null,
        "historic": null,
        "railway": null,
        "barrier": null,
        "entrance": null,
        "heritage": null,
        "website": null,
        "phone": null,
        "address": null,
        "distanceToForestBoundaryMetres": 288.3,
        "shop": null
      }
    },
    {
      "type": "Feature",
      "id": "node/474889007",
      "geometry": {
        "type": "Point",
        "coordinates": [
          0.0252972,
          51.6812848
        ]
      },
      "properties": {
        "id": "node/474889007",
        "osmType": "node",
        "osmId": 474889007,
        "name": "Margherita Road",
        "category": "bus_stop",
        "categoryLabel": "Bus Stop",
        "amenity": null,
        "highway": "bus_stop",
        "tourism": null,
        "historic": null,
        "railway": null,
        "barrier": null,
        "entrance": null,
        "heritage": null,
        "website": null,
        "phone": null,
        "address": null,
        "distanceToForestBoundaryMetres": 59.7,
        "shop": null
      }
    },
    {
      "type": "Feature",
      "id": "node/474889008",
      "geometry": {
        "type": "Point",
        "coordinates": [
          0.0253258,
          51.6811508
        ]
      },
      "properties": {
        "id": "node/474889008",
        "osmType": "node",
        "osmId": 474889008,
        "name": "Margherita Road",
        "category": "bus_stop",
        "categoryLabel": "Bus Stop",
        "amenity": null,
        "highway": "bus_stop",
        "tourism": null,
        "historic": null,
        "railway": null,
        "barrier": null,
        "entrance": null,
        "heritage": null,
        "website": null,
        "phone": null,
        "address": null,
        "distanceToForestBoundaryMetres": 52.7,
        "shop": null
      }
    },
    {
      "type": "Feature",
      "id": "node/474889017",
      "geometry": {
        "type": "Point",
        "coordinates": [
          0.0402636,
          51.6783792
        ]
      },
      "properties": {
        "id": "node/474889017",
        "osmType": "node",
        "osmId": 474889017,
        "name": "The Volunteer",
        "category": "bus_stop",
        "categoryLabel": "Bus Stop",
        "amenity": null,
        "highway": "bus_stop",
        "tourism": null,
        "historic": null,
        "railway": null,
        "barrier": null,
        "entrance": null,
        "heritage": null,
        "website": null,
        "phone": null,
        "address": null,
        "distanceToForestBoundaryMetres": 77.8,
        "shop": null
      }
    },
    {
      "type": "Feature",
      "id": "node/474889018",
      "geometry": {
        "type": "Point",
        "coordinates": [
          0.0415683,
          51.678532
        ]
      },
      "properties": {
        "id": "node/474889018",
        "osmType": "node",
        "osmId": 474889018,
        "name": "The Woodbine",
        "category": "bus_stop",
        "categoryLabel": "Bus Stop",
        "amenity": null,
        "highway": "bus_stop",
        "tourism": null,
        "historic": null,
        "railway": null,
        "barrier": null,
        "entrance": null,
        "heritage": null,
        "website": null,
        "phone": null,
        "address": null,
        "distanceToForestBoundaryMetres": 13.2,
        "shop": null
      }
    },
    {
      "type": "Feature",
      "id": "node/474889019",
      "geometry": {
        "type": "Point",
        "coordinates": [
          0.053033,
          51.6760246
        ]
      },
      "properties": {
        "id": "node/474889019",
        "osmType": "node",
        "osmId": 474889019,
        "name": "Woodredon Hill",
        "category": "bus_stop",
        "categoryLabel": "Bus Stop",
        "amenity": null,
        "highway": "bus_stop",
        "tourism": null,
        "historic": null,
        "railway": null,
        "barrier": null,
        "entrance": null,
        "heritage": null,
        "website": null,
        "phone": null,
        "address": null,
        "distanceToForestBoundaryMetres": 289.1,
        "shop": null
      }
    },
    {
      "type": "Feature",
      "id": "node/474889020",
      "geometry": {
        "type": "Point",
        "coordinates": [
          0.0534933,
          51.6758235
        ]
      },
      "properties": {
        "id": "node/474889020",
        "osmType": "node",
        "osmId": 474889020,
        "name": "Woodredon Hill",
        "category": "bus_stop",
        "categoryLabel": "Bus Stop",
        "amenity": null,
        "highway": "bus_stop",
        "tourism": null,
        "historic": null,
        "railway": null,
        "barrier": null,
        "entrance": null,
        "heritage": null,
        "website": null,
        "phone": null,
        "address": null,
        "distanceToForestBoundaryMetres": 285.9,
        "shop": null
      }
    },
    {
      "type": "Feature",
      "id": "node/474889022",
      "geometry": {
        "type": "Point",
        "coordinates": [
          0.0602562,
          51.6753541
        ]
      },
      "properties": {
        "id": "node/474889022",
        "osmType": "node",
        "osmId": 474889022,
        "name": "Wake Arms",
        "category": "bus_stop",
        "categoryLabel": "Bus Stop",
        "amenity": null,
        "highway": "bus_stop",
        "tourism": null,
        "historic": null,
        "railway": null,
        "barrier": null,
        "entrance": null,
        "heritage": null,
        "website": null,
        "phone": null,
        "address": null,
        "distanceToForestBoundaryMetres": 182.8,
        "shop": null
      }
    },
    {
      "type": "Feature",
      "id": "node/474889023",
      "geometry": {
        "type": "Point",
        "coordinates": [
          0.061994,
          51.6753146
        ]
      },
      "properties": {
        "id": "node/474889023",
        "osmType": "node",
        "osmId": 474889023,
        "name": "Wake Arms",
        "category": "bus_stop",
        "categoryLabel": "Bus Stop",
        "amenity": null,
        "highway": "bus_stop",
        "tourism": null,
        "historic": null,
        "railway": null,
        "barrier": null,
        "entrance": null,
        "heritage": null,
        "website": null,
        "phone": null,
        "address": null,
        "distanceToForestBoundaryMetres": 87.8,
        "shop": null
      }
    },
    {
      "type": "Feature",
      "id": "node/474889024",
      "geometry": {
        "type": "Point",
        "coordinates": [
          0.0141975,
          51.690064
        ]
      },
      "properties": {
        "id": "node/474889024",
        "osmType": "node",
        "osmId": 474889024,
        "name": "Broomstick Hall Road",
        "category": "bus_stop",
        "categoryLabel": "Bus Stop",
        "amenity": null,
        "highway": "bus_stop",
        "tourism": null,
        "historic": null,
        "railway": null,
        "barrier": null,
        "entrance": null,
        "heritage": null,
        "website": null,
        "phone": null,
        "address": null,
        "distanceToForestBoundaryMetres": 174.6,
        "shop": null
      }
    },
    {
      "type": "Feature",
      "id": "node/474889026",
      "geometry": {
        "type": "Point",
        "coordinates": [
          0.0138126,
          51.6897517
        ]
      },
      "properties": {
        "id": "node/474889026",
        "osmType": "node",
        "osmId": 474889026,
        "name": "Broomstick Hall Road",
        "category": "bus_stop",
        "categoryLabel": "Bus Stop",
        "amenity": null,
        "highway": "bus_stop",
        "tourism": null,
        "historic": null,
        "railway": null,
        "barrier": null,
        "entrance": null,
        "heritage": null,
        "website": null,
        "phone": null,
        "address": null,
        "distanceToForestBoundaryMetres": 218.0,
        "shop": null
      }
    },
    {
      "type": "Feature",
      "id": "node/474889030",
      "geometry": {
        "type": "Point",
        "coordinates": [
          0.0216701,
          51.6909315
        ]
      },
      "properties": {
        "id": "node/474889030",
        "osmType": "node",
        "osmId": 474889030,
        "name": "Paternoster House",
        "category": "bus_stop",
        "categoryLabel": "Bus Stop",
        "amenity": null,
        "highway": "bus_stop",
        "tourism": null,
        "historic": null,
        "railway": null,
        "barrier": null,
        "entrance": null,
        "heritage": null,
        "website": null,
        "phone": null,
        "address": null,
        "distanceToForestBoundaryMetres": 37.2,
        "shop": null
      }
    },
    {
      "type": "Feature",
      "id": "node/474889031",
      "geometry": {
        "type": "Point",
        "coordinates": [
          0.0206064,
          51.691054
        ]
      },
      "properties": {
        "id": "node/474889031",
        "osmType": "node",
        "osmId": 474889031,
        "name": "The Queens Head",
        "category": "bus_stop",
        "categoryLabel": "Bus Stop",
        "amenity": null,
        "highway": "bus_stop",
        "tourism": null,
        "historic": null,
        "railway": null,
        "barrier": null,
        "entrance": null,
        "heritage": null,
        "website": null,
        "phone": null,
        "address": null,
        "distanceToForestBoundaryMetres": 109.6,
        "shop": null
      }
    },
    {
      "type": "Feature",
      "id": "node/474889033",
      "geometry": {
        "type": "Point",
        "coordinates": [
          0.0184232,
          51.6895575
        ]
      },
      "properties": {
        "id": "node/474889033",
        "osmType": "node",
        "osmId": 474889033,
        "name": "Anwell Court",
        "category": "bus_stop",
        "categoryLabel": "Bus Stop",
        "amenity": null,
        "highway": "bus_stop",
        "tourism": null,
        "historic": null,
        "railway": null,
        "barrier": null,
        "entrance": null,
        "heritage": null,
        "website": null,
        "phone": null,
        "address": null,
        "distanceToForestBoundaryMetres": 285.8,
        "shop": null
      }
    },
    {
      "type": "Feature",
      "id": "node/474889034",
      "geometry": {
        "type": "Point",
        "coordinates": [
          0.0201056,
          51.6888664
        ]
      },
      "properties": {
        "id": "node/474889034",
        "osmType": "node",
        "osmId": 474889034,
        "name": "Edward Court",
        "category": "bus_stop",
        "categoryLabel": "Bus Stop",
        "amenity": null,
        "highway": "bus_stop",
        "tourism": null,
        "historic": null,
        "railway": null,
        "barrier": null,
        "entrance": null,
        "heritage": null,
        "website": null,
        "phone": null,
        "address": null,
        "distanceToForestBoundaryMetres": 278.0,
        "shop": null
      }
    },
    {
      "type": "Feature",
      "id": "node/474889035",
      "geometry": {
        "type": "Point",
        "coordinates": [
          0.0204409,
          51.6889289
        ]
      },
      "properties": {
        "id": "node/474889035",
        "osmType": "node",
        "osmId": 474889035,
        "name": "Edward Court",
        "category": "bus_stop",
        "categoryLabel": "Bus Stop",
        "amenity": null,
        "highway": "bus_stop",
        "tourism": null,
        "historic": null,
        "railway": null,
        "barrier": null,
        "entrance": null,
        "heritage": null,
        "website": null,
        "phone": null,
        "address": null,
        "distanceToForestBoundaryMetres": 260.6,
        "shop": null
      }
    },
    {
      "type": "Feature",
      "id": "node/474889037",
      "geometry": {
        "type": "Point",
        "coordinates": [
          0.0236623,
          51.6892022
        ]
      },
      "properties": {
        "id": "node/474889037",
        "osmType": "node",
        "osmId": 474889037,
        "name": "Jubilee Court",
        "category": "bus_stop",
        "categoryLabel": "Bus Stop",
        "amenity": null,
        "highway": "bus_stop",
        "tourism": null,
        "historic": null,
        "railway": null,
        "barrier": null,
        "entrance": null,
        "heritage": null,
        "website": null,
        "phone": null,
        "address": null,
        "distanceToForestBoundaryMetres": 224.9,
        "shop": null
      }
    },
    {
      "type": "Feature",
      "id": "node/474889038",
      "geometry": {
        "type": "Point",
        "coordinates": [
          0.0240309,
          51.6891599
        ]
      },
      "properties": {
        "id": "node/474889038",
        "osmType": "node",
        "osmId": 474889038,
        "name": "Jubilee Court",
        "category": "bus_stop",
        "categoryLabel": "Bus Stop",
        "amenity": null,
        "highway": "bus_stop",
        "tourism": null,
        "historic": null,
        "railway": null,
        "barrier": null,
        "entrance": null,
        "heritage": null,
        "website": null,
        "phone": null,
        "address": null,
        "distanceToForestBoundaryMetres": 241.4,
        "shop": null
      }
    },
    {
      "type": "Feature",
      "id": "node/474889041",
      "geometry": {
        "type": "Point",
        "coordinates": [
          0.025717,
          51.6894905
        ]
      },
      "properties": {
        "id": "node/474889041",
        "osmType": "node",
        "osmId": 474889041,
        "name": "Wormyngford Court",
        "category": "bus_stop",
        "categoryLabel": "Bus Stop",
        "amenity": null,
        "highway": "bus_stop",
        "tourism": null,
        "historic": null,
        "railway": null,
        "barrier": null,
        "entrance": null,
        "heritage": null,
        "website": null,
        "phone": null,
        "address": null,
        "distanceToForestBoundaryMetres": 282.0,
        "shop": null
      }
    },
    {
      "type": "Feature",
      "id": "node/474889049",
      "geometry": {
        "type": "Point",
        "coordinates": [
          0.0632622,
          51.6852281
        ]
      },
      "properties": {
        "id": "node/474889049",
        "osmType": "node",
        "osmId": 474889049,
        "name": "Crown Hill",
        "category": "bus_stop",
        "categoryLabel": "Bus Stop",
        "amenity": null,
        "highway": "bus_stop",
        "tourism": null,
        "historic": null,
        "railway": null,
        "barrier": null,
        "entrance": null,
        "heritage": null,
        "website": null,
        "phone": null,
        "address": null,
        "distanceToForestBoundaryMetres": 201.1,
        "shop": null
      }
    },
    {
      "type": "Feature",
      "id": "node/474889050",
      "geometry": {
        "type": "Point",
        "coordinates": [
          0.0553446,
          51.688973
        ]
      },
      "properties": {
        "id": "node/474889050",
        "osmType": "node",
        "osmId": 474889050,
        "name": "Fern Hall",
        "category": "bus_stop",
        "categoryLabel": "Bus Stop",
        "amenity": null,
        "highway": "bus_stop",
        "tourism": null,
        "historic": null,
        "railway": null,
        "barrier": null,
        "entrance": null,
        "heritage": null,
        "website": null,
        "phone": null,
        "address": null,
        "distanceToForestBoundaryMetres": 252.1,
        "shop": null
      }
    },
    {
      "type": "Feature",
      "id": "node/474889051",
      "geometry": {
        "type": "Point",
        "coordinates": [
          0.055051,
          51.6892754
        ]
      },
      "properties": {
        "id": "node/474889051",
        "osmType": "node",
        "osmId": 474889051,
        "name": "Fern Hall",
        "category": "bus_stop",
        "categoryLabel": "Bus Stop",
        "amenity": null,
        "highway": "bus_stop",
        "tourism": null,
        "historic": null,
        "railway": null,
        "barrier": null,
        "entrance": null,
        "heritage": null,
        "website": null,
        "phone": null,
        "address": null,
        "distanceToForestBoundaryMetres": 222.4,
        "shop": null
      }
    },
    {
      "type": "Feature",
      "id": "node/474889053",
      "geometry": {
        "type": "Point",
        "coordinates": [
          0.0683424,
          51.6785535
        ]
      },
      "properties": {
        "id": "node/474889053",
        "osmType": "node",
        "osmId": 474889053,
        "name": "Lodge Road",
        "category": "bus_stop",
        "categoryLabel": "Bus Stop",
        "amenity": null,
        "highway": "bus_stop",
        "tourism": null,
        "historic": null,
        "railway": null,
        "barrier": null,
        "entrance": null,
        "heritage": null,
        "website": null,
        "phone": null,
        "address": null,
        "distanceToForestBoundaryMetres": 258.4,
        "shop": null
      }
    },
    {
      "type": "Feature",
      "id": "node/474889054",
      "geometry": {
        "type": "Point",
        "coordinates": [
          0.0689918,
          51.6790046
        ]
      },
      "properties": {
        "id": "node/474889054",
        "osmType": "node",
        "osmId": 474889054,
        "name": "Lodge Road",
        "category": "bus_stop",
        "categoryLabel": "Bus Stop",
        "amenity": null,
        "highway": "bus_stop",
        "tourism": null,
        "historic": null,
        "railway": null,
        "barrier": null,
        "entrance": null,
        "heritage": null,
        "website": null,
        "phone": null,
        "address": null,
        "distanceToForestBoundaryMetres": 288.2,
        "shop": null
      }
    },
    {
      "type": "Feature",
      "id": "node/474889055",
      "geometry": {
        "type": "Point",
        "coordinates": [
          0.075773,
          51.6831791
        ]
      },
      "properties": {
        "id": "node/474889055",
        "osmType": "node",
        "osmId": 474889055,
        "name": "Ambresbury Banks",
        "category": "bus_stop",
        "categoryLabel": "Bus Stop",
        "amenity": null,
        "highway": "bus_stop",
        "tourism": null,
        "historic": null,
        "railway": null,
        "barrier": null,
        "entrance": null,
        "heritage": null,
        "website": null,
        "phone": null,
        "address": null,
        "distanceToForestBoundaryMetres": 269.8,
        "shop": null
      }
    },
    {
      "type": "Feature",
      "id": "node/474889057",
      "geometry": {
        "type": "Point",
        "coordinates": [
          0.0759913,
          51.6834347
        ]
      },
      "properties": {
        "id": "node/474889057",
        "osmType": "node",
        "osmId": 474889057,
        "name": "Ambresbury Banks",
        "category": "bus_stop",
        "categoryLabel": "Bus Stop",
        "amenity": null,
        "highway": "bus_stop",
        "tourism": null,
        "historic": null,
        "railway": null,
        "barrier": null,
        "entrance": null,
        "heritage": null,
        "website": null,
        "phone": null,
        "address": null,
        "distanceToForestBoundaryMetres": 270.3,
        "shop": null
      }
    },
    {
      "type": "Feature",
      "id": "node/474889058",
      "geometry": {
        "type": "Point",
        "coordinates": [
          0.08764,
          51.6881701
        ]
      },
      "properties": {
        "id": "node/474889058",
        "osmType": "node",
        "osmId": 474889058,
        "name": "Park Cottages",
        "category": "bus_stop",
        "categoryLabel": "Bus Stop",
        "amenity": null,
        "highway": "bus_stop",
        "tourism": null,
        "historic": null,
        "railway": null,
        "barrier": null,
        "entrance": null,
        "heritage": null,
        "website": null,
        "phone": null,
        "address": null,
        "distanceToForestBoundaryMetres": 288.5,
        "shop": null
      }
    },
    {
      "type": "Feature",
      "id": "node/474889059",
      "geometry": {
        "type": "Point",
        "coordinates": [
          0.0882464,
          51.6885592
        ]
      },
      "properties": {
        "id": "node/474889059",
        "osmType": "node",
        "osmId": 474889059,
        "name": "Park Cottages",
        "category": "bus_stop",
        "categoryLabel": "Bus Stop",
        "amenity": null,
        "highway": "bus_stop",
        "tourism": null,
        "historic": null,
        "railway": null,
        "barrier": null,
        "entrance": null,
        "heritage": null,
        "website": null,
        "phone": null,
        "address": null,
        "distanceToForestBoundaryMetres": 290.2,
        "shop": null
      }
    },
    {
      "type": "Feature",
      "id": "node/474889061",
      "geometry": {
        "type": "Point",
        "coordinates": [
          0.0965094,
          51.6918836
        ]
      },
      "properties": {
        "id": "node/474889061",
        "osmType": "node",
        "osmId": 474889061,
        "name": "Bell Common",
        "category": "bus_stop",
        "categoryLabel": "Bus Stop",
        "amenity": null,
        "highway": "bus_stop",
        "tourism": null,
        "historic": null,
        "railway": null,
        "barrier": null,
        "entrance": null,
        "heritage": null,
        "website": null,
        "phone": null,
        "address": null,
        "distanceToForestBoundaryMetres": 98.8,
        "shop": null
      }
    },
    {
      "type": "Feature",
      "id": "node/474889062",
      "geometry": {
        "type": "Point",
        "coordinates": [
          0.0972188,
          51.6922503
        ]
      },
      "properties": {
        "id": "node/474889062",
        "osmType": "node",
        "osmId": 474889062,
        "name": "Bell Common",
        "category": "bus_stop",
        "categoryLabel": "Bus Stop",
        "amenity": null,
        "highway": "bus_stop",
        "tourism": null,
        "historic": null,
        "railway": null,
        "barrier": null,
        "entrance": null,
        "heritage": null,
        "website": null,
        "phone": null,
        "address": null,
        "distanceToForestBoundaryMetres": 156.4,
        "shop": null
      }
    },
    {
      "type": "Feature",
      "id": "node/474892501",
      "geometry": {
        "type": "Point",
        "coordinates": [
          0.0663074,
          51.6620162
        ]
      },
      "properties": {
        "id": "node/474892501",
        "osmType": "node",
        "osmId": 474892501,
        "name": "Baldwins Hill",
        "category": "bus_stop",
        "categoryLabel": "Bus Stop",
        "amenity": null,
        "highway": "bus_stop",
        "tourism": null,
        "historic": null,
        "railway": null,
        "barrier": null,
        "entrance": null,
        "heritage": null,
        "website": null,
        "phone": null,
        "address": null,
        "distanceToForestBoundaryMetres": 290.6,
        "shop": null
      }
    },
    {
      "type": "Feature",
      "id": "node/474892502",
      "geometry": {
        "type": "Point",
        "coordinates": [
          0.0659379,
          51.6624987
        ]
      },
      "properties": {
        "id": "node/474892502",
        "osmType": "node",
        "osmId": 474892502,
        "name": "Baldwins Hill",
        "category": "bus_stop",
        "categoryLabel": "Bus Stop",
        "amenity": null,
        "highway": "bus_stop",
        "tourism": null,
        "historic": null,
        "railway": null,
        "barrier": null,
        "entrance": null,
        "heritage": null,
        "website": null,
        "phone": null,
        "address": null,
        "distanceToForestBoundaryMetres": 284.1,
        "shop": null
      }
    },
    {
      "type": "Feature",
      "id": "node/474892503",
      "geometry": {
        "type": "Point",
        "coordinates": [
          0.0643126,
          51.6680013
        ]
      },
      "properties": {
        "id": "node/474892503",
        "osmType": "node",
        "osmId": 474892503,
        "name": "Goldings Hill Forest",
        "category": "bus_stop",
        "categoryLabel": "Bus Stop",
        "amenity": null,
        "highway": "bus_stop",
        "tourism": null,
        "historic": null,
        "railway": null,
        "barrier": null,
        "entrance": null,
        "heritage": null,
        "website": null,
        "phone": null,
        "address": null,
        "distanceToForestBoundaryMetres": 289.8,
        "shop": null
      }
    },
    {
      "type": "Feature",
      "id": "node/474892504",
      "geometry": {
        "type": "Point",
        "coordinates": [
          0.0644684,
          51.668113
        ]
      },
      "properties": {
        "id": "node/474892504",
        "osmType": "node",
        "osmId": 474892504,
        "name": "Goldings Hill Forest",
        "category": "bus_stop",
        "categoryLabel": "Bus Stop",
        "amenity": null,
        "highway": "bus_stop",
        "tourism": null,
        "historic": null,
        "railway": null,
        "barrier": null,
        "entrance": null,
        "heritage": null,
        "website": null,
        "phone": null,
        "address": null,
        "distanceToForestBoundaryMetres": 290.3,
        "shop": null
      }
    },
    {
      "type": "Feature",
      "id": "node/474892505",
      "geometry": {
        "type": "Point",
        "coordinates": [
          0.0679401,
          51.6557896
        ]
      },
      "properties": {
        "id": "node/474892505",
        "osmType": "node",
        "osmId": 474892505,
        "name": "Maple Gate",
        "category": "bus_stop",
        "categoryLabel": "Bus Stop",
        "amenity": null,
        "highway": "bus_stop",
        "tourism": null,
        "historic": null,
        "railway": null,
        "barrier": null,
        "entrance": null,
        "heritage": null,
        "website": null,
        "phone": null,
        "address": null,
        "distanceToForestBoundaryMetres": 150.3,
        "shop": null
      }
    },
    {
      "type": "Feature",
      "id": "node/474892506",
      "geometry": {
        "type": "Point",
        "coordinates": [
          0.0700189,
          51.6552511
        ]
      },
      "properties": {
        "id": "node/474892506",
        "osmType": "node",
        "osmId": 474892506,
        "name": "The Greens Close",
        "category": "bus_stop",
        "categoryLabel": "Bus Stop",
        "amenity": null,
        "highway": "bus_stop",
        "tourism": null,
        "historic": null,
        "railway": null,
        "barrier": null,
        "entrance": null,
        "heritage": null,
        "website": null,
        "phone": null,
        "address": null,
        "distanceToForestBoundaryMetres": 278.5,
        "shop": null
      }
    },
    {
      "type": "Feature",
      "id": "node/474892508",
      "geometry": {
        "type": "Point",
        "coordinates": [
          0.0723435,
          51.6539151
        ]
      },
      "properties": {
        "id": "node/474892508",
        "osmType": "node",
        "osmId": 474892508,
        "name": "Wellfields",
        "category": "bus_stop",
        "categoryLabel": "Bus Stop",
        "amenity": null,
        "highway": "bus_stop",
        "tourism": null,
        "historic": null,
        "railway": null,
        "barrier": null,
        "entrance": null,
        "heritage": null,
        "website": null,
        "phone": null,
        "address": null,
        "distanceToForestBoundaryMetres": 62.2,
        "shop": null
      }
    },
    {
      "type": "Feature",
      "id": "node/474892529",
      "geometry": {
        "type": "Point",
        "coordinates": [
          0.0845744,
          51.6611943
        ]
      },
      "properties": {
        "id": "node/474892529",
        "osmType": "node",
        "osmId": 474892529,
        "name": "Davenant School",
        "category": "bus_stop",
        "categoryLabel": "Bus Stop",
        "amenity": null,
        "highway": "bus_stop",
        "tourism": null,
        "historic": null,
        "railway": null,
        "barrier": null,
        "entrance": null,
        "heritage": null,
        "website": null,
        "phone": null,
        "address": null,
        "distanceToForestBoundaryMetres": 289.8,
        "shop": null
      }
    },
    {
      "type": "Feature",
      "id": "node/474892530",
      "geometry": {
        "type": "Point",
        "coordinates": [
          0.0799309,
          51.6578684
        ]
      },
      "properties": {
        "id": "node/474892530",
        "osmType": "node",
        "osmId": 474892530,
        "name": "Chandler Road",
        "category": "bus_stop",
        "categoryLabel": "Bus Stop",
        "amenity": null,
        "highway": "bus_stop",
        "tourism": null,
        "historic": null,
        "railway": null,
        "barrier": null,
        "entrance": null,
        "heritage": null,
        "website": null,
        "phone": null,
        "address": null,
        "distanceToForestBoundaryMetres": 288.9,
        "shop": null
      }
    },
    {
      "type": "Feature",
      "id": "node/474892532",
      "geometry": {
        "type": "Point",
        "coordinates": [
          0.0794121,
          51.6575784
        ]
      },
      "properties": {
        "id": "node/474892532",
        "osmType": "node",
        "osmId": 474892532,
        "name": "Chandler Road",
        "category": "bus_stop",
        "categoryLabel": "Bus Stop",
        "amenity": null,
        "highway": "bus_stop",
        "tourism": null,
        "historic": null,
        "railway": null,
        "barrier": null,
        "entrance": null,
        "heritage": null,
        "website": null,
        "phone": null,
        "address": null,
        "distanceToForestBoundaryMetres": 277.7,
        "shop": null
      }
    },
    {
      "type": "Feature",
      "id": "node/474892534",
      "geometry": {
        "type": "Point",
        "coordinates": [
          0.0766711,
          51.6568987
        ]
      },
      "properties": {
        "id": "node/474892534",
        "osmType": "node",
        "osmId": 474892534,
        "name": "Pyrles Lane",
        "category": "bus_stop",
        "categoryLabel": "Bus Stop",
        "amenity": null,
        "highway": "bus_stop",
        "tourism": null,
        "historic": null,
        "railway": null,
        "barrier": null,
        "entrance": null,
        "heritage": null,
        "website": null,
        "phone": null,
        "address": null,
        "distanceToForestBoundaryMetres": 229.4,
        "shop": null
      }
    },
    {
      "type": "Feature",
      "id": "node/474892537",
      "geometry": {
        "type": "Point",
        "coordinates": [
          0.0736983,
          51.6565133
        ]
      },
      "properties": {
        "id": "node/474892537",
        "osmType": "node",
        "osmId": 474892537,
        "name": "Hillcroft",
        "category": "bus_stop",
        "categoryLabel": "Bus Stop",
        "amenity": null,
        "highway": "bus_stop",
        "tourism": null,
        "historic": null,
        "railway": null,
        "barrier": null,
        "entrance": null,
        "heritage": null,
        "website": null,
        "phone": null,
        "address": null,
        "distanceToForestBoundaryMetres": 216.8,
        "shop": null
      }
    },
    {
      "type": "Feature",
      "id": "node/474892538",
      "geometry": {
        "type": "Point",
        "coordinates": [
          0.0727834,
          51.6562944
        ]
      },
      "properties": {
        "id": "node/474892538",
        "osmType": "node",
        "osmId": 474892538,
        "name": "Hillcroft",
        "category": "bus_stop",
        "categoryLabel": "Bus Stop",
        "amenity": null,
        "highway": "bus_stop",
        "tourism": null,
        "historic": null,
        "railway": null,
        "barrier": null,
        "entrance": null,
        "heritage": null,
        "website": null,
        "phone": null,
        "address": null,
        "distanceToForestBoundaryMetres": 282.1,
        "shop": null
      }
    },
    {
      "type": "Feature",
      "id": "node/474892539",
      "geometry": {
        "type": "Point",
        "coordinates": [
          0.0697115,
          51.6561113
        ]
      },
      "properties": {
        "id": "node/474892539",
        "osmType": "node",
        "osmId": 474892539,
        "name": "Hillyfields",
        "category": "bus_stop",
        "categoryLabel": "Bus Stop",
        "amenity": null,
        "highway": "bus_stop",
        "tourism": null,
        "historic": null,
        "railway": null,
        "barrier": null,
        "entrance": null,
        "heritage": null,
        "website": null,
        "phone": null,
        "address": null,
        "distanceToForestBoundaryMetres": 201.2,
        "shop": null
      }
    },
    {
      "type": "Feature",
      "id": "node/474892540",
      "geometry": {
        "type": "Point",
        "coordinates": [
          0.059152,
          51.6512024
        ]
      },
      "properties": {
        "id": "node/474892540",
        "osmType": "node",
        "osmId": 474892540,
        "name": "The Uplands",
        "category": "bus_stop",
        "categoryLabel": "Bus Stop",
        "amenity": null,
        "highway": "bus_stop",
        "tourism": null,
        "historic": null,
        "railway": null,
        "barrier": null,
        "entrance": null,
        "heritage": null,
        "website": null,
        "phone": null,
        "address": null,
        "distanceToForestBoundaryMetres": 162.0,
        "shop": null
      }
    },
    {
      "type": "Feature",
      "id": "node/474892541",
      "geometry": {
        "type": "Point",
        "coordinates": [
          0.0600259,
          51.651656
        ]
      },
      "properties": {
        "id": "node/474892541",
        "osmType": "node",
        "osmId": 474892541,
        "name": "The Uplands",
        "category": "bus_stop",
        "categoryLabel": "Bus Stop",
        "amenity": null,
        "highway": "bus_stop",
        "tourism": null,
        "historic": null,
        "railway": null,
        "barrier": null,
        "entrance": null,
        "heritage": null,
        "website": null,
        "phone": null,
        "address": null,
        "distanceToForestBoundaryMetres": 198.2,
        "shop": null
      }
    },
    {
      "type": "Feature",
      "id": "node/474892542",
      "geometry": {
        "type": "Point",
        "coordinates": [
          0.0630609,
          51.6534581
        ]
      },
      "properties": {
        "id": "node/474892542",
        "osmType": "node",
        "osmId": 474892542,
        "name": "Church Lane",
        "category": "bus_stop",
        "categoryLabel": "Bus Stop",
        "amenity": null,
        "highway": "bus_stop",
        "tourism": null,
        "historic": null,
        "railway": null,
        "barrier": null,
        "entrance": null,
        "heritage": null,
        "website": null,
        "phone": null,
        "address": null,
        "distanceToForestBoundaryMetres": 290.5,
        "shop": null
      }
    },
    {
      "type": "Feature",
      "id": "node/474892543",
      "geometry": {
        "type": "Point",
        "coordinates": [
          0.0645088,
          51.6543035
        ]
      },
      "properties": {
        "id": "node/474892543",
        "osmType": "node",
        "osmId": 474892543,
        "name": "Church Lane",
        "category": "bus_stop",
        "categoryLabel": "Bus Stop",
        "amenity": null,
        "highway": "bus_stop",
        "tourism": null,
        "historic": null,
        "railway": null,
        "barrier": null,
        "entrance": null,
        "heritage": null,
        "website": null,
        "phone": null,
        "address": null,
        "distanceToForestBoundaryMetres": 285.0,
        "shop": null
      }
    },
    {
      "type": "Feature",
      "id": "node/474892544",
      "geometry": {
        "type": "Point",
        "coordinates": [
          0.0456073,
          51.6406966
        ]
      },
      "properties": {
        "id": "node/474892544",
        "osmType": "node",
        "osmId": 474892544,
        "name": "Spring Grove",
        "category": "bus_stop",
        "categoryLabel": "Bus Stop",
        "amenity": null,
        "highway": "bus_stop",
        "tourism": null,
        "historic": null,
        "railway": null,
        "barrier": null,
        "entrance": null,
        "heritage": null,
        "website": null,
        "phone": null,
        "address": null,
        "distanceToForestBoundaryMetres": 157.2,
        "shop": null
      }
    },
    {
      "type": "Feature",
      "id": "node/474892545",
      "geometry": {
        "type": "Point",
        "coordinates": [
          0.0481536,
          51.6415125
        ]
      },
      "properties": {
        "id": "node/474892545",
        "osmType": "node",
        "osmId": 474892545,
        "name": "The Crescent",
        "category": "bus_stop",
        "categoryLabel": "Bus Stop",
        "amenity": null,
        "highway": "bus_stop",
        "tourism": null,
        "historic": null,
        "railway": null,
        "barrier": null,
        "entrance": null,
        "heritage": null,
        "website": null,
        "phone": null,
        "address": null,
        "distanceToForestBoundaryMetres": 41.1,
        "shop": null
      }
    },
    {
      "type": "Feature",
      "id": "node/474892546",
      "geometry": {
        "type": "Point",
        "coordinates": [
          0.0493659,
          51.6425583
        ]
      },
      "properties": {
        "id": "node/474892546",
        "osmType": "node",
        "osmId": 474892546,
        "name": "Upper Park",
        "category": "bus_stop",
        "categoryLabel": "Bus Stop",
        "amenity": null,
        "highway": "bus_stop",
        "tourism": null,
        "historic": null,
        "railway": null,
        "barrier": null,
        "entrance": null,
        "heritage": null,
        "website": null,
        "phone": null,
        "address": null,
        "distanceToForestBoundaryMetres": 182.5,
        "shop": null
      }
    },
    {
      "type": "Feature",
      "id": "node/474892547",
      "geometry": {
        "type": "Point",
        "coordinates": [
          0.0523962,
          51.6447405
        ]
      },
      "properties": {
        "id": "node/474892547",
        "osmType": "node",
        "osmId": 474892547,
        "name": "The Crown",
        "category": "bus_stop",
        "categoryLabel": "Bus Stop",
        "amenity": null,
        "highway": "bus_stop",
        "tourism": null,
        "historic": null,
        "railway": null,
        "barrier": null,
        "entrance": null,
        "heritage": null,
        "website": null,
        "phone": null,
        "address": null,
        "distanceToForestBoundaryMetres": 59.6,
        "shop": null
      }
    },
    {
      "type": "Feature",
      "id": "node/474892548",
      "geometry": {
        "type": "Point",
        "coordinates": [
          0.0541928,
          51.646642
        ]
      },
      "properties": {
        "id": "node/474892548",
        "osmType": "node",
        "osmId": 474892548,
        "name": "Forest Road",
        "category": "bus_stop",
        "categoryLabel": "Bus Stop",
        "amenity": null,
        "highway": "bus_stop",
        "tourism": null,
        "historic": null,
        "railway": null,
        "barrier": null,
        "entrance": null,
        "heritage": null,
        "website": null,
        "phone": null,
        "address": null,
        "distanceToForestBoundaryMetres": 186.6,
        "shop": null
      }
    },
    {
      "type": "Feature",
      "id": "node/474892549",
      "geometry": {
        "type": "Point",
        "coordinates": [
          0.0547089,
          51.6469401
        ]
      },
      "properties": {
        "id": "node/474892549",
        "osmType": "node",
        "osmId": 474892549,
        "name": "Forest Road",
        "category": "bus_stop",
        "categoryLabel": "Bus Stop",
        "amenity": null,
        "highway": "bus_stop",
        "tourism": null,
        "historic": null,
        "railway": null,
        "barrier": null,
        "entrance": null,
        "heritage": null,
        "website": null,
        "phone": null,
        "address": null,
        "distanceToForestBoundaryMetres": 234.4,
        "shop": null
      }
    },
    {
      "type": "Feature",
      "id": "node/474892550",
      "geometry": {
        "type": "Point",
        "coordinates": [
          0.0569442,
          51.6492871
        ]
      },
      "properties": {
        "id": "node/474892550",
        "osmType": "node",
        "osmId": 474892550,
        "name": "Morrisons",
        "category": "bus_stop",
        "categoryLabel": "Bus Stop",
        "amenity": null,
        "highway": "bus_stop",
        "tourism": null,
        "historic": null,
        "railway": null,
        "barrier": null,
        "entrance": null,
        "heritage": null,
        "website": null,
        "phone": null,
        "address": null,
        "distanceToForestBoundaryMetres": 127.1,
        "shop": null
      }
    },
    {
      "type": "Feature",
      "id": "node/474892551",
      "geometry": {
        "type": "Point",
        "coordinates": [
          0.0332537,
          51.6276793
        ]
      },
      "properties": {
        "id": "node/474892551",
        "osmType": "node",
        "osmId": 474892551,
        "name": "Russel Road",
        "category": "bus_stop",
        "categoryLabel": "Bus Stop",
        "amenity": null,
        "highway": "bus_stop",
        "tourism": null,
        "historic": null,
        "railway": null,
        "barrier": null,
        "entrance": null,
        "heritage": null,
        "website": null,
        "phone": null,
        "address": null,
        "distanceToForestBoundaryMetres": 156.5,
        "shop": null
      }
    },
    {
      "type": "Feature",
      "id": "node/474892552",
      "geometry": {
        "type": "Point",
        "coordinates": [
          0.0340765,
          51.6286947
        ]
      },
      "properties": {
        "id": "node/474892552",
        "osmType": "node",
        "osmId": 474892552,
        "name": "Russell Road",
        "category": "bus_stop",
        "categoryLabel": "Bus Stop",
        "amenity": null,
        "highway": "bus_stop",
        "tourism": null,
        "historic": null,
        "railway": null,
        "barrier": null,
        "entrance": null,
        "heritage": null,
        "website": null,
        "phone": null,
        "address": null,
        "distanceToForestBoundaryMetres": 274.8,
        "shop": null
      }
    },
    {
      "type": "Feature",
      "id": "node/474892553",
      "geometry": {
        "type": "Point",
        "coordinates": [
          0.0359808,
          51.6313523
        ]
      },
      "properties": {
        "id": "node/474892553",
        "osmType": "node",
        "osmId": 474892553,
        "name": "Cricket Ground",
        "category": "bus_stop",
        "categoryLabel": "Bus Stop",
        "amenity": null,
        "highway": "bus_stop",
        "tourism": null,
        "historic": null,
        "railway": null,
        "barrier": null,
        "entrance": null,
        "heritage": null,
        "website": null,
        "phone": null,
        "address": null,
        "distanceToForestBoundaryMetres": 151.1,
        "shop": null
      }
    },
    {
      "type": "Feature",
      "id": "node/474892554",
      "geometry": {
        "type": "Point",
        "coordinates": [
          0.0365315,
          51.631727
        ]
      },
      "properties": {
        "id": "node/474892554",
        "osmType": "node",
        "osmId": 474892554,
        "name": "Cricket Ground",
        "category": "bus_stop",
        "categoryLabel": "Bus Stop",
        "amenity": null,
        "highway": "bus_stop",
        "tourism": null,
        "historic": null,
        "railway": null,
        "barrier": null,
        "entrance": null,
        "heritage": null,
        "website": null,
        "phone": null,
        "address": null,
        "distanceToForestBoundaryMetres": 97.1,
        "shop": null
      }
    },
    {
      "type": "Feature",
      "id": "node/474892555",
      "geometry": {
        "type": "Point",
        "coordinates": [
          0.0411508,
          51.637538
        ]
      },
      "properties": {
        "id": "node/474892555",
        "osmType": "node",
        "osmId": 474892555,
        "name": "North Farm",
        "category": "bus_stop",
        "categoryLabel": "Bus Stop",
        "amenity": null,
        "highway": "bus_stop",
        "tourism": null,
        "historic": null,
        "railway": null,
        "barrier": null,
        "entrance": null,
        "heritage": null,
        "website": null,
        "phone": null,
        "address": null,
        "distanceToForestBoundaryMetres": 264.0,
        "shop": null
      }
    },
    {
      "type": "Feature",
      "id": "node/474892556",
      "geometry": {
        "type": "Point",
        "coordinates": [
          0.0414178,
          51.6380765
        ]
      },
      "properties": {
        "id": "node/474892556",
        "osmType": "node",
        "osmId": 474892556,
        "name": "North Farm",
        "category": "bus_stop",
        "categoryLabel": "Bus Stop",
        "amenity": null,
        "highway": "bus_stop",
        "tourism": null,
        "historic": null,
        "railway": null,
        "barrier": null,
        "entrance": null,
        "heritage": null,
        "website": null,
        "phone": null,
        "address": null,
        "distanceToForestBoundaryMetres": 256.5,
        "shop": null
      }
    },
    {
      "type": "Feature",
      "id": "node/474892557",
      "geometry": {
        "type": "Point",
        "coordinates": [
          0.0449068,
          51.6403486
        ]
      },
      "properties": {
        "id": "node/474892557",
        "osmType": "node",
        "osmId": 474892557,
        "name": "Spring Grove",
        "category": "bus_stop",
        "categoryLabel": "Bus Stop",
        "amenity": null,
        "highway": "bus_stop",
        "tourism": null,
        "historic": null,
        "railway": null,
        "barrier": null,
        "entrance": null,
        "heritage": null,
        "website": null,
        "phone": null,
        "address": null,
        "distanceToForestBoundaryMetres": 217.6,
        "shop": null
      }
    },
    {
      "type": "Feature",
      "id": "node/474892558",
      "geometry": {
        "type": "Point",
        "coordinates": [
          0.0585183,
          51.6494106
        ]
      },
      "properties": {
        "id": "node/474892558",
        "osmType": "node",
        "osmId": 474892558,
        "name": "Loughton Library",
        "category": "bus_stop",
        "categoryLabel": "Bus Stop",
        "amenity": null,
        "highway": "bus_stop",
        "tourism": null,
        "historic": null,
        "railway": null,
        "barrier": null,
        "entrance": null,
        "heritage": null,
        "website": null,
        "phone": null,
        "address": null,
        "distanceToForestBoundaryMetres": 115.8,
        "shop": null
      }
    },
    {
      "type": "Feature",
      "id": "node/474892559",
      "geometry": {
        "type": "Point",
        "coordinates": [
          0.0634834,
          51.64891
        ]
      },
      "properties": {
        "id": "node/474892559",
        "osmType": "node",
        "osmId": 474892559,
        "name": "West View",
        "category": "bus_stop",
        "categoryLabel": "Bus Stop",
        "amenity": null,
        "highway": "bus_stop",
        "tourism": null,
        "historic": null,
        "railway": null,
        "barrier": null,
        "entrance": null,
        "heritage": null,
        "website": null,
        "phone": null,
        "address": null,
        "distanceToForestBoundaryMetres": 122.0,
        "shop": null
      }
    },
    {
      "type": "Feature",
      "id": "node/474892560",
      "geometry": {
        "type": "Point",
        "coordinates": [
          0.0636319,
          51.6487917
        ]
      },
      "properties": {
        "id": "node/474892560",
        "osmType": "node",
        "osmId": 474892560,
        "name": "West View",
        "category": "bus_stop",
        "categoryLabel": "Bus Stop",
        "amenity": null,
        "highway": "bus_stop",
        "tourism": null,
        "historic": null,
        "railway": null,
        "barrier": null,
        "entrance": null,
        "heritage": null,
        "website": null,
        "phone": null,
        "address": null,
        "distanceToForestBoundaryMetres": 133.3,
        "shop": null
      }
    },
    {
      "type": "Feature",
      "id": "node/474892563",
      "geometry": {
        "type": "Point",
        "coordinates": [
          0.0762729,
          51.6516335
        ]
      },
      "properties": {
        "id": "node/474892563",
        "osmType": "node",
        "osmId": 474892563,
        "name": "Hatfields",
        "category": "bus_stop",
        "categoryLabel": "Bus Stop",
        "amenity": null,
        "highway": "bus_stop",
        "tourism": null,
        "historic": null,
        "railway": null,
        "barrier": null,
        "entrance": null,
        "heritage": null,
        "website": null,
        "phone": null,
        "address": null,
        "distanceToForestBoundaryMetres": 288.9,
        "shop": null
      }
    },
    {
      "type": "Feature",
      "id": "node/474892564",
      "geometry": {
        "type": "Point",
        "coordinates": [
          0.0759691,
          51.6516299
        ]
      },
      "properties": {
        "id": "node/474892564",
        "osmType": "node",
        "osmId": 474892564,
        "name": "Hatfields",
        "category": "bus_stop",
        "categoryLabel": "Bus Stop",
        "amenity": null,
        "highway": "bus_stop",
        "tourism": null,
        "historic": null,
        "railway": null,
        "barrier": null,
        "entrance": null,
        "heritage": null,
        "website": null,
        "phone": null,
        "address": null,
        "distanceToForestBoundaryMetres": 291.6,
        "shop": null
      }
    },
    {
      "type": "Feature",
      "id": "node/474892610",
      "geometry": {
        "type": "Point",
        "coordinates": [
          0.0340895,
          51.6270523
        ]
      },
      "properties": {
        "id": "node/474892610",
        "osmType": "node",
        "osmId": 474892610,
        "name": "The Green",
        "category": "bus_stop",
        "categoryLabel": "Bus Stop",
        "amenity": null,
        "highway": "bus_stop",
        "tourism": null,
        "historic": null,
        "railway": null,
        "barrier": null,
        "entrance": null,
        "heritage": null,
        "website": null,
        "phone": null,
        "address": null,
        "distanceToForestBoundaryMetres": 97.1,
        "shop": null
      }
    },
    {
      "type": "Feature",
      "id": "node/474892611",
      "geometry": {
        "type": "Point",
        "coordinates": [
          0.0381228,
          51.6271504
        ]
      },
      "properties": {
        "id": "node/474892611",
        "osmType": "node",
        "osmId": 474892611,
        "name": "Westbury Road",
        "category": "bus_stop",
        "categoryLabel": "Bus Stop",
        "amenity": null,
        "highway": "bus_stop",
        "tourism": null,
        "historic": null,
        "railway": null,
        "barrier": null,
        "entrance": null,
        "heritage": null,
        "website": null,
        "phone": null,
        "address": null,
        "distanceToForestBoundaryMetres": 258.8,
        "shop": null
      }
    },
    {
      "type": "Feature",
      "id": "node/474892627",
      "geometry": {
        "type": "Point",
        "coordinates": [
          0.0473347,
          51.6247247
        ]
      },
      "properties": {
        "id": "node/474892627",
        "osmType": "node",
        "osmId": 474892627,
        "name": "Cedar Close",
        "category": "bus_stop",
        "categoryLabel": "Bus Stop",
        "amenity": null,
        "highway": "bus_stop",
        "tourism": null,
        "historic": null,
        "railway": null,
        "barrier": null,
        "entrance": null,
        "heritage": null,
        "website": null,
        "phone": null,
        "address": null,
        "distanceToForestBoundaryMetres": 268.5,
        "shop": null
      }
    },
    {
      "type": "Feature",
      "id": "node/474892628",
      "geometry": {
        "type": "Point",
        "coordinates": [
          0.0472325,
          51.6237178
        ]
      },
      "properties": {
        "id": "node/474892628",
        "osmType": "node",
        "osmId": 474892628,
        "name": "Cedar Close",
        "category": "bus_stop",
        "categoryLabel": "Bus Stop",
        "amenity": null,
        "highway": "bus_stop",
        "tourism": null,
        "historic": null,
        "railway": null,
        "barrier": null,
        "entrance": null,
        "heritage": null,
        "website": null,
        "phone": null,
        "address": null,
        "distanceToForestBoundaryMetres": 283.7,
        "shop": null
      }
    },
    {
      "type": "Feature",
      "id": "node/474892629",
      "geometry": {
        "type": "Point",
        "coordinates": [
          0.0465824,
          51.6213746
        ]
      },
      "properties": {
        "id": "node/474892629",
        "osmType": "node",
        "osmId": 474892629,
        "name": "Oak Rise",
        "category": "bus_stop",
        "categoryLabel": "Bus Stop",
        "amenity": null,
        "highway": "bus_stop",
        "tourism": null,
        "historic": null,
        "railway": null,
        "barrier": null,
        "entrance": null,
        "heritage": null,
        "website": null,
        "phone": null,
        "address": null,
        "distanceToForestBoundaryMetres": 286.6,
        "shop": null
      }
    },
    {
      "type": "Feature",
      "id": "node/474892630",
      "geometry": {
        "type": "Point",
        "coordinates": [
          0.0467582,
          51.6213215
        ]
      },
      "properties": {
        "id": "node/474892630",
        "osmType": "node",
        "osmId": 474892630,
        "name": "Oak Rise",
        "category": "bus_stop",
        "categoryLabel": "Bus Stop",
        "amenity": null,
        "highway": "bus_stop",
        "tourism": null,
        "historic": null,
        "railway": null,
        "barrier": null,
        "entrance": null,
        "heritage": null,
        "website": null,
        "phone": null,
        "address": null,
        "distanceToForestBoundaryMetres": 282.5,
        "shop": null
      }
    },
    {
      "type": "Feature",
      "id": "node/474892853",
      "geometry": {
        "type": "Point",
        "coordinates": [
          0.010381,
          51.7140387
        ]
      },
      "properties": {
        "id": "node/474892853",
        "osmType": "node",
        "osmId": 474892853,
        "name": "Travers Piggery",
        "category": "bus_stop",
        "categoryLabel": "Bus Stop",
        "amenity": null,
        "highway": "bus_stop",
        "tourism": null,
        "historic": null,
        "railway": null,
        "barrier": null,
        "entrance": null,
        "heritage": null,
        "website": null,
        "phone": null,
        "address": null,
        "distanceToForestBoundaryMetres": 211.7,
        "shop": null
      }
    },
    {
      "type": "Feature",
      "id": "node/474892854",
      "geometry": {
        "type": "Point",
        "coordinates": [
          0.0103103,
          51.7140759
        ]
      },
      "properties": {
        "id": "node/474892854",
        "osmType": "node",
        "osmId": 474892854,
        "name": "Travers Piggery",
        "category": "bus_stop",
        "categoryLabel": "Bus Stop",
        "amenity": null,
        "highway": "bus_stop",
        "tourism": null,
        "historic": null,
        "railway": null,
        "barrier": null,
        "entrance": null,
        "heritage": null,
        "website": null,
        "phone": null,
        "address": null,
        "distanceToForestBoundaryMetres": 214.1,
        "shop": null
      }
    },
    {
      "type": "Feature",
      "id": "node/474892855",
      "geometry": {
        "type": "Point",
        "coordinates": [
          -0.0032572,
          51.7044783
        ]
      },
      "properties": {
        "id": "node/474892855",
        "osmType": "node",
        "osmId": 474892855,
        "name": "Fishers Green",
        "category": "bus_stop",
        "categoryLabel": "Bus Stop",
        "amenity": null,
        "highway": "bus_stop",
        "tourism": null,
        "historic": null,
        "railway": null,
        "barrier": null,
        "entrance": null,
        "heritage": null,
        "website": null,
        "phone": null,
        "address": null,
        "distanceToForestBoundaryMetres": 67.5,
        "shop": null
      }
    },
    {
      "type": "Feature",
      "id": "node/474892856",
      "geometry": {
        "type": "Point",
        "coordinates": [
          -0.0034315,
          51.7044633
        ]
      },
      "properties": {
        "id": "node/474892856",
        "osmType": "node",
        "osmId": 474892856,
        "name": "Fishers Green",
        "category": "bus_stop",
        "categoryLabel": "Bus Stop",
        "amenity": null,
        "highway": "bus_stop",
        "tourism": null,
        "historic": null,
        "railway": null,
        "barrier": null,
        "entrance": null,
        "heritage": null,
        "website": null,
        "phone": null,
        "address": null,
        "distanceToForestBoundaryMetres": 68.3,
        "shop": null
      }
    },
    {
      "type": "Feature",
      "id": "node/474892859",
      "geometry": {
        "type": "Point",
        "coordinates": [
          -0.0061914,
          51.6550398
        ]
      },
      "properties": {
        "id": "node/474892859",
        "osmType": "node",
        "osmId": 474892859,
        "name": "Lea Valley Campsite",
        "category": "bus_stop",
        "categoryLabel": "Bus Stop",
        "amenity": null,
        "highway": "bus_stop",
        "tourism": null,
        "historic": null,
        "railway": null,
        "barrier": null,
        "entrance": null,
        "heritage": null,
        "website": null,
        "phone": null,
        "address": null,
        "distanceToForestBoundaryMetres": 217.7,
        "shop": null
      }
    },
    {
      "type": "Feature",
      "id": "node/474892871",
      "geometry": {
        "type": "Point",
        "coordinates": [
          0.0814609,
          51.6594661
        ]
      },
      "properties": {
        "id": "node/474892871",
        "osmType": "node",
        "osmId": 474892871,
        "name": "Castell Road",
        "category": "bus_stop",
        "categoryLabel": "Bus Stop",
        "amenity": null,
        "highway": "bus_stop",
        "tourism": null,
        "historic": null,
        "railway": null,
        "barrier": null,
        "entrance": null,
        "heritage": null,
        "website": null,
        "phone": null,
        "address": null,
        "distanceToForestBoundaryMetres": 288.4,
        "shop": null
      }
    },
    {
      "type": "Feature",
      "id": "node/474893082",
      "geometry": {
        "type": "Point",
        "coordinates": [
          0.0334193,
          51.6269149
        ]
      },
      "properties": {
        "id": "node/474893082",
        "osmType": "node",
        "osmId": 474893082,
        "name": "The Green",
        "category": "bus_stop",
        "categoryLabel": "Bus Stop",
        "amenity": null,
        "highway": "bus_stop",
        "tourism": null,
        "historic": null,
        "railway": null,
        "barrier": null,
        "entrance": null,
        "heritage": null,
        "website": null,
        "phone": null,
        "address": null,
        "distanceToForestBoundaryMetres": 73.3,
        "shop": null
      }
    },
    {
      "type": "Feature",
      "id": "node/474893179",
      "geometry": {
        "type": "Point",
        "coordinates": [
          0.1325643,
          51.709123
        ]
      },
      "properties": {
        "id": "node/474893179",
        "osmType": "node",
        "osmId": 474893179,
        "name": "Coopersale Turning",
        "category": "bus_stop",
        "categoryLabel": "Bus Stop",
        "amenity": null,
        "highway": "bus_stop",
        "tourism": null,
        "historic": null,
        "railway": null,
        "barrier": null,
        "entrance": null,
        "heritage": null,
        "website": null,
        "phone": null,
        "address": null,
        "distanceToForestBoundaryMetres": 289.4,
        "shop": null
      }
    },
    {
      "type": "Feature",
      "id": "node/474893180",
      "geometry": {
        "type": "Point",
        "coordinates": [
          0.1335966,
          51.709527
        ]
      },
      "properties": {
        "id": "node/474893180",
        "osmType": "node",
        "osmId": 474893180,
        "name": "Coopersale Turning",
        "category": "bus_stop",
        "categoryLabel": "Bus Stop",
        "amenity": null,
        "highway": "bus_stop",
        "tourism": null,
        "historic": null,
        "railway": null,
        "barrier": null,
        "entrance": null,
        "heritage": null,
        "website": null,
        "phone": null,
        "address": null,
        "distanceToForestBoundaryMetres": 206.3,
        "shop": null
      }
    },
    {
      "type": "Feature",
      "id": "node/474893208",
      "geometry": {
        "type": "Point",
        "coordinates": [
          0.0680675,
          51.6558812
        ]
      },
      "properties": {
        "id": "node/474893208",
        "osmType": "node",
        "osmId": 474893208,
        "name": "Maple Gate",
        "category": "bus_stop",
        "categoryLabel": "Bus Stop",
        "amenity": null,
        "highway": "bus_stop",
        "tourism": null,
        "historic": null,
        "railway": null,
        "barrier": null,
        "entrance": null,
        "heritage": null,
        "website": null,
        "phone": null,
        "address": null,
        "distanceToForestBoundaryMetres": 144.0,
        "shop": null
      }
    },
    {
      "type": "Feature",
      "id": "node/474893209",
      "geometry": {
        "type": "Point",
        "coordinates": [
          0.0716623,
          51.6541526
        ]
      },
      "properties": {
        "id": "node/474893209",
        "osmType": "node",
        "osmId": 474893209,
        "name": "Wellfields",
        "category": "bus_stop",
        "categoryLabel": "Bus Stop",
        "amenity": null,
        "highway": "bus_stop",
        "tourism": null,
        "historic": null,
        "railway": null,
        "barrier": null,
        "entrance": null,
        "heritage": null,
        "website": null,
        "phone": null,
        "address": null,
        "distanceToForestBoundaryMetres": 115.8,
        "shop": null
      }
    },
    {
      "type": "Feature",
      "id": "node/474893212",
      "geometry": {
        "type": "Point",
        "coordinates": [
          0.0775789,
          51.6569002
        ]
      },
      "properties": {
        "id": "node/474893212",
        "osmType": "node",
        "osmId": 474893212,
        "name": "Pyrles Lane",
        "category": "bus_stop",
        "categoryLabel": "Bus Stop",
        "amenity": null,
        "highway": "bus_stop",
        "tourism": null,
        "historic": null,
        "railway": null,
        "barrier": null,
        "entrance": null,
        "heritage": null,
        "website": null,
        "phone": null,
        "address": null,
        "distanceToForestBoundaryMetres": 249.1,
        "shop": null
      }
    },
    {
      "type": "Feature",
      "id": "node/474893213",
      "geometry": {
        "type": "Point",
        "coordinates": [
          0.0708995,
          51.6562989
        ]
      },
      "properties": {
        "id": "node/474893213",
        "osmType": "node",
        "osmId": 474893213,
        "name": "Hillyfields",
        "category": "bus_stop",
        "categoryLabel": "Bus Stop",
        "amenity": null,
        "highway": "bus_stop",
        "tourism": null,
        "historic": null,
        "railway": null,
        "barrier": null,
        "entrance": null,
        "heritage": null,
        "website": null,
        "phone": null,
        "address": null,
        "distanceToForestBoundaryMetres": 266.8,
        "shop": null
      }
    },
    {
      "type": "Feature",
      "id": "node/474893379",
      "geometry": {
        "type": "Point",
        "coordinates": [
          0.1077779,
          51.6966771
        ]
      },
      "properties": {
        "id": "node/474893379",
        "osmType": "node",
        "osmId": 474893379,
        "name": "Tesco Store",
        "category": "bus_stop",
        "categoryLabel": "Bus Stop",
        "amenity": null,
        "highway": "bus_stop",
        "tourism": null,
        "historic": null,
        "railway": null,
        "barrier": null,
        "entrance": null,
        "heritage": null,
        "website": null,
        "phone": null,
        "address": null,
        "distanceToForestBoundaryMetres": 291.2,
        "shop": null
      }
    },
    {
      "type": "Feature",
      "id": "node/474893383",
      "geometry": {
        "type": "Point",
        "coordinates": [
          0.1180553,
          51.704098
        ]
      },
      "properties": {
        "id": "node/474893383",
        "osmType": "node",
        "osmId": 474893383,
        "name": "Maltings Lane",
        "category": "bus_stop",
        "categoryLabel": "Bus Stop",
        "amenity": null,
        "highway": "bus_stop",
        "tourism": null,
        "historic": null,
        "railway": null,
        "barrier": null,
        "entrance": null,
        "heritage": null,
        "website": null,
        "phone": null,
        "address": null,
        "distanceToForestBoundaryMetres": 170.0,
        "shop": null
      }
    },
    {
      "type": "Feature",
      "id": "node/474893448",
      "geometry": {
        "type": "Point",
        "coordinates": [
          -0.0013745,
          51.708304
        ]
      },
      "properties": {
        "id": "node/474893448",
        "osmType": "node",
        "osmId": 474893448,
        "name": "Hayes Hill Farm",
        "category": "bus_stop",
        "categoryLabel": "Bus Stop",
        "amenity": null,
        "highway": "bus_stop",
        "tourism": null,
        "historic": null,
        "railway": null,
        "barrier": null,
        "entrance": null,
        "heritage": null,
        "website": null,
        "phone": null,
        "address": null,
        "distanceToForestBoundaryMetres": 85.8,
        "shop": null
      }
    },
    {
      "type": "Feature",
      "id": "node/474893532",
      "geometry": {
        "type": "Point",
        "coordinates": [
          0.067159,
          51.6591235
        ]
      },
      "properties": {
        "id": "node/474893532",
        "osmType": "node",
        "osmId": 474893532,
        "name": "Goldings Road",
        "category": "bus_stop",
        "categoryLabel": "Bus Stop",
        "amenity": null,
        "highway": "bus_stop",
        "tourism": null,
        "historic": null,
        "railway": null,
        "barrier": null,
        "entrance": null,
        "heritage": null,
        "website": null,
        "phone": null,
        "address": null,
        "distanceToForestBoundaryMetres": 225.5,
        "shop": null
      }
    },
    {
      "type": "Feature",
      "id": "node/474893956",
      "geometry": {
        "type": "Point",
        "coordinates": [
          0.0670045,
          51.6593079
        ]
      },
      "properties": {
        "id": "node/474893956",
        "osmType": "node",
        "osmId": 474893956,
        "name": "Goldings Road",
        "category": "bus_stop",
        "categoryLabel": "Bus Stop",
        "amenity": null,
        "highway": "bus_stop",
        "tourism": null,
        "historic": null,
        "railway": null,
        "barrier": null,
        "entrance": null,
        "heritage": null,
        "website": null,
        "phone": null,
        "address": null,
        "distanceToForestBoundaryMetres": 246.3,
        "shop": null
      }
    },
    {
      "type": "Feature",
      "id": "node/474894291",
      "geometry": {
        "type": "Point",
        "coordinates": [
          0.0818422,
          51.660041
        ]
      },
      "properties": {
        "id": "node/474894291",
        "osmType": "node",
        "osmId": 474894291,
        "name": "Castell Road",
        "category": "bus_stop",
        "categoryLabel": "Bus Stop",
        "amenity": null,
        "highway": "bus_stop",
        "tourism": null,
        "historic": null,
        "railway": null,
        "barrier": null,
        "entrance": null,
        "heritage": null,
        "website": null,
        "phone": null,
        "address": null,
        "distanceToForestBoundaryMetres": 290.6,
        "shop": null
      }
    },
    {
      "type": "Feature",
      "id": "node/474894382",
      "geometry": {
        "type": "Point",
        "coordinates": [
          0.0456654,
          51.6183471
        ]
      },
      "properties": {
        "id": "node/474894382",
        "osmType": "node",
        "osmId": 474894382,
        "name": "Monkhams Inn",
        "category": "bus_stop",
        "categoryLabel": "Bus Stop",
        "amenity": null,
        "highway": "bus_stop",
        "tourism": null,
        "historic": null,
        "railway": null,
        "barrier": null,
        "entrance": null,
        "heritage": null,
        "website": null,
        "phone": null,
        "address": null,
        "distanceToForestBoundaryMetres": 285.2,
        "shop": null
      }
    },
    {
      "type": "Feature",
      "id": "node/474894793",
      "geometry": {
        "type": "Point",
        "coordinates": [
          0.0591846,
          51.6492328
        ]
      },
      "properties": {
        "id": "node/474894793",
        "osmType": "node",
        "osmId": 474894793,
        "name": "Loughton Library",
        "category": "bus_stop",
        "categoryLabel": "Bus Stop",
        "amenity": null,
        "highway": "bus_stop",
        "tourism": null,
        "historic": null,
        "railway": null,
        "barrier": null,
        "entrance": null,
        "heritage": null,
        "website": null,
        "phone": null,
        "address": null,
        "distanceToForestBoundaryMetres": 158.1,
        "shop": null
      }
    },
    {
      "type": "Feature",
      "id": "node/474894794",
      "geometry": {
        "type": "Point",
        "coordinates": [
          0.032301,
          51.6260144
        ]
      },
      "properties": {
        "id": "node/474894794",
        "osmType": "node",
        "osmId": 474894794,
        "name": "Stag Lane",
        "category": "bus_stop",
        "categoryLabel": "Bus Stop",
        "amenity": null,
        "highway": "bus_stop",
        "tourism": null,
        "historic": null,
        "railway": null,
        "barrier": null,
        "entrance": null,
        "heritage": null,
        "website": null,
        "phone": null,
        "address": null,
        "distanceToForestBoundaryMetres": 69.2,
        "shop": null
      }
    },
    {
      "type": "Feature",
      "id": "node/474894795",
      "geometry": {
        "type": "Point",
        "coordinates": [
          0.0315091,
          51.6252726
        ]
      },
      "properties": {
        "id": "node/474894795",
        "osmType": "node",
        "osmId": 474894795,
        "name": "Stag Lane",
        "category": "bus_stop",
        "categoryLabel": "Bus Stop",
        "amenity": null,
        "highway": "bus_stop",
        "tourism": null,
        "historic": null,
        "railway": null,
        "barrier": null,
        "entrance": null,
        "heritage": null,
        "website": null,
        "phone": null,
        "address": null,
        "distanceToForestBoundaryMetres": 161.1,
        "shop": null
      }
    },
    {
      "type": "Feature",
      "id": "node/474895083",
      "geometry": {
        "type": "Point",
        "coordinates": [
          0.1288577,
          51.7207889
        ]
      },
      "properties": {
        "id": "node/474895083",
        "osmType": "node",
        "osmId": 474895083,
        "name": "The Carpenters Arms",
        "category": "bus_stop",
        "categoryLabel": "Bus Stop",
        "amenity": null,
        "highway": "bus_stop",
        "tourism": null,
        "historic": null,
        "railway": null,
        "barrier": null,
        "entrance": null,
        "heritage": null,
        "website": null,
        "phone": null,
        "address": null,
        "distanceToForestBoundaryMetres": 289.8,
        "shop": null
      }
    },
    {
      "type": "Feature",
      "id": "node/474895091",
      "geometry": {
        "type": "Point",
        "coordinates": [
          0.1226235,
          51.7050515
        ]
      },
      "properties": {
        "id": "node/474895091",
        "osmType": "node",
        "osmId": 474895091,
        "name": "St. Margaret's Hospital",
        "category": "bus_stop",
        "categoryLabel": "Bus Stop",
        "amenity": null,
        "highway": "bus_stop",
        "tourism": null,
        "historic": null,
        "railway": null,
        "barrier": null,
        "entrance": null,
        "heritage": null,
        "website": null,
        "phone": null,
        "address": null,
        "distanceToForestBoundaryMetres": 46.8,
        "shop": null
      }
    },
    {
      "type": "Feature",
      "id": "node/474895095",
      "geometry": {
        "type": "Point",
        "coordinates": [
          0.1025252,
          51.6890801
        ]
      },
      "properties": {
        "id": "node/474895095",
        "osmType": "node",
        "osmId": 474895095,
        "name": "Meadow View",
        "category": "bus_stop",
        "categoryLabel": "Bus Stop",
        "amenity": null,
        "highway": "bus_stop",
        "tourism": null,
        "historic": null,
        "railway": null,
        "barrier": null,
        "entrance": null,
        "heritage": null,
        "website": null,
        "phone": null,
        "address": null,
        "distanceToForestBoundaryMetres": 31.6,
        "shop": null
      }
    },
    {
      "type": "Feature",
      "id": "node/474895096",
      "geometry": {
        "type": "Point",
        "coordinates": [
          0.0638085,
          51.6760818
        ]
      },
      "properties": {
        "id": "node/474895096",
        "osmType": "node",
        "osmId": 474895096,
        "name": "Wake Arms",
        "category": "bus_stop",
        "categoryLabel": "Bus Stop",
        "amenity": null,
        "highway": "bus_stop",
        "tourism": null,
        "historic": null,
        "railway": null,
        "barrier": null,
        "entrance": null,
        "heritage": null,
        "website": null,
        "phone": null,
        "address": null,
        "distanceToForestBoundaryMetres": 180.1,
        "shop": null
      }
    },
    {
      "type": "Feature",
      "id": "node/474895097",
      "geometry": {
        "type": "Point",
        "coordinates": [
          0.06378,
          51.6758524
        ]
      },
      "properties": {
        "id": "node/474895097",
        "osmType": "node",
        "osmId": 474895097,
        "name": "Wake Arms",
        "category": "bus_stop",
        "categoryLabel": "Bus Stop",
        "amenity": null,
        "highway": "bus_stop",
        "tourism": null,
        "historic": null,
        "railway": null,
        "barrier": null,
        "entrance": null,
        "heritage": null,
        "website": null,
        "phone": null,
        "address": null,
        "distanceToForestBoundaryMetres": 156.9,
        "shop": null
      }
    },
    {
      "type": "Feature",
      "id": "node/474895120",
      "geometry": {
        "type": "Point",
        "coordinates": [
          0.1001996,
          51.6715324
        ]
      },
      "properties": {
        "id": "node/474895120",
        "osmType": "node",
        "osmId": 474895120,
        "name": "Theydon Bois Green",
        "category": "bus_stop",
        "categoryLabel": "Bus Stop",
        "amenity": null,
        "highway": "bus_stop",
        "tourism": null,
        "historic": null,
        "railway": null,
        "barrier": null,
        "entrance": null,
        "heritage": null,
        "website": null,
        "phone": null,
        "address": null,
        "distanceToForestBoundaryMetres": 267.3,
        "shop": null
      }
    },
    {
      "type": "Feature",
      "id": "node/474895121",
      "geometry": {
        "type": "Point",
        "coordinates": [
          0.1012668,
          51.6712554
        ]
      },
      "properties": {
        "id": "node/474895121",
        "osmType": "node",
        "osmId": 474895121,
        "name": "Theydon Bois Green",
        "category": "bus_stop",
        "categoryLabel": "Bus Stop",
        "amenity": null,
        "highway": "bus_stop",
        "tourism": null,
        "historic": null,
        "railway": null,
        "barrier": null,
        "entrance": null,
        "heritage": null,
        "website": null,
        "phone": null,
        "address": null,
        "distanceToForestBoundaryMetres": 290.9,
        "shop": null
      }
    },
    {
      "type": "Feature",
      "id": "node/474895122",
      "geometry": {
        "type": "Point",
        "coordinates": [
          0.0666146,
          51.6557689
        ]
      },
      "properties": {
        "id": "node/474895122",
        "osmType": "node",
        "osmId": 474895122,
        "name": "Sedley Rise",
        "category": "bus_stop",
        "categoryLabel": "Bus Stop",
        "amenity": null,
        "highway": "bus_stop",
        "tourism": null,
        "historic": null,
        "railway": null,
        "barrier": null,
        "entrance": null,
        "heritage": null,
        "website": null,
        "phone": null,
        "address": null,
        "distanceToForestBoundaryMetres": 151.1,
        "shop": null
      }
    },
    {
      "type": "Feature",
      "id": "node/474895123",
      "geometry": {
        "type": "Point",
        "coordinates": [
          0.0665005,
          51.6558634
        ]
      },
      "properties": {
        "id": "node/474895123",
        "osmType": "node",
        "osmId": 474895123,
        "name": "Sedley Rise",
        "category": "bus_stop",
        "categoryLabel": "Bus Stop",
        "amenity": null,
        "highway": "bus_stop",
        "tourism": null,
        "historic": null,
        "railway": null,
        "barrier": null,
        "entrance": null,
        "heritage": null,
        "website": null,
        "phone": null,
        "address": null,
        "distanceToForestBoundaryMetres": 143.7,
        "shop": null
      }
    },
    {
      "type": "Feature",
      "id": "node/474895131",
      "geometry": {
        "type": "Point",
        "coordinates": [
          0.0461549,
          51.6902919
        ]
      },
      "properties": {
        "id": "node/474895131",
        "osmType": "node",
        "osmId": 474895131,
        "name": "Village Hall",
        "category": "bus_stop",
        "categoryLabel": "Bus Stop",
        "amenity": null,
        "highway": "bus_stop",
        "tourism": null,
        "historic": null,
        "railway": null,
        "barrier": null,
        "entrance": null,
        "heritage": null,
        "website": null,
        "phone": null,
        "address": null,
        "distanceToForestBoundaryMetres": 137.9,
        "shop": null
      }
    },
    {
      "type": "Feature",
      "id": "node/474895133",
      "geometry": {
        "type": "Point",
        "coordinates": [
          0.0316072,
          51.6890409
        ]
      },
      "properties": {
        "id": "node/474895133",
        "osmType": "node",
        "osmId": 474895133,
        "name": "Upshire Shops",
        "category": "bus_stop",
        "categoryLabel": "Bus Stop",
        "amenity": null,
        "highway": "bus_stop",
        "tourism": null,
        "historic": null,
        "railway": null,
        "barrier": null,
        "entrance": null,
        "heritage": null,
        "website": null,
        "phone": null,
        "address": null,
        "distanceToForestBoundaryMetres": 291.4,
        "shop": null
      }
    },
    {
      "type": "Feature",
      "id": "node/474895232",
      "geometry": {
        "type": "Point",
        "coordinates": [
          0.0524602,
          51.6441988
        ]
      },
      "properties": {
        "id": "node/474895232",
        "osmType": "node",
        "osmId": 474895232,
        "name": "The Crown",
        "category": "bus_stop",
        "categoryLabel": "Bus Stop",
        "amenity": null,
        "highway": "bus_stop",
        "tourism": null,
        "historic": null,
        "railway": null,
        "barrier": null,
        "entrance": null,
        "heritage": null,
        "website": null,
        "phone": null,
        "address": null,
        "distanceToForestBoundaryMetres": 118.3,
        "shop": null
      }
    },
    {
      "type": "Feature",
      "id": "node/474895254",
      "geometry": {
        "type": "Point",
        "coordinates": [
          0.0172983,
          51.6900753
        ]
      },
      "properties": {
        "id": "node/474895254",
        "osmType": "node",
        "osmId": 474895254,
        "name": "King Harold School",
        "category": "bus_stop",
        "categoryLabel": "Bus Stop",
        "amenity": null,
        "highway": "bus_stop",
        "tourism": null,
        "historic": null,
        "railway": null,
        "barrier": null,
        "entrance": null,
        "heritage": null,
        "website": null,
        "phone": null,
        "address": null,
        "distanceToForestBoundaryMetres": 191.2,
        "shop": null
      }
    },
    {
      "type": "Feature",
      "id": "node/474895770",
      "geometry": {
        "type": "Point",
        "coordinates": [
          0.0566163,
          51.6491212
        ]
      },
      "properties": {
        "id": "node/474895770",
        "osmType": "node",
        "osmId": 474895770,
        "name": "Morrisons",
        "category": "bus_stop",
        "categoryLabel": "Bus Stop",
        "amenity": null,
        "highway": "bus_stop",
        "tourism": null,
        "historic": null,
        "railway": null,
        "barrier": null,
        "entrance": null,
        "heritage": null,
        "website": null,
        "phone": null,
        "address": null,
        "distanceToForestBoundaryMetres": 153.8,
        "shop": null
      }
    },
    {
      "type": "Feature",
      "id": "node/474895780",
      "geometry": {
        "type": "Point",
        "coordinates": [
          0.0516318,
          51.6439733
        ]
      },
      "properties": {
        "id": "node/474895780",
        "osmType": "node",
        "osmId": 474895780,
        "name": "The Crown",
        "category": "bus_stop",
        "categoryLabel": "Bus Stop",
        "amenity": null,
        "highway": "bus_stop",
        "tourism": null,
        "historic": null,
        "railway": null,
        "barrier": null,
        "entrance": null,
        "heritage": null,
        "website": null,
        "phone": null,
        "address": null,
        "distanceToForestBoundaryMetres": 157.5,
        "shop": null
      }
    },
    {
      "type": "Feature",
      "id": "node/474895947",
      "geometry": {
        "type": "Point",
        "coordinates": [
          0.0535036,
          51.6433453
        ]
      },
      "properties": {
        "id": "node/474895947",
        "osmType": "node",
        "osmId": 474895947,
        "name": "Sainsbury's",
        "category": "bus_stop",
        "categoryLabel": "Bus Stop",
        "amenity": null,
        "highway": "bus_stop",
        "tourism": null,
        "historic": null,
        "railway": null,
        "barrier": null,
        "entrance": null,
        "heritage": null,
        "website": null,
        "phone": null,
        "address": null,
        "distanceToForestBoundaryMetres": 221.5,
        "shop": null
      }
    },
    {
      "type": "Feature",
      "id": "node/474896075",
      "geometry": {
        "type": "Point",
        "coordinates": [
          0.095643,
          51.6725844
        ]
      },
      "properties": {
        "id": "node/474896075",
        "osmType": "node",
        "osmId": 474896075,
        "name": "Village Hall",
        "category": "bus_stop",
        "categoryLabel": "Bus Stop",
        "amenity": null,
        "highway": "bus_stop",
        "tourism": null,
        "historic": null,
        "railway": null,
        "barrier": null,
        "entrance": null,
        "heritage": null,
        "website": null,
        "phone": null,
        "address": null,
        "distanceToForestBoundaryMetres": 268.7,
        "shop": null
      }
    },
    {
      "type": "Feature",
      "id": "node/486321167",
      "geometry": {
        "type": "Point",
        "coordinates": [
          -0.010702,
          51.5743508
        ]
      },
      "properties": {
        "id": "node/486321167",
        "osmType": "node",
        "osmId": 486321167,
        "name": "Leyton Green",
        "category": "bus_stop",
        "categoryLabel": "Bus Stop",
        "amenity": null,
        "highway": "bus_stop",
        "tourism": null,
        "historic": null,
        "railway": null,
        "barrier": null,
        "entrance": null,
        "heritage": null,
        "website": null,
        "phone": null,
        "address": null,
        "distanceToForestBoundaryMetres": 136.4,
        "shop": null
      }
    },
    {
      "type": "Feature",
      "id": "node/1586683103",
      "geometry": {
        "type": "Point",
        "coordinates": [
          0.0215864,
          51.5808033
        ]
      },
      "properties": {
        "id": "node/1586683103",
        "osmType": "node",
        "osmId": 1586683103,
        "name": "Snaresbrook",
        "category": "station",
        "categoryLabel": "Train Station",
        "amenity": null,
        "highway": null,
        "tourism": null,
        "historic": null,
        "railway": "station",
        "barrier": null,
        "entrance": null,
        "heritage": null,
        "website": null,
        "phone": null,
        "address": null,
        "distanceToForestBoundaryMetres": 291.0,
        "shop": null
      }
    },
    {
      "type": "Feature",
      "id": "node/1742840596",
      "geometry": {
        "type": "Point",
        "coordinates": [
          0.0260733,
          51.5517605
        ]
      },
      "properties": {
        "id": "node/1742840596",
        "osmType": "node",
        "osmId": 1742840596,
        "name": "Wanstead Park",
        "category": "station",
        "categoryLabel": "Train Station",
        "amenity": null,
        "highway": null,
        "tourism": null,
        "historic": null,
        "railway": "station",
        "barrier": null,
        "entrance": null,
        "heritage": null,
        "website": null,
        "phone": null,
        "address": "Woodgrange Road, London E7 0HX",
        "distanceToForestBoundaryMetres": 275.5,
        "shop": null
      }
    },
    {
      "type": "Feature",
      "id": "node/2019715630",
      "geometry": {
        "type": "Point",
        "coordinates": [
          0.0039387,
          51.559958
        ]
      },
      "properties": {
        "id": "node/2019715630",
        "osmType": "node",
        "osmId": 2019715630,
        "name": "Cathall Leisure Centre",
        "category": "bus_stop",
        "categoryLabel": "Bus Stop",
        "amenity": null,
        "highway": "bus_stop",
        "tourism": null,
        "historic": null,
        "railway": null,
        "barrier": null,
        "entrance": null,
        "heritage": null,
        "website": null,
        "phone": null,
        "address": null,
        "distanceToForestBoundaryMetres": 280.7,
        "shop": null
      }
    },
    {
      "type": "Feature",
      "id": "node/2498629196",
      "geometry": {
        "type": "Point",
        "coordinates": [
          -0.0014056,
          51.7084124
        ]
      },
      "properties": {
        "id": "node/2498629196",
        "osmType": "node",
        "osmId": 2498629196,
        "name": "Hayes Hill Farm",
        "category": "bus_stop",
        "categoryLabel": "Bus Stop",
        "amenity": null,
        "highway": "bus_stop",
        "tourism": null,
        "historic": null,
        "railway": null,
        "barrier": null,
        "entrance": null,
        "heritage": null,
        "website": null,
        "phone": null,
        "address": null,
        "distanceToForestBoundaryMetres": 89.9,
        "shop": null
      }
    },
    {
      "type": "Feature",
      "id": "node/3076573914",
      "geometry": {
        "type": "Point",
        "coordinates": [
          0.0468161,
          51.6259439
        ]
      },
      "properties": {
        "id": "node/3076573914",
        "osmType": "node",
        "osmId": 3076573914,
        "name": "Buckhurst Hill",
        "category": "station",
        "categoryLabel": "Train Station",
        "amenity": null,
        "highway": null,
        "tourism": null,
        "historic": null,
        "railway": "station",
        "barrier": null,
        "entrance": null,
        "heritage": null,
        "website": null,
        "phone": null,
        "address": null,
        "distanceToForestBoundaryMetres": 291.4,
        "shop": null
      }
    },
    {
      "type": "Feature",
      "id": "node/5417394824",
      "geometry": {
        "type": "Point",
        "coordinates": [
          0.0104739,
          51.6334048
        ]
      },
      "properties": {
        "id": "node/5417394824",
        "osmType": "node",
        "osmId": 5417394824,
        "name": "Chingford Station",
        "category": "bus_stop",
        "categoryLabel": "Bus Stop",
        "amenity": null,
        "highway": "bus_stop",
        "tourism": null,
        "historic": null,
        "railway": null,
        "barrier": null,
        "entrance": null,
        "heritage": null,
        "website": null,
        "phone": null,
        "address": null,
        "distanceToForestBoundaryMetres": 271.8,
        "shop": null
      }
    },
    {
      "type": "Feature",
      "id": "node/5660625792",
      "geometry": {
        "type": "Point",
        "coordinates": [
          0.0126005,
          51.6340925
        ]
      },
      "properties": {
        "id": "node/5660625792",
        "osmType": "node",
        "osmId": 5660625792,
        "name": "Bury Road",
        "category": "bus_stop",
        "categoryLabel": "Bus Stop",
        "amenity": null,
        "highway": "bus_stop",
        "tourism": null,
        "historic": null,
        "railway": null,
        "barrier": null,
        "entrance": null,
        "heritage": null,
        "website": null,
        "phone": null,
        "address": null,
        "distanceToForestBoundaryMetres": 244.7,
        "shop": null
      }
    },
    {
      "type": "Feature",
      "id": "node/5660625793",
      "geometry": {
        "type": "Point",
        "coordinates": [
          0.0133972,
          51.6341819
        ]
      },
      "properties": {
        "id": "node/5660625793",
        "osmType": "node",
        "osmId": 5660625793,
        "name": "Bury Road",
        "category": "bus_stop",
        "categoryLabel": "Bus Stop",
        "amenity": null,
        "highway": "bus_stop",
        "tourism": null,
        "historic": null,
        "railway": null,
        "barrier": null,
        "entrance": null,
        "heritage": null,
        "website": null,
        "phone": null,
        "address": null,
        "distanceToForestBoundaryMetres": 191.5,
        "shop": null
      }
    },
    {
      "type": "Feature",
      "id": "node/6076238462",
      "geometry": {
        "type": "Point",
        "coordinates": [
          0.0217074,
          51.5788406
        ]
      },
      "properties": {
        "id": "node/6076238462",
        "osmType": "node",
        "osmId": 6076238462,
        "name": "Homesdale Close",
        "category": "bus_stop",
        "categoryLabel": "Bus Stop",
        "amenity": null,
        "highway": "bus_stop",
        "tourism": null,
        "historic": null,
        "railway": null,
        "barrier": null,
        "entrance": null,
        "heritage": null,
        "website": null,
        "phone": null,
        "address": null,
        "distanceToForestBoundaryMetres": 139.8,
        "shop": null
      }
    },
    {
      "type": "Feature",
      "id": "node/6076238463",
      "geometry": {
        "type": "Point",
        "coordinates": [
          0.0218369,
          51.5793734
        ]
      },
      "properties": {
        "id": "node/6076238463",
        "osmType": "node",
        "osmId": 6076238463,
        "name": "Homesdale Close",
        "category": "bus_stop",
        "categoryLabel": "Bus Stop",
        "amenity": null,
        "highway": "bus_stop",
        "tourism": null,
        "historic": null,
        "railway": null,
        "barrier": null,
        "entrance": null,
        "heritage": null,
        "website": null,
        "phone": null,
        "address": null,
        "distanceToForestBoundaryMetres": 135.6,
        "shop": null
      }
    },
    {
      "type": "Feature",
      "id": "node/6111086191",
      "geometry": {
        "type": "Point",
        "coordinates": [
          -0.0346835,
          51.6016847
        ]
      },
      "properties": {
        "id": "node/6111086191",
        "osmType": "node",
        "osmId": 6111086191,
        "name": "Hail & Ride Swift Close / Grebe Close",
        "category": "bus_stop",
        "categoryLabel": "Bus Stop",
        "amenity": null,
        "highway": "bus_stop",
        "tourism": null,
        "historic": null,
        "railway": null,
        "barrier": null,
        "entrance": null,
        "heritage": null,
        "website": null,
        "phone": null,
        "address": null,
        "distanceToForestBoundaryMetres": 120.9,
        "shop": null
      }
    },
    {
      "type": "Feature",
      "id": "node/6111086192",
      "geometry": {
        "type": "Point",
        "coordinates": [
          -0.0342729,
          51.6014326
        ]
      },
      "properties": {
        "id": "node/6111086192",
        "osmType": "node",
        "osmId": 6111086192,
        "name": "Hail & Ride Swan Close",
        "category": "bus_stop",
        "categoryLabel": "Bus Stop",
        "amenity": null,
        "highway": "bus_stop",
        "tourism": null,
        "historic": null,
        "railway": null,
        "barrier": null,
        "entrance": null,
        "heritage": null,
        "website": null,
        "phone": null,
        "address": null,
        "distanceToForestBoundaryMetres": 102.4,
        "shop": null
      }
    },
    {
      "type": "Feature",
      "id": "node/6111086193",
      "geometry": {
        "type": "Point",
        "coordinates": [
          -0.0335265,
          51.6013572
        ]
      },
      "properties": {
        "id": "node/6111086193",
        "osmType": "node",
        "osmId": 6111086193,
        "name": "Hail & Ride Osprey Close",
        "category": "bus_stop",
        "categoryLabel": "Bus Stop",
        "amenity": null,
        "highway": "bus_stop",
        "tourism": null,
        "historic": null,
        "railway": null,
        "barrier": null,
        "entrance": null,
        "heritage": null,
        "website": null,
        "phone": null,
        "address": null,
        "distanceToForestBoundaryMetres": 67.8,
        "shop": null
      }
    },
    {
      "type": "Feature",
      "id": "node/6111086194",
      "geometry": {
        "type": "Point",
        "coordinates": [
          -0.0334155,
          51.6003698
        ]
      },
      "properties": {
        "id": "node/6111086194",
        "osmType": "node",
        "osmId": 6111086194,
        "name": "Higham Hill / Cogan Avenue",
        "category": "bus_stop",
        "categoryLabel": "Bus Stop",
        "amenity": null,
        "highway": "bus_stop",
        "tourism": null,
        "historic": null,
        "railway": null,
        "barrier": null,
        "entrance": null,
        "heritage": null,
        "website": null,
        "phone": null,
        "address": null,
        "distanceToForestBoundaryMetres": 167.4,
        "shop": null
      }
    },
    {
      "type": "Feature",
      "id": "node/6111086195",
      "geometry": {
        "type": "Point",
        "coordinates": [
          -0.0337575,
          51.5998967
        ]
      },
      "properties": {
        "id": "node/6111086195",
        "osmType": "node",
        "osmId": 6111086195,
        "name": "Hail & Ride Amber Avenue",
        "category": "bus_stop",
        "categoryLabel": "Bus Stop",
        "amenity": null,
        "highway": "bus_stop",
        "tourism": null,
        "historic": null,
        "railway": null,
        "barrier": null,
        "entrance": null,
        "heritage": null,
        "website": null,
        "phone": null,
        "address": null,
        "distanceToForestBoundaryMetres": 223.6,
        "shop": null
      }
    },
    {
      "type": "Feature",
      "id": "node/6111086196",
      "geometry": {
        "type": "Point",
        "coordinates": [
          -0.0345063,
          51.5998726
        ]
      },
      "properties": {
        "id": "node/6111086196",
        "osmType": "node",
        "osmId": 6111086196,
        "name": "Hail & Ride McEntee Avenue",
        "category": "bus_stop",
        "categoryLabel": "Bus Stop",
        "amenity": null,
        "highway": "bus_stop",
        "tourism": null,
        "historic": null,
        "railway": null,
        "barrier": null,
        "entrance": null,
        "heritage": null,
        "website": null,
        "phone": null,
        "address": null,
        "distanceToForestBoundaryMetres": 244.1,
        "shop": null
      }
    },
    {
      "type": "Feature",
      "id": "node/6209285465",
      "geometry": {
        "type": "Point",
        "coordinates": [
          0.0018222,
          51.5811621
        ]
      },
      "properties": {
        "id": "node/6209285465",
        "osmType": "node",
        "osmId": 6209285465,
        "name": "Whipps Cross Bus Stand",
        "category": "bus_stop",
        "categoryLabel": "Bus Stop",
        "amenity": null,
        "highway": "bus_stop",
        "tourism": null,
        "historic": null,
        "railway": null,
        "barrier": null,
        "entrance": null,
        "heritage": null,
        "website": null,
        "phone": null,
        "address": null,
        "distanceToForestBoundaryMetres": 287.2,
        "shop": null
      }
    },
    {
      "type": "Feature",
      "id": "node/6219760520",
      "geometry": {
        "type": "Point",
        "coordinates": [
          0.0017182,
          51.5814903
        ]
      },
      "properties": {
        "id": "node/6219760520",
        "osmType": "node",
        "osmId": 6219760520,
        "name": "Whipps Cross Bus Stand",
        "category": "bus_stop",
        "categoryLabel": "Bus Stop",
        "amenity": null,
        "highway": "bus_stop",
        "tourism": null,
        "historic": null,
        "railway": null,
        "barrier": null,
        "entrance": null,
        "heritage": null,
        "website": null,
        "phone": null,
        "address": null,
        "distanceToForestBoundaryMetres": 285.3,
        "shop": null
      }
    },
    {
      "type": "Feature",
      "id": "node/6219760522",
      "geometry": {
        "type": "Point",
        "coordinates": [
          0.001764,
          51.5813817
        ]
      },
      "properties": {
        "id": "node/6219760522",
        "osmType": "node",
        "osmId": 6219760522,
        "name": "Whipps Cross Bus Stand",
        "category": "bus_stop",
        "categoryLabel": "Bus Stop",
        "amenity": null,
        "highway": "bus_stop",
        "tourism": null,
        "historic": null,
        "railway": null,
        "barrier": null,
        "entrance": null,
        "heritage": null,
        "website": null,
        "phone": null,
        "address": null,
        "distanceToForestBoundaryMetres": 290.8,
        "shop": null
      }
    },
    {
      "type": "Feature",
      "id": "node/6219760527",
      "geometry": {
        "type": "Point",
        "coordinates": [
          0.0014198,
          51.581423
        ]
      },
      "properties": {
        "id": "node/6219760527",
        "osmType": "node",
        "osmId": 6219760527,
        "name": "Whipps Cross Bus Stand",
        "category": "bus_stop",
        "categoryLabel": "Bus Stop",
        "amenity": null,
        "highway": "bus_stop",
        "tourism": null,
        "historic": null,
        "railway": null,
        "barrier": null,
        "entrance": null,
        "heritage": null,
        "website": null,
        "phone": null,
        "address": null,
        "distanceToForestBoundaryMetres": 288.5,
        "shop": null
      }
    },
    {
      "type": "Feature",
      "id": "node/6353325014",
      "geometry": {
        "type": "Point",
        "coordinates": [
          0.1033213,
          51.6717759
        ]
      },
      "properties": {
        "id": "node/6353325014",
        "osmType": "node",
        "osmId": 6353325014,
        "name": "Theydon Bois",
        "category": "station",
        "categoryLabel": "Train Station",
        "amenity": null,
        "highway": null,
        "tourism": null,
        "historic": null,
        "railway": "station",
        "barrier": null,
        "entrance": null,
        "heritage": null,
        "website": null,
        "phone": null,
        "address": null,
        "distanceToForestBoundaryMetres": 290.7,
        "shop": null
      }
    },
    {
      "type": "Feature",
      "id": "node/6486933492",
      "geometry": {
        "type": "Point",
        "coordinates": [
          0.0286373,
          51.575646
        ]
      },
      "properties": {
        "id": "node/6486933492",
        "osmType": "node",
        "osmId": 6486933492,
        "name": "Wanstead",
        "category": "station",
        "categoryLabel": "Train Station",
        "amenity": null,
        "highway": null,
        "tourism": null,
        "historic": null,
        "railway": "station",
        "barrier": null,
        "entrance": null,
        "heritage": null,
        "website": null,
        "phone": null,
        "address": null,
        "distanceToForestBoundaryMetres": 244.8,
        "shop": null
      }
    },
    {
      "type": "Feature",
      "id": "node/6593922082",
      "geometry": {
        "type": "Point",
        "coordinates": [
          0.0450354,
          51.5521996
        ]
      },
      "properties": {
        "id": "node/6593922082",
        "osmType": "node",
        "osmId": 6593922082,
        "name": "Manor Park",
        "category": "station",
        "categoryLabel": "Train Station",
        "amenity": null,
        "highway": null,
        "tourism": null,
        "historic": null,
        "railway": "station",
        "barrier": null,
        "entrance": null,
        "heritage": null,
        "website": null,
        "phone": null,
        "address": null,
        "distanceToForestBoundaryMetres": 159.4,
        "shop": null
      }
    },
    {
      "type": "Feature",
      "id": "node/6603967008",
      "geometry": {
        "type": "Point",
        "coordinates": [
          0.0518645,
          51.6440178
        ]
      },
      "properties": {
        "id": "node/6603967008",
        "osmType": "node",
        "osmId": 6603967008,
        "name": "Mayflower Taxi's",
        "category": "taxi",
        "categoryLabel": "Taxi",
        "amenity": "taxi",
        "highway": null,
        "tourism": null,
        "historic": null,
        "railway": null,
        "barrier": null,
        "entrance": null,
        "heritage": null,
        "website": null,
        "phone": null,
        "address": null,
        "distanceToForestBoundaryMetres": 146.8,
        "shop": null
      }
    },
    {
      "type": "Feature",
      "id": "node/6997675368",
      "geometry": {
        "type": "Point",
        "coordinates": [
          0.009471,
          51.6325345
        ]
      },
      "properties": {
        "id": "node/6997675368",
        "osmType": "node",
        "osmId": 6997675368,
        "name": "Chingford",
        "category": "station",
        "categoryLabel": "Train Station",
        "amenity": null,
        "highway": null,
        "tourism": null,
        "historic": null,
        "railway": "station",
        "barrier": null,
        "entrance": null,
        "heritage": null,
        "website": null,
        "phone": null,
        "address": "Station Road, London E4 6AL",
        "distanceToForestBoundaryMetres": 291.2,
        "shop": null
      }
    },
    {
      "type": "Feature",
      "id": "node/7751958353",
      "geometry": {
        "type": "Point",
        "coordinates": [
          0.050538,
          51.6053521
        ]
      },
      "properties": {
        "id": "node/7751958353",
        "osmType": "node",
        "osmId": 7751958353,
        "name": "Ashton Playing Fields",
        "category": "bus_stop",
        "categoryLabel": "Bus Stop",
        "amenity": null,
        "highway": "bus_stop",
        "tourism": null,
        "historic": null,
        "railway": null,
        "barrier": null,
        "entrance": null,
        "heritage": null,
        "website": null,
        "phone": null,
        "address": null,
        "distanceToForestBoundaryMetres": 136.7,
        "shop": null
      }
    },
    {
      "type": "Feature",
      "id": "node/7752538492",
      "geometry": {
        "type": "Point",
        "coordinates": [
          0.0124957,
          51.6914394
        ]
      },
      "properties": {
        "id": "node/7752538492",
        "osmType": "node",
        "osmId": 7752538492,
        "name": "Congreve Road",
        "category": "bus_stop",
        "categoryLabel": "Bus Stop",
        "amenity": null,
        "highway": "bus_stop",
        "tourism": null,
        "historic": null,
        "railway": null,
        "barrier": null,
        "entrance": null,
        "heritage": null,
        "website": null,
        "phone": null,
        "address": null,
        "distanceToForestBoundaryMetres": 209.7,
        "shop": null
      }
    },
    {
      "type": "Feature",
      "id": "node/7752538493",
      "geometry": {
        "type": "Point",
        "coordinates": [
          0.0976733,
          51.6892206
        ]
      },
      "properties": {
        "id": "node/7752538493",
        "osmType": "node",
        "osmId": 7752538493,
        "name": "Fishers Lane",
        "category": "bus_stop",
        "categoryLabel": "Bus Stop",
        "amenity": null,
        "highway": "bus_stop",
        "tourism": null,
        "historic": null,
        "railway": null,
        "barrier": null,
        "entrance": null,
        "heritage": null,
        "website": null,
        "phone": null,
        "address": null,
        "distanceToForestBoundaryMetres": 291.6,
        "shop": null
      }
    },
    {
      "type": "Feature",
      "id": "node/7752538495",
      "geometry": {
        "type": "Point",
        "coordinates": [
          0.0982941,
          51.6891915
        ]
      },
      "properties": {
        "id": "node/7752538495",
        "osmType": "node",
        "osmId": 7752538495,
        "name": "Fishers Lane",
        "category": "bus_stop",
        "categoryLabel": "Bus Stop",
        "amenity": null,
        "highway": "bus_stop",
        "tourism": null,
        "historic": null,
        "railway": null,
        "barrier": null,
        "entrance": null,
        "heritage": null,
        "website": null,
        "phone": null,
        "address": null,
        "distanceToForestBoundaryMetres": 273.8,
        "shop": null
      }
    },
    {
      "type": "Feature",
      "id": "node/7752551353",
      "geometry": {
        "type": "Point",
        "coordinates": [
          -0.0206163,
          51.6036691
        ]
      },
      "properties": {
        "id": "node/7752551353",
        "osmType": "node",
        "osmId": 7752551353,
        "name": "Salisbury Hall Sainsbury's",
        "category": "bus_stop",
        "categoryLabel": "Bus Stop",
        "amenity": null,
        "highway": "bus_stop",
        "tourism": null,
        "historic": null,
        "railway": null,
        "barrier": null,
        "entrance": null,
        "heritage": null,
        "website": null,
        "phone": null,
        "address": null,
        "distanceToForestBoundaryMetres": 291.1,
        "shop": null
      }
    },
    {
      "type": "Feature",
      "id": "node/7752629272",
      "geometry": {
        "type": "Point",
        "coordinates": [
          0.0319444,
          51.6889103
        ]
      },
      "properties": {
        "id": "node/7752629272",
        "osmType": "node",
        "osmId": 7752629272,
        "name": "Upshire Shops",
        "category": "bus_stop",
        "categoryLabel": "Bus Stop",
        "amenity": null,
        "highway": "bus_stop",
        "tourism": null,
        "historic": null,
        "railway": null,
        "barrier": null,
        "entrance": null,
        "heritage": null,
        "website": null,
        "phone": null,
        "address": null,
        "distanceToForestBoundaryMetres": 287.3,
        "shop": null
      }
    },
    {
      "type": "Feature",
      "id": "node/7752774296",
      "geometry": {
        "type": "Point",
        "coordinates": [
          0.0300968,
          51.6899764
        ]
      },
      "properties": {
        "id": "node/7752774296",
        "osmType": "node",
        "osmId": 7752774296,
        "name": "Buxton Road",
        "category": "bus_stop",
        "categoryLabel": "Bus Stop",
        "amenity": null,
        "highway": "bus_stop",
        "tourism": null,
        "historic": null,
        "railway": null,
        "barrier": null,
        "entrance": null,
        "heritage": null,
        "website": null,
        "phone": null,
        "address": null,
        "distanceToForestBoundaryMetres": 289.5,
        "shop": null
      }
    },
    {
      "type": "Feature",
      "id": "node/7752774297",
      "geometry": {
        "type": "Point",
        "coordinates": [
          0.0272595,
          51.6922106
        ]
      },
      "properties": {
        "id": "node/7752774297",
        "osmType": "node",
        "osmId": 7752774297,
        "name": "Amesbury",
        "category": "bus_stop",
        "categoryLabel": "Bus Stop",
        "amenity": null,
        "highway": "bus_stop",
        "tourism": null,
        "historic": null,
        "railway": null,
        "barrier": null,
        "entrance": null,
        "heritage": null,
        "website": null,
        "phone": null,
        "address": null,
        "distanceToForestBoundaryMetres": 151.0,
        "shop": null
      }
    },
    {
      "type": "Feature",
      "id": "node/7752774298",
      "geometry": {
        "type": "Point",
        "coordinates": [
          0.0236852,
          51.6922003
        ]
      },
      "properties": {
        "id": "node/7752774298",
        "osmType": "node",
        "osmId": 7752774298,
        "name": "Pick Hill",
        "category": "bus_stop",
        "categoryLabel": "Bus Stop",
        "amenity": null,
        "highway": "bus_stop",
        "tourism": null,
        "historic": null,
        "railway": null,
        "barrier": null,
        "entrance": null,
        "heritage": null,
        "website": null,
        "phone": null,
        "address": null,
        "distanceToForestBoundaryMetres": 162.8,
        "shop": null
      }
    },
    {
      "type": "Feature",
      "id": "node/7834787846",
      "geometry": {
        "type": "Point",
        "coordinates": [
          0.0994521,
          51.6967066
        ]
      },
      "properties": {
        "id": "node/7834787846",
        "osmType": "node",
        "osmId": 7834787846,
        "name": "School",
        "category": "bus_stop",
        "categoryLabel": "Bus Stop",
        "amenity": null,
        "highway": "bus_stop",
        "tourism": null,
        "historic": null,
        "railway": null,
        "barrier": null,
        "entrance": null,
        "heritage": null,
        "website": null,
        "phone": null,
        "address": null,
        "distanceToForestBoundaryMetres": 290.6,
        "shop": null
      }
    },
    {
      "type": "Feature",
      "id": "node/7858466682",
      "geometry": {
        "type": "Point",
        "coordinates": [
          0.0237558,
          51.6921631
        ]
      },
      "properties": {
        "id": "node/7858466682",
        "osmType": "node",
        "osmId": 7858466682,
        "name": "Pick Hill",
        "category": "bus_stop",
        "categoryLabel": "Bus Stop",
        "amenity": null,
        "highway": "bus_stop",
        "tourism": null,
        "historic": null,
        "railway": null,
        "barrier": null,
        "entrance": null,
        "heritage": null,
        "website": null,
        "phone": null,
        "address": null,
        "distanceToForestBoundaryMetres": 162.6,
        "shop": null
      }
    },
    {
      "type": "Feature",
      "id": "node/7858466683",
      "geometry": {
        "type": "Point",
        "coordinates": [
          0.0270434,
          51.6922323
        ]
      },
      "properties": {
        "id": "node/7858466683",
        "osmType": "node",
        "osmId": 7858466683,
        "name": "Amesbury",
        "category": "bus_stop",
        "categoryLabel": "Bus Stop",
        "amenity": null,
        "highway": "bus_stop",
        "tourism": null,
        "historic": null,
        "railway": null,
        "barrier": null,
        "entrance": null,
        "heritage": null,
        "website": null,
        "phone": null,
        "address": null,
        "distanceToForestBoundaryMetres": 138.1,
        "shop": null
      }
    },
    {
      "type": "Feature",
      "id": "node/9748424466",
      "geometry": {
        "type": "Point",
        "coordinates": [
          0.0524358,
          51.6444577
        ]
      },
      "properties": {
        "id": "node/9748424466",
        "osmType": "node",
        "osmId": 9748424466,
        "name": null,
        "category": "taxi",
        "categoryLabel": "Taxi",
        "amenity": "taxi",
        "highway": null,
        "tourism": null,
        "historic": null,
        "railway": null,
        "barrier": null,
        "entrance": null,
        "heritage": null,
        "website": null,
        "phone": null,
        "address": null,
        "distanceToForestBoundaryMetres": 90.0,
        "shop": null
      }
    },
    {
      "type": "Feature",
      "id": "way/38665314",
      "geometry": {
        "type": "Point",
        "coordinates": [
          0.0102526,
          51.6335902
        ]
      },
      "properties": {
        "id": "way/38665314",
        "osmType": "way",
        "osmId": 38665314,
        "name": "Chingford Bus Station",
        "category": "bus_station",
        "categoryLabel": "Bus Station",
        "amenity": "bus_station",
        "highway": null,
        "tourism": null,
        "historic": null,
        "railway": null,
        "barrier": null,
        "entrance": null,
        "heritage": null,
        "website": null,
        "phone": null,
        "address": null,
        "distanceToForestBoundaryMetres": 263.3,
        "shop": null
      }
    }
  ]
}
