{
  "type": "FeatureCollection",
  "name": "Local landmarks around Epping Forest",
  "generatedAt": "2026-05-16T07:14:42.168723Z",
  "source": {
    "name": "OpenStreetMap via Overpass API",
    "license": "Open Data Commons Open Database License (ODbL)",
    "queryFile": "data/local-landmarks.overpassql",
    "bbox": [
      -0.035,
      51.595,
      0.145,
      51.745
    ]
  },
  "features": [
    {
      "type": "Feature",
      "id": "node/33996174",
      "geometry": {
        "type": "Point",
        "coordinates": [
          0.0890159,
          51.6655507
        ]
      },
      "properties": {
        "id": "node/33996174",
        "osmType": "node",
        "osmId": 33996174,
        "name": "Coal tax post",
        "category": "historic",
        "categoryLabel": "Historic Site",
        "amenity": null,
        "highway": null,
        "tourism": null,
        "historic": "boundary_stone",
        "railway": null,
        "website": null,
        "phone": null,
        "address": null
      }
    },
    {
      "type": "Feature",
      "id": "node/36235526",
      "geometry": {
        "type": "Point",
        "coordinates": [
          -0.0255587,
          51.7313445
        ]
      },
      "properties": {
        "id": "node/36235526",
        "osmType": "node",
        "osmId": 36235526,
        "name": "The Queens Head",
        "category": "pub",
        "categoryLabel": "Pub",
        "amenity": "pub",
        "highway": null,
        "tourism": null,
        "historic": null,
        "railway": null,
        "website": null,
        "phone": null,
        "address": "66 High Road, Broxbourne EN10 6JN"
      }
    },
    {
      "type": "Feature",
      "id": "node/38875035",
      "geometry": {
        "type": "Point",
        "coordinates": [
          0.0159005,
          51.7358283
        ]
      },
      "properties": {
        "id": "node/38875035",
        "osmType": "node",
        "osmId": 38875035,
        "name": "Crooked Billet",
        "category": "pub",
        "categoryLabel": "Pub",
        "amenity": "pub",
        "highway": null,
        "tourism": null,
        "historic": null,
        "railway": null,
        "website": null,
        "phone": null,
        "address": null
      }
    },
    {
      "type": "Feature",
      "id": "node/58704865",
      "geometry": {
        "type": "Point",
        "coordinates": [
          0.0428694,
          51.7270274
        ]
      },
      "properties": {
        "id": "node/58704865",
        "osmType": "node",
        "osmId": 58704865,
        "name": "King Harolds Head",
        "category": "pub",
        "categoryLabel": "Pub",
        "amenity": "pub",
        "highway": null,
        "tourism": null,
        "historic": null,
        "railway": null,
        "website": null,
        "phone": null,
        "address": null
      }
    },
    {
      "type": "Feature",
      "id": "node/246862618",
      "geometry": {
        "type": "Point",
        "coordinates": [
          -0.0260541,
          51.7224534
        ]
      },
      "properties": {
        "id": "node/246862618",
        "osmType": "node",
        "osmId": 246862618,
        "name": "Bulls Head",
        "category": "pub",
        "categoryLabel": "Pub",
        "amenity": "pub",
        "highway": null,
        "tourism": null,
        "historic": null,
        "railway": null,
        "website": null,
        "phone": null,
        "address": null
      }
    },
    {
      "type": "Feature",
      "id": "node/246863815",
      "geometry": {
        "type": "Point",
        "coordinates": [
          -0.0257501,
          51.7228602
        ]
      },
      "properties": {
        "id": "node/246863815",
        "osmType": "node",
        "osmId": 246863815,
        "name": "Cumin Bar & Restaurant",
        "category": "restaurant",
        "categoryLabel": "Restaurant",
        "amenity": "restaurant",
        "highway": null,
        "tourism": null,
        "historic": null,
        "railway": null,
        "website": "https://www.cuminbar.co.uk/",
        "phone": "+44 1992 469 437",
        "address": "13 High Road, Turnford, Broxbourne EN10 6AJ"
      }
    },
    {
      "type": "Feature",
      "id": "node/260243933",
      "geometry": {
        "type": "Point",
        "coordinates": [
          -0.0181586,
          51.670387
        ]
      },
      "properties": {
        "id": "node/260243933",
        "osmType": "node",
        "osmId": 260243933,
        "name": "The Greyhound",
        "category": "pub",
        "categoryLabel": "Pub",
        "amenity": "pub",
        "highway": null,
        "tourism": null,
        "historic": null,
        "railway": null,
        "website": null,
        "phone": null,
        "address": "425 South Ordnance Road, Enfield EN3 6HR"
      }
    },
    {
      "type": "Feature",
      "id": "node/263685012",
      "geometry": {
        "type": "Point",
        "coordinates": [
          -0.0346738,
          51.7031604
        ]
      },
      "properties": {
        "id": "node/263685012",
        "osmType": "node",
        "osmId": 263685012,
        "name": "O'Shea's Irish Bar",
        "category": "pub",
        "categoryLabel": "Pub",
        "amenity": "pub",
        "highway": null,
        "tourism": null,
        "historic": null,
        "railway": null,
        "website": null,
        "phone": null,
        "address": "99 Turners Hill"
      }
    },
    {
      "type": "Feature",
      "id": "node/263695202",
      "geometry": {
        "type": "Point",
        "coordinates": [
          -0.0261587,
          51.7031272
        ]
      },
      "properties": {
        "id": "node/263695202",
        "osmType": "node",
        "osmId": 263695202,
        "name": "The Maltsters",
        "category": "pub",
        "categoryLabel": "Pub",
        "amenity": "pub",
        "highway": null,
        "tourism": null,
        "historic": null,
        "railway": null,
        "website": null,
        "phone": null,
        "address": null
      }
    },
    {
      "type": "Feature",
      "id": "node/265667679",
      "geometry": {
        "type": "Point",
        "coordinates": [
          -0.0340746,
          51.7009912
        ]
      },
      "properties": {
        "id": "node/265667679",
        "osmType": "node",
        "osmId": 265667679,
        "name": "The King James",
        "category": "pub",
        "categoryLabel": "Pub",
        "amenity": "pub",
        "highway": null,
        "tourism": null,
        "historic": null,
        "railway": null,
        "website": null,
        "phone": null,
        "address": null
      }
    },
    {
      "type": "Feature",
      "id": "node/265667680",
      "geometry": {
        "type": "Point",
        "coordinates": [
          -0.0346324,
          51.7009394
        ]
      },
      "properties": {
        "id": "node/265667680",
        "osmType": "node",
        "osmId": 265667680,
        "name": "Turners",
        "category": "pub",
        "categoryLabel": "Pub",
        "amenity": "pub",
        "highway": null,
        "tourism": null,
        "historic": null,
        "railway": null,
        "website": null,
        "phone": null,
        "address": null
      }
    },
    {
      "type": "Feature",
      "id": "node/265757167",
      "geometry": {
        "type": "Point",
        "coordinates": [
          -0.03441,
          51.6939763
        ]
      },
      "properties": {
        "id": "node/265757167",
        "osmType": "node",
        "osmId": 265757167,
        "name": "Coach and Horses",
        "category": "pub",
        "categoryLabel": "Pub",
        "amenity": "pub",
        "highway": null,
        "tourism": null,
        "historic": null,
        "railway": null,
        "website": null,
        "phone": null,
        "address": "36 Crossbrook Street"
      }
    },
    {
      "type": "Feature",
      "id": "node/265819602",
      "geometry": {
        "type": "Point",
        "coordinates": [
          -0.0347918,
          51.6971239
        ]
      },
      "properties": {
        "id": "node/265819602",
        "osmType": "node",
        "osmId": 265819602,
        "name": "Roman Urn",
        "category": "pub",
        "categoryLabel": "Pub",
        "amenity": "pub",
        "highway": null,
        "tourism": null,
        "historic": null,
        "railway": null,
        "website": null,
        "phone": null,
        "address": "137 Crossbrook Street"
      }
    },
    {
      "type": "Feature",
      "id": "node/265825624",
      "geometry": {
        "type": "Point",
        "coordinates": [
          -0.0339584,
          51.6899477
        ]
      },
      "properties": {
        "id": "node/265825624",
        "osmType": "node",
        "osmId": 265825624,
        "name": "The Vine",
        "category": "pub",
        "categoryLabel": "Pub",
        "amenity": "pub",
        "highway": null,
        "tourism": null,
        "historic": null,
        "railway": null,
        "website": null,
        "phone": null,
        "address": null
      }
    },
    {
      "type": "Feature",
      "id": "node/265825633",
      "geometry": {
        "type": "Point",
        "coordinates": [
          -0.0344514,
          51.6919635
        ]
      },
      "properties": {
        "id": "node/265825633",
        "osmType": "node",
        "osmId": 265825633,
        "name": "The Wheatsheaf",
        "category": "pub",
        "categoryLabel": "Pub",
        "amenity": "pub",
        "highway": null,
        "tourism": null,
        "historic": null,
        "railway": null,
        "website": null,
        "phone": null,
        "address": null
      }
    },
    {
      "type": "Feature",
      "id": "node/281480053",
      "geometry": {
        "type": "Point",
        "coordinates": [
          0.0218339,
          51.5964063
        ]
      },
      "properties": {
        "id": "node/281480053",
        "osmType": "node",
        "osmId": 281480053,
        "name": "Southend Road",
        "category": "bus_stop",
        "categoryLabel": "Bus Stop",
        "amenity": null,
        "highway": "bus_stop",
        "tourism": null,
        "historic": null,
        "railway": null,
        "website": null,
        "phone": null,
        "address": null
      }
    },
    {
      "type": "Feature",
      "id": "node/298702963",
      "geometry": {
        "type": "Point",
        "coordinates": [
          0.0207591,
          51.6091055
        ]
      },
      "properties": {
        "id": "node/298702963",
        "osmType": "node",
        "osmId": 298702963,
        "name": "The Castle",
        "category": "pub",
        "categoryLabel": "Pub",
        "amenity": "pub",
        "highway": null,
        "tourism": null,
        "historic": null,
        "railway": null,
        "website": null,
        "phone": null,
        "address": null
      }
    },
    {
      "type": "Feature",
      "id": "node/434050871",
      "geometry": {
        "type": "Point",
        "coordinates": [
          0.0396133,
          51.6656129
        ]
      },
      "properties": {
        "id": "node/434050871",
        "osmType": "node",
        "osmId": 434050871,
        "name": "High Beach",
        "category": "picnic_site",
        "categoryLabel": "Picnic Site",
        "amenity": null,
        "highway": null,
        "tourism": "picnic_site",
        "historic": null,
        "railway": null,
        "website": null,
        "phone": null,
        "address": null
      }
    },
    {
      "type": "Feature",
      "id": "node/454971117",
      "geometry": {
        "type": "Point",
        "coordinates": [
          -0.0012715,
          51.6315216
        ]
      },
      "properties": {
        "id": "node/454971117",
        "osmType": "node",
        "osmId": 454971117,
        "name": "Chingford War Memorial",
        "category": "historic",
        "categoryLabel": "Historic Site",
        "amenity": null,
        "highway": null,
        "tourism": null,
        "historic": "memorial",
        "railway": null,
        "website": null,
        "phone": null,
        "address": null
      }
    },
    {
      "type": "Feature",
      "id": "node/469760122",
      "geometry": {
        "type": "Point",
        "coordinates": [
          0.0918324,
          51.5956903
        ]
      },
      "properties": {
        "id": "node/469760122",
        "osmType": "node",
        "osmId": 469760122,
        "name": "Fairlop Station",
        "category": "bus_stop",
        "categoryLabel": "Bus Stop",
        "amenity": null,
        "highway": "bus_stop",
        "tourism": null,
        "historic": null,
        "railway": null,
        "website": null,
        "phone": null,
        "address": null
      }
    },
    {
      "type": "Feature",
      "id": "node/469760123",
      "geometry": {
        "type": "Point",
        "coordinates": [
          0.0918256,
          51.5955727
        ]
      },
      "properties": {
        "id": "node/469760123",
        "osmType": "node",
        "osmId": 469760123,
        "name": "Fairlop Station",
        "category": "bus_stop",
        "categoryLabel": "Bus Stop",
        "amenity": null,
        "highway": "bus_stop",
        "tourism": null,
        "historic": null,
        "railway": null,
        "website": null,
        "phone": null,
        "address": null
      }
    },
    {
      "type": "Feature",
      "id": "node/469760200",
      "geometry": {
        "type": "Point",
        "coordinates": [
          0.0943775,
          51.6041468
        ]
      },
      "properties": {
        "id": "node/469760200",
        "osmType": "node",
        "osmId": 469760200,
        "name": "Hainault Station",
        "category": "bus_stop",
        "categoryLabel": "Bus Stop",
        "amenity": null,
        "highway": "bus_stop",
        "tourism": null,
        "historic": null,
        "railway": null,
        "website": null,
        "phone": null,
        "address": null
      }
    },
    {
      "type": "Feature",
      "id": "node/469760201",
      "geometry": {
        "type": "Point",
        "coordinates": [
          0.0948768,
          51.6043852
        ]
      },
      "properties": {
        "id": "node/469760201",
        "osmType": "node",
        "osmId": 469760201,
        "name": "Hainault Station",
        "category": "bus_stop",
        "categoryLabel": "Bus Stop",
        "amenity": null,
        "highway": "bus_stop",
        "tourism": null,
        "historic": null,
        "railway": null,
        "website": null,
        "phone": null,
        "address": null
      }
    },
    {
      "type": "Feature",
      "id": "node/469761035",
      "geometry": {
        "type": "Point",
        "coordinates": [
          0.0356068,
          51.6071365
        ]
      },
      "properties": {
        "id": "node/469761035",
        "osmType": "node",
        "osmId": 469761035,
        "name": "Woodford Station",
        "category": "bus_stop",
        "categoryLabel": "Bus Stop",
        "amenity": null,
        "highway": "bus_stop",
        "tourism": null,
        "historic": null,
        "railway": null,
        "website": null,
        "phone": null,
        "address": null
      }
    },
    {
      "type": "Feature",
      "id": "node/469761039",
      "geometry": {
        "type": "Point",
        "coordinates": [
          0.0362557,
          51.6081955
        ]
      },
      "properties": {
        "id": "node/469761039",
        "osmType": "node",
        "osmId": 469761039,
        "name": "Woodford Station",
        "category": "bus_stop",
        "categoryLabel": "Bus Stop",
        "amenity": null,
        "highway": "bus_stop",
        "tourism": null,
        "historic": null,
        "railway": null,
        "website": null,
        "phone": null,
        "address": null
      }
    },
    {
      "type": "Feature",
      "id": "node/469761042",
      "geometry": {
        "type": "Point",
        "coordinates": [
          0.0368191,
          51.6077692
        ]
      },
      "properties": {
        "id": "node/469761042",
        "osmType": "node",
        "osmId": 469761042,
        "name": "Woodford Station",
        "category": "bus_stop",
        "categoryLabel": "Bus Stop",
        "amenity": null,
        "highway": "bus_stop",
        "tourism": null,
        "historic": null,
        "railway": null,
        "website": null,
        "phone": null,
        "address": null
      }
    },
    {
      "type": "Feature",
      "id": "node/469761171",
      "geometry": {
        "type": "Point",
        "coordinates": [
          -0.0326844,
          51.6545622
        ]
      },
      "properties": {
        "id": "node/469761171",
        "osmType": "node",
        "osmId": 469761171,
        "name": "Brimsdown Station",
        "category": "bus_stop",
        "categoryLabel": "Bus Stop",
        "amenity": null,
        "highway": "bus_stop",
        "tourism": null,
        "historic": null,
        "railway": null,
        "website": null,
        "phone": null,
        "address": null
      }
    },
    {
      "type": "Feature",
      "id": "node/469761172",
      "geometry": {
        "type": "Point",
        "coordinates": [
          -0.0317842,
          51.6554906
        ]
      },
      "properties": {
        "id": "node/469761172",
        "osmType": "node",
        "osmId": 469761172,
        "name": "Brimsdown Station",
        "category": "bus_stop",
        "categoryLabel": "Bus Stop",
        "amenity": null,
        "highway": "bus_stop",
        "tourism": null,
        "historic": null,
        "railway": null,
        "website": null,
        "phone": null,
        "address": null
      }
    },
    {
      "type": "Feature",
      "id": "node/469761173",
      "geometry": {
        "type": "Point",
        "coordinates": [
          -0.0313363,
          51.6560526
        ]
      },
      "properties": {
        "id": "node/469761173",
        "osmType": "node",
        "osmId": 469761173,
        "name": "Brimsdown Station",
        "category": "bus_stop",
        "categoryLabel": "Bus Stop",
        "amenity": null,
        "highway": "bus_stop",
        "tourism": null,
        "historic": null,
        "railway": null,
        "website": null,
        "phone": null,
        "address": null
      }
    },
    {
      "type": "Feature",
      "id": "node/469761282",
      "geometry": {
        "type": "Point",
        "coordinates": [
          -0.027386,
          51.6710777
        ]
      },
      "properties": {
        "id": "node/469761282",
        "osmType": "node",
        "osmId": 469761282,
        "name": "Enfield Lock Station",
        "category": "bus_stop",
        "categoryLabel": "Bus Stop",
        "amenity": null,
        "highway": "bus_stop",
        "tourism": null,
        "historic": null,
        "railway": null,
        "website": null,
        "phone": null,
        "address": null
      }
    },
    {
      "type": "Feature",
      "id": "node/469761283",
      "geometry": {
        "type": "Point",
        "coordinates": [
          -0.0297961,
          51.6712945
        ]
      },
      "properties": {
        "id": "node/469761283",
        "osmType": "node",
        "osmId": 469761283,
        "name": "Enfield Lock Station",
        "category": "bus_stop",
        "categoryLabel": "Bus Stop",
        "amenity": null,
        "highway": "bus_stop",
        "tourism": null,
        "historic": null,
        "railway": null,
        "website": null,
        "phone": null,
        "address": null
      }
    },
    {
      "type": "Feature",
      "id": "node/469761284",
      "geometry": {
        "type": "Point",
        "coordinates": [
          -0.0282256,
          51.6704605
        ]
      },
      "properties": {
        "id": "node/469761284",
        "osmType": "node",
        "osmId": 469761284,
        "name": "Enfield Lock Station",
        "category": "bus_stop",
        "categoryLabel": "Bus Stop",
        "amenity": null,
        "highway": "bus_stop",
        "tourism": null,
        "historic": null,
        "railway": null,
        "website": null,
        "phone": null,
        "address": null
      }
    },
    {
      "type": "Feature",
      "id": "node/469761390",
      "geometry": {
        "type": "Point",
        "coordinates": [
          8.71e-05,
          51.6082235
        ]
      },
      "properties": {
        "id": "node/469761390",
        "osmType": "node",
        "osmId": 469761390,
        "name": "Highams Park Station",
        "category": "bus_stop",
        "categoryLabel": "Bus Stop",
        "amenity": null,
        "highway": "bus_stop",
        "tourism": null,
        "historic": null,
        "railway": null,
        "website": null,
        "phone": null,
        "address": null
      }
    },
    {
      "type": "Feature",
      "id": "node/469761391",
      "geometry": {
        "type": "Point",
        "coordinates": [
          0.0003285,
          51.6084767
        ]
      },
      "properties": {
        "id": "node/469761391",
        "osmType": "node",
        "osmId": 469761391,
        "name": "Highams Park Station",
        "category": "bus_stop",
        "categoryLabel": "Bus Stop",
        "amenity": null,
        "highway": "bus_stop",
        "tourism": null,
        "historic": null,
        "railway": null,
        "website": null,
        "phone": null,
        "address": null
      }
    },
    {
      "type": "Feature",
      "id": "node/469761854",
      "geometry": {
        "type": "Point",
        "coordinates": [
          0.0103639,
          51.6335156
        ]
      },
      "properties": {
        "id": "node/469761854",
        "osmType": "node",
        "osmId": 469761854,
        "name": "Chingford Station",
        "category": "bus_stop",
        "categoryLabel": "Bus Stop",
        "amenity": null,
        "highway": "bus_stop",
        "tourism": null,
        "historic": null,
        "railway": null,
        "website": null,
        "phone": null,
        "address": null
      }
    },
    {
      "type": "Feature",
      "id": "node/469761858",
      "geometry": {
        "type": "Point",
        "coordinates": [
          0.0099588,
          51.6335152
        ]
      },
      "properties": {
        "id": "node/469761858",
        "osmType": "node",
        "osmId": 469761858,
        "name": "Chingford Station",
        "category": "bus_stop",
        "categoryLabel": "Bus Stop",
        "amenity": null,
        "highway": "bus_stop",
        "tourism": null,
        "historic": null,
        "railway": null,
        "website": null,
        "phone": null,
        "address": null
      }
    },
    {
      "type": "Feature",
      "id": "node/469761859",
      "geometry": {
        "type": "Point",
        "coordinates": [
          0.0098569,
          51.6334437
        ]
      },
      "properties": {
        "id": "node/469761859",
        "osmType": "node",
        "osmId": 469761859,
        "name": "Chingford Station",
        "category": "bus_stop",
        "categoryLabel": "Bus Stop",
        "amenity": null,
        "highway": "bus_stop",
        "tourism": null,
        "historic": null,
        "railway": null,
        "website": null,
        "phone": null,
        "address": null
      }
    },
    {
      "type": "Feature",
      "id": "node/469761860",
      "geometry": {
        "type": "Point",
        "coordinates": [
          0.0100543,
          51.6337912
        ]
      },
      "properties": {
        "id": "node/469761860",
        "osmType": "node",
        "osmId": 469761860,
        "name": "Chingford Station",
        "category": "bus_stop",
        "categoryLabel": "Bus Stop",
        "amenity": null,
        "highway": "bus_stop",
        "tourism": null,
        "historic": null,
        "railway": null,
        "website": null,
        "phone": null,
        "address": null
      }
    },
    {
      "type": "Feature",
      "id": "node/469762640",
      "geometry": {
        "type": "Point",
        "coordinates": [
          -0.0172566,
          51.619818
        ]
      },
      "properties": {
        "id": "node/469762640",
        "osmType": "node",
        "osmId": 469762640,
        "name": "Alpha Road",
        "category": "bus_stop",
        "categoryLabel": "Bus Stop",
        "amenity": null,
        "highway": "bus_stop",
        "tourism": null,
        "historic": null,
        "railway": null,
        "website": null,
        "phone": null,
        "address": null
      }
    },
    {
      "type": "Feature",
      "id": "node/469762641",
      "geometry": {
        "type": "Point",
        "coordinates": [
          -0.016987,
          51.6202516
        ]
      },
      "properties": {
        "id": "node/469762641",
        "osmType": "node",
        "osmId": 469762641,
        "name": "Alpha Road",
        "category": "bus_stop",
        "categoryLabel": "Bus Stop",
        "amenity": null,
        "highway": "bus_stop",
        "tourism": null,
        "historic": null,
        "railway": null,
        "website": null,
        "phone": null,
        "address": null
      }
    },
    {
      "type": "Feature",
      "id": "node/469762683",
      "geometry": {
        "type": "Point",
        "coordinates": [
          -0.0120462,
          51.638477
        ]
      },
      "properties": {
        "id": "node/469762683",
        "osmType": "node",
        "osmId": 469762683,
        "name": "Amesbury Drive",
        "category": "bus_stop",
        "categoryLabel": "Bus Stop",
        "amenity": null,
        "highway": "bus_stop",
        "tourism": null,
        "historic": null,
        "railway": null,
        "website": null,
        "phone": null,
        "address": null
      }
    },
    {
      "type": "Feature",
      "id": "node/469762684",
      "geometry": {
        "type": "Point",
        "coordinates": [
          -0.0122745,
          51.6374555
        ]
      },
      "properties": {
        "id": "node/469762684",
        "osmType": "node",
        "osmId": 469762684,
        "name": "Amesbury Drive",
        "category": "bus_stop",
        "categoryLabel": "Bus Stop",
        "amenity": null,
        "highway": "bus_stop",
        "tourism": null,
        "historic": null,
        "railway": null,
        "website": null,
        "phone": null,
        "address": null
      }
    },
    {
      "type": "Feature",
      "id": "node/469762748",
      "geometry": {
        "type": "Point",
        "coordinates": [
          -0.0086123,
          51.6453077
        ]
      },
      "properties": {
        "id": "node/469762748",
        "osmType": "node",
        "osmId": 469762748,
        "name": "Hail & Ride Antlers Hill",
        "category": "bus_stop",
        "categoryLabel": "Bus Stop",
        "amenity": null,
        "highway": "bus_stop",
        "tourism": null,
        "historic": null,
        "railway": null,
        "website": null,
        "phone": null,
        "address": null
      }
    },
    {
      "type": "Feature",
      "id": "node/469762809",
      "geometry": {
        "type": "Point",
        "coordinates": [
          -0.0333965,
          51.6821684
        ]
      },
      "properties": {
        "id": "node/469762809",
        "osmType": "node",
        "osmId": 469762809,
        "name": "Arlington Crescent",
        "category": "bus_stop",
        "categoryLabel": "Bus Stop",
        "amenity": null,
        "highway": "bus_stop",
        "tourism": null,
        "historic": null,
        "railway": null,
        "website": null,
        "phone": null,
        "address": null
      }
    },
    {
      "type": "Feature",
      "id": "node/469762810",
      "geometry": {
        "type": "Point",
        "coordinates": [
          -0.0338387,
          51.6810903
        ]
      },
      "properties": {
        "id": "node/469762810",
        "osmType": "node",
        "osmId": 469762810,
        "name": "Bullsmoor Lane / Mollison Avenue",
        "category": "bus_stop",
        "categoryLabel": "Bus Stop",
        "amenity": null,
        "highway": "bus_stop",
        "tourism": null,
        "historic": null,
        "railway": null,
        "website": null,
        "phone": null,
        "address": null
      }
    },
    {
      "type": "Feature",
      "id": "node/469763132",
      "geometry": {
        "type": "Point",
        "coordinates": [
          0.0261048,
          51.618814
        ]
      },
      "properties": {
        "id": "node/469763132",
        "osmType": "node",
        "osmId": 469763132,
        "name": "Bancroft's School",
        "category": "bus_stop",
        "categoryLabel": "Bus Stop",
        "amenity": null,
        "highway": "bus_stop",
        "tourism": null,
        "historic": null,
        "railway": null,
        "website": null,
        "phone": null,
        "address": null
      }
    },
    {
      "type": "Feature",
      "id": "node/469763133",
      "geometry": {
        "type": "Point",
        "coordinates": [
          0.0260154,
          51.6187055
        ]
      },
      "properties": {
        "id": "node/469763133",
        "osmType": "node",
        "osmId": 469763133,
        "name": "Bancroft's School",
        "category": "bus_stop",
        "categoryLabel": "Bus Stop",
        "amenity": null,
        "highway": "bus_stop",
        "tourism": null,
        "historic": null,
        "railway": null,
        "website": null,
        "phone": null,
        "address": null
      }
    },
    {
      "type": "Feature",
      "id": "node/469763305",
      "geometry": {
        "type": "Point",
        "coordinates": [
          -0.0310646,
          51.6654875
        ]
      },
      "properties": {
        "id": "node/469763305",
        "osmType": "node",
        "osmId": 469763305,
        "name": "Castle Road",
        "category": "bus_stop",
        "categoryLabel": "Bus Stop",
        "amenity": null,
        "highway": "bus_stop",
        "tourism": null,
        "historic": null,
        "railway": null,
        "website": null,
        "phone": null,
        "address": null
      }
    },
    {
      "type": "Feature",
      "id": "node/469763306",
      "geometry": {
        "type": "Point",
        "coordinates": [
          -0.0320383,
          51.6653643
        ]
      },
      "properties": {
        "id": "node/469763306",
        "osmType": "node",
        "osmId": 469763306,
        "name": "Castle Road",
        "category": "bus_stop",
        "categoryLabel": "Bus Stop",
        "amenity": null,
        "highway": "bus_stop",
        "tourism": null,
        "historic": null,
        "railway": null,
        "website": null,
        "phone": null,
        "address": null
      }
    },
    {
      "type": "Feature",
      "id": "node/469763439",
      "geometry": {
        "type": "Point",
        "coordinates": [
          0.0996756,
          51.6054744
        ]
      },
      "properties": {
        "id": "node/469763439",
        "osmType": "node",
        "osmId": 469763439,
        "name": "Beech Grove",
        "category": "bus_stop",
        "categoryLabel": "Bus Stop",
        "amenity": null,
        "highway": "bus_stop",
        "tourism": null,
        "historic": null,
        "railway": null,
        "website": null,
        "phone": null,
        "address": null
      }
    },
    {
      "type": "Feature",
      "id": "node/469763440",
      "geometry": {
        "type": "Point",
        "coordinates": [
          0.0994227,
          51.6053064
        ]
      },
      "properties": {
        "id": "node/469763440",
        "osmType": "node",
        "osmId": 469763440,
        "name": "Beech Grove",
        "category": "bus_stop",
        "categoryLabel": "Bus Stop",
        "amenity": null,
        "highway": "bus_stop",
        "tourism": null,
        "historic": null,
        "railway": null,
        "website": null,
        "phone": null,
        "address": null
      }
    },
    {
      "type": "Feature",
      "id": "node/469763488",
      "geometry": {
        "type": "Point",
        "coordinates": [
          0.0496945,
          51.6053288
        ]
      },
      "properties": {
        "id": "node/469763488",
        "osmType": "node",
        "osmId": 469763488,
        "name": "Ashton Playing Fields",
        "category": "bus_stop",
        "categoryLabel": "Bus Stop",
        "amenity": null,
        "highway": "bus_stop",
        "tourism": null,
        "historic": null,
        "railway": null,
        "website": null,
        "phone": null,
        "address": null
      }
    },
    {
      "type": "Feature",
      "id": "node/469763645",
      "geometry": {
        "type": "Point",
        "coordinates": [
          -0.0094919,
          51.6459985
        ]
      },
      "properties": {
        "id": "node/469763645",
        "osmType": "node",
        "osmId": 469763645,
        "name": "Hail & Ride Boardman Avenue",
        "category": "bus_stop",
        "categoryLabel": "Bus Stop",
        "amenity": null,
        "highway": "bus_stop",
        "tourism": null,
        "historic": null,
        "railway": null,
        "website": null,
        "phone": null,
        "address": null
      }
    },
    {
      "type": "Feature",
      "id": "node/469763987",
      "geometry": {
        "type": "Point",
        "coordinates": [
          0.0721392,
          51.5961006
        ]
      },
      "properties": {
        "id": "node/469763987",
        "osmType": "node",
        "osmId": 469763987,
        "name": "Basildon Avenue",
        "category": "bus_stop",
        "categoryLabel": "Bus Stop",
        "amenity": null,
        "highway": "bus_stop",
        "tourism": null,
        "historic": null,
        "railway": null,
        "website": null,
        "phone": null,
        "address": null
      }
    },
    {
      "type": "Feature",
      "id": "node/469764128",
      "geometry": {
        "type": "Point",
        "coordinates": [
          0.0456975,
          51.6028356
        ]
      },
      "properties": {
        "id": "node/469764128",
        "osmType": "node",
        "osmId": 469764128,
        "name": "Beaumaris Drive",
        "category": "bus_stop",
        "categoryLabel": "Bus Stop",
        "amenity": null,
        "highway": "bus_stop",
        "tourism": null,
        "historic": null,
        "railway": null,
        "website": null,
        "phone": null,
        "address": null
      }
    },
    {
      "type": "Feature",
      "id": "node/469764129",
      "geometry": {
        "type": "Point",
        "coordinates": [
          0.0446187,
          51.6016844
        ]
      },
      "properties": {
        "id": "node/469764129",
        "osmType": "node",
        "osmId": 469764129,
        "name": "Beaumaris Drive",
        "category": "bus_stop",
        "categoryLabel": "Bus Stop",
        "amenity": null,
        "highway": "bus_stop",
        "tourism": null,
        "historic": null,
        "railway": null,
        "website": null,
        "phone": null,
        "address": null
      }
    },
    {
      "type": "Feature",
      "id": "node/469764161",
      "geometry": {
        "type": "Point",
        "coordinates": [
          0.0435864,
          51.6011123
        ]
      },
      "properties": {
        "id": "node/469764161",
        "osmType": "node",
        "osmId": 469764161,
        "name": "Chigwell Road / Broadmead Road",
        "category": "bus_stop",
        "categoryLabel": "Bus Stop",
        "amenity": null,
        "highway": "bus_stop",
        "tourism": null,
        "historic": null,
        "railway": null,
        "website": null,
        "phone": null,
        "address": null
      }
    },
    {
      "type": "Feature",
      "id": "node/469764228",
      "geometry": {
        "type": "Point",
        "coordinates": [
          -0.0288109,
          51.6535152
        ]
      },
      "properties": {
        "id": "node/469764228",
        "osmType": "node",
        "osmId": 469764228,
        "name": "Jeffreys Road",
        "category": "bus_stop",
        "categoryLabel": "Bus Stop",
        "amenity": null,
        "highway": "bus_stop",
        "tourism": null,
        "historic": null,
        "railway": null,
        "website": null,
        "phone": null,
        "address": null
      }
    },
    {
      "type": "Feature",
      "id": "node/469764229",
      "geometry": {
        "type": "Point",
        "coordinates": [
          -0.0288418,
          51.6523439
        ]
      },
      "properties": {
        "id": "node/469764229",
        "osmType": "node",
        "osmId": 469764229,
        "name": "Jeffreys Road",
        "category": "bus_stop",
        "categoryLabel": "Bus Stop",
        "amenity": null,
        "highway": "bus_stop",
        "tourism": null,
        "historic": null,
        "railway": null,
        "website": null,
        "phone": null,
        "address": null
      }
    },
    {
      "type": "Feature",
      "id": "node/469764340",
      "geometry": {
        "type": "Point",
        "coordinates": [
          -0.0153494,
          51.5979199
        ]
      },
      "properties": {
        "id": "node/469764340",
        "osmType": "node",
        "osmId": 469764340,
        "name": "Brettenham Road",
        "category": "bus_stop",
        "categoryLabel": "Bus Stop",
        "amenity": null,
        "highway": "bus_stop",
        "tourism": null,
        "historic": null,
        "railway": null,
        "website": null,
        "phone": null,
        "address": null
      }
    },
    {
      "type": "Feature",
      "id": "node/469764686",
      "geometry": {
        "type": "Point",
        "coordinates": [
          0.0790808,
          51.5988129
        ]
      },
      "properties": {
        "id": "node/469764686",
        "osmType": "node",
        "osmId": 469764686,
        "name": "Benrek Close",
        "category": "bus_stop",
        "categoryLabel": "Bus Stop",
        "amenity": null,
        "highway": "bus_stop",
        "tourism": null,
        "historic": null,
        "railway": null,
        "website": null,
        "phone": null,
        "address": null
      }
    },
    {
      "type": "Feature",
      "id": "node/469764891",
      "geometry": {
        "type": "Point",
        "coordinates": [
          0.0010782,
          51.6070488
        ]
      },
      "properties": {
        "id": "node/469764891",
        "osmType": "node",
        "osmId": 469764891,
        "name": "Beverley Road",
        "category": "bus_stop",
        "categoryLabel": "Bus Stop",
        "amenity": null,
        "highway": "bus_stop",
        "tourism": null,
        "historic": null,
        "railway": null,
        "website": null,
        "phone": null,
        "address": null
      }
    },
    {
      "type": "Feature",
      "id": "node/469764894",
      "geometry": {
        "type": "Point",
        "coordinates": [
          0.0423648,
          51.6002064
        ]
      },
      "properties": {
        "id": "node/469764894",
        "osmType": "node",
        "osmId": 469764894,
        "name": "Broadmead Road",
        "category": "bus_stop",
        "categoryLabel": "Bus Stop",
        "amenity": null,
        "highway": "bus_stop",
        "tourism": null,
        "historic": null,
        "railway": null,
        "website": null,
        "phone": null,
        "address": null
      }
    },
    {
      "type": "Feature",
      "id": "node/469764895",
      "geometry": {
        "type": "Point",
        "coordinates": [
          0.042291,
          51.6010415
        ]
      },
      "properties": {
        "id": "node/469764895",
        "osmType": "node",
        "osmId": 469764895,
        "name": "Broadmead Road / Chigwell Road",
        "category": "bus_stop",
        "categoryLabel": "Bus Stop",
        "amenity": null,
        "highway": "bus_stop",
        "tourism": null,
        "historic": null,
        "railway": null,
        "website": null,
        "phone": null,
        "address": null
      }
    },
    {
      "type": "Feature",
      "id": "node/469764896",
      "geometry": {
        "type": "Point",
        "coordinates": [
          0.0346249,
          51.6023001
        ]
      },
      "properties": {
        "id": "node/469764896",
        "osmType": "node",
        "osmId": 469764896,
        "name": "Broadmead Road",
        "category": "bus_stop",
        "categoryLabel": "Bus Stop",
        "amenity": null,
        "highway": "bus_stop",
        "tourism": null,
        "historic": null,
        "railway": null,
        "website": null,
        "phone": null,
        "address": null
      }
    },
    {
      "type": "Feature",
      "id": "node/469764897",
      "geometry": {
        "type": "Point",
        "coordinates": [
          0.0347282,
          51.6019802
        ]
      },
      "properties": {
        "id": "node/469764897",
        "osmType": "node",
        "osmId": 469764897,
        "name": "Broadmead Road",
        "category": "bus_stop",
        "categoryLabel": "Bus Stop",
        "amenity": null,
        "highway": "bus_stop",
        "tourism": null,
        "historic": null,
        "railway": null,
        "website": null,
        "phone": null,
        "address": null
      }
    },
    {
      "type": "Feature",
      "id": "node/469764910",
      "geometry": {
        "type": "Point",
        "coordinates": [
          0.1172861,
          51.6160334
        ]
      },
      "properties": {
        "id": "node/469764910",
        "osmType": "node",
        "osmId": 469764910,
        "name": "Brocket Way Hainault",
        "category": "bus_stop",
        "categoryLabel": "Bus Stop",
        "amenity": null,
        "highway": "bus_stop",
        "tourism": null,
        "historic": null,
        "railway": null,
        "website": null,
        "phone": null,
        "address": null
      }
    },
    {
      "type": "Feature",
      "id": "node/469764911",
      "geometry": {
        "type": "Point",
        "coordinates": [
          0.1169525,
          51.6157206
        ]
      },
      "properties": {
        "id": "node/469764911",
        "osmType": "node",
        "osmId": 469764911,
        "name": "Brocket Way Hainault",
        "category": "bus_stop",
        "categoryLabel": "Bus Stop",
        "amenity": null,
        "highway": "bus_stop",
        "tourism": null,
        "historic": null,
        "railway": null,
        "website": null,
        "phone": null,
        "address": null
      }
    },
    {
      "type": "Feature",
      "id": "node/469764912",
      "geometry": {
        "type": "Point",
        "coordinates": [
          0.095444,
          51.6124176
        ]
      },
      "properties": {
        "id": "node/469764912",
        "osmType": "node",
        "osmId": 469764912,
        "name": "Brocket Way Grange Hill",
        "category": "bus_stop",
        "categoryLabel": "Bus Stop",
        "amenity": null,
        "highway": "bus_stop",
        "tourism": null,
        "historic": null,
        "railway": null,
        "website": null,
        "phone": null,
        "address": null
      }
    },
    {
      "type": "Feature",
      "id": "node/469764914",
      "geometry": {
        "type": "Point",
        "coordinates": [
          0.0949496,
          51.6128158
        ]
      },
      "properties": {
        "id": "node/469764914",
        "osmType": "node",
        "osmId": 469764914,
        "name": "Brocket Way Grange Hill",
        "category": "bus_stop",
        "categoryLabel": "Bus Stop",
        "amenity": null,
        "highway": "bus_stop",
        "tourism": null,
        "historic": null,
        "railway": null,
        "website": null,
        "phone": null,
        "address": null
      }
    },
    {
      "type": "Feature",
      "id": "node/469765128",
      "geometry": {
        "type": "Point",
        "coordinates": [
          -0.0298649,
          51.6569991
        ]
      },
      "properties": {
        "id": "node/469765128",
        "osmType": "node",
        "osmId": 469765128,
        "name": "Green Street / Brimsdown Station",
        "category": "bus_stop",
        "categoryLabel": "Bus Stop",
        "amenity": null,
        "highway": "bus_stop",
        "tourism": null,
        "historic": null,
        "railway": null,
        "website": null,
        "phone": null,
        "address": null
      }
    },
    {
      "type": "Feature",
      "id": "node/469765129",
      "geometry": {
        "type": "Point",
        "coordinates": [
          -0.0289721,
          51.655492
        ]
      },
      "properties": {
        "id": "node/469765129",
        "osmType": "node",
        "osmId": 469765129,
        "name": "Green Street / Brimsdown Station",
        "category": "bus_stop",
        "categoryLabel": "Bus Stop",
        "amenity": null,
        "highway": "bus_stop",
        "tourism": null,
        "historic": null,
        "railway": null,
        "website": null,
        "phone": null,
        "address": null
      }
    },
    {
      "type": "Feature",
      "id": "node/469765271",
      "geometry": {
        "type": "Point",
        "coordinates": [
          -0.0154154,
          51.6686013
        ]
      },
      "properties": {
        "id": "node/469765271",
        "osmType": "node",
        "osmId": 469765271,
        "name": "Canal Side Walk",
        "category": "bus_stop",
        "categoryLabel": "Bus Stop",
        "amenity": null,
        "highway": "bus_stop",
        "tourism": null,
        "historic": null,
        "railway": null,
        "website": null,
        "phone": null,
        "address": null
      }
    },
    {
      "type": "Feature",
      "id": "node/469765273",
      "geometry": {
        "type": "Point",
        "coordinates": [
          -0.0154555,
          51.6679266
        ]
      },
      "properties": {
        "id": "node/469765273",
        "osmType": "node",
        "osmId": 469765273,
        "name": "Canal Side Walk",
        "category": "bus_stop",
        "categoryLabel": "Bus Stop",
        "amenity": null,
        "highway": "bus_stop",
        "tourism": null,
        "historic": null,
        "railway": null,
        "website": null,
        "phone": null,
        "address": null
      }
    },
    {
      "type": "Feature",
      "id": "node/469765656",
      "geometry": {
        "type": "Point",
        "coordinates": [
          0.0601691,
          51.6067996
        ]
      },
      "properties": {
        "id": "node/469765656",
        "osmType": "node",
        "osmId": 469765656,
        "name": "Cross Road",
        "category": "bus_stop",
        "categoryLabel": "Bus Stop",
        "amenity": null,
        "highway": "bus_stop",
        "tourism": null,
        "historic": null,
        "railway": null,
        "website": null,
        "phone": null,
        "address": null
      }
    },
    {
      "type": "Feature",
      "id": "node/469765722",
      "geometry": {
        "type": "Point",
        "coordinates": [
          -0.0226331,
          51.6168881
        ]
      },
      "properties": {
        "id": "node/469765722",
        "osmType": "node",
        "osmId": 469765722,
        "name": "Chase Lane School",
        "category": "bus_stop",
        "categoryLabel": "Bus Stop",
        "amenity": null,
        "highway": "bus_stop",
        "tourism": null,
        "historic": null,
        "railway": null,
        "website": null,
        "phone": null,
        "address": null
      }
    },
    {
      "type": "Feature",
      "id": "node/469765723",
      "geometry": {
        "type": "Point",
        "coordinates": [
          -0.0232616,
          51.6168388
        ]
      },
      "properties": {
        "id": "node/469765723",
        "osmType": "node",
        "osmId": 469765723,
        "name": "Chase Lane School",
        "category": "bus_stop",
        "categoryLabel": "Bus Stop",
        "amenity": null,
        "highway": "bus_stop",
        "tourism": null,
        "historic": null,
        "railway": null,
        "website": null,
        "phone": null,
        "address": null
      }
    },
    {
      "type": "Feature",
      "id": "node/469765752",
      "geometry": {
        "type": "Point",
        "coordinates": [
          0.0127732,
          51.5993767
        ]
      },
      "properties": {
        "id": "node/469765752",
        "osmType": "node",
        "osmId": 469765752,
        "name": "Chelmsford Road",
        "category": "bus_stop",
        "categoryLabel": "Bus Stop",
        "amenity": null,
        "highway": "bus_stop",
        "tourism": null,
        "historic": null,
        "railway": null,
        "website": null,
        "phone": null,
        "address": null
      }
    },
    {
      "type": "Feature",
      "id": "node/469765753",
      "geometry": {
        "type": "Point",
        "coordinates": [
          0.0131149,
          51.599528
        ]
      },
      "properties": {
        "id": "node/469765753",
        "osmType": "node",
        "osmId": 469765753,
        "name": "Chelmsford Road",
        "category": "bus_stop",
        "categoryLabel": "Bus Stop",
        "amenity": null,
        "highway": "bus_stop",
        "tourism": null,
        "historic": null,
        "railway": null,
        "website": null,
        "phone": null,
        "address": null
      }
    },
    {
      "type": "Feature",
      "id": "node/469766012",
      "geometry": {
        "type": "Point",
        "coordinates": [
          0.0467074,
          51.6054007
        ]
      },
      "properties": {
        "id": "node/469766012",
        "osmType": "node",
        "osmId": 469766012,
        "name": "Chigwell Road",
        "category": "bus_stop",
        "categoryLabel": "Bus Stop",
        "amenity": null,
        "highway": "bus_stop",
        "tourism": null,
        "historic": null,
        "railway": null,
        "website": null,
        "phone": null,
        "address": null
      }
    },
    {
      "type": "Feature",
      "id": "node/469766023",
      "geometry": {
        "type": "Point",
        "coordinates": [
          0.0087809,
          51.6198372
        ]
      },
      "properties": {
        "id": "node/469766023",
        "osmType": "node",
        "osmId": 469766023,
        "name": "Chingdale Road",
        "category": "bus_stop",
        "categoryLabel": "Bus Stop",
        "amenity": null,
        "highway": "bus_stop",
        "tourism": null,
        "historic": null,
        "railway": null,
        "website": null,
        "phone": null,
        "address": null
      }
    },
    {
      "type": "Feature",
      "id": "node/469766024",
      "geometry": {
        "type": "Point",
        "coordinates": [
          -0.0141867,
          51.6260674
        ]
      },
      "properties": {
        "id": "node/469766024",
        "osmType": "node",
        "osmId": 469766024,
        "name": "Ridgeway Park",
        "category": "bus_stop",
        "categoryLabel": "Bus Stop",
        "amenity": null,
        "highway": "bus_stop",
        "tourism": null,
        "historic": null,
        "railway": null,
        "website": null,
        "phone": null,
        "address": null
      }
    },
    {
      "type": "Feature",
      "id": "node/469766025",
      "geometry": {
        "type": "Point",
        "coordinates": [
          -0.0147148,
          51.6255547
        ]
      },
      "properties": {
        "id": "node/469766025",
        "osmType": "node",
        "osmId": 469766025,
        "name": "Ridgeway Park",
        "category": "bus_stop",
        "categoryLabel": "Bus Stop",
        "amenity": null,
        "highway": "bus_stop",
        "tourism": null,
        "historic": null,
        "railway": null,
        "website": null,
        "phone": null,
        "address": null
      }
    },
    {
      "type": "Feature",
      "id": "node/469766026",
      "geometry": {
        "type": "Point",
        "coordinates": [
          -0.0107071,
          51.6236144
        ]
      },
      "properties": {
        "id": "node/469766026",
        "osmType": "node",
        "osmId": 469766026,
        "name": "Hail & Ride Retingham Way",
        "category": "bus_stop",
        "categoryLabel": "Bus Stop",
        "amenity": null,
        "highway": "bus_stop",
        "tourism": null,
        "historic": null,
        "railway": null,
        "website": null,
        "phone": null,
        "address": null
      }
    },
    {
      "type": "Feature",
      "id": "node/469766027",
      "geometry": {
        "type": "Point",
        "coordinates": [
          -0.0107776,
          51.6234997
        ]
      },
      "properties": {
        "id": "node/469766027",
        "osmType": "node",
        "osmId": 469766027,
        "name": "Hail & Ride Retingham Way",
        "category": "bus_stop",
        "categoryLabel": "Bus Stop",
        "amenity": null,
        "highway": "bus_stop",
        "tourism": null,
        "historic": null,
        "railway": null,
        "website": null,
        "phone": null,
        "address": null
      }
    },
    {
      "type": "Feature",
      "id": "node/469766028",
      "geometry": {
        "type": "Point",
        "coordinates": [
          -0.0040213,
          51.6296249
        ]
      },
      "properties": {
        "id": "node/469766028",
        "osmType": "node",
        "osmId": 469766028,
        "name": "Chingford Fire Station",
        "category": "bus_stop",
        "categoryLabel": "Bus Stop",
        "amenity": null,
        "highway": "bus_stop",
        "tourism": null,
        "historic": null,
        "railway": null,
        "website": null,
        "phone": null,
        "address": null
      }
    },
    {
      "type": "Feature",
      "id": "node/469766029",
      "geometry": {
        "type": "Point",
        "coordinates": [
          -0.0038781,
          51.629576
        ]
      },
      "properties": {
        "id": "node/469766029",
        "osmType": "node",
        "osmId": 469766029,
        "name": "Chingford Fire Station",
        "category": "bus_stop",
        "categoryLabel": "Bus Stop",
        "amenity": null,
        "highway": "bus_stop",
        "tourism": null,
        "historic": null,
        "railway": null,
        "website": null,
        "phone": null,
        "address": null
      }
    },
    {
      "type": "Feature",
      "id": "node/469766030",
      "geometry": {
        "type": "Point",
        "coordinates": [
          5.37e-05,
          51.6312625
        ]
      },
      "properties": {
        "id": "node/469766030",
        "osmType": "node",
        "osmId": 469766030,
        "name": "Chingford Green",
        "category": "bus_stop",
        "categoryLabel": "Bus Stop",
        "amenity": null,
        "highway": "bus_stop",
        "tourism": null,
        "historic": null,
        "railway": null,
        "website": null,
        "phone": null,
        "address": null
      }
    },
    {
      "type": "Feature",
      "id": "node/469766031",
      "geometry": {
        "type": "Point",
        "coordinates": [
          -0.025088,
          51.6094287
        ]
      },
      "properties": {
        "id": "node/469766031",
        "osmType": "node",
        "osmId": 469766031,
        "name": "Chingford Hall Estate",
        "category": "bus_stop",
        "categoryLabel": "Bus Stop",
        "amenity": null,
        "highway": "bus_stop",
        "tourism": null,
        "historic": null,
        "railway": null,
        "website": null,
        "phone": null,
        "address": null
      }
    },
    {
      "type": "Feature",
      "id": "node/469766032",
      "geometry": {
        "type": "Point",
        "coordinates": [
          0.0063017,
          51.6188433
        ]
      },
      "properties": {
        "id": "node/469766032",
        "osmType": "node",
        "osmId": 469766032,
        "name": "Hatch Lane",
        "category": "bus_stop",
        "categoryLabel": "Bus Stop",
        "amenity": null,
        "highway": "bus_stop",
        "tourism": null,
        "historic": null,
        "railway": null,
        "website": null,
        "phone": null,
        "address": null
      }
    },
    {
      "type": "Feature",
      "id": "node/469766033",
      "geometry": {
        "type": "Point",
        "coordinates": [
          0.0039968,
          51.6188236
        ]
      },
      "properties": {
        "id": "node/469766033",
        "osmType": "node",
        "osmId": 469766033,
        "name": "Hatch Lane",
        "category": "bus_stop",
        "categoryLabel": "Bus Stop",
        "amenity": null,
        "highway": "bus_stop",
        "tourism": null,
        "historic": null,
        "railway": null,
        "website": null,
        "phone": null,
        "address": null
      }
    },
    {
      "type": "Feature",
      "id": "node/469766034",
      "geometry": {
        "type": "Point",
        "coordinates": [
          -0.0003971,
          51.6202847
        ]
      },
      "properties": {
        "id": "node/469766034",
        "osmType": "node",
        "osmId": 469766034,
        "name": "Silverthorn Centre",
        "category": "bus_stop",
        "categoryLabel": "Bus Stop",
        "amenity": null,
        "highway": "bus_stop",
        "tourism": null,
        "historic": null,
        "railway": null,
        "website": null,
        "phone": null,
        "address": null
      }
    },
    {
      "type": "Feature",
      "id": "node/469766035",
      "geometry": {
        "type": "Point",
        "coordinates": [
          0.0190427,
          51.6104015
        ]
      },
      "properties": {
        "id": "node/469766035",
        "osmType": "node",
        "osmId": 469766035,
        "name": "Mill Lane",
        "category": "bus_stop",
        "categoryLabel": "Bus Stop",
        "amenity": null,
        "highway": "bus_stop",
        "tourism": null,
        "historic": null,
        "railway": null,
        "website": null,
        "phone": null,
        "address": null
      }
    },
    {
      "type": "Feature",
      "id": "node/469766036",
      "geometry": {
        "type": "Point",
        "coordinates": [
          0.0192819,
          51.6096152
        ]
      },
      "properties": {
        "id": "node/469766036",
        "osmType": "node",
        "osmId": 469766036,
        "name": "Mill Lane",
        "category": "bus_stop",
        "categoryLabel": "Bus Stop",
        "amenity": null,
        "highway": "bus_stop",
        "tourism": null,
        "historic": null,
        "railway": null,
        "website": null,
        "phone": null,
        "address": null
      }
    },
    {
      "type": "Feature",
      "id": "node/469766038",
      "geometry": {
        "type": "Point",
        "coordinates": [
          0.0198462,
          51.607022
        ]
      },
      "properties": {
        "id": "node/469766038",
        "osmType": "node",
        "osmId": 469766038,
        "name": "Chingford Lane",
        "category": "bus_stop",
        "categoryLabel": "Bus Stop",
        "amenity": null,
        "highway": "bus_stop",
        "tourism": null,
        "historic": null,
        "railway": null,
        "website": null,
        "phone": null,
        "address": null
      }
    },
    {
      "type": "Feature",
      "id": "node/469766096",
      "geometry": {
        "type": "Point",
        "coordinates": [
          -0.034101,
          51.6784501
        ]
      },
      "properties": {
        "id": "node/469766096",
        "osmType": "node",
        "osmId": 469766096,
        "name": "Bullsmoor Lane",
        "category": "bus_stop",
        "categoryLabel": "Bus Stop",
        "amenity": null,
        "highway": "bus_stop",
        "tourism": null,
        "historic": null,
        "railway": null,
        "website": null,
        "phone": null,
        "address": null
      }
    },
    {
      "type": "Feature",
      "id": "node/469766189",
      "geometry": {
        "type": "Point",
        "coordinates": [
          0.0441779,
          51.6157852
        ]
      },
      "properties": {
        "id": "node/469766189",
        "osmType": "node",
        "osmId": 469766189,
        "name": "Bush Road",
        "category": "bus_stop",
        "categoryLabel": "Bus Stop",
        "amenity": null,
        "highway": "bus_stop",
        "tourism": null,
        "historic": null,
        "railway": null,
        "website": null,
        "phone": null,
        "address": null
      }
    },
    {
      "type": "Feature",
      "id": "node/469766190",
      "geometry": {
        "type": "Point",
        "coordinates": [
          0.0444864,
          51.6157512
        ]
      },
      "properties": {
        "id": "node/469766190",
        "osmType": "node",
        "osmId": 469766190,
        "name": "Bush Road",
        "category": "bus_stop",
        "categoryLabel": "Bus Stop",
        "amenity": null,
        "highway": "bus_stop",
        "tourism": null,
        "historic": null,
        "railway": null,
        "website": null,
        "phone": null,
        "address": null
      }
    },
    {
      "type": "Feature",
      "id": "node/469766202",
      "geometry": {
        "type": "Point",
        "coordinates": [
          0.0055984,
          51.6320612
        ]
      },
      "properties": {
        "id": "node/469766202",
        "osmType": "node",
        "osmId": 469766202,
        "name": "Buxton Road",
        "category": "bus_stop",
        "categoryLabel": "Bus Stop",
        "amenity": null,
        "highway": "bus_stop",
        "tourism": null,
        "historic": null,
        "railway": null,
        "website": null,
        "phone": null,
        "address": null
      }
    },
    {
      "type": "Feature",
      "id": "node/469766226",
      "geometry": {
        "type": "Point",
        "coordinates": [
          0.0713635,
          51.5963785
        ]
      },
      "properties": {
        "id": "node/469766226",
        "osmType": "node",
        "osmId": 469766226,
        "name": "Calne Avenue",
        "category": "bus_stop",
        "categoryLabel": "Bus Stop",
        "amenity": null,
        "highway": "bus_stop",
        "tourism": null,
        "historic": null,
        "railway": null,
        "website": null,
        "phone": null,
        "address": null
      }
    },
    {
      "type": "Feature",
      "id": "node/469766318",
      "geometry": {
        "type": "Point",
        "coordinates": [
          0.0684808,
          51.5969171
        ]
      },
      "properties": {
        "id": "node/469766318",
        "osmType": "node",
        "osmId": 469766318,
        "name": "Caterham Avenue",
        "category": "bus_stop",
        "categoryLabel": "Bus Stop",
        "amenity": null,
        "highway": "bus_stop",
        "tourism": null,
        "historic": null,
        "railway": null,
        "website": null,
        "phone": null,
        "address": null
      }
    },
    {
      "type": "Feature",
      "id": "node/469766319",
      "geometry": {
        "type": "Point",
        "coordinates": [
          0.0687705,
          51.5967431
        ]
      },
      "properties": {
        "id": "node/469766319",
        "osmType": "node",
        "osmId": 469766319,
        "name": "Caterham Avenue",
        "category": "bus_stop",
        "categoryLabel": "Bus Stop",
        "amenity": null,
        "highway": "bus_stop",
        "tourism": null,
        "historic": null,
        "railway": null,
        "website": null,
        "phone": null,
        "address": null
      }
    },
    {
      "type": "Feature",
      "id": "node/469766337",
      "geometry": {
        "type": "Point",
        "coordinates": [
          -0.031269,
          51.6712713
        ]
      },
      "properties": {
        "id": "node/469766337",
        "osmType": "node",
        "osmId": 469766337,
        "name": "Malvern Road",
        "category": "bus_stop",
        "categoryLabel": "Bus Stop",
        "amenity": null,
        "highway": "bus_stop",
        "tourism": null,
        "historic": null,
        "railway": null,
        "website": null,
        "phone": null,
        "address": null
      }
    },
    {
      "type": "Feature",
      "id": "node/469766342",
      "geometry": {
        "type": "Point",
        "coordinates": [
          -0.0177949,
          51.6708595
        ]
      },
      "properties": {
        "id": "node/469766342",
        "osmType": "node",
        "osmId": 469766342,
        "name": "Causeway Bridge / River Lee",
        "category": "bus_stop",
        "categoryLabel": "Bus Stop",
        "amenity": null,
        "highway": "bus_stop",
        "tourism": null,
        "historic": null,
        "railway": null,
        "website": null,
        "phone": null,
        "address": null
      }
    },
    {
      "type": "Feature",
      "id": "node/469766343",
      "geometry": {
        "type": "Point",
        "coordinates": [
          -0.0181023,
          51.6707774
        ]
      },
      "properties": {
        "id": "node/469766343",
        "osmType": "node",
        "osmId": 469766343,
        "name": "Causeway Bridge / River Lee",
        "category": "bus_stop",
        "categoryLabel": "Bus Stop",
        "amenity": null,
        "highway": "bus_stop",
        "tourism": null,
        "historic": null,
        "railway": null,
        "website": null,
        "phone": null,
        "address": null
      }
    },
    {
      "type": "Feature",
      "id": "node/469766370",
      "geometry": {
        "type": "Point",
        "coordinates": [
          -0.0207982,
          51.6003069
        ]
      },
      "properties": {
        "id": "node/469766370",
        "osmType": "node",
        "osmId": 469766370,
        "name": "Cecil Road",
        "category": "bus_stop",
        "categoryLabel": "Bus Stop",
        "amenity": null,
        "highway": "bus_stop",
        "tourism": null,
        "historic": null,
        "railway": null,
        "website": null,
        "phone": null,
        "address": null
      }
    },
    {
      "type": "Feature",
      "id": "node/469766466",
      "geometry": {
        "type": "Point",
        "coordinates": [
          -0.0185728,
          51.6170389
        ]
      },
      "properties": {
        "id": "node/469766466",
        "osmType": "node",
        "osmId": 469766466,
        "name": "Chingford Mount",
        "category": "bus_stop",
        "categoryLabel": "Bus Stop",
        "amenity": null,
        "highway": "bus_stop",
        "tourism": null,
        "historic": null,
        "railway": null,
        "website": null,
        "phone": null,
        "address": null
      }
    },
    {
      "type": "Feature",
      "id": "node/469766467",
      "geometry": {
        "type": "Point",
        "coordinates": [
          -0.0189549,
          51.6169245
        ]
      },
      "properties": {
        "id": "node/469766467",
        "osmType": "node",
        "osmId": 469766467,
        "name": "Chingford Mount",
        "category": "bus_stop",
        "categoryLabel": "Bus Stop",
        "amenity": null,
        "highway": "bus_stop",
        "tourism": null,
        "historic": null,
        "railway": null,
        "website": null,
        "phone": null,
        "address": null
      }
    },
    {
      "type": "Feature",
      "id": "node/469766468",
      "geometry": {
        "type": "Point",
        "coordinates": [
          -0.0156437,
          51.6169844
        ]
      },
      "properties": {
        "id": "node/469766468",
        "osmType": "node",
        "osmId": 469766468,
        "name": "Brook Crescent",
        "category": "bus_stop",
        "categoryLabel": "Bus Stop",
        "amenity": null,
        "highway": "bus_stop",
        "tourism": null,
        "historic": null,
        "railway": null,
        "website": null,
        "phone": null,
        "address": null
      }
    },
    {
      "type": "Feature",
      "id": "node/469766469",
      "geometry": {
        "type": "Point",
        "coordinates": [
          -0.0165468,
          51.6169118
        ]
      },
      "properties": {
        "id": "node/469766469",
        "osmType": "node",
        "osmId": 469766469,
        "name": "Brook Crescent",
        "category": "bus_stop",
        "categoryLabel": "Bus Stop",
        "amenity": null,
        "highway": "bus_stop",
        "tourism": null,
        "historic": null,
        "railway": null,
        "website": null,
        "phone": null,
        "address": null
      }
    },
    {
      "type": "Feature",
      "id": "node/469766471",
      "geometry": {
        "type": "Point",
        "coordinates": [
          -0.0176857,
          51.6173139
        ]
      },
      "properties": {
        "id": "node/469766471",
        "osmType": "node",
        "osmId": 469766471,
        "name": "Chingford Mount",
        "category": "bus_stop",
        "categoryLabel": "Bus Stop",
        "amenity": null,
        "highway": "bus_stop",
        "tourism": null,
        "historic": null,
        "railway": null,
        "website": null,
        "phone": null,
        "address": null
      }
    },
    {
      "type": "Feature",
      "id": "node/469766474",
      "geometry": {
        "type": "Point",
        "coordinates": [
          -0.0168206,
          51.6230031
        ]
      },
      "properties": {
        "id": "node/469766474",
        "osmType": "node",
        "osmId": 469766474,
        "name": "Chingford Old Church",
        "category": "bus_stop",
        "categoryLabel": "Bus Stop",
        "amenity": null,
        "highway": "bus_stop",
        "tourism": null,
        "historic": null,
        "railway": null,
        "website": null,
        "phone": null,
        "address": null
      }
    },
    {
      "type": "Feature",
      "id": "node/469766475",
      "geometry": {
        "type": "Point",
        "coordinates": [
          -0.0165436,
          51.6238774
        ]
      },
      "properties": {
        "id": "node/469766475",
        "osmType": "node",
        "osmId": 469766475,
        "name": "Chingford Old Church",
        "category": "bus_stop",
        "categoryLabel": "Bus Stop",
        "amenity": null,
        "highway": "bus_stop",
        "tourism": null,
        "historic": null,
        "railway": null,
        "website": null,
        "phone": null,
        "address": null
      }
    },
    {
      "type": "Feature",
      "id": "node/469766476",
      "geometry": {
        "type": "Point",
        "coordinates": [
          -0.0151123,
          51.6231395
        ]
      },
      "properties": {
        "id": "node/469766476",
        "osmType": "node",
        "osmId": 469766476,
        "name": "Hail & Ride Chingford Avenue",
        "category": "bus_stop",
        "categoryLabel": "Bus Stop",
        "amenity": null,
        "highway": "bus_stop",
        "tourism": null,
        "historic": null,
        "railway": null,
        "website": null,
        "phone": null,
        "address": null
      }
    },
    {
      "type": "Feature",
      "id": "node/469766477",
      "geometry": {
        "type": "Point",
        "coordinates": [
          -0.001427,
          51.6316162
        ]
      },
      "properties": {
        "id": "node/469766477",
        "osmType": "node",
        "osmId": 469766477,
        "name": "Chingford Police Station",
        "category": "bus_stop",
        "categoryLabel": "Bus Stop",
        "amenity": null,
        "highway": "bus_stop",
        "tourism": null,
        "historic": null,
        "railway": null,
        "website": null,
        "phone": null,
        "address": null
      }
    },
    {
      "type": "Feature",
      "id": "node/469766478",
      "geometry": {
        "type": "Point",
        "coordinates": [
          0.0030127,
          51.628663
        ]
      },
      "properties": {
        "id": "node/469766478",
        "osmType": "node",
        "osmId": 469766478,
        "name": "Balgonie Road",
        "category": "bus_stop",
        "categoryLabel": "Bus Stop",
        "amenity": null,
        "highway": "bus_stop",
        "tourism": null,
        "historic": null,
        "railway": null,
        "website": null,
        "phone": null,
        "address": null
      }
    },
    {
      "type": "Feature",
      "id": "node/469766479",
      "geometry": {
        "type": "Point",
        "coordinates": [
          0.0029529,
          51.6285309
        ]
      },
      "properties": {
        "id": "node/469766479",
        "osmType": "node",
        "osmId": 469766479,
        "name": "Balgonie Road",
        "category": "bus_stop",
        "categoryLabel": "Bus Stop",
        "amenity": null,
        "highway": "bus_stop",
        "tourism": null,
        "historic": null,
        "railway": null,
        "website": null,
        "phone": null,
        "address": null
      }
    },
    {
      "type": "Feature",
      "id": "node/469766697",
      "geometry": {
        "type": "Point",
        "coordinates": [
          0.0655606,
          51.5974929
        ]
      },
      "properties": {
        "id": "node/469766697",
        "osmType": "node",
        "osmId": 469766697,
        "name": "Copper Beech Close",
        "category": "bus_stop",
        "categoryLabel": "Bus Stop",
        "amenity": null,
        "highway": "bus_stop",
        "tourism": null,
        "historic": null,
        "railway": null,
        "website": null,
        "phone": null,
        "address": null
      }
    },
    {
      "type": "Feature",
      "id": "node/469766704",
      "geometry": {
        "type": "Point",
        "coordinates": [
          0.115239,
          51.6139187
        ]
      },
      "properties": {
        "id": "node/469766704",
        "osmType": "node",
        "osmId": 469766704,
        "name": "Coppice Path",
        "category": "bus_stop",
        "categoryLabel": "Bus Stop",
        "amenity": null,
        "highway": "bus_stop",
        "tourism": null,
        "historic": null,
        "railway": null,
        "website": null,
        "phone": null,
        "address": null
      }
    },
    {
      "type": "Feature",
      "id": "node/469766705",
      "geometry": {
        "type": "Point",
        "coordinates": [
          0.1153259,
          51.6137071
        ]
      },
      "properties": {
        "id": "node/469766705",
        "osmType": "node",
        "osmId": 469766705,
        "name": "Coppice Path",
        "category": "bus_stop",
        "categoryLabel": "Bus Stop",
        "amenity": null,
        "highway": "bus_stop",
        "tourism": null,
        "historic": null,
        "railway": null,
        "website": null,
        "phone": null,
        "address": null
      }
    },
    {
      "type": "Feature",
      "id": "node/469766736",
      "geometry": {
        "type": "Point",
        "coordinates": [
          -0.0311937,
          51.6122522
        ]
      },
      "properties": {
        "id": "node/469766736",
        "osmType": "node",
        "osmId": 469766736,
        "name": "Cork Tree Retail Park",
        "category": "bus_stop",
        "categoryLabel": "Bus Stop",
        "amenity": null,
        "highway": "bus_stop",
        "tourism": null,
        "historic": null,
        "railway": null,
        "website": null,
        "phone": null,
        "address": null
      }
    },
    {
      "type": "Feature",
      "id": "node/469766737",
      "geometry": {
        "type": "Point",
        "coordinates": [
          -0.0296492,
          51.6133334
        ]
      },
      "properties": {
        "id": "node/469766737",
        "osmType": "node",
        "osmId": 469766737,
        "name": "Cork Tree Retail Park",
        "category": "bus_stop",
        "categoryLabel": "Bus Stop",
        "amenity": null,
        "highway": "bus_stop",
        "tourism": null,
        "historic": null,
        "railway": null,
        "website": null,
        "phone": null,
        "address": null
      }
    },
    {
      "type": "Feature",
      "id": "node/469767121",
      "geometry": {
        "type": "Point",
        "coordinates": [
          0.020289,
          51.5993122
        ]
      },
      "properties": {
        "id": "node/469767121",
        "osmType": "node",
        "osmId": 469767121,
        "name": "Chelmsford Road",
        "category": "bus_stop",
        "categoryLabel": "Bus Stop",
        "amenity": null,
        "highway": "bus_stop",
        "tourism": null,
        "historic": null,
        "railway": null,
        "website": null,
        "phone": null,
        "address": null
      }
    },
    {
      "type": "Feature",
      "id": "node/469767124",
      "geometry": {
        "type": "Point",
        "coordinates": [
          0.0209462,
          51.5982311
        ]
      },
      "properties": {
        "id": "node/469767124",
        "osmType": "node",
        "osmId": 469767124,
        "name": "Churchfields",
        "category": "bus_stop",
        "categoryLabel": "Bus Stop",
        "amenity": null,
        "highway": "bus_stop",
        "tourism": null,
        "historic": null,
        "railway": null,
        "website": null,
        "phone": null,
        "address": null
      }
    },
    {
      "type": "Feature",
      "id": "node/469767155",
      "geometry": {
        "type": "Point",
        "coordinates": [
          0.0188543,
          51.6063597
        ]
      },
      "properties": {
        "id": "node/469767155",
        "osmType": "node",
        "osmId": 469767155,
        "name": "Chingford Lane",
        "category": "bus_stop",
        "categoryLabel": "Bus Stop",
        "amenity": null,
        "highway": "bus_stop",
        "tourism": null,
        "historic": null,
        "railway": null,
        "website": null,
        "phone": null,
        "address": null
      }
    },
    {
      "type": "Feature",
      "id": "node/469767156",
      "geometry": {
        "type": "Point",
        "coordinates": [
          0.0190042,
          51.6041043
        ]
      },
      "properties": {
        "id": "node/469767156",
        "osmType": "node",
        "osmId": 469767156,
        "name": "Churchill Memorial",
        "category": "bus_stop",
        "categoryLabel": "Bus Stop",
        "amenity": null,
        "highway": "bus_stop",
        "tourism": null,
        "historic": null,
        "railway": null,
        "website": null,
        "phone": null,
        "address": null
      }
    },
    {
      "type": "Feature",
      "id": "node/469767157",
      "geometry": {
        "type": "Point",
        "coordinates": [
          0.0189519,
          51.6034646
        ]
      },
      "properties": {
        "id": "node/469767157",
        "osmType": "node",
        "osmId": 469767157,
        "name": "Churchill Memorial",
        "category": "bus_stop",
        "categoryLabel": "Bus Stop",
        "amenity": null,
        "highway": "bus_stop",
        "tourism": null,
        "historic": null,
        "railway": null,
        "website": null,
        "phone": null,
        "address": null
      }
    },
    {
      "type": "Feature",
      "id": "node/469767315",
      "geometry": {
        "type": "Point",
        "coordinates": [
          0.0609741,
          51.5962109
        ]
      },
      "properties": {
        "id": "node/469767315",
        "osmType": "node",
        "osmId": 469767315,
        "name": "Clayhall / The Glade",
        "category": "bus_stop",
        "categoryLabel": "Bus Stop",
        "amenity": null,
        "highway": "bus_stop",
        "tourism": null,
        "historic": null,
        "railway": null,
        "website": null,
        "phone": null,
        "address": null
      }
    },
    {
      "type": "Feature",
      "id": "node/469767779",
      "geometry": {
        "type": "Point",
        "coordinates": [
          -0.0134848,
          51.6330043
        ]
      },
      "properties": {
        "id": "node/469767779",
        "osmType": "node",
        "osmId": 469767779,
        "name": "Maida Avenue",
        "category": "bus_stop",
        "categoryLabel": "Bus Stop",
        "amenity": null,
        "highway": "bus_stop",
        "tourism": null,
        "historic": null,
        "railway": null,
        "website": null,
        "phone": null,
        "address": null
      }
    },
    {
      "type": "Feature",
      "id": "node/469767820",
      "geometry": {
        "type": "Point",
        "coordinates": [
          0.0006863,
          51.6215972
        ]
      },
      "properties": {
        "id": "node/469767820",
        "osmType": "node",
        "osmId": 469767820,
        "name": "Colvin Gardens",
        "category": "bus_stop",
        "categoryLabel": "Bus Stop",
        "amenity": null,
        "highway": "bus_stop",
        "tourism": null,
        "historic": null,
        "railway": null,
        "website": null,
        "phone": null,
        "address": null
      }
    },
    {
      "type": "Feature",
      "id": "node/469767821",
      "geometry": {
        "type": "Point",
        "coordinates": [
          0.0004653,
          51.6211693
        ]
      },
      "properties": {
        "id": "node/469767821",
        "osmType": "node",
        "osmId": 469767821,
        "name": "Colvin Gardens",
        "category": "bus_stop",
        "categoryLabel": "Bus Stop",
        "amenity": null,
        "highway": "bus_stop",
        "tourism": null,
        "historic": null,
        "railway": null,
        "website": null,
        "phone": null,
        "address": null
      }
    },
    {
      "type": "Feature",
      "id": "node/469767961",
      "geometry": {
        "type": "Point",
        "coordinates": [
          -0.0084135,
          51.6406004
        ]
      },
      "properties": {
        "id": "node/469767961",
        "osmType": "node",
        "osmId": 469767961,
        "name": "Hail & Ride Drysdale Avenue / Hawkwood Crescent",
        "category": "bus_stop",
        "categoryLabel": "Bus Stop",
        "amenity": null,
        "highway": "bus_stop",
        "tourism": null,
        "historic": null,
        "railway": null,
        "website": null,
        "phone": null,
        "address": null
      }
    },
    {
      "type": "Feature",
      "id": "node/469767965",
      "geometry": {
        "type": "Point",
        "coordinates": [
          -0.0308596,
          51.6471965
        ]
      },
      "properties": {
        "id": "node/469767965",
        "osmType": "node",
        "osmId": 469767965,
        "name": "Duck Lees Lane",
        "category": "bus_stop",
        "categoryLabel": "Bus Stop",
        "amenity": null,
        "highway": "bus_stop",
        "tourism": null,
        "historic": null,
        "railway": null,
        "website": null,
        "phone": null,
        "address": null
      }
    },
    {
      "type": "Feature",
      "id": "node/469768144",
      "geometry": {
        "type": "Point",
        "coordinates": [
          -0.0082719,
          51.6432196
        ]
      },
      "properties": {
        "id": "node/469768144",
        "osmType": "node",
        "osmId": 469768144,
        "name": "Hail & Ride Deerleap Grove",
        "category": "bus_stop",
        "categoryLabel": "Bus Stop",
        "amenity": null,
        "highway": "bus_stop",
        "tourism": null,
        "historic": null,
        "railway": null,
        "website": null,
        "phone": null,
        "address": null
      }
    },
    {
      "type": "Feature",
      "id": "node/469768608",
      "geometry": {
        "type": "Point",
        "coordinates": [
          0.0020224,
          51.6245643
        ]
      },
      "properties": {
        "id": "node/469768608",
        "osmType": "node",
        "osmId": 469768608,
        "name": "Endlebury Road",
        "category": "bus_stop",
        "categoryLabel": "Bus Stop",
        "amenity": null,
        "highway": "bus_stop",
        "tourism": null,
        "historic": null,
        "railway": null,
        "website": null,
        "phone": null,
        "address": null
      }
    },
    {
      "type": "Feature",
      "id": "node/469768612",
      "geometry": {
        "type": "Point",
        "coordinates": [
          0.0015398,
          51.6232643
        ]
      },
      "properties": {
        "id": "node/469768612",
        "osmType": "node",
        "osmId": 469768612,
        "name": "Endlebury Road",
        "category": "bus_stop",
        "categoryLabel": "Bus Stop",
        "amenity": null,
        "highway": "bus_stop",
        "tourism": null,
        "historic": null,
        "railway": null,
        "website": null,
        "phone": null,
        "address": null
      }
    },
    {
      "type": "Feature",
      "id": "node/469768615",
      "geometry": {
        "type": "Point",
        "coordinates": [
          -0.0081346,
          51.627017
        ]
      },
      "properties": {
        "id": "node/469768615",
        "osmType": "node",
        "osmId": 469768615,
        "name": "Endlebury Road",
        "category": "bus_stop",
        "categoryLabel": "Bus Stop",
        "amenity": null,
        "highway": "bus_stop",
        "tourism": null,
        "historic": null,
        "railway": null,
        "website": null,
        "phone": null,
        "address": null
      }
    },
    {
      "type": "Feature",
      "id": "node/469768619",
      "geometry": {
        "type": "Point",
        "coordinates": [
          -0.0081467,
          51.6268672
        ]
      },
      "properties": {
        "id": "node/469768619",
        "osmType": "node",
        "osmId": 469768619,
        "name": "Endlebury Road",
        "category": "bus_stop",
        "categoryLabel": "Bus Stop",
        "amenity": null,
        "highway": "bus_stop",
        "tourism": null,
        "historic": null,
        "railway": null,
        "website": null,
        "phone": null,
        "address": null
      }
    },
    {
      "type": "Feature",
      "id": "node/469768623",
      "geometry": {
        "type": "Point",
        "coordinates": [
          -0.0037604,
          51.6255266
        ]
      },
      "properties": {
        "id": "node/469768623",
        "osmType": "node",
        "osmId": 469768623,
        "name": "Hail & Ride Warren Road",
        "category": "bus_stop",
        "categoryLabel": "Bus Stop",
        "amenity": null,
        "highway": "bus_stop",
        "tourism": null,
        "historic": null,
        "railway": null,
        "website": null,
        "phone": null,
        "address": null
      }
    },
    {
      "type": "Feature",
      "id": "node/469768626",
      "geometry": {
        "type": "Point",
        "coordinates": [
          -0.0037549,
          51.6254128
        ]
      },
      "properties": {
        "id": "node/469768626",
        "osmType": "node",
        "osmId": 469768626,
        "name": "Hail & Ride Warren Road",
        "category": "bus_stop",
        "categoryLabel": "Bus Stop",
        "amenity": null,
        "highway": "bus_stop",
        "tourism": null,
        "historic": null,
        "railway": null,
        "website": null,
        "phone": null,
        "address": null
      }
    },
    {
      "type": "Feature",
      "id": "node/469768635",
      "geometry": {
        "type": "Point",
        "coordinates": [
          -0.01539,
          51.6660558
        ]
      },
      "properties": {
        "id": "node/469768635",
        "osmType": "node",
        "osmId": 469768635,
        "name": "Enfield Island Village",
        "category": "bus_stop",
        "categoryLabel": "Bus Stop",
        "amenity": null,
        "highway": "bus_stop",
        "tourism": null,
        "historic": null,
        "railway": null,
        "website": null,
        "phone": null,
        "address": null
      }
    },
    {
      "type": "Feature",
      "id": "node/469768746",
      "geometry": {
        "type": "Point",
        "coordinates": [
          -0.0159653,
          51.5993005
        ]
      },
      "properties": {
        "id": "node/469768746",
        "osmType": "node",
        "osmId": 469768746,
        "name": "Crooked Billet Roundabout",
        "category": "bus_stop",
        "categoryLabel": "Bus Stop",
        "amenity": null,
        "highway": "bus_stop",
        "tourism": null,
        "historic": null,
        "railway": null,
        "website": null,
        "phone": null,
        "address": null
      }
    },
    {
      "type": "Feature",
      "id": "node/469768747",
      "geometry": {
        "type": "Point",
        "coordinates": [
          -0.0159249,
          51.5997241
        ]
      },
      "properties": {
        "id": "node/469768747",
        "osmType": "node",
        "osmId": 469768747,
        "name": "Crooked Billet Roundabout",
        "category": "bus_stop",
        "categoryLabel": "Bus Stop",
        "amenity": null,
        "highway": "bus_stop",
        "tourism": null,
        "historic": null,
        "railway": null,
        "website": null,
        "phone": null,
        "address": null
      }
    },
    {
      "type": "Feature",
      "id": "node/469768792",
      "geometry": {
        "type": "Point",
        "coordinates": [
          -0.018549,
          51.6006123
        ]
      },
      "properties": {
        "id": "node/469768792",
        "osmType": "node",
        "osmId": 469768792,
        "name": "Waltham Park Way",
        "category": "bus_stop",
        "categoryLabel": "Bus Stop",
        "amenity": null,
        "highway": "bus_stop",
        "tourism": null,
        "historic": null,
        "railway": null,
        "website": null,
        "phone": null,
        "address": null
      }
    },
    {
      "type": "Feature",
      "id": "node/469768793",
      "geometry": {
        "type": "Point",
        "coordinates": [
          -0.0174991,
          51.6014898
        ]
      },
      "properties": {
        "id": "node/469768793",
        "osmType": "node",
        "osmId": 469768793,
        "name": "Crooked Billet / Walthamstow Avenue",
        "category": "bus_stop",
        "categoryLabel": "Bus Stop",
        "amenity": null,
        "highway": "bus_stop",
        "tourism": null,
        "historic": null,
        "railway": null,
        "website": null,
        "phone": null,
        "address": null
      }
    },
    {
      "type": "Feature",
      "id": "node/469768794",
      "geometry": {
        "type": "Point",
        "coordinates": [
          -0.0181052,
          51.6005473
        ]
      },
      "properties": {
        "id": "node/469768794",
        "osmType": "node",
        "osmId": 469768794,
        "name": "Waltham Park Way",
        "category": "bus_stop",
        "categoryLabel": "Bus Stop",
        "amenity": null,
        "highway": "bus_stop",
        "tourism": null,
        "historic": null,
        "railway": null,
        "website": null,
        "phone": null,
        "address": null
      }
    },
    {
      "type": "Feature",
      "id": "node/469768795",
      "geometry": {
        "type": "Point",
        "coordinates": [
          -0.0185849,
          51.6016202
        ]
      },
      "properties": {
        "id": "node/469768795",
        "osmType": "node",
        "osmId": 469768795,
        "name": "Crooked Billet / Walthamstow Avenue",
        "category": "bus_stop",
        "categoryLabel": "Bus Stop",
        "amenity": null,
        "highway": "bus_stop",
        "tourism": null,
        "historic": null,
        "railway": null,
        "website": null,
        "phone": null,
        "address": null
      }
    },
    {
      "type": "Feature",
      "id": "node/469768855",
      "geometry": {
        "type": "Point",
        "coordinates": [
          0.0831368,
          51.5955036
        ]
      },
      "properties": {
        "id": "node/469768855",
        "osmType": "node",
        "osmId": 469768855,
        "name": "Fencepiece Road",
        "category": "bus_stop",
        "categoryLabel": "Bus Stop",
        "amenity": null,
        "highway": "bus_stop",
        "tourism": null,
        "historic": null,
        "railway": null,
        "website": null,
        "phone": null,
        "address": null
      }
    },
    {
      "type": "Feature",
      "id": "node/469768856",
      "geometry": {
        "type": "Point",
        "coordinates": [
          0.0838289,
          51.5951319
        ]
      },
      "properties": {
        "id": "node/469768856",
        "osmType": "node",
        "osmId": 469768856,
        "name": "Fencepiece Road",
        "category": "bus_stop",
        "categoryLabel": "Bus Stop",
        "amenity": null,
        "highway": "bus_stop",
        "tourism": null,
        "historic": null,
        "railway": null,
        "website": null,
        "phone": null,
        "address": null
      }
    },
    {
      "type": "Feature",
      "id": "node/469768888",
      "geometry": {
        "type": "Point",
        "coordinates": [
          0.1094181,
          51.6084844
        ]
      },
      "properties": {
        "id": "node/469768888",
        "osmType": "node",
        "osmId": 469768888,
        "name": "The Lowe",
        "category": "bus_stop",
        "categoryLabel": "Bus Stop",
        "amenity": null,
        "highway": "bus_stop",
        "tourism": null,
        "historic": null,
        "railway": null,
        "website": null,
        "phone": null,
        "address": null
      }
    },
    {
      "type": "Feature",
      "id": "node/469768923",
      "geometry": {
        "type": "Point",
        "coordinates": [
          0.0440239,
          51.6060842
        ]
      },
      "properties": {
        "id": "node/469768923",
        "osmType": "node",
        "osmId": 469768923,
        "name": "Ray Lodge Primary School",
        "category": "bus_stop",
        "categoryLabel": "Bus Stop",
        "amenity": null,
        "highway": "bus_stop",
        "tourism": null,
        "historic": null,
        "railway": null,
        "website": null,
        "phone": null,
        "address": null
      }
    },
    {
      "type": "Feature",
      "id": "node/469769093",
      "geometry": {
        "type": "Point",
        "coordinates": [
          0.1041122,
          51.6083085
        ]
      },
      "properties": {
        "id": "node/469769093",
        "osmType": "node",
        "osmId": 469769093,
        "name": "Hainault Health Centre",
        "category": "bus_stop",
        "categoryLabel": "Bus Stop",
        "amenity": null,
        "highway": "bus_stop",
        "tourism": null,
        "historic": null,
        "railway": null,
        "website": null,
        "phone": null,
        "address": null
      }
    },
    {
      "type": "Feature",
      "id": "node/469769094",
      "geometry": {
        "type": "Point",
        "coordinates": [
          0.1035058,
          51.6082852
        ]
      },
      "properties": {
        "id": "node/469769094",
        "osmType": "node",
        "osmId": 469769094,
        "name": "Hainault Health Centre",
        "category": "bus_stop",
        "categoryLabel": "Bus Stop",
        "amenity": null,
        "highway": "bus_stop",
        "tourism": null,
        "historic": null,
        "railway": null,
        "website": null,
        "phone": null,
        "address": null
      }
    },
    {
      "type": "Feature",
      "id": "node/469769176",
      "geometry": {
        "type": "Point",
        "coordinates": [
          -0.0074899,
          51.5999308
        ]
      },
      "properties": {
        "id": "node/469769176",
        "osmType": "node",
        "osmId": 469769176,
        "name": "Garner Road / North Arm",
        "category": "bus_stop",
        "categoryLabel": "Bus Stop",
        "amenity": null,
        "highway": "bus_stop",
        "tourism": null,
        "historic": null,
        "railway": null,
        "website": null,
        "phone": null,
        "address": null
      }
    },
    {
      "type": "Feature",
      "id": "node/469769177",
      "geometry": {
        "type": "Point",
        "coordinates": [
          -0.0072447,
          51.5996794
        ]
      },
      "properties": {
        "id": "node/469769177",
        "osmType": "node",
        "osmId": 469769177,
        "name": "Garner Road / North Arm",
        "category": "bus_stop",
        "categoryLabel": "Bus Stop",
        "amenity": null,
        "highway": "bus_stop",
        "tourism": null,
        "historic": null,
        "railway": null,
        "website": null,
        "phone": null,
        "address": null
      }
    },
    {
      "type": "Feature",
      "id": "node/469769222",
      "geometry": {
        "type": "Point",
        "coordinates": [
          0.0215019,
          51.596328
        ]
      },
      "properties": {
        "id": "node/469769222",
        "osmType": "node",
        "osmId": 469769222,
        "name": "Southend Road",
        "category": "bus_stop",
        "categoryLabel": "Bus Stop",
        "amenity": null,
        "highway": "bus_stop",
        "tourism": null,
        "historic": null,
        "railway": null,
        "website": null,
        "phone": null,
        "address": null
      }
    },
    {
      "type": "Feature",
      "id": "node/469769224",
      "geometry": {
        "type": "Point",
        "coordinates": [
          0.0197685,
          51.5954269
        ]
      },
      "properties": {
        "id": "node/469769224",
        "osmType": "node",
        "osmId": 469769224,
        "name": "High Road South Woodford",
        "category": "bus_stop",
        "categoryLabel": "Bus Stop",
        "amenity": null,
        "highway": "bus_stop",
        "tourism": null,
        "historic": null,
        "railway": null,
        "website": null,
        "phone": null,
        "address": null
      }
    },
    {
      "type": "Feature",
      "id": "node/469769225",
      "geometry": {
        "type": "Point",
        "coordinates": [
          0.0211103,
          51.5959548
        ]
      },
      "properties": {
        "id": "node/469769225",
        "osmType": "node",
        "osmId": 469769225,
        "name": "High Road South Woodford",
        "category": "bus_stop",
        "categoryLabel": "Bus Stop",
        "amenity": null,
        "highway": "bus_stop",
        "tourism": null,
        "historic": null,
        "railway": null,
        "website": null,
        "phone": null,
        "address": null
      }
    },
    {
      "type": "Feature",
      "id": "node/469769347",
      "geometry": {
        "type": "Point",
        "coordinates": [
          -0.0326328,
          51.5994537
        ]
      },
      "properties": {
        "id": "node/469769347",
        "osmType": "node",
        "osmId": 469769347,
        "name": "Folly Lane",
        "category": "bus_stop",
        "categoryLabel": "Bus Stop",
        "amenity": null,
        "highway": "bus_stop",
        "tourism": null,
        "historic": null,
        "railway": null,
        "website": null,
        "phone": null,
        "address": null
      }
    },
    {
      "type": "Feature",
      "id": "node/469769379",
      "geometry": {
        "type": "Point",
        "coordinates": [
          0.0172541,
          51.628075
        ]
      },
      "properties": {
        "id": "node/469769379",
        "osmType": "node",
        "osmId": 469769379,
        "name": "Hail & Ride Forest Court",
        "category": "bus_stop",
        "categoryLabel": "Bus Stop",
        "amenity": null,
        "highway": "bus_stop",
        "tourism": null,
        "historic": null,
        "railway": null,
        "website": null,
        "phone": null,
        "address": null
      }
    },
    {
      "type": "Feature",
      "id": "node/469769380",
      "geometry": {
        "type": "Point",
        "coordinates": [
          0.0175554,
          51.6278246
        ]
      },
      "properties": {
        "id": "node/469769380",
        "osmType": "node",
        "osmId": 469769380,
        "name": "Hail & Ride Forest Court",
        "category": "bus_stop",
        "categoryLabel": "Bus Stop",
        "amenity": null,
        "highway": "bus_stop",
        "tourism": null,
        "historic": null,
        "railway": null,
        "website": null,
        "phone": null,
        "address": null
      }
    },
    {
      "type": "Feature",
      "id": "node/469769395",
      "geometry": {
        "type": "Point",
        "coordinates": [
          0.0076472,
          51.6154798
        ]
      },
      "properties": {
        "id": "node/469769395",
        "osmType": "node",
        "osmId": 469769395,
        "name": "Forest Glade",
        "category": "bus_stop",
        "categoryLabel": "Bus Stop",
        "amenity": null,
        "highway": "bus_stop",
        "tourism": null,
        "historic": null,
        "railway": null,
        "website": null,
        "phone": null,
        "address": null
      }
    },
    {
      "type": "Feature",
      "id": "node/469769414",
      "geometry": {
        "type": "Point",
        "coordinates": [
          0.0234011,
          51.6210369
        ]
      },
      "properties": {
        "id": "node/469769414",
        "osmType": "node",
        "osmId": 469769414,
        "name": "Forest Road",
        "category": "bus_stop",
        "categoryLabel": "Bus Stop",
        "amenity": null,
        "highway": "bus_stop",
        "tourism": null,
        "historic": null,
        "railway": null,
        "website": null,
        "phone": null,
        "address": null
      }
    },
    {
      "type": "Feature",
      "id": "node/469769415",
      "geometry": {
        "type": "Point",
        "coordinates": [
          0.0236468,
          51.6208932
        ]
      },
      "properties": {
        "id": "node/469769415",
        "osmType": "node",
        "osmId": 469769415,
        "name": "Forest Road",
        "category": "bus_stop",
        "categoryLabel": "Bus Stop",
        "amenity": null,
        "highway": "bus_stop",
        "tourism": null,
        "historic": null,
        "railway": null,
        "website": null,
        "phone": null,
        "address": null
      }
    },
    {
      "type": "Feature",
      "id": "node/469769416",
      "geometry": {
        "type": "Point",
        "coordinates": [
          0.129486,
          51.608089
        ]
      },
      "properties": {
        "id": "node/469769416",
        "osmType": "node",
        "osmId": 469769416,
        "name": "Forest Road",
        "category": "bus_stop",
        "categoryLabel": "Bus Stop",
        "amenity": null,
        "highway": "bus_stop",
        "tourism": null,
        "historic": null,
        "railway": null,
        "website": null,
        "phone": null,
        "address": null
      }
    },
    {
      "type": "Feature",
      "id": "node/469769417",
      "geometry": {
        "type": "Point",
        "coordinates": [
          0.1296821,
          51.608266
        ]
      },
      "properties": {
        "id": "node/469769417",
        "osmType": "node",
        "osmId": 469769417,
        "name": "Forest Road",
        "category": "bus_stop",
        "categoryLabel": "Bus Stop",
        "amenity": null,
        "highway": "bus_stop",
        "tourism": null,
        "historic": null,
        "railway": null,
        "website": null,
        "phone": null,
        "address": null
      }
    },
    {
      "type": "Feature",
      "id": "node/469769465",
      "geometry": {
        "type": "Point",
        "coordinates": [
          -0.0311338,
          51.6598888
        ]
      },
      "properties": {
        "id": "node/469769465",
        "osmType": "node",
        "osmId": 469769465,
        "name": "Fouracres",
        "category": "bus_stop",
        "categoryLabel": "Bus Stop",
        "amenity": null,
        "highway": "bus_stop",
        "tourism": null,
        "historic": null,
        "railway": null,
        "website": null,
        "phone": null,
        "address": null
      }
    },
    {
      "type": "Feature",
      "id": "node/469769466",
      "geometry": {
        "type": "Point",
        "coordinates": [
          -0.0308407,
          51.6604362
        ]
      },
      "properties": {
        "id": "node/469769466",
        "osmType": "node",
        "osmId": 469769466,
        "name": "Fouracres",
        "category": "bus_stop",
        "categoryLabel": "Bus Stop",
        "amenity": null,
        "highway": "bus_stop",
        "tourism": null,
        "historic": null,
        "railway": null,
        "website": null,
        "phone": null,
        "address": null
      }
    },
    {
      "type": "Feature",
      "id": "node/469769467",
      "geometry": {
        "type": "Point",
        "coordinates": [
          0.1263173,
          51.6104915
        ]
      },
      "properties": {
        "id": "node/469769467",
        "osmType": "node",
        "osmId": 469769467,
        "name": "Fowler Road",
        "category": "bus_stop",
        "categoryLabel": "Bus Stop",
        "amenity": null,
        "highway": "bus_stop",
        "tourism": null,
        "historic": null,
        "railway": null,
        "website": null,
        "phone": null,
        "address": null
      }
    },
    {
      "type": "Feature",
      "id": "node/469769468",
      "geometry": {
        "type": "Point",
        "coordinates": [
          0.1264268,
          51.6108114
        ]
      },
      "properties": {
        "id": "node/469769468",
        "osmType": "node",
        "osmId": 469769468,
        "name": "Fowler Road",
        "category": "bus_stop",
        "categoryLabel": "Bus Stop",
        "amenity": null,
        "highway": "bus_stop",
        "tourism": null,
        "historic": null,
        "railway": null,
        "website": null,
        "phone": null,
        "address": null
      }
    },
    {
      "type": "Feature",
      "id": "node/469769814",
      "geometry": {
        "type": "Point",
        "coordinates": [
          0.0334361,
          51.5979677
        ]
      },
      "properties": {
        "id": "node/469769814",
        "osmType": "node",
        "osmId": 469769814,
        "name": "Gordon Road",
        "category": "bus_stop",
        "categoryLabel": "Bus Stop",
        "amenity": null,
        "highway": "bus_stop",
        "tourism": null,
        "historic": null,
        "railway": null,
        "website": null,
        "phone": null,
        "address": null
      }
    },
    {
      "type": "Feature",
      "id": "node/469769815",
      "geometry": {
        "type": "Point",
        "coordinates": [
          0.0335395,
          51.5978553
        ]
      },
      "properties": {
        "id": "node/469769815",
        "osmType": "node",
        "osmId": 469769815,
        "name": "Gordon Road",
        "category": "bus_stop",
        "categoryLabel": "Bus Stop",
        "amenity": null,
        "highway": "bus_stop",
        "tourism": null,
        "historic": null,
        "railway": null,
        "website": null,
        "phone": null,
        "address": null
      }
    },
    {
      "type": "Feature",
      "id": "node/469769924",
      "geometry": {
        "type": "Point",
        "coordinates": [
          -0.0024482,
          51.6128621
        ]
      },
      "properties": {
        "id": "node/469769924",
        "osmType": "node",
        "osmId": 469769924,
        "name": "East View",
        "category": "bus_stop",
        "categoryLabel": "Bus Stop",
        "amenity": null,
        "highway": "bus_stop",
        "tourism": null,
        "historic": null,
        "railway": null,
        "website": null,
        "phone": null,
        "address": null
      }
    },
    {
      "type": "Feature",
      "id": "node/469769926",
      "geometry": {
        "type": "Point",
        "coordinates": [
          -0.0017146,
          51.6131048
        ]
      },
      "properties": {
        "id": "node/469769926",
        "osmType": "node",
        "osmId": 469769926,
        "name": "East View",
        "category": "bus_stop",
        "categoryLabel": "Bus Stop",
        "amenity": null,
        "highway": "bus_stop",
        "tourism": null,
        "historic": null,
        "railway": null,
        "website": null,
        "phone": null,
        "address": null
      }
    },
    {
      "type": "Feature",
      "id": "node/469770239",
      "geometry": {
        "type": "Point",
        "coordinates": [
          0.0084803,
          51.6271868
        ]
      },
      "properties": {
        "id": "node/469770239",
        "osmType": "node",
        "osmId": 469770239,
        "name": "Friday Hill",
        "category": "bus_stop",
        "categoryLabel": "Bus Stop",
        "amenity": null,
        "highway": "bus_stop",
        "tourism": null,
        "historic": null,
        "railway": null,
        "website": null,
        "phone": null,
        "address": null
      }
    },
    {
      "type": "Feature",
      "id": "node/469770240",
      "geometry": {
        "type": "Point",
        "coordinates": [
          0.0066462,
          51.6270144
        ]
      },
      "properties": {
        "id": "node/469770240",
        "osmType": "node",
        "osmId": 469770240,
        "name": "Kings Road / Friday Hill",
        "category": "bus_stop",
        "categoryLabel": "Bus Stop",
        "amenity": null,
        "highway": "bus_stop",
        "tourism": null,
        "historic": null,
        "railway": null,
        "website": null,
        "phone": null,
        "address": null
      }
    },
    {
      "type": "Feature",
      "id": "node/469770374",
      "geometry": {
        "type": "Point",
        "coordinates": [
          0.1201862,
          51.6127284
        ]
      },
      "properties": {
        "id": "node/469770374",
        "osmType": "node",
        "osmId": 469770374,
        "name": "Yellowpine Way",
        "category": "bus_stop",
        "categoryLabel": "Bus Stop",
        "amenity": null,
        "highway": "bus_stop",
        "tourism": null,
        "historic": null,
        "railway": null,
        "website": null,
        "phone": null,
        "address": null
      }
    },
    {
      "type": "Feature",
      "id": "node/469770375",
      "geometry": {
        "type": "Point",
        "coordinates": [
          0.1211998,
          51.6131419
        ]
      },
      "properties": {
        "id": "node/469770375",
        "osmType": "node",
        "osmId": 469770375,
        "name": "Yellowpine Way",
        "category": "bus_stop",
        "categoryLabel": "Bus Stop",
        "amenity": null,
        "highway": "bus_stop",
        "tourism": null,
        "historic": null,
        "railway": null,
        "website": null,
        "phone": null,
        "address": null
      }
    },
    {
      "type": "Feature",
      "id": "node/469770378",
      "geometry": {
        "type": "Point",
        "coordinates": [
          0.1035381,
          51.6063454
        ]
      },
      "properties": {
        "id": "node/469770378",
        "osmType": "node",
        "osmId": 469770378,
        "name": "Hainault Fire Station",
        "category": "bus_stop",
        "categoryLabel": "Bus Stop",
        "amenity": null,
        "highway": "bus_stop",
        "tourism": null,
        "historic": null,
        "railway": null,
        "website": null,
        "phone": null,
        "address": null
      }
    },
    {
      "type": "Feature",
      "id": "node/469770379",
      "geometry": {
        "type": "Point",
        "coordinates": [
          0.102586,
          51.6060567
        ]
      },
      "properties": {
        "id": "node/469770379",
        "osmType": "node",
        "osmId": 469770379,
        "name": "Hainault Fire Station",
        "category": "bus_stop",
        "categoryLabel": "Bus Stop",
        "amenity": null,
        "highway": "bus_stop",
        "tourism": null,
        "historic": null,
        "railway": null,
        "website": null,
        "phone": null,
        "address": null
      }
    },
    {
      "type": "Feature",
      "id": "node/469770380",
      "geometry": {
        "type": "Point",
        "coordinates": [
          0.133,
          51.6055133
        ]
      },
      "properties": {
        "id": "node/469770380",
        "osmType": "node",
        "osmId": 469770380,
        "name": "Hainault Forest Golf Club",
        "category": "bus_stop",
        "categoryLabel": "Bus Stop",
        "amenity": null,
        "highway": "bus_stop",
        "tourism": null,
        "historic": null,
        "railway": null,
        "website": null,
        "phone": null,
        "address": null
      }
    },
    {
      "type": "Feature",
      "id": "node/469770381",
      "geometry": {
        "type": "Point",
        "coordinates": [
          0.1334215,
          51.6054642
        ]
      },
      "properties": {
        "id": "node/469770381",
        "osmType": "node",
        "osmId": 469770381,
        "name": "Hainault Forest Golf Club",
        "category": "bus_stop",
        "categoryLabel": "Bus Stop",
        "amenity": null,
        "highway": "bus_stop",
        "tourism": null,
        "historic": null,
        "railway": null,
        "website": null,
        "phone": null,
        "address": null
      }
    },
    {
      "type": "Feature",
      "id": "node/469770382",
      "geometry": {
        "type": "Point",
        "coordinates": [
          0.1137509,
          51.6094509
        ]
      },
      "properties": {
        "id": "node/469770382",
        "osmType": "node",
        "osmId": 469770382,
        "name": "The Forest Academy",
        "category": "bus_stop",
        "categoryLabel": "Bus Stop",
        "amenity": null,
        "highway": "bus_stop",
        "tourism": null,
        "historic": null,
        "railway": null,
        "website": null,
        "phone": null,
        "address": null
      }
    },
    {
      "type": "Feature",
      "id": "node/469770383",
      "geometry": {
        "type": "Point",
        "coordinates": [
          0.1130516,
          51.6089416
        ]
      },
      "properties": {
        "id": "node/469770383",
        "osmType": "node",
        "osmId": 469770383,
        "name": "The Forest Academy",
        "category": "bus_stop",
        "categoryLabel": "Bus Stop",
        "amenity": null,
        "highway": "bus_stop",
        "tourism": null,
        "historic": null,
        "railway": null,
        "website": null,
        "phone": null,
        "address": null
      }
    },
    {
      "type": "Feature",
      "id": "node/469770401",
      "geometry": {
        "type": "Point",
        "coordinates": [
          -0.0026091,
          51.6042405
        ]
      },
      "properties": {
        "id": "node/469770401",
        "osmType": "node",
        "osmId": 469770401,
        "name": "Haldan Road",
        "category": "bus_stop",
        "categoryLabel": "Bus Stop",
        "amenity": null,
        "highway": "bus_stop",
        "tourism": null,
        "historic": null,
        "railway": null,
        "website": null,
        "phone": null,
        "address": null
      }
    },
    {
      "type": "Feature",
      "id": "node/469770402",
      "geometry": {
        "type": "Point",
        "coordinates": [
          -0.0022161,
          51.6047772
        ]
      },
      "properties": {
        "id": "node/469770402",
        "osmType": "node",
        "osmId": 469770402,
        "name": "Haldan Road",
        "category": "bus_stop",
        "categoryLabel": "Bus Stop",
        "amenity": null,
        "highway": "bus_stop",
        "tourism": null,
        "historic": null,
        "railway": null,
        "website": null,
        "phone": null,
        "address": null
      }
    },
    {
      "type": "Feature",
      "id": "node/469770421",
      "geometry": {
        "type": "Point",
        "coordinates": [
          -0.031031,
          51.6112312
        ]
      },
      "properties": {
        "id": "node/469770421",
        "osmType": "node",
        "osmId": 469770421,
        "name": "Hall Lane",
        "category": "bus_stop",
        "categoryLabel": "Bus Stop",
        "amenity": null,
        "highway": "bus_stop",
        "tourism": null,
        "historic": null,
        "railway": null,
        "website": null,
        "phone": null,
        "address": null
      }
    },
    {
      "type": "Feature",
      "id": "node/469770422",
      "geometry": {
        "type": "Point",
        "coordinates": [
          -0.0344672,
          51.6125718
        ]
      },
      "properties": {
        "id": "node/469770422",
        "osmType": "node",
        "osmId": 469770422,
        "name": "Cooks Ferry Roundabout",
        "category": "bus_stop",
        "categoryLabel": "Bus Stop",
        "amenity": null,
        "highway": "bus_stop",
        "tourism": null,
        "historic": null,
        "railway": null,
        "website": null,
        "phone": null,
        "address": null
      }
    },
    {
      "type": "Feature",
      "id": "node/469770426",
      "geometry": {
        "type": "Point",
        "coordinates": [
          -0.0173896,
          51.6165154
        ]
      },
      "properties": {
        "id": "node/469770426",
        "osmType": "node",
        "osmId": 469770426,
        "name": "Hall Lane Chingford Mount",
        "category": "bus_stop",
        "categoryLabel": "Bus Stop",
        "amenity": null,
        "highway": "bus_stop",
        "tourism": null,
        "historic": null,
        "railway": null,
        "website": null,
        "phone": null,
        "address": null
      }
    },
    {
      "type": "Feature",
      "id": "node/469770427",
      "geometry": {
        "type": "Point",
        "coordinates": [
          -0.0175102,
          51.6160282
        ]
      },
      "properties": {
        "id": "node/469770427",
        "osmType": "node",
        "osmId": 469770427,
        "name": "Hall Lane Chingford Mount",
        "category": "bus_stop",
        "categoryLabel": "Bus Stop",
        "amenity": null,
        "highway": "bus_stop",
        "tourism": null,
        "historic": null,
        "railway": null,
        "website": null,
        "phone": null,
        "address": null
      }
    },
    {
      "type": "Feature",
      "id": "node/469770513",
      "geometry": {
        "type": "Point",
        "coordinates": [
          0.0420866,
          51.6067853
        ]
      },
      "properties": {
        "id": "node/469770513",
        "osmType": "node",
        "osmId": 469770513,
        "name": "Ray Lodge Primary School",
        "category": "bus_stop",
        "categoryLabel": "Bus Stop",
        "amenity": null,
        "highway": "bus_stop",
        "tourism": null,
        "historic": null,
        "railway": null,
        "website": null,
        "phone": null,
        "address": null
      }
    },
    {
      "type": "Feature",
      "id": "node/469770514",
      "geometry": {
        "type": "Point",
        "coordinates": [
          0.0406786,
          51.6070789
        ]
      },
      "properties": {
        "id": "node/469770514",
        "osmType": "node",
        "osmId": 469770514,
        "name": "Greenstead Avenue",
        "category": "bus_stop",
        "categoryLabel": "Bus Stop",
        "amenity": null,
        "highway": "bus_stop",
        "tourism": null,
        "historic": null,
        "railway": null,
        "website": null,
        "phone": null,
        "address": null
      }
    },
    {
      "type": "Feature",
      "id": "node/469770604",
      "geometry": {
        "type": "Point",
        "coordinates": [
          0.0260352,
          51.6056135
        ]
      },
      "properties": {
        "id": "node/469770604",
        "osmType": "node",
        "osmId": 469770604,
        "name": "Grosvenor Gardens",
        "category": "bus_stop",
        "categoryLabel": "Bus Stop",
        "amenity": null,
        "highway": "bus_stop",
        "tourism": null,
        "historic": null,
        "railway": null,
        "website": null,
        "phone": null,
        "address": null
      }
    },
    {
      "type": "Feature",
      "id": "node/469770607",
      "geometry": {
        "type": "Point",
        "coordinates": [
          0.025366,
          51.6062169
        ]
      },
      "properties": {
        "id": "node/469770607",
        "osmType": "node",
        "osmId": 469770607,
        "name": "Grosvenor Gardens",
        "category": "bus_stop",
        "categoryLabel": "Bus Stop",
        "amenity": null,
        "highway": "bus_stop",
        "tourism": null,
        "historic": null,
        "railway": null,
        "website": null,
        "phone": null,
        "address": null
      }
    },
    {
      "type": "Feature",
      "id": "node/469770659",
      "geometry": {
        "type": "Point",
        "coordinates": [
          -0.0064972,
          51.617961
        ]
      },
      "properties": {
        "id": "node/469770659",
        "osmType": "node",
        "osmId": 469770659,
        "name": "Grove Road",
        "category": "bus_stop",
        "categoryLabel": "Bus Stop",
        "amenity": null,
        "highway": "bus_stop",
        "tourism": null,
        "historic": null,
        "railway": null,
        "website": null,
        "phone": null,
        "address": null
      }
    },
    {
      "type": "Feature",
      "id": "node/469770661",
      "geometry": {
        "type": "Point",
        "coordinates": [
          -0.007336,
          51.6177548
        ]
      },
      "properties": {
        "id": "node/469770661",
        "osmType": "node",
        "osmId": 469770661,
        "name": "Grove Road",
        "category": "bus_stop",
        "categoryLabel": "Bus Stop",
        "amenity": null,
        "highway": "bus_stop",
        "tourism": null,
        "historic": null,
        "railway": null,
        "website": null,
        "phone": null,
        "address": null
      }
    },
    {
      "type": "Feature",
      "id": "node/469770896",
      "geometry": {
        "type": "Point",
        "coordinates": [
          -0.0057343,
          51.6242772
        ]
      },
      "properties": {
        "id": "node/469770896",
        "osmType": "node",
        "osmId": 469770896,
        "name": "Hail & Ride Heathcote Grove",
        "category": "bus_stop",
        "categoryLabel": "Bus Stop",
        "amenity": null,
        "highway": "bus_stop",
        "tourism": null,
        "historic": null,
        "railway": null,
        "website": null,
        "phone": null,
        "address": null
      }
    },
    {
      "type": "Feature",
      "id": "node/469770897",
      "geometry": {
        "type": "Point",
        "coordinates": [
          -0.005543,
          51.6242806
        ]
      },
      "properties": {
        "id": "node/469770897",
        "osmType": "node",
        "osmId": 469770897,
        "name": "Hail & Ride Heathcote Grove",
        "category": "bus_stop",
        "categoryLabel": "Bus Stop",
        "amenity": null,
        "highway": "bus_stop",
        "tourism": null,
        "historic": null,
        "railway": null,
        "website": null,
        "phone": null,
        "address": null
      }
    },
    {
      "type": "Feature",
      "id": "node/469771034",
      "geometry": {
        "type": "Point",
        "coordinates": [
          -0.0181242,
          51.6130274
        ]
      },
      "properties": {
        "id": "node/469771034",
        "osmType": "node",
        "osmId": 469771034,
        "name": "Hampton Road",
        "category": "bus_stop",
        "categoryLabel": "Bus Stop",
        "amenity": null,
        "highway": "bus_stop",
        "tourism": null,
        "historic": null,
        "railway": null,
        "website": null,
        "phone": null,
        "address": null
      }
    },
    {
      "type": "Feature",
      "id": "node/469771131",
      "geometry": {
        "type": "Point",
        "coordinates": [
          -0.0102536,
          51.6351215
        ]
      },
      "properties": {
        "id": "node/469771131",
        "osmType": "node",
        "osmId": 469771131,
        "name": "Hail & Ride Harford Road",
        "category": "bus_stop",
        "categoryLabel": "Bus Stop",
        "amenity": null,
        "highway": "bus_stop",
        "tourism": null,
        "historic": null,
        "railway": null,
        "website": null,
        "phone": null,
        "address": null
      }
    },
    {
      "type": "Feature",
      "id": "node/469771227",
      "geometry": {
        "type": "Point",
        "coordinates": [
          -0.0289222,
          51.5997014
        ]
      },
      "properties": {
        "id": "node/469771227",
        "osmType": "node",
        "osmId": 469771227,
        "name": "Guildsway",
        "category": "bus_stop",
        "categoryLabel": "Bus Stop",
        "amenity": null,
        "highway": "bus_stop",
        "tourism": null,
        "historic": null,
        "railway": null,
        "website": null,
        "phone": null,
        "address": null
      }
    },
    {
      "type": "Feature",
      "id": "node/469771228",
      "geometry": {
        "type": "Point",
        "coordinates": [
          -0.0292981,
          51.5996099
        ]
      },
      "properties": {
        "id": "node/469771228",
        "osmType": "node",
        "osmId": 469771228,
        "name": "Guildsway",
        "category": "bus_stop",
        "categoryLabel": "Bus Stop",
        "amenity": null,
        "highway": "bus_stop",
        "tourism": null,
        "historic": null,
        "railway": null,
        "website": null,
        "phone": null,
        "address": null
      }
    },
    {
      "type": "Feature",
      "id": "node/469771236",
      "geometry": {
        "type": "Point",
        "coordinates": [
          -0.0149788,
          51.6703161
        ]
      },
      "properties": {
        "id": "node/469771236",
        "osmType": "node",
        "osmId": 469771236,
        "name": "Gunner Drive",
        "category": "bus_stop",
        "categoryLabel": "Bus Stop",
        "amenity": null,
        "highway": "bus_stop",
        "tourism": null,
        "historic": null,
        "railway": null,
        "website": null,
        "phone": null,
        "address": null
      }
    },
    {
      "type": "Feature",
      "id": "node/469771237",
      "geometry": {
        "type": "Point",
        "coordinates": [
          -0.0154998,
          51.6703069
        ]
      },
      "properties": {
        "id": "node/469771237",
        "osmType": "node",
        "osmId": 469771237,
        "name": "Gunner Drive",
        "category": "bus_stop",
        "categoryLabel": "Bus Stop",
        "amenity": null,
        "highway": "bus_stop",
        "tourism": null,
        "historic": null,
        "railway": null,
        "website": null,
        "phone": null,
        "address": null
      }
    },
    {
      "type": "Feature",
      "id": "node/469771765",
      "geometry": {
        "type": "Point",
        "coordinates": [
          -0.0085991,
          51.640309
        ]
      },
      "properties": {
        "id": "node/469771765",
        "osmType": "node",
        "osmId": 469771765,
        "name": "Hail & Ride Hawkdene",
        "category": "bus_stop",
        "categoryLabel": "Bus Stop",
        "amenity": null,
        "highway": "bus_stop",
        "tourism": null,
        "historic": null,
        "railway": null,
        "website": null,
        "phone": null,
        "address": null
      }
    },
    {
      "type": "Feature",
      "id": "node/469771769",
      "geometry": {
        "type": "Point",
        "coordinates": [
          -0.0091911,
          51.6339616
        ]
      },
      "properties": {
        "id": "node/469771769",
        "osmType": "node",
        "osmId": 469771769,
        "name": "Hawksmouth",
        "category": "bus_stop",
        "categoryLabel": "Bus Stop",
        "amenity": null,
        "highway": "bus_stop",
        "tourism": null,
        "historic": null,
        "railway": null,
        "website": null,
        "phone": null,
        "address": null
      }
    },
    {
      "type": "Feature",
      "id": "node/469771770",
      "geometry": {
        "type": "Point",
        "coordinates": [
          -0.0091638,
          51.6337529
        ]
      },
      "properties": {
        "id": "node/469771770",
        "osmType": "node",
        "osmId": 469771770,
        "name": "Hawksmouth",
        "category": "bus_stop",
        "categoryLabel": "Bus Stop",
        "amenity": null,
        "highway": "bus_stop",
        "tourism": null,
        "historic": null,
        "railway": null,
        "website": null,
        "phone": null,
        "address": null
      }
    },
    {
      "type": "Feature",
      "id": "node/469771771",
      "geometry": {
        "type": "Point",
        "coordinates": [
          -0.0062082,
          51.6426981
        ]
      },
      "properties": {
        "id": "node/469771771",
        "osmType": "node",
        "osmId": 469771771,
        "name": "Hail & Ride Hawkswood School",
        "category": "bus_stop",
        "categoryLabel": "Bus Stop",
        "amenity": null,
        "highway": "bus_stop",
        "tourism": null,
        "historic": null,
        "railway": null,
        "website": null,
        "phone": null,
        "address": null
      }
    },
    {
      "type": "Feature",
      "id": "node/469771772",
      "geometry": {
        "type": "Point",
        "coordinates": [
          -0.0116865,
          51.6397212
        ]
      },
      "properties": {
        "id": "node/469771772",
        "osmType": "node",
        "osmId": 469771772,
        "name": "Hawkwood Crescent",
        "category": "bus_stop",
        "categoryLabel": "Bus Stop",
        "amenity": null,
        "highway": "bus_stop",
        "tourism": null,
        "historic": null,
        "railway": null,
        "website": null,
        "phone": null,
        "address": null
      }
    },
    {
      "type": "Feature",
      "id": "node/469771773",
      "geometry": {
        "type": "Point",
        "coordinates": [
          -0.0113398,
          51.6410133
        ]
      },
      "properties": {
        "id": "node/469771773",
        "osmType": "node",
        "osmId": 469771773,
        "name": "Hawkwood Crescent",
        "category": "bus_stop",
        "categoryLabel": "Bus Stop",
        "amenity": null,
        "highway": "bus_stop",
        "tourism": null,
        "historic": null,
        "railway": null,
        "website": null,
        "phone": null,
        "address": null
      }
    },
    {
      "type": "Feature",
      "id": "node/469771976",
      "geometry": {
        "type": "Point",
        "coordinates": [
          0.0402312,
          51.6134406
        ]
      },
      "properties": {
        "id": "node/469771976",
        "osmType": "node",
        "osmId": 469771976,
        "name": "Heronway",
        "category": "bus_stop",
        "categoryLabel": "Bus Stop",
        "amenity": null,
        "highway": "bus_stop",
        "tourism": null,
        "historic": null,
        "railway": null,
        "website": null,
        "phone": null,
        "address": null
      }
    },
    {
      "type": "Feature",
      "id": "node/469771977",
      "geometry": {
        "type": "Point",
        "coordinates": [
          0.0404564,
          51.6134674
        ]
      },
      "properties": {
        "id": "node/469771977",
        "osmType": "node",
        "osmId": 469771977,
        "name": "Heronway",
        "category": "bus_stop",
        "categoryLabel": "Bus Stop",
        "amenity": null,
        "highway": "bus_stop",
        "tourism": null,
        "historic": null,
        "railway": null,
        "website": null,
        "phone": null,
        "address": null
      }
    },
    {
      "type": "Feature",
      "id": "node/469771984",
      "geometry": {
        "type": "Point",
        "coordinates": [
          -0.0348428,
          51.6800411
        ]
      },
      "properties": {
        "id": "node/469771984",
        "osmType": "node",
        "osmId": 469771984,
        "name": "Bullsmoor Lane / Hertford Road",
        "category": "bus_stop",
        "categoryLabel": "Bus Stop",
        "amenity": null,
        "highway": "bus_stop",
        "tourism": null,
        "historic": null,
        "railway": null,
        "website": null,
        "phone": null,
        "address": null
      }
    },
    {
      "type": "Feature",
      "id": "node/469772019",
      "geometry": {
        "type": "Point",
        "coordinates": [
          -0.0017752,
          51.6096393
        ]
      },
      "properties": {
        "id": "node/469772019",
        "osmType": "node",
        "osmId": 469772019,
        "name": "Hickman Avenue",
        "category": "bus_stop",
        "categoryLabel": "Bus Stop",
        "amenity": null,
        "highway": "bus_stop",
        "tourism": null,
        "historic": null,
        "railway": null,
        "website": null,
        "phone": null,
        "address": null
      }
    },
    {
      "type": "Feature",
      "id": "node/469772020",
      "geometry": {
        "type": "Point",
        "coordinates": [
          -0.0025853,
          51.6106541
        ]
      },
      "properties": {
        "id": "node/469772020",
        "osmType": "node",
        "osmId": 469772020,
        "name": "Hickman Avenue",
        "category": "bus_stop",
        "categoryLabel": "Bus Stop",
        "amenity": null,
        "highway": "bus_stop",
        "tourism": null,
        "historic": null,
        "railway": null,
        "website": null,
        "phone": null,
        "address": null
      }
    },
    {
      "type": "Feature",
      "id": "node/469772022",
      "geometry": {
        "type": "Point",
        "coordinates": [
          -0.0169728,
          51.6070515
        ]
      },
      "properties": {
        "id": "node/469772022",
        "osmType": "node",
        "osmId": 469772022,
        "name": "Higham Station Avenue",
        "category": "bus_stop",
        "categoryLabel": "Bus Stop",
        "amenity": null,
        "highway": "bus_stop",
        "tourism": null,
        "historic": null,
        "railway": null,
        "website": null,
        "phone": null,
        "address": null
      }
    },
    {
      "type": "Feature",
      "id": "node/469772024",
      "geometry": {
        "type": "Point",
        "coordinates": [
          -0.016773,
          51.6073472
        ]
      },
      "properties": {
        "id": "node/469772024",
        "osmType": "node",
        "osmId": 469772024,
        "name": "Higham Station Avenue",
        "category": "bus_stop",
        "categoryLabel": "Bus Stop",
        "amenity": null,
        "highway": "bus_stop",
        "tourism": null,
        "historic": null,
        "railway": null,
        "website": null,
        "phone": null,
        "address": null
      }
    },
    {
      "type": "Feature",
      "id": "node/469772037",
      "geometry": {
        "type": "Point",
        "coordinates": [
          -0.0008685,
          51.6074853
        ]
      },
      "properties": {
        "id": "node/469772037",
        "osmType": "node",
        "osmId": 469772037,
        "name": "Highams Park Station",
        "category": "bus_stop",
        "categoryLabel": "Bus Stop",
        "amenity": null,
        "highway": "bus_stop",
        "tourism": null,
        "historic": null,
        "railway": null,
        "website": null,
        "phone": null,
        "address": null
      }
    },
    {
      "type": "Feature",
      "id": "node/469772041",
      "geometry": {
        "type": "Point",
        "coordinates": [
          -0.0010764,
          51.6076225
        ]
      },
      "properties": {
        "id": "node/469772041",
        "osmType": "node",
        "osmId": 469772041,
        "name": "Highams Park Station",
        "category": "bus_stop",
        "categoryLabel": "Bus Stop",
        "amenity": null,
        "highway": "bus_stop",
        "tourism": null,
        "historic": null,
        "railway": null,
        "website": null,
        "phone": null,
        "address": null
      }
    },
    {
      "type": "Feature",
      "id": "node/469772044",
      "geometry": {
        "type": "Point",
        "coordinates": [
          0.0020867,
          51.6032751
        ]
      },
      "properties": {
        "id": "node/469772044",
        "osmType": "node",
        "osmId": 469772044,
        "name": "Forest Mount Road",
        "category": "bus_stop",
        "categoryLabel": "Bus Stop",
        "amenity": null,
        "highway": "bus_stop",
        "tourism": null,
        "historic": null,
        "railway": null,
        "website": null,
        "phone": null,
        "address": null
      }
    },
    {
      "type": "Feature",
      "id": "node/469772046",
      "geometry": {
        "type": "Point",
        "coordinates": [
          0.0026023,
          51.6044931
        ]
      },
      "properties": {
        "id": "node/469772046",
        "osmType": "node",
        "osmId": 469772046,
        "name": "Hollywood Way",
        "category": "bus_stop",
        "categoryLabel": "Bus Stop",
        "amenity": null,
        "highway": "bus_stop",
        "tourism": null,
        "historic": null,
        "railway": null,
        "website": null,
        "phone": null,
        "address": null
      }
    },
    {
      "type": "Feature",
      "id": "node/469772642",
      "geometry": {
        "type": "Point",
        "coordinates": [
          0.1064724,
          51.6071274
        ]
      },
      "properties": {
        "id": "node/469772642",
        "osmType": "node",
        "osmId": 469772642,
        "name": "Kielder Close",
        "category": "bus_stop",
        "categoryLabel": "Bus Stop",
        "amenity": null,
        "highway": "bus_stop",
        "tourism": null,
        "historic": null,
        "railway": null,
        "website": null,
        "phone": null,
        "address": null
      }
    },
    {
      "type": "Feature",
      "id": "node/469772661",
      "geometry": {
        "type": "Point",
        "coordinates": [
          0.0118262,
          51.6274975
        ]
      },
      "properties": {
        "id": "node/469772661",
        "osmType": "node",
        "osmId": 469772661,
        "name": "Kimberley Road",
        "category": "bus_stop",
        "categoryLabel": "Bus Stop",
        "amenity": null,
        "highway": "bus_stop",
        "tourism": null,
        "historic": null,
        "railway": null,
        "website": null,
        "phone": null,
        "address": null
      }
    },
    {
      "type": "Feature",
      "id": "node/469772662",
      "geometry": {
        "type": "Point",
        "coordinates": [
          0.0128697,
          51.6274618
        ]
      },
      "properties": {
        "id": "node/469772662",
        "osmType": "node",
        "osmId": 469772662,
        "name": "Kimberley Road",
        "category": "bus_stop",
        "categoryLabel": "Bus Stop",
        "amenity": null,
        "highway": "bus_stop",
        "tourism": null,
        "historic": null,
        "railway": null,
        "website": null,
        "phone": null,
        "address": null
      }
    },
    {
      "type": "Feature",
      "id": "node/469772752",
      "geometry": {
        "type": "Point",
        "coordinates": [
          0.0382677,
          51.6109923
        ]
      },
      "properties": {
        "id": "node/469772752",
        "osmType": "node",
        "osmId": 469772752,
        "name": "Hillside Close",
        "category": "bus_stop",
        "categoryLabel": "Bus Stop",
        "amenity": null,
        "highway": "bus_stop",
        "tourism": null,
        "historic": null,
        "railway": null,
        "website": null,
        "phone": null,
        "address": null
      }
    },
    {
      "type": "Feature",
      "id": "node/469772972",
      "geometry": {
        "type": "Point",
        "coordinates": [
          0.0302647,
          51.623573
        ]
      },
      "properties": {
        "id": "node/469772972",
        "osmType": "node",
        "osmId": 469772972,
        "name": "Knighton Lane",
        "category": "bus_stop",
        "categoryLabel": "Bus Stop",
        "amenity": null,
        "highway": "bus_stop",
        "tourism": null,
        "historic": null,
        "railway": null,
        "website": null,
        "phone": null,
        "address": null
      }
    },
    {
      "type": "Feature",
      "id": "node/469772973",
      "geometry": {
        "type": "Point",
        "coordinates": [
          0.0300007,
          51.6225956
        ]
      },
      "properties": {
        "id": "node/469772973",
        "osmType": "node",
        "osmId": 469772973,
        "name": "Knighton Lane",
        "category": "bus_stop",
        "categoryLabel": "Bus Stop",
        "amenity": null,
        "highway": "bus_stop",
        "tourism": null,
        "historic": null,
        "railway": null,
        "website": null,
        "phone": null,
        "address": null
      }
    },
    {
      "type": "Feature",
      "id": "node/469773011",
      "geometry": {
        "type": "Point",
        "coordinates": [
          -0.0155592,
          51.6370333
        ]
      },
      "properties": {
        "id": "node/469773011",
        "osmType": "node",
        "osmId": 469773011,
        "name": "King George Sailing Club",
        "category": "bus_stop",
        "categoryLabel": "Bus Stop",
        "amenity": null,
        "highway": "bus_stop",
        "tourism": null,
        "historic": null,
        "railway": null,
        "website": null,
        "phone": null,
        "address": null
      }
    },
    {
      "type": "Feature",
      "id": "node/469773012",
      "geometry": {
        "type": "Point",
        "coordinates": [
          -0.0165019,
          51.6371896
        ]
      },
      "properties": {
        "id": "node/469773012",
        "osmType": "node",
        "osmId": 469773012,
        "name": "King George Sailing Club",
        "category": "bus_stop",
        "categoryLabel": "Bus Stop",
        "amenity": null,
        "highway": "bus_stop",
        "tourism": null,
        "historic": null,
        "railway": null,
        "website": null,
        "phone": null,
        "address": null
      }
    },
    {
      "type": "Feature",
      "id": "node/469773114",
      "geometry": {
        "type": "Point",
        "coordinates": [
          -0.0015525,
          51.631236
        ]
      },
      "properties": {
        "id": "node/469773114",
        "osmType": "node",
        "osmId": 469773114,
        "name": "Kings Head Hill",
        "category": "bus_stop",
        "categoryLabel": "Bus Stop",
        "amenity": null,
        "highway": "bus_stop",
        "tourism": null,
        "historic": null,
        "railway": null,
        "website": null,
        "phone": null,
        "address": null
      }
    },
    {
      "type": "Feature",
      "id": "node/469773117",
      "geometry": {
        "type": "Point",
        "coordinates": [
          -0.0018281,
          51.630862
        ]
      },
      "properties": {
        "id": "node/469773117",
        "osmType": "node",
        "osmId": 469773117,
        "name": "Kings Head Hill",
        "category": "bus_stop",
        "categoryLabel": "Bus Stop",
        "amenity": null,
        "highway": "bus_stop",
        "tourism": null,
        "historic": null,
        "railway": null,
        "website": null,
        "phone": null,
        "address": null
      }
    },
    {
      "type": "Feature",
      "id": "node/469773183",
      "geometry": {
        "type": "Point",
        "coordinates": [
          0.0801957,
          51.5981565
        ]
      },
      "properties": {
        "id": "node/469773183",
        "osmType": "node",
        "osmId": 469773183,
        "name": "Kingsley Road",
        "category": "bus_stop",
        "categoryLabel": "Bus Stop",
        "amenity": null,
        "highway": "bus_stop",
        "tourism": null,
        "historic": null,
        "railway": null,
        "website": null,
        "phone": null,
        "address": null
      }
    },
    {
      "type": "Feature",
      "id": "node/469773227",
      "geometry": {
        "type": "Point",
        "coordinates": [
          -0.0177827,
          51.6097431
        ]
      },
      "properties": {
        "id": "node/469773227",
        "osmType": "node",
        "osmId": 469773227,
        "name": "Leonard Road",
        "category": "bus_stop",
        "categoryLabel": "Bus Stop",
        "amenity": null,
        "highway": "bus_stop",
        "tourism": null,
        "historic": null,
        "railway": null,
        "website": null,
        "phone": null,
        "address": null
      }
    },
    {
      "type": "Feature",
      "id": "node/469773228",
      "geometry": {
        "type": "Point",
        "coordinates": [
          -0.0175874,
          51.6096184
        ]
      },
      "properties": {
        "id": "node/469773228",
        "osmType": "node",
        "osmId": 469773228,
        "name": "Leonard Road",
        "category": "bus_stop",
        "categoryLabel": "Bus Stop",
        "amenity": null,
        "highway": "bus_stop",
        "tourism": null,
        "historic": null,
        "railway": null,
        "website": null,
        "phone": null,
        "address": null
      }
    },
    {
      "type": "Feature",
      "id": "node/469773290",
      "geometry": {
        "type": "Point",
        "coordinates": [
          -0.0307724,
          51.6629264
        ]
      },
      "properties": {
        "id": "node/469773290",
        "osmType": "node",
        "osmId": 469773290,
        "name": "Leys Road East",
        "category": "bus_stop",
        "categoryLabel": "Bus Stop",
        "amenity": null,
        "highway": "bus_stop",
        "tourism": null,
        "historic": null,
        "railway": null,
        "website": null,
        "phone": null,
        "address": null
      }
    },
    {
      "type": "Feature",
      "id": "node/469773291",
      "geometry": {
        "type": "Point",
        "coordinates": [
          -0.030493,
          51.6634554
        ]
      },
      "properties": {
        "id": "node/469773291",
        "osmType": "node",
        "osmId": 469773291,
        "name": "Leys Road East",
        "category": "bus_stop",
        "categoryLabel": "Bus Stop",
        "amenity": null,
        "highway": "bus_stop",
        "tourism": null,
        "historic": null,
        "railway": null,
        "website": null,
        "phone": null,
        "address": null
      }
    },
    {
      "type": "Feature",
      "id": "node/469773380",
      "geometry": {
        "type": "Point",
        "coordinates": [
          0.0586575,
          51.6076878
        ]
      },
      "properties": {
        "id": "node/469773380",
        "osmType": "node",
        "osmId": 469773380,
        "name": "Love Lane",
        "category": "bus_stop",
        "categoryLabel": "Bus Stop",
        "amenity": null,
        "highway": "bus_stop",
        "tourism": null,
        "historic": null,
        "railway": null,
        "website": null,
        "phone": null,
        "address": null
      }
    },
    {
      "type": "Feature",
      "id": "node/469773407",
      "geometry": {
        "type": "Point",
        "coordinates": [
          -0.02912,
          51.6145476
        ]
      },
      "properties": {
        "id": "node/469773407",
        "osmType": "node",
        "osmId": 469773407,
        "name": "Lower Hall Lane",
        "category": "bus_stop",
        "categoryLabel": "Bus Stop",
        "amenity": null,
        "highway": "bus_stop",
        "tourism": null,
        "historic": null,
        "railway": null,
        "website": null,
        "phone": null,
        "address": null
      }
    },
    {
      "type": "Feature",
      "id": "node/469773408",
      "geometry": {
        "type": "Point",
        "coordinates": [
          -0.0285852,
          51.6155548
        ]
      },
      "properties": {
        "id": "node/469773408",
        "osmType": "node",
        "osmId": 469773408,
        "name": "Lower Hall Lane",
        "category": "bus_stop",
        "categoryLabel": "Bus Stop",
        "amenity": null,
        "highway": "bus_stop",
        "tourism": null,
        "historic": null,
        "railway": null,
        "website": null,
        "phone": null,
        "address": null
      }
    },
    {
      "type": "Feature",
      "id": "node/469773714",
      "geometry": {
        "type": "Point",
        "coordinates": [
          0.0005119,
          51.618044
        ]
      },
      "properties": {
        "id": "node/469773714",
        "osmType": "node",
        "osmId": 469773714,
        "name": "St Anne's Parish Church",
        "category": "bus_stop",
        "categoryLabel": "Bus Stop",
        "amenity": null,
        "highway": "bus_stop",
        "tourism": null,
        "historic": null,
        "railway": null,
        "website": null,
        "phone": null,
        "address": null
      }
    },
    {
      "type": "Feature",
      "id": "node/469773716",
      "geometry": {
        "type": "Point",
        "coordinates": [
          0.0003793,
          51.6174658
        ]
      },
      "properties": {
        "id": "node/469773716",
        "osmType": "node",
        "osmId": 469773716,
        "name": "St Anne's Parish Church",
        "category": "bus_stop",
        "categoryLabel": "Bus Stop",
        "amenity": null,
        "highway": "bus_stop",
        "tourism": null,
        "historic": null,
        "railway": null,
        "website": null,
        "phone": null,
        "address": null
      }
    },
    {
      "type": "Feature",
      "id": "node/469773717",
      "geometry": {
        "type": "Point",
        "coordinates": [
          1.84e-05,
          51.6150912
        ]
      },
      "properties": {
        "id": "node/469773717",
        "osmType": "node",
        "osmId": 469773717,
        "name": "Larkshall Crescent",
        "category": "bus_stop",
        "categoryLabel": "Bus Stop",
        "amenity": null,
        "highway": "bus_stop",
        "tourism": null,
        "historic": null,
        "railway": null,
        "website": null,
        "phone": null,
        "address": null
      }
    },
    {
      "type": "Feature",
      "id": "node/469773719",
      "geometry": {
        "type": "Point",
        "coordinates": [
          5.05e-05,
          51.6154603
        ]
      },
      "properties": {
        "id": "node/469773719",
        "osmType": "node",
        "osmId": 469773719,
        "name": "Larkshall Crescent",
        "category": "bus_stop",
        "categoryLabel": "Bus Stop",
        "amenity": null,
        "highway": "bus_stop",
        "tourism": null,
        "historic": null,
        "railway": null,
        "website": null,
        "phone": null,
        "address": null
      }
    },
    {
      "type": "Feature",
      "id": "node/469773720",
      "geometry": {
        "type": "Point",
        "coordinates": [
          -0.0174682,
          51.6138956
        ]
      },
      "properties": {
        "id": "node/469773720",
        "osmType": "node",
        "osmId": 469773720,
        "name": "Larkswood Road",
        "category": "bus_stop",
        "categoryLabel": "Bus Stop",
        "amenity": null,
        "highway": "bus_stop",
        "tourism": null,
        "historic": null,
        "railway": null,
        "website": null,
        "phone": null,
        "address": null
      }
    },
    {
      "type": "Feature",
      "id": "node/469773722",
      "geometry": {
        "type": "Point",
        "coordinates": [
          -0.0110491,
          51.6176775
        ]
      },
      "properties": {
        "id": "node/469773722",
        "osmType": "node",
        "osmId": 469773722,
        "name": "Larkswood School",
        "category": "bus_stop",
        "categoryLabel": "Bus Stop",
        "amenity": null,
        "highway": "bus_stop",
        "tourism": null,
        "historic": null,
        "railway": null,
        "website": null,
        "phone": null,
        "address": null
      }
    },
    {
      "type": "Feature",
      "id": "node/469773723",
      "geometry": {
        "type": "Point",
        "coordinates": [
          -0.0124297,
          51.6171419
        ]
      },
      "properties": {
        "id": "node/469773723",
        "osmType": "node",
        "osmId": 469773723,
        "name": "Larkswood School",
        "category": "bus_stop",
        "categoryLabel": "Bus Stop",
        "amenity": null,
        "highway": "bus_stop",
        "tourism": null,
        "historic": null,
        "railway": null,
        "website": null,
        "phone": null,
        "address": null
      }
    },
    {
      "type": "Feature",
      "id": "node/469773729",
      "geometry": {
        "type": "Point",
        "coordinates": [
          0.0329826,
          51.5963037
        ]
      },
      "properties": {
        "id": "node/469773729",
        "osmType": "node",
        "osmId": 469773729,
        "name": "Latchett Road",
        "category": "bus_stop",
        "categoryLabel": "Bus Stop",
        "amenity": null,
        "highway": "bus_stop",
        "tourism": null,
        "historic": null,
        "railway": null,
        "website": null,
        "phone": null,
        "address": null
      }
    },
    {
      "type": "Feature",
      "id": "node/469773982",
      "geometry": {
        "type": "Point",
        "coordinates": [
          -0.0295865,
          51.6588602
        ]
      },
      "properties": {
        "id": "node/469773982",
        "osmType": "node",
        "osmId": 469773982,
        "name": "Millmarsh Lane",
        "category": "bus_stop",
        "categoryLabel": "Bus Stop",
        "amenity": null,
        "highway": "bus_stop",
        "tourism": null,
        "historic": null,
        "railway": null,
        "website": null,
        "phone": null,
        "address": null
      }
    },
    {
      "type": "Feature",
      "id": "node/469774074",
      "geometry": {
        "type": "Point",
        "coordinates": [
          -0.0128165,
          51.6364888
        ]
      },
      "properties": {
        "id": "node/469774074",
        "osmType": "node",
        "osmId": 469774074,
        "name": "Lea Valley Road",
        "category": "bus_stop",
        "categoryLabel": "Bus Stop",
        "amenity": null,
        "highway": "bus_stop",
        "tourism": null,
        "historic": null,
        "railway": null,
        "website": null,
        "phone": null,
        "address": null
      }
    },
    {
      "type": "Feature",
      "id": "node/469774075",
      "geometry": {
        "type": "Point",
        "coordinates": [
          -0.0129965,
          51.6351571
        ]
      },
      "properties": {
        "id": "node/469774075",
        "osmType": "node",
        "osmId": 469774075,
        "name": "Lea Valley Road",
        "category": "bus_stop",
        "categoryLabel": "Bus Stop",
        "amenity": null,
        "highway": "bus_stop",
        "tourism": null,
        "historic": null,
        "railway": null,
        "website": null,
        "phone": null,
        "address": null
      }
    },
    {
      "type": "Feature",
      "id": "node/469774110",
      "geometry": {
        "type": "Point",
        "coordinates": [
          -0.0089516,
          51.6383662
        ]
      },
      "properties": {
        "id": "node/469774110",
        "osmType": "node",
        "osmId": 469774110,
        "name": "Hail & Ride Mark Avenue",
        "category": "bus_stop",
        "categoryLabel": "Bus Stop",
        "amenity": null,
        "highway": "bus_stop",
        "tourism": null,
        "historic": null,
        "railway": null,
        "website": null,
        "phone": null,
        "address": null
      }
    },
    {
      "type": "Feature",
      "id": "node/469774152",
      "geometry": {
        "type": "Point",
        "coordinates": [
          -0.027039,
          51.6186346
        ]
      },
      "properties": {
        "id": "node/469774152",
        "osmType": "node",
        "osmId": 469774152,
        "name": "Hail & Ride Marmion Avenue",
        "category": "bus_stop",
        "categoryLabel": "Bus Stop",
        "amenity": null,
        "highway": "bus_stop",
        "tourism": null,
        "historic": null,
        "railway": null,
        "website": null,
        "phone": null,
        "address": null
      }
    },
    {
      "type": "Feature",
      "id": "node/469774153",
      "geometry": {
        "type": "Point",
        "coordinates": [
          -0.026666,
          51.6186114
        ]
      },
      "properties": {
        "id": "node/469774153",
        "osmType": "node",
        "osmId": 469774153,
        "name": "Hail & Ride Russell Road",
        "category": "bus_stop",
        "categoryLabel": "Bus Stop",
        "amenity": null,
        "highway": "bus_stop",
        "tourism": null,
        "historic": null,
        "railway": null,
        "website": null,
        "phone": null,
        "address": null
      }
    },
    {
      "type": "Feature",
      "id": "node/469774223",
      "geometry": {
        "type": "Point",
        "coordinates": [
          0.0396084,
          51.5976429
        ]
      },
      "properties": {
        "id": "node/469774223",
        "osmType": "node",
        "osmId": 469774223,
        "name": "Maybank Road",
        "category": "bus_stop",
        "categoryLabel": "Bus Stop",
        "amenity": null,
        "highway": "bus_stop",
        "tourism": null,
        "historic": null,
        "railway": null,
        "website": null,
        "phone": null,
        "address": null
      }
    },
    {
      "type": "Feature",
      "id": "node/469774224",
      "geometry": {
        "type": "Point",
        "coordinates": [
          0.0391476,
          51.5964573
        ]
      },
      "properties": {
        "id": "node/469774224",
        "osmType": "node",
        "osmId": 469774224,
        "name": "Maybank Road",
        "category": "bus_stop",
        "categoryLabel": "Bus Stop",
        "amenity": null,
        "highway": "bus_stop",
        "tourism": null,
        "historic": null,
        "railway": null,
        "website": null,
        "phone": null,
        "address": null
      }
    },
    {
      "type": "Feature",
      "id": "node/469774225",
      "geometry": {
        "type": "Point",
        "coordinates": [
          0.0381551,
          51.5970653
        ]
      },
      "properties": {
        "id": "node/469774225",
        "osmType": "node",
        "osmId": 469774225,
        "name": "Maybank Road",
        "category": "bus_stop",
        "categoryLabel": "Bus Stop",
        "amenity": null,
        "highway": "bus_stop",
        "tourism": null,
        "historic": null,
        "railway": null,
        "website": null,
        "phone": null,
        "address": null
      }
    },
    {
      "type": "Feature",
      "id": "node/469774268",
      "geometry": {
        "type": "Point",
        "coordinates": [
          -0.0221134,
          51.6086345
        ]
      },
      "properties": {
        "id": "node/469774268",
        "osmType": "node",
        "osmId": 469774268,
        "name": "May Road",
        "category": "bus_stop",
        "categoryLabel": "Bus Stop",
        "amenity": null,
        "highway": "bus_stop",
        "tourism": null,
        "historic": null,
        "railway": null,
        "website": null,
        "phone": null,
        "address": null
      }
    },
    {
      "type": "Feature",
      "id": "node/469774269",
      "geometry": {
        "type": "Point",
        "coordinates": [
          -0.0215609,
          51.6085846
        ]
      },
      "properties": {
        "id": "node/469774269",
        "osmType": "node",
        "osmId": 469774269,
        "name": "May Road",
        "category": "bus_stop",
        "categoryLabel": "Bus Stop",
        "amenity": null,
        "highway": "bus_stop",
        "tourism": null,
        "historic": null,
        "railway": null,
        "website": null,
        "phone": null,
        "address": null
      }
    },
    {
      "type": "Feature",
      "id": "node/469774279",
      "geometry": {
        "type": "Point",
        "coordinates": [
          -0.0231279,
          51.6000014
        ]
      },
      "properties": {
        "id": "node/469774279",
        "osmType": "node",
        "osmId": 469774279,
        "name": "Walthamstow Academy",
        "category": "bus_stop",
        "categoryLabel": "Bus Stop",
        "amenity": null,
        "highway": "bus_stop",
        "tourism": null,
        "historic": null,
        "railway": null,
        "website": null,
        "phone": null,
        "address": null
      }
    },
    {
      "type": "Feature",
      "id": "node/469774280",
      "geometry": {
        "type": "Point",
        "coordinates": [
          -0.0229134,
          51.5999153
        ]
      },
      "properties": {
        "id": "node/469774280",
        "osmType": "node",
        "osmId": 469774280,
        "name": "Walthamstow Academy",
        "category": "bus_stop",
        "categoryLabel": "Bus Stop",
        "amenity": null,
        "highway": "bus_stop",
        "tourism": null,
        "historic": null,
        "railway": null,
        "website": null,
        "phone": null,
        "address": null
      }
    },
    {
      "type": "Feature",
      "id": "node/469774345",
      "geometry": {
        "type": "Point",
        "coordinates": [
          0.1117266,
          51.609211
        ]
      },
      "properties": {
        "id": "node/469774345",
        "osmType": "node",
        "osmId": 469774345,
        "name": "Manford Cross",
        "category": "bus_stop",
        "categoryLabel": "Bus Stop",
        "amenity": null,
        "highway": "bus_stop",
        "tourism": null,
        "historic": null,
        "railway": null,
        "website": null,
        "phone": null,
        "address": null
      }
    },
    {
      "type": "Feature",
      "id": "node/469774346",
      "geometry": {
        "type": "Point",
        "coordinates": [
          0.1011293,
          51.6088212
        ]
      },
      "properties": {
        "id": "node/469774346",
        "osmType": "node",
        "osmId": 469774346,
        "name": "Manford Primary School",
        "category": "bus_stop",
        "categoryLabel": "Bus Stop",
        "amenity": null,
        "highway": "bus_stop",
        "tourism": null,
        "historic": null,
        "railway": null,
        "website": null,
        "phone": null,
        "address": null
      }
    },
    {
      "type": "Feature",
      "id": "node/469774347",
      "geometry": {
        "type": "Point",
        "coordinates": [
          0.0994129,
          51.6090181
        ]
      },
      "properties": {
        "id": "node/469774347",
        "osmType": "node",
        "osmId": 469774347,
        "name": "Manford Primary School",
        "category": "bus_stop",
        "categoryLabel": "Bus Stop",
        "amenity": null,
        "highway": "bus_stop",
        "tourism": null,
        "historic": null,
        "railway": null,
        "website": null,
        "phone": null,
        "address": null
      }
    },
    {
      "type": "Feature",
      "id": "node/469774396",
      "geometry": {
        "type": "Point",
        "coordinates": [
          0.0944175,
          51.6138948
        ]
      },
      "properties": {
        "id": "node/469774396",
        "osmType": "node",
        "osmId": 469774396,
        "name": "Manor Road",
        "category": "bus_stop",
        "categoryLabel": "Bus Stop",
        "amenity": null,
        "highway": "bus_stop",
        "tourism": null,
        "historic": null,
        "railway": null,
        "website": null,
        "phone": null,
        "address": null
      }
    },
    {
      "type": "Feature",
      "id": "node/469774397",
      "geometry": {
        "type": "Point",
        "coordinates": [
          0.0938595,
          51.6138915
        ]
      },
      "properties": {
        "id": "node/469774397",
        "osmType": "node",
        "osmId": 469774397,
        "name": "Manor Road / Grange Hill Station",
        "category": "bus_stop",
        "categoryLabel": "Bus Stop",
        "amenity": null,
        "highway": "bus_stop",
        "tourism": null,
        "historic": null,
        "railway": null,
        "website": null,
        "phone": null,
        "address": null
      }
    },
    {
      "type": "Feature",
      "id": "node/469774402",
      "geometry": {
        "type": "Point",
        "coordinates": [
          0.0550869,
          51.6062381
        ]
      },
      "properties": {
        "id": "node/469774402",
        "osmType": "node",
        "osmId": 469774402,
        "name": "Manor Road",
        "category": "bus_stop",
        "categoryLabel": "Bus Stop",
        "amenity": null,
        "highway": "bus_stop",
        "tourism": null,
        "historic": null,
        "railway": null,
        "website": null,
        "phone": null,
        "address": null
      }
    },
    {
      "type": "Feature",
      "id": "node/469774435",
      "geometry": {
        "type": "Point",
        "coordinates": [
          -0.0111529,
          51.6270502
        ]
      },
      "properties": {
        "id": "node/469774435",
        "osmType": "node",
        "osmId": 469774435,
        "name": "Mansfield Hill",
        "category": "bus_stop",
        "categoryLabel": "Bus Stop",
        "amenity": null,
        "highway": "bus_stop",
        "tourism": null,
        "historic": null,
        "railway": null,
        "website": null,
        "phone": null,
        "address": null
      }
    },
    {
      "type": "Feature",
      "id": "node/469774436",
      "geometry": {
        "type": "Point",
        "coordinates": [
          -0.0125346,
          51.62689
        ]
      },
      "properties": {
        "id": "node/469774436",
        "osmType": "node",
        "osmId": 469774436,
        "name": "Mansfield Park",
        "category": "bus_stop",
        "categoryLabel": "Bus Stop",
        "amenity": null,
        "highway": "bus_stop",
        "tourism": null,
        "historic": null,
        "railway": null,
        "website": null,
        "phone": null,
        "address": null
      }
    },
    {
      "type": "Feature",
      "id": "node/469774437",
      "geometry": {
        "type": "Point",
        "coordinates": [
          -0.0119258,
          51.6275489
        ]
      },
      "properties": {
        "id": "node/469774437",
        "osmType": "node",
        "osmId": 469774437,
        "name": "Mansfield Park",
        "category": "bus_stop",
        "categoryLabel": "Bus Stop",
        "amenity": null,
        "highway": "bus_stop",
        "tourism": null,
        "historic": null,
        "railway": null,
        "website": null,
        "phone": null,
        "address": null
      }
    },
    {
      "type": "Feature",
      "id": "node/469774440",
      "geometry": {
        "type": "Point",
        "coordinates": [
          -0.0177753,
          51.6289901
        ]
      },
      "properties": {
        "id": "node/469774440",
        "osmType": "node",
        "osmId": 469774440,
        "name": "Hail & Ride Valley Side",
        "category": "bus_stop",
        "categoryLabel": "Bus Stop",
        "amenity": null,
        "highway": "bus_stop",
        "tourism": null,
        "historic": null,
        "railway": null,
        "website": null,
        "phone": null,
        "address": null
      }
    },
    {
      "type": "Feature",
      "id": "node/469774441",
      "geometry": {
        "type": "Point",
        "coordinates": [
          -0.0174551,
          51.6290519
        ]
      },
      "properties": {
        "id": "node/469774441",
        "osmType": "node",
        "osmId": 469774441,
        "name": "Hail & Ride Valley Side",
        "category": "bus_stop",
        "categoryLabel": "Bus Stop",
        "amenity": null,
        "highway": "bus_stop",
        "tourism": null,
        "historic": null,
        "railway": null,
        "website": null,
        "phone": null,
        "address": null
      }
    },
    {
      "type": "Feature",
      "id": "node/469774470",
      "geometry": {
        "type": "Point",
        "coordinates": [
          -0.0014172,
          51.6186603
        ]
      },
      "properties": {
        "id": "node/469774470",
        "osmType": "node",
        "osmId": 469774470,
        "name": "Mapleton Road",
        "category": "bus_stop",
        "categoryLabel": "Bus Stop",
        "amenity": null,
        "highway": "bus_stop",
        "tourism": null,
        "historic": null,
        "railway": null,
        "website": null,
        "phone": null,
        "address": null
      }
    },
    {
      "type": "Feature",
      "id": "node/469774472",
      "geometry": {
        "type": "Point",
        "coordinates": [
          -0.0020017,
          51.6183151
        ]
      },
      "properties": {
        "id": "node/469774472",
        "osmType": "node",
        "osmId": 469774472,
        "name": "Mapleton Road",
        "category": "bus_stop",
        "categoryLabel": "Bus Stop",
        "amenity": null,
        "highway": "bus_stop",
        "tourism": null,
        "historic": null,
        "railway": null,
        "website": null,
        "phone": null,
        "address": null
      }
    },
    {
      "type": "Feature",
      "id": "node/469774494",
      "geometry": {
        "type": "Point",
        "coordinates": [
          -0.0093927,
          51.6373956
        ]
      },
      "properties": {
        "id": "node/469774494",
        "osmType": "node",
        "osmId": 469774494,
        "name": "Hail & Ride Margaret Avenue",
        "category": "bus_stop",
        "categoryLabel": "Bus Stop",
        "amenity": null,
        "highway": "bus_stop",
        "tourism": null,
        "historic": null,
        "railway": null,
        "website": null,
        "phone": null,
        "address": null
      }
    },
    {
      "type": "Feature",
      "id": "node/469774876",
      "geometry": {
        "type": "Point",
        "coordinates": [
          -0.0332369,
          51.6449709
        ]
      },
      "properties": {
        "id": "node/469774876",
        "osmType": "node",
        "osmId": 469774876,
        "name": "Ponders End Station",
        "category": "bus_stop",
        "categoryLabel": "Bus Stop",
        "amenity": null,
        "highway": "bus_stop",
        "tourism": null,
        "historic": null,
        "railway": null,
        "website": null,
        "phone": null,
        "address": null
      }
    },
    {
      "type": "Feature",
      "id": "node/469774877",
      "geometry": {
        "type": "Point",
        "coordinates": [
          -0.0331557,
          51.6451372
        ]
      },
      "properties": {
        "id": "node/469774877",
        "osmType": "node",
        "osmId": 469774877,
        "name": "Mollison Avenue / Ponders End",
        "category": "bus_stop",
        "categoryLabel": "Bus Stop",
        "amenity": null,
        "highway": "bus_stop",
        "tourism": null,
        "historic": null,
        "railway": null,
        "website": null,
        "phone": null,
        "address": null
      }
    },
    {
      "type": "Feature",
      "id": "node/469774952",
      "geometry": {
        "type": "Point",
        "coordinates": [
          -0.0251344,
          51.6201194
        ]
      },
      "properties": {
        "id": "node/469774952",
        "osmType": "node",
        "osmId": 469774952,
        "name": "Hail & Ride Middleton Avenue",
        "category": "bus_stop",
        "categoryLabel": "Bus Stop",
        "amenity": null,
        "highway": "bus_stop",
        "tourism": null,
        "historic": null,
        "railway": null,
        "website": null,
        "phone": null,
        "address": null
      }
    },
    {
      "type": "Feature",
      "id": "node/469775051",
      "geometry": {
        "type": "Point",
        "coordinates": [
          0.0344586,
          51.6036315
        ]
      },
      "properties": {
        "id": "node/469775051",
        "osmType": "node",
        "osmId": 469775051,
        "name": "Spring Gardens",
        "category": "bus_stop",
        "categoryLabel": "Bus Stop",
        "amenity": null,
        "highway": "bus_stop",
        "tourism": null,
        "historic": null,
        "railway": null,
        "website": null,
        "phone": null,
        "address": null
      }
    },
    {
      "type": "Feature",
      "id": "node/469775128",
      "geometry": {
        "type": "Point",
        "coordinates": [
          -0.0328543,
          51.5989989
        ]
      },
      "properties": {
        "id": "node/469775128",
        "osmType": "node",
        "osmId": 469775128,
        "name": "Millfield Avenue",
        "category": "bus_stop",
        "categoryLabel": "Bus Stop",
        "amenity": null,
        "highway": "bus_stop",
        "tourism": null,
        "historic": null,
        "railway": null,
        "website": null,
        "phone": null,
        "address": null
      }
    },
    {
      "type": "Feature",
      "id": "node/469775131",
      "geometry": {
        "type": "Point",
        "coordinates": [
          -0.0330387,
          51.5989597
        ]
      },
      "properties": {
        "id": "node/469775131",
        "osmType": "node",
        "osmId": 469775131,
        "name": "Millfield Avenue",
        "category": "bus_stop",
        "categoryLabel": "Bus Stop",
        "amenity": null,
        "highway": "bus_stop",
        "tourism": null,
        "historic": null,
        "railway": null,
        "website": null,
        "phone": null,
        "address": null
      }
    },
    {
      "type": "Feature",
      "id": "node/469775158",
      "geometry": {
        "type": "Point",
        "coordinates": [
          -0.0298576,
          51.6588593
        ]
      },
      "properties": {
        "id": "node/469775158",
        "osmType": "node",
        "osmId": 469775158,
        "name": "Millmarsh Lane",
        "category": "bus_stop",
        "categoryLabel": "Bus Stop",
        "amenity": null,
        "highway": "bus_stop",
        "tourism": null,
        "historic": null,
        "railway": null,
        "website": null,
        "phone": null,
        "address": null
      }
    },
    {
      "type": "Feature",
      "id": "node/469775197",
      "geometry": {
        "type": "Point",
        "coordinates": [
          -0.0202233,
          51.6707128
        ]
      },
      "properties": {
        "id": "node/469775197",
        "osmType": "node",
        "osmId": 469775197,
        "name": "Ordnance Road / Mollison Avenue",
        "category": "bus_stop",
        "categoryLabel": "Bus Stop",
        "amenity": null,
        "highway": "bus_stop",
        "tourism": null,
        "historic": null,
        "railway": null,
        "website": null,
        "phone": null,
        "address": null
      }
    },
    {
      "type": "Feature",
      "id": "node/469775207",
      "geometry": {
        "type": "Point",
        "coordinates": [
          0.0242836,
          51.6134897
        ]
      },
      "properties": {
        "id": "node/469775207",
        "osmType": "node",
        "osmId": 469775207,
        "name": "Monkhams Lane",
        "category": "bus_stop",
        "categoryLabel": "Bus Stop",
        "amenity": null,
        "highway": "bus_stop",
        "tourism": null,
        "historic": null,
        "railway": null,
        "website": null,
        "phone": null,
        "address": null
      }
    },
    {
      "type": "Feature",
      "id": "node/469775208",
      "geometry": {
        "type": "Point",
        "coordinates": [
          0.0238996,
          51.6124925
        ]
      },
      "properties": {
        "id": "node/469775208",
        "osmType": "node",
        "osmId": 469775208,
        "name": "Monkhams Lane",
        "category": "bus_stop",
        "categoryLabel": "Bus Stop",
        "amenity": null,
        "highway": "bus_stop",
        "tourism": null,
        "historic": null,
        "railway": null,
        "website": null,
        "phone": null,
        "address": null
      }
    },
    {
      "type": "Feature",
      "id": "node/469775434",
      "geometry": {
        "type": "Point",
        "coordinates": [
          -0.0134762,
          51.6314143
        ]
      },
      "properties": {
        "id": "node/469775434",
        "osmType": "node",
        "osmId": 469775434,
        "name": "Mount Echo Drive",
        "category": "bus_stop",
        "categoryLabel": "Bus Stop",
        "amenity": null,
        "highway": "bus_stop",
        "tourism": null,
        "historic": null,
        "railway": null,
        "website": null,
        "phone": null,
        "address": null
      }
    },
    {
      "type": "Feature",
      "id": "node/469775437",
      "geometry": {
        "type": "Point",
        "coordinates": [
          -0.0134923,
          51.6322768
        ]
      },
      "properties": {
        "id": "node/469775437",
        "osmType": "node",
        "osmId": 469775437,
        "name": "Mount Echo Drive",
        "category": "bus_stop",
        "categoryLabel": "Bus Stop",
        "amenity": null,
        "highway": "bus_stop",
        "tourism": null,
        "historic": null,
        "railway": null,
        "website": null,
        "phone": null,
        "address": null
      }
    },
    {
      "type": "Feature",
      "id": "node/469775631",
      "geometry": {
        "type": "Point",
        "coordinates": [
          -0.0259669,
          51.5996761
        ]
      },
      "properties": {
        "id": "node/469775631",
        "osmType": "node",
        "osmId": 469775631,
        "name": "North Countess Road",
        "category": "bus_stop",
        "categoryLabel": "Bus Stop",
        "amenity": null,
        "highway": "bus_stop",
        "tourism": null,
        "historic": null,
        "railway": null,
        "website": null,
        "phone": null,
        "address": null
      }
    },
    {
      "type": "Feature",
      "id": "node/469775634",
      "geometry": {
        "type": "Point",
        "coordinates": [
          -0.0264929,
          51.5995215
        ]
      },
      "properties": {
        "id": "node/469775634",
        "osmType": "node",
        "osmId": 469775634,
        "name": "North Countess Road",
        "category": "bus_stop",
        "categoryLabel": "Bus Stop",
        "amenity": null,
        "highway": "bus_stop",
        "tourism": null,
        "historic": null,
        "railway": null,
        "website": null,
        "phone": null,
        "address": null
      }
    },
    {
      "type": "Feature",
      "id": "node/469776579",
      "geometry": {
        "type": "Point",
        "coordinates": [
          2.36e-05,
          51.624289
        ]
      },
      "properties": {
        "id": "node/469776579",
        "osmType": "node",
        "osmId": 469776579,
        "name": "Hail & Ride Onslow Close",
        "category": "bus_stop",
        "categoryLabel": "Bus Stop",
        "amenity": null,
        "highway": "bus_stop",
        "tourism": null,
        "historic": null,
        "railway": null,
        "website": null,
        "phone": null,
        "address": null
      }
    },
    {
      "type": "Feature",
      "id": "node/469776583",
      "geometry": {
        "type": "Point",
        "coordinates": [
          -4.21e-05,
          51.6241787
        ]
      },
      "properties": {
        "id": "node/469776583",
        "osmType": "node",
        "osmId": 469776583,
        "name": "Hail & Ride Onslow Close",
        "category": "bus_stop",
        "categoryLabel": "Bus Stop",
        "amenity": null,
        "highway": "bus_stop",
        "tourism": null,
        "historic": null,
        "railway": null,
        "website": null,
        "phone": null,
        "address": null
      }
    },
    {
      "type": "Feature",
      "id": "node/469776628",
      "geometry": {
        "type": "Point",
        "coordinates": [
          0.0397972,
          51.6017653
        ]
      },
      "properties": {
        "id": "node/469776628",
        "osmType": "node",
        "osmId": 469776628,
        "name": "Orchard Estate",
        "category": "bus_stop",
        "categoryLabel": "Bus Stop",
        "amenity": null,
        "highway": "bus_stop",
        "tourism": null,
        "historic": null,
        "railway": null,
        "website": null,
        "phone": null,
        "address": null
      }
    },
    {
      "type": "Feature",
      "id": "node/469776629",
      "geometry": {
        "type": "Point",
        "coordinates": [
          0.0382609,
          51.6020231
        ]
      },
      "properties": {
        "id": "node/469776629",
        "osmType": "node",
        "osmId": 469776629,
        "name": "Orchard Estate",
        "category": "bus_stop",
        "categoryLabel": "Bus Stop",
        "amenity": null,
        "highway": "bus_stop",
        "tourism": null,
        "historic": null,
        "railway": null,
        "website": null,
        "phone": null,
        "address": null
      }
    },
    {
      "type": "Feature",
      "id": "node/469776853",
      "geometry": {
        "type": "Point",
        "coordinates": [
          0.0316787,
          51.595719
        ]
      },
      "properties": {
        "id": "node/469776853",
        "osmType": "node",
        "osmId": 469776853,
        "name": "Maybank Road",
        "category": "bus_stop",
        "categoryLabel": "Bus Stop",
        "amenity": null,
        "highway": "bus_stop",
        "tourism": null,
        "historic": null,
        "railway": null,
        "website": null,
        "phone": null,
        "address": null
      }
    },
    {
      "type": "Feature",
      "id": "node/469776854",
      "geometry": {
        "type": "Point",
        "coordinates": [
          0.0306339,
          51.5952593
        ]
      },
      "properties": {
        "id": "node/469776854",
        "osmType": "node",
        "osmId": 469776854,
        "name": "Mulberry Way",
        "category": "bus_stop",
        "categoryLabel": "Bus Stop",
        "amenity": null,
        "highway": "bus_stop",
        "tourism": null,
        "historic": null,
        "railway": null,
        "website": null,
        "phone": null,
        "address": null
      }
    },
    {
      "type": "Feature",
      "id": "node/469777012",
      "geometry": {
        "type": "Point",
        "coordinates": [
          0.0846293,
          51.5976666
        ]
      },
      "properties": {
        "id": "node/469777012",
        "osmType": "node",
        "osmId": 469777012,
        "name": "Neville Road",
        "category": "bus_stop",
        "categoryLabel": "Bus Stop",
        "amenity": null,
        "highway": "bus_stop",
        "tourism": null,
        "historic": null,
        "railway": null,
        "website": null,
        "phone": null,
        "address": null
      }
    },
    {
      "type": "Feature",
      "id": "node/469777013",
      "geometry": {
        "type": "Point",
        "coordinates": [
          0.0848514,
          51.5978748
        ]
      },
      "properties": {
        "id": "node/469777013",
        "osmType": "node",
        "osmId": 469777013,
        "name": "Neville Road",
        "category": "bus_stop",
        "categoryLabel": "Bus Stop",
        "amenity": null,
        "highway": "bus_stop",
        "tourism": null,
        "historic": null,
        "railway": null,
        "website": null,
        "phone": null,
        "address": null
      }
    },
    {
      "type": "Feature",
      "id": "node/469777317",
      "geometry": {
        "type": "Point",
        "coordinates": [
          -0.0239128,
          51.6227832
        ]
      },
      "properties": {
        "id": "node/469777317",
        "osmType": "node",
        "osmId": 469777317,
        "name": "Hail & Ride Priory Avenue",
        "category": "bus_stop",
        "categoryLabel": "Bus Stop",
        "amenity": null,
        "highway": "bus_stop",
        "tourism": null,
        "historic": null,
        "railway": null,
        "website": null,
        "phone": null,
        "address": null
      }
    },
    {
      "type": "Feature",
      "id": "node/469777318",
      "geometry": {
        "type": "Point",
        "coordinates": [
          -0.023621,
          51.6227934
        ]
      },
      "properties": {
        "id": "node/469777318",
        "osmType": "node",
        "osmId": 469777318,
        "name": "Hail & Ride Priory Avenue",
        "category": "bus_stop",
        "categoryLabel": "Bus Stop",
        "amenity": null,
        "highway": "bus_stop",
        "tourism": null,
        "historic": null,
        "railway": null,
        "website": null,
        "phone": null,
        "address": null
      }
    },
    {
      "type": "Feature",
      "id": "node/469778115",
      "geometry": {
        "type": "Point",
        "coordinates": [
          -0.0068042,
          51.5971166
        ]
      },
      "properties": {
        "id": "node/469778115",
        "osmType": "node",
        "osmId": 469778115,
        "name": "Queenswood Avenue",
        "category": "bus_stop",
        "categoryLabel": "Bus Stop",
        "amenity": null,
        "highway": "bus_stop",
        "tourism": null,
        "historic": null,
        "railway": null,
        "website": null,
        "phone": null,
        "address": null
      }
    },
    {
      "type": "Feature",
      "id": "node/469778117",
      "geometry": {
        "type": "Point",
        "coordinates": [
          -0.0064802,
          51.5965519
        ]
      },
      "properties": {
        "id": "node/469778117",
        "osmType": "node",
        "osmId": 469778117,
        "name": "Queenswood Avenue",
        "category": "bus_stop",
        "categoryLabel": "Bus Stop",
        "amenity": null,
        "highway": "bus_stop",
        "tourism": null,
        "historic": null,
        "railway": null,
        "website": null,
        "phone": null,
        "address": null
      }
    },
    {
      "type": "Feature",
      "id": "node/469778309",
      "geometry": {
        "type": "Point",
        "coordinates": [
          -0.0062516,
          51.6324898
        ]
      },
      "properties": {
        "id": "node/469778309",
        "osmType": "node",
        "osmId": 469778309,
        "name": "Pole Hill Road",
        "category": "bus_stop",
        "categoryLabel": "Bus Stop",
        "amenity": null,
        "highway": "bus_stop",
        "tourism": null,
        "historic": null,
        "railway": null,
        "website": null,
        "phone": null,
        "address": null
      }
    },
    {
      "type": "Feature",
      "id": "node/469778310",
      "geometry": {
        "type": "Point",
        "coordinates": [
          -0.0054336,
          51.6321719
        ]
      },
      "properties": {
        "id": "node/469778310",
        "osmType": "node",
        "osmId": 469778310,
        "name": "Pole Hill Road",
        "category": "bus_stop",
        "categoryLabel": "Bus Stop",
        "amenity": null,
        "highway": "bus_stop",
        "tourism": null,
        "historic": null,
        "railway": null,
        "website": null,
        "phone": null,
        "address": null
      }
    },
    {
      "type": "Feature",
      "id": "node/469778525",
      "geometry": {
        "type": "Point",
        "coordinates": [
          -0.026897,
          51.6689544
        ]
      },
      "properties": {
        "id": "node/469778525",
        "osmType": "node",
        "osmId": 469778525,
        "name": "Hail & Ride Preston Gardens",
        "category": "bus_stop",
        "categoryLabel": "Bus Stop",
        "amenity": null,
        "highway": "bus_stop",
        "tourism": null,
        "historic": null,
        "railway": null,
        "website": null,
        "phone": null,
        "address": null
      }
    },
    {
      "type": "Feature",
      "id": "node/469778526",
      "geometry": {
        "type": "Point",
        "coordinates": [
          -0.0267652,
          51.6688897
        ]
      },
      "properties": {
        "id": "node/469778526",
        "osmType": "node",
        "osmId": 469778526,
        "name": "Hail & Ride Preston Gardens",
        "category": "bus_stop",
        "categoryLabel": "Bus Stop",
        "amenity": null,
        "highway": "bus_stop",
        "tourism": null,
        "historic": null,
        "railway": null,
        "website": null,
        "phone": null,
        "address": null
      }
    },
    {
      "type": "Feature",
      "id": "node/469778732",
      "geometry": {
        "type": "Point",
        "coordinates": [
          0.1137041,
          51.6106402
        ]
      },
      "properties": {
        "id": "node/469778732",
        "osmType": "node",
        "osmId": 469778732,
        "name": "Coppice Primary School",
        "category": "bus_stop",
        "categoryLabel": "Bus Stop",
        "amenity": null,
        "highway": "bus_stop",
        "tourism": null,
        "historic": null,
        "railway": null,
        "website": null,
        "phone": null,
        "address": null
      }
    },
    {
      "type": "Feature",
      "id": "node/469778830",
      "geometry": {
        "type": "Point",
        "coordinates": [
          0.063034,
          51.5976776
        ]
      },
      "properties": {
        "id": "node/469778830",
        "osmType": "node",
        "osmId": 469778830,
        "name": "Owen Waters House",
        "category": "bus_stop",
        "categoryLabel": "Bus Stop",
        "amenity": null,
        "highway": "bus_stop",
        "tourism": null,
        "historic": null,
        "railway": null,
        "website": null,
        "phone": null,
        "address": null
      }
    },
    {
      "type": "Feature",
      "id": "node/469778978",
      "geometry": {
        "type": "Point",
        "coordinates": [
          0.0022594,
          51.6110578
        ]
      },
      "properties": {
        "id": "node/469778978",
        "osmType": "node",
        "osmId": 469778978,
        "name": "Richmond Avenue Highams Park",
        "category": "bus_stop",
        "categoryLabel": "Bus Stop",
        "amenity": null,
        "highway": "bus_stop",
        "tourism": null,
        "historic": null,
        "railway": null,
        "website": null,
        "phone": null,
        "address": null
      }
    },
    {
      "type": "Feature",
      "id": "node/469778983",
      "geometry": {
        "type": "Point",
        "coordinates": [
          0.0026693,
          51.6112278
        ]
      },
      "properties": {
        "id": "node/469778983",
        "osmType": "node",
        "osmId": 469778983,
        "name": "Richmond Avenue Highams Park",
        "category": "bus_stop",
        "categoryLabel": "Bus Stop",
        "amenity": null,
        "highway": "bus_stop",
        "tourism": null,
        "historic": null,
        "railway": null,
        "website": null,
        "phone": null,
        "address": null
      }
    },
    {
      "type": "Feature",
      "id": "node/469779412",
      "geometry": {
        "type": "Point",
        "coordinates": [
          0.0540478,
          51.6055159
        ]
      },
      "properties": {
        "id": "node/469779412",
        "osmType": "node",
        "osmId": 469779412,
        "name": "Roding Lane North",
        "category": "bus_stop",
        "categoryLabel": "Bus Stop",
        "amenity": null,
        "highway": "bus_stop",
        "tourism": null,
        "historic": null,
        "railway": null,
        "website": null,
        "phone": null,
        "address": null
      }
    },
    {
      "type": "Feature",
      "id": "node/469779505",
      "geometry": {
        "type": "Point",
        "coordinates": [
          0.0145352,
          51.6334562
        ]
      },
      "properties": {
        "id": "node/469779505",
        "osmType": "node",
        "osmId": 469779505,
        "name": "Hail & Ride Royal Forest Hotel",
        "category": "bus_stop",
        "categoryLabel": "Bus Stop",
        "amenity": null,
        "highway": "bus_stop",
        "tourism": null,
        "historic": null,
        "railway": null,
        "website": null,
        "phone": null,
        "address": null
      }
    },
    {
      "type": "Feature",
      "id": "node/469779506",
      "geometry": {
        "type": "Point",
        "coordinates": [
          0.0146657,
          51.6336147
        ]
      },
      "properties": {
        "id": "node/469779506",
        "osmType": "node",
        "osmId": 469779506,
        "name": "Hail & Ride Royal Forest Hotel",
        "category": "bus_stop",
        "categoryLabel": "Bus Stop",
        "amenity": null,
        "highway": "bus_stop",
        "tourism": null,
        "historic": null,
        "railway": null,
        "website": null,
        "phone": null,
        "address": null
      }
    },
    {
      "type": "Feature",
      "id": "node/469779670",
      "geometry": {
        "type": "Point",
        "coordinates": [
          -0.0200677,
          51.6033037
        ]
      },
      "properties": {
        "id": "node/469779670",
        "osmType": "node",
        "osmId": 469779670,
        "name": "Salisbury Hall Sainsbury's",
        "category": "bus_stop",
        "categoryLabel": "Bus Stop",
        "amenity": null,
        "highway": "bus_stop",
        "tourism": null,
        "historic": null,
        "railway": null,
        "website": null,
        "phone": null,
        "address": null
      }
    },
    {
      "type": "Feature",
      "id": "node/469779673",
      "geometry": {
        "type": "Point",
        "coordinates": [
          -0.0229208,
          51.6709728
        ]
      },
      "properties": {
        "id": "node/469779673",
        "osmType": "node",
        "osmId": 469779673,
        "name": "Mollison Avenue",
        "category": "bus_stop",
        "categoryLabel": "Bus Stop",
        "amenity": null,
        "highway": "bus_stop",
        "tourism": null,
        "historic": null,
        "railway": null,
        "website": null,
        "phone": null,
        "address": null
      }
    },
    {
      "type": "Feature",
      "id": "node/469779736",
      "geometry": {
        "type": "Point",
        "coordinates": [
          0.0381662,
          51.5951929
        ]
      },
      "properties": {
        "id": "node/469779736",
        "osmType": "node",
        "osmId": 469779736,
        "name": "Raven Road",
        "category": "bus_stop",
        "categoryLabel": "Bus Stop",
        "amenity": null,
        "highway": "bus_stop",
        "tourism": null,
        "historic": null,
        "railway": null,
        "website": null,
        "phone": null,
        "address": null
      }
    },
    {
      "type": "Feature",
      "id": "node/469779740",
      "geometry": {
        "type": "Point",
        "coordinates": [
          0.0742805,
          51.5957461
        ]
      },
      "properties": {
        "id": "node/469779740",
        "osmType": "node",
        "osmId": 469779740,
        "name": "Ravensbourne Gardens",
        "category": "bus_stop",
        "categoryLabel": "Bus Stop",
        "amenity": null,
        "highway": "bus_stop",
        "tourism": null,
        "historic": null,
        "railway": null,
        "website": null,
        "phone": null,
        "address": null
      }
    },
    {
      "type": "Feature",
      "id": "node/469779741",
      "geometry": {
        "type": "Point",
        "coordinates": [
          0.0748399,
          51.5954911
        ]
      },
      "properties": {
        "id": "node/469779741",
        "osmType": "node",
        "osmId": 469779741,
        "name": "Ravensbourne Gardens",
        "category": "bus_stop",
        "categoryLabel": "Bus Stop",
        "amenity": null,
        "highway": "bus_stop",
        "tourism": null,
        "historic": null,
        "railway": null,
        "website": null,
        "phone": null,
        "address": null
      }
    },
    {
      "type": "Feature",
      "id": "node/469779846",
      "geometry": {
        "type": "Point",
        "coordinates": [
          0.1167456,
          51.6109876
        ]
      },
      "properties": {
        "id": "node/469779846",
        "osmType": "node",
        "osmId": 469779846,
        "name": "Harbourer Road",
        "category": "bus_stop",
        "categoryLabel": "Bus Stop",
        "amenity": null,
        "highway": "bus_stop",
        "tourism": null,
        "historic": null,
        "railway": null,
        "website": null,
        "phone": null,
        "address": null
      }
    },
    {
      "type": "Feature",
      "id": "node/469779847",
      "geometry": {
        "type": "Point",
        "coordinates": [
          0.114041,
          51.6115788
        ]
      },
      "properties": {
        "id": "node/469779847",
        "osmType": "node",
        "osmId": 469779847,
        "name": "Coppice Primary School",
        "category": "bus_stop",
        "categoryLabel": "Bus Stop",
        "amenity": null,
        "highway": "bus_stop",
        "tourism": null,
        "historic": null,
        "railway": null,
        "website": null,
        "phone": null,
        "address": null
      }
    },
    {
      "type": "Feature",
      "id": "node/469779848",
      "geometry": {
        "type": "Point",
        "coordinates": [
          0.1152118,
          51.6100564
        ]
      },
      "properties": {
        "id": "node/469779848",
        "osmType": "node",
        "osmId": 469779848,
        "name": "Regarder Road",
        "category": "bus_stop",
        "categoryLabel": "Bus Stop",
        "amenity": null,
        "highway": "bus_stop",
        "tourism": null,
        "historic": null,
        "railway": null,
        "website": null,
        "phone": null,
        "address": null
      }
    },
    {
      "type": "Feature",
      "id": "node/469780072",
      "geometry": {
        "type": "Point",
        "coordinates": [
          -0.0345537,
          51.6463827
        ]
      },
      "properties": {
        "id": "node/469780072",
        "osmType": "node",
        "osmId": 469780072,
        "name": "Scotland Green Road",
        "category": "bus_stop",
        "categoryLabel": "Bus Stop",
        "amenity": null,
        "highway": "bus_stop",
        "tourism": null,
        "historic": null,
        "railway": null,
        "website": null,
        "phone": null,
        "address": null
      }
    },
    {
      "type": "Feature",
      "id": "node/469780073",
      "geometry": {
        "type": "Point",
        "coordinates": [
          -0.0342499,
          51.6469745
        ]
      },
      "properties": {
        "id": "node/469780073",
        "osmType": "node",
        "osmId": 469780073,
        "name": "Scotland Green Road",
        "category": "bus_stop",
        "categoryLabel": "Bus Stop",
        "amenity": null,
        "highway": "bus_stop",
        "tourism": null,
        "historic": null,
        "railway": null,
        "website": null,
        "phone": null,
        "address": null
      }
    },
    {
      "type": "Feature",
      "id": "node/469780201",
      "geometry": {
        "type": "Point",
        "coordinates": [
          -0.0112409,
          51.643805
        ]
      },
      "properties": {
        "id": "node/469780201",
        "osmType": "node",
        "osmId": 469780201,
        "name": "Sewardstone Gardens",
        "category": "bus_stop",
        "categoryLabel": "Bus Stop",
        "amenity": null,
        "highway": "bus_stop",
        "tourism": null,
        "historic": null,
        "railway": null,
        "website": null,
        "phone": null,
        "address": null
      }
    },
    {
      "type": "Feature",
      "id": "node/469780203",
      "geometry": {
        "type": "Point",
        "coordinates": [
          -0.0113837,
          51.6429619
        ]
      },
      "properties": {
        "id": "node/469780203",
        "osmType": "node",
        "osmId": 469780203,
        "name": "Sewardstone Gardens",
        "category": "bus_stop",
        "categoryLabel": "Bus Stop",
        "amenity": null,
        "highway": "bus_stop",
        "tourism": null,
        "historic": null,
        "railway": null,
        "website": null,
        "phone": null,
        "address": null
      }
    },
    {
      "type": "Feature",
      "id": "node/469780204",
      "geometry": {
        "type": "Point",
        "coordinates": [
          -0.0123648,
          51.6359537
        ]
      },
      "properties": {
        "id": "node/469780204",
        "osmType": "node",
        "osmId": 469780204,
        "name": "Kings Head Hill / Sewardstone Road",
        "category": "bus_stop",
        "categoryLabel": "Bus Stop",
        "amenity": null,
        "highway": "bus_stop",
        "tourism": null,
        "historic": null,
        "railway": null,
        "website": null,
        "phone": null,
        "address": null
      }
    },
    {
      "type": "Feature",
      "id": "node/469780205",
      "geometry": {
        "type": "Point",
        "coordinates": [
          -0.0123726,
          51.6358286
        ]
      },
      "properties": {
        "id": "node/469780205",
        "osmType": "node",
        "osmId": 469780205,
        "name": "Kings Head Hill / Sewardstone Road",
        "category": "bus_stop",
        "categoryLabel": "Bus Stop",
        "amenity": null,
        "highway": "bus_stop",
        "tourism": null,
        "historic": null,
        "railway": null,
        "website": null,
        "phone": null,
        "address": null
      }
    },
    {
      "type": "Feature",
      "id": "node/469780212",
      "geometry": {
        "type": "Point",
        "coordinates": [
          0.0195329,
          51.6267316
        ]
      },
      "properties": {
        "id": "node/469780212",
        "osmType": "node",
        "osmId": 469780212,
        "name": "Seymour Court",
        "category": "bus_stop",
        "categoryLabel": "Bus Stop",
        "amenity": null,
        "highway": "bus_stop",
        "tourism": null,
        "historic": null,
        "railway": null,
        "website": null,
        "phone": null,
        "address": null
      }
    },
    {
      "type": "Feature",
      "id": "node/469780213",
      "geometry": {
        "type": "Point",
        "coordinates": [
          0.0191291,
          51.6267544
        ]
      },
      "properties": {
        "id": "node/469780213",
        "osmType": "node",
        "osmId": 469780213,
        "name": "Seymour Court",
        "category": "bus_stop",
        "categoryLabel": "Bus Stop",
        "amenity": null,
        "highway": "bus_stop",
        "tourism": null,
        "historic": null,
        "railway": null,
        "website": null,
        "phone": null,
        "address": null
      }
    },
    {
      "type": "Feature",
      "id": "node/469780316",
      "geometry": {
        "type": "Point",
        "coordinates": [
          0.1384831,
          51.6014494
        ]
      },
      "properties": {
        "id": "node/469780316",
        "osmType": "node",
        "osmId": 469780316,
        "name": "Romford Road",
        "category": "bus_stop",
        "categoryLabel": "Bus Stop",
        "amenity": null,
        "highway": "bus_stop",
        "tourism": null,
        "historic": null,
        "railway": null,
        "website": null,
        "phone": null,
        "address": null
      }
    },
    {
      "type": "Feature",
      "id": "node/469780488",
      "geometry": {
        "type": "Point",
        "coordinates": [
          -0.0244061,
          51.6084391
        ]
      },
      "properties": {
        "id": "node/469780488",
        "osmType": "node",
        "osmId": 469780488,
        "name": "Rowan Avenue",
        "category": "bus_stop",
        "categoryLabel": "Bus Stop",
        "amenity": null,
        "highway": "bus_stop",
        "tourism": null,
        "historic": null,
        "railway": null,
        "website": null,
        "phone": null,
        "address": null
      }
    },
    {
      "type": "Feature",
      "id": "node/469780497",
      "geometry": {
        "type": "Point",
        "coordinates": [
          -0.0164631,
          51.6052187
        ]
      },
      "properties": {
        "id": "node/469780497",
        "osmType": "node",
        "osmId": 469780497,
        "name": "Rowden Park Gardens",
        "category": "bus_stop",
        "categoryLabel": "Bus Stop",
        "amenity": null,
        "highway": "bus_stop",
        "tourism": null,
        "historic": null,
        "railway": null,
        "website": null,
        "phone": null,
        "address": null
      }
    },
    {
      "type": "Feature",
      "id": "node/469780498",
      "geometry": {
        "type": "Point",
        "coordinates": [
          -0.0167424,
          51.605628
        ]
      },
      "properties": {
        "id": "node/469780498",
        "osmType": "node",
        "osmId": 469780498,
        "name": "Rowden Road",
        "category": "bus_stop",
        "categoryLabel": "Bus Stop",
        "amenity": null,
        "highway": "bus_stop",
        "tourism": null,
        "historic": null,
        "railway": null,
        "website": null,
        "phone": null,
        "address": null
      }
    },
    {
      "type": "Feature",
      "id": "node/469780569",
      "geometry": {
        "type": "Point",
        "coordinates": [
          0.1070952,
          51.6071578
        ]
      },
      "properties": {
        "id": "node/469780569",
        "osmType": "node",
        "osmId": 469780569,
        "name": "Staggart Green",
        "category": "bus_stop",
        "categoryLabel": "Bus Stop",
        "amenity": null,
        "highway": "bus_stop",
        "tourism": null,
        "historic": null,
        "railway": null,
        "website": null,
        "phone": null,
        "address": null
      }
    },
    {
      "type": "Feature",
      "id": "node/469780570",
      "geometry": {
        "type": "Point",
        "coordinates": [
          0.1070392,
          51.6070453
        ]
      },
      "properties": {
        "id": "node/469780570",
        "osmType": "node",
        "osmId": 469780570,
        "name": "Staggart Green",
        "category": "bus_stop",
        "categoryLabel": "Bus Stop",
        "amenity": null,
        "highway": "bus_stop",
        "tourism": null,
        "historic": null,
        "railway": null,
        "website": null,
        "phone": null,
        "address": null
      }
    },
    {
      "type": "Feature",
      "id": "node/469780611",
      "geometry": {
        "type": "Point",
        "coordinates": [
          0.0049895,
          51.6238439
        ]
      },
      "properties": {
        "id": "node/469780611",
        "osmType": "node",
        "osmId": 469780611,
        "name": "Hail & Ride Simmons Lane",
        "category": "bus_stop",
        "categoryLabel": "Bus Stop",
        "amenity": null,
        "highway": "bus_stop",
        "tourism": null,
        "historic": null,
        "railway": null,
        "website": null,
        "phone": null,
        "address": null
      }
    },
    {
      "type": "Feature",
      "id": "node/469780612",
      "geometry": {
        "type": "Point",
        "coordinates": [
          0.0082405,
          51.6236982
        ]
      },
      "properties": {
        "id": "node/469780612",
        "osmType": "node",
        "osmId": 469780612,
        "name": "Simmons Lane",
        "category": "bus_stop",
        "categoryLabel": "Bus Stop",
        "amenity": null,
        "highway": "bus_stop",
        "tourism": null,
        "historic": null,
        "railway": null,
        "website": null,
        "phone": null,
        "address": null
      }
    },
    {
      "type": "Feature",
      "id": "node/469780613",
      "geometry": {
        "type": "Point",
        "coordinates": [
          0.0083408,
          51.6233312
        ]
      },
      "properties": {
        "id": "node/469780613",
        "osmType": "node",
        "osmId": 469780613,
        "name": "Simmons Lane",
        "category": "bus_stop",
        "categoryLabel": "Bus Stop",
        "amenity": null,
        "highway": "bus_stop",
        "tourism": null,
        "historic": null,
        "railway": null,
        "website": null,
        "phone": null,
        "address": null
      }
    },
    {
      "type": "Feature",
      "id": "node/469780614",
      "geometry": {
        "type": "Point",
        "coordinates": [
          0.0049634,
          51.6237348
        ]
      },
      "properties": {
        "id": "node/469780614",
        "osmType": "node",
        "osmId": 469780614,
        "name": "Hail & Ride Simmons Lane",
        "category": "bus_stop",
        "categoryLabel": "Bus Stop",
        "amenity": null,
        "highway": "bus_stop",
        "tourism": null,
        "historic": null,
        "railway": null,
        "website": null,
        "phone": null,
        "address": null
      }
    },
    {
      "type": "Feature",
      "id": "node/469780683",
      "geometry": {
        "type": "Point",
        "coordinates": [
          0.04737,
          51.6043596
        ]
      },
      "properties": {
        "id": "node/469780683",
        "osmType": "node",
        "osmId": 469780683,
        "name": "Snakes Lane East",
        "category": "bus_stop",
        "categoryLabel": "Bus Stop",
        "amenity": null,
        "highway": "bus_stop",
        "tourism": null,
        "historic": null,
        "railway": null,
        "website": null,
        "phone": null,
        "address": null
      }
    },
    {
      "type": "Feature",
      "id": "node/469780731",
      "geometry": {
        "type": "Point",
        "coordinates": [
          -0.0095646,
          51.6367067
        ]
      },
      "properties": {
        "id": "node/469780731",
        "osmType": "node",
        "osmId": 469780731,
        "name": "Hail & Ride South Avenue",
        "category": "bus_stop",
        "categoryLabel": "Bus Stop",
        "amenity": null,
        "highway": "bus_stop",
        "tourism": null,
        "historic": null,
        "railway": null,
        "website": null,
        "phone": null,
        "address": null
      }
    },
    {
      "type": "Feature",
      "id": "node/469780778",
      "geometry": {
        "type": "Point",
        "coordinates": [
          -0.0018208,
          51.5999197
        ]
      },
      "properties": {
        "id": "node/469780778",
        "osmType": "node",
        "osmId": 469780778,
        "name": "Southend Road",
        "category": "bus_stop",
        "categoryLabel": "Bus Stop",
        "amenity": null,
        "highway": "bus_stop",
        "tourism": null,
        "historic": null,
        "railway": null,
        "website": null,
        "phone": null,
        "address": null
      }
    },
    {
      "type": "Feature",
      "id": "node/469780779",
      "geometry": {
        "type": "Point",
        "coordinates": [
          -0.0012587,
          51.5989009
        ]
      },
      "properties": {
        "id": "node/469780779",
        "osmType": "node",
        "osmId": 469780779,
        "name": "Southend Road",
        "category": "bus_stop",
        "categoryLabel": "Bus Stop",
        "amenity": null,
        "highway": "bus_stop",
        "tourism": null,
        "historic": null,
        "railway": null,
        "website": null,
        "phone": null,
        "address": null
      }
    },
    {
      "type": "Feature",
      "id": "node/469780895",
      "geometry": {
        "type": "Point",
        "coordinates": [
          0.0051811,
          51.6317804
        ]
      },
      "properties": {
        "id": "node/469780895",
        "osmType": "node",
        "osmId": 469780895,
        "name": "Stanley Road",
        "category": "bus_stop",
        "categoryLabel": "Bus Stop",
        "amenity": null,
        "highway": "bus_stop",
        "tourism": null,
        "historic": null,
        "railway": null,
        "website": null,
        "phone": null,
        "address": null
      }
    },
    {
      "type": "Feature",
      "id": "node/469780920",
      "geometry": {
        "type": "Point",
        "coordinates": [
          0.0344604,
          51.6050543
        ]
      },
      "properties": {
        "id": "node/469780920",
        "osmType": "node",
        "osmId": 469780920,
        "name": "St. Anthony's Avenue",
        "category": "bus_stop",
        "categoryLabel": "Bus Stop",
        "amenity": null,
        "highway": "bus_stop",
        "tourism": null,
        "historic": null,
        "railway": null,
        "website": null,
        "phone": null,
        "address": null
      }
    },
    {
      "type": "Feature",
      "id": "node/469780983",
      "geometry": {
        "type": "Point",
        "coordinates": [
          0.008705,
          51.6330829
        ]
      },
      "properties": {
        "id": "node/469780983",
        "osmType": "node",
        "osmId": 469780983,
        "name": "Station Road / Chingford Station",
        "category": "bus_stop",
        "categoryLabel": "Bus Stop",
        "amenity": null,
        "highway": "bus_stop",
        "tourism": null,
        "historic": null,
        "railway": null,
        "website": null,
        "phone": null,
        "address": null
      }
    },
    {
      "type": "Feature",
      "id": "node/469780985",
      "geometry": {
        "type": "Point",
        "coordinates": [
          0.0020712,
          51.6309123
        ]
      },
      "properties": {
        "id": "node/469780985",
        "osmType": "node",
        "osmId": 469780985,
        "name": "Station Road / The Green",
        "category": "bus_stop",
        "categoryLabel": "Bus Stop",
        "amenity": null,
        "highway": "bus_stop",
        "tourism": null,
        "historic": null,
        "railway": null,
        "website": null,
        "phone": null,
        "address": null
      }
    },
    {
      "type": "Feature",
      "id": "node/469780986",
      "geometry": {
        "type": "Point",
        "coordinates": [
          0.0015982,
          51.6306795
        ]
      },
      "properties": {
        "id": "node/469780986",
        "osmType": "node",
        "osmId": 469780986,
        "name": "Station Road / The Green",
        "category": "bus_stop",
        "categoryLabel": "Bus Stop",
        "amenity": null,
        "highway": "bus_stop",
        "tourism": null,
        "historic": null,
        "railway": null,
        "website": null,
        "phone": null,
        "address": null
      }
    },
    {
      "type": "Feature",
      "id": "node/469780987",
      "geometry": {
        "type": "Point",
        "coordinates": [
          0.0027864,
          51.6312867
        ]
      },
      "properties": {
        "id": "node/469780987",
        "osmType": "node",
        "osmId": 469780987,
        "name": "Station Road / The Green",
        "category": "bus_stop",
        "categoryLabel": "Bus Stop",
        "amenity": null,
        "highway": "bus_stop",
        "tourism": null,
        "historic": null,
        "railway": null,
        "website": null,
        "phone": null,
        "address": null
      }
    },
    {
      "type": "Feature",
      "id": "node/469780990",
      "geometry": {
        "type": "Point",
        "coordinates": [
          0.0158937,
          51.6029604
        ]
      },
      "properties": {
        "id": "node/469780990",
        "osmType": "node",
        "osmId": 469780990,
        "name": "St Aubyns School",
        "category": "bus_stop",
        "categoryLabel": "Bus Stop",
        "amenity": null,
        "highway": "bus_stop",
        "tourism": null,
        "historic": null,
        "railway": null,
        "website": null,
        "phone": null,
        "address": null
      }
    },
    {
      "type": "Feature",
      "id": "node/469780991",
      "geometry": {
        "type": "Point",
        "coordinates": [
          0.0158686,
          51.6026853
        ]
      },
      "properties": {
        "id": "node/469780991",
        "osmType": "node",
        "osmId": 469780991,
        "name": "St Aubyns School",
        "category": "bus_stop",
        "categoryLabel": "Bus Stop",
        "amenity": null,
        "highway": "bus_stop",
        "tourism": null,
        "historic": null,
        "railway": null,
        "website": null,
        "phone": null,
        "address": null
      }
    },
    {
      "type": "Feature",
      "id": "node/469781017",
      "geometry": {
        "type": "Point",
        "coordinates": [
          0.0339222,
          51.6031185
        ]
      },
      "properties": {
        "id": "node/469781017",
        "osmType": "node",
        "osmId": 469781017,
        "name": "St Barnabas Road",
        "category": "bus_stop",
        "categoryLabel": "Bus Stop",
        "amenity": null,
        "highway": "bus_stop",
        "tourism": null,
        "historic": null,
        "railway": null,
        "website": null,
        "phone": null,
        "address": null
      }
    },
    {
      "type": "Feature",
      "id": "node/469781846",
      "geometry": {
        "type": "Point",
        "coordinates": [
          0.1116672,
          51.6083795
        ]
      },
      "properties": {
        "id": "node/469781846",
        "osmType": "node",
        "osmId": 469781846,
        "name": "The Lowe",
        "category": "bus_stop",
        "categoryLabel": "Bus Stop",
        "amenity": null,
        "highway": "bus_stop",
        "tourism": null,
        "historic": null,
        "railway": null,
        "website": null,
        "phone": null,
        "address": null
      }
    },
    {
      "type": "Feature",
      "id": "node/469781848",
      "geometry": {
        "type": "Point",
        "coordinates": [
          0.1087224,
          51.6083678
        ]
      },
      "properties": {
        "id": "node/469781848",
        "osmType": "node",
        "osmId": 469781848,
        "name": "The Lowe",
        "category": "bus_stop",
        "categoryLabel": "Bus Stop",
        "amenity": null,
        "highway": "bus_stop",
        "tourism": null,
        "historic": null,
        "railway": null,
        "website": null,
        "phone": null,
        "address": null
      }
    },
    {
      "type": "Feature",
      "id": "node/469781850",
      "geometry": {
        "type": "Point",
        "coordinates": [
          0.1101617,
          51.6083414
        ]
      },
      "properties": {
        "id": "node/469781850",
        "osmType": "node",
        "osmId": 469781850,
        "name": "Manford Way Hainault",
        "category": "bus_stop",
        "categoryLabel": "Bus Stop",
        "amenity": null,
        "highway": "bus_stop",
        "tourism": null,
        "historic": null,
        "railway": null,
        "website": null,
        "phone": null,
        "address": null
      }
    },
    {
      "type": "Feature",
      "id": "node/469781853",
      "geometry": {
        "type": "Point",
        "coordinates": [
          0.1094737,
          51.6075878
        ]
      },
      "properties": {
        "id": "node/469781853",
        "osmType": "node",
        "osmId": 469781853,
        "name": "Tunstall Avenue",
        "category": "bus_stop",
        "categoryLabel": "Bus Stop",
        "amenity": null,
        "highway": "bus_stop",
        "tourism": null,
        "historic": null,
        "railway": null,
        "website": null,
        "phone": null,
        "address": null
      }
    },
    {
      "type": "Feature",
      "id": "node/469781948",
      "geometry": {
        "type": "Point",
        "coordinates": [
          0.0378224,
          51.6101587
        ]
      },
      "properties": {
        "id": "node/469781948",
        "osmType": "node",
        "osmId": 469781948,
        "name": "Spencer Close",
        "category": "bus_stop",
        "categoryLabel": "Bus Stop",
        "amenity": null,
        "highway": "bus_stop",
        "tourism": null,
        "historic": null,
        "railway": null,
        "website": null,
        "phone": null,
        "address": null
      }
    },
    {
      "type": "Feature",
      "id": "node/469781990",
      "geometry": {
        "type": "Point",
        "coordinates": [
          0.0348073,
          51.6033484
        ]
      },
      "properties": {
        "id": "node/469781990",
        "osmType": "node",
        "osmId": 469781990,
        "name": "Spring Gardens",
        "category": "bus_stop",
        "categoryLabel": "Bus Stop",
        "amenity": null,
        "highway": "bus_stop",
        "tourism": null,
        "historic": null,
        "railway": null,
        "website": null,
        "phone": null,
        "address": null
      }
    },
    {
      "type": "Feature",
      "id": "node/469782078",
      "geometry": {
        "type": "Point",
        "coordinates": [
          -0.0302403,
          51.6477528
        ]
      },
      "properties": {
        "id": "node/469782078",
        "osmType": "node",
        "osmId": 469782078,
        "name": "Duck Lees Lane",
        "category": "bus_stop",
        "categoryLabel": "Bus Stop",
        "amenity": null,
        "highway": "bus_stop",
        "tourism": null,
        "historic": null,
        "railway": null,
        "website": null,
        "phone": null,
        "address": null
      }
    },
    {
      "type": "Feature",
      "id": "node/469782107",
      "geometry": {
        "type": "Point",
        "coordinates": [
          0.0890596,
          51.6030429
        ]
      },
      "properties": {
        "id": "node/469782107",
        "osmType": "node",
        "osmId": 469782107,
        "name": "Trelawney Road",
        "category": "bus_stop",
        "categoryLabel": "Bus Stop",
        "amenity": null,
        "highway": "bus_stop",
        "tourism": null,
        "historic": null,
        "railway": null,
        "website": null,
        "phone": null,
        "address": null
      }
    },
    {
      "type": "Feature",
      "id": "node/469782108",
      "geometry": {
        "type": "Point",
        "coordinates": [
          0.0889384,
          51.6029191
        ]
      },
      "properties": {
        "id": "node/469782108",
        "osmType": "node",
        "osmId": 469782108,
        "name": "Trelawney Road",
        "category": "bus_stop",
        "categoryLabel": "Bus Stop",
        "amenity": null,
        "highway": "bus_stop",
        "tourism": null,
        "historic": null,
        "railway": null,
        "website": null,
        "phone": null,
        "address": null
      }
    },
    {
      "type": "Feature",
      "id": "node/469782141",
      "geometry": {
        "type": "Point",
        "coordinates": [
          0.001983,
          51.605433
        ]
      },
      "properties": {
        "id": "node/469782141",
        "osmType": "node",
        "osmId": 469782141,
        "name": "Hollywood Way",
        "category": "bus_stop",
        "categoryLabel": "Bus Stop",
        "amenity": null,
        "highway": "bus_stop",
        "tourism": null,
        "historic": null,
        "railway": null,
        "website": null,
        "phone": null,
        "address": null
      }
    },
    {
      "type": "Feature",
      "id": "node/469782256",
      "geometry": {
        "type": "Point",
        "coordinates": [
          0.0046276,
          51.6128068
        ]
      },
      "properties": {
        "id": "node/469782256",
        "osmType": "node",
        "osmId": 469782256,
        "name": "Sunnydene Avenue",
        "category": "bus_stop",
        "categoryLabel": "Bus Stop",
        "amenity": null,
        "highway": "bus_stop",
        "tourism": null,
        "historic": null,
        "railway": null,
        "website": null,
        "phone": null,
        "address": null
      }
    },
    {
      "type": "Feature",
      "id": "node/469782257",
      "geometry": {
        "type": "Point",
        "coordinates": [
          0.0058769,
          51.6136248
        ]
      },
      "properties": {
        "id": "node/469782257",
        "osmType": "node",
        "osmId": 469782257,
        "name": "Sunnydene Avenue",
        "category": "bus_stop",
        "categoryLabel": "Bus Stop",
        "amenity": null,
        "highway": "bus_stop",
        "tourism": null,
        "historic": null,
        "railway": null,
        "website": null,
        "phone": null,
        "address": null
      }
    },
    {
      "type": "Feature",
      "id": "node/469782416",
      "geometry": {
        "type": "Point",
        "coordinates": [
          0.0140681,
          51.6009599
        ]
      },
      "properties": {
        "id": "node/469782416",
        "osmType": "node",
        "osmId": 469782416,
        "name": "Oak Hill",
        "category": "bus_stop",
        "categoryLabel": "Bus Stop",
        "amenity": null,
        "highway": "bus_stop",
        "tourism": null,
        "historic": null,
        "railway": null,
        "website": null,
        "phone": null,
        "address": null
      }
    },
    {
      "type": "Feature",
      "id": "node/469782456",
      "geometry": {
        "type": "Point",
        "coordinates": [
          0.0842923,
          51.6012842
        ]
      },
      "properties": {
        "id": "node/469782456",
        "osmType": "node",
        "osmId": 469782456,
        "name": "New North Road Fullwell Cross",
        "category": "bus_stop",
        "categoryLabel": "Bus Stop",
        "amenity": null,
        "highway": "bus_stop",
        "tourism": null,
        "historic": null,
        "railway": null,
        "website": null,
        "phone": null,
        "address": null
      }
    },
    {
      "type": "Feature",
      "id": "node/469782457",
      "geometry": {
        "type": "Point",
        "coordinates": [
          0.084538,
          51.6009687
        ]
      },
      "properties": {
        "id": "node/469782457",
        "osmType": "node",
        "osmId": 469782457,
        "name": "New North Road Fullwell Cross",
        "category": "bus_stop",
        "categoryLabel": "Bus Stop",
        "amenity": null,
        "highway": "bus_stop",
        "tourism": null,
        "historic": null,
        "railway": null,
        "website": null,
        "phone": null,
        "address": null
      }
    },
    {
      "type": "Feature",
      "id": "node/469782680",
      "geometry": {
        "type": "Point",
        "coordinates": [
          -0.0033104,
          51.6024118
        ]
      },
      "properties": {
        "id": "node/469782680",
        "osmType": "node",
        "osmId": 469782680,
        "name": "Swanage Road",
        "category": "bus_stop",
        "categoryLabel": "Bus Stop",
        "amenity": null,
        "highway": "bus_stop",
        "tourism": null,
        "historic": null,
        "railway": null,
        "website": null,
        "phone": null,
        "address": null
      }
    },
    {
      "type": "Feature",
      "id": "node/469782681",
      "geometry": {
        "type": "Point",
        "coordinates": [
          -0.0029719,
          51.6027812
        ]
      },
      "properties": {
        "id": "node/469782681",
        "osmType": "node",
        "osmId": 469782681,
        "name": "Swanage Road",
        "category": "bus_stop",
        "categoryLabel": "Bus Stop",
        "amenity": null,
        "highway": "bus_stop",
        "tourism": null,
        "historic": null,
        "railway": null,
        "website": null,
        "phone": null,
        "address": null
      }
    },
    {
      "type": "Feature",
      "id": "node/469782755",
      "geometry": {
        "type": "Point",
        "coordinates": [
          -0.0060704,
          51.5953183
        ]
      },
      "properties": {
        "id": "node/469782755",
        "osmType": "node",
        "osmId": 469782755,
        "name": "Victoria Road",
        "category": "bus_stop",
        "categoryLabel": "Bus Stop",
        "amenity": null,
        "highway": "bus_stop",
        "tourism": null,
        "historic": null,
        "railway": null,
        "website": null,
        "phone": null,
        "address": null
      }
    },
    {
      "type": "Feature",
      "id": "node/469782855",
      "geometry": {
        "type": "Point",
        "coordinates": [
          -0.0042212,
          51.6009489
        ]
      },
      "properties": {
        "id": "node/469782855",
        "osmType": "node",
        "osmId": 469782855,
        "name": "Wadham Road",
        "category": "bus_stop",
        "categoryLabel": "Bus Stop",
        "amenity": null,
        "highway": "bus_stop",
        "tourism": null,
        "historic": null,
        "railway": null,
        "website": null,
        "phone": null,
        "address": null
      }
    },
    {
      "type": "Feature",
      "id": "node/469782860",
      "geometry": {
        "type": "Point",
        "coordinates": [
          -0.0043705,
          51.6008289
        ]
      },
      "properties": {
        "id": "node/469782860",
        "osmType": "node",
        "osmId": 469782860,
        "name": "Wadham Road",
        "category": "bus_stop",
        "categoryLabel": "Bus Stop",
        "amenity": null,
        "highway": "bus_stop",
        "tourism": null,
        "historic": null,
        "railway": null,
        "website": null,
        "phone": null,
        "address": null
      }
    },
    {
      "type": "Feature",
      "id": "node/469782865",
      "geometry": {
        "type": "Point",
        "coordinates": [
          -0.0011402,
          51.6009138
        ]
      },
      "properties": {
        "id": "node/469782865",
        "osmType": "node",
        "osmId": 469782865,
        "name": "Wadham Road Hale End",
        "category": "bus_stop",
        "categoryLabel": "Bus Stop",
        "amenity": null,
        "highway": "bus_stop",
        "tourism": null,
        "historic": null,
        "railway": null,
        "website": null,
        "phone": null,
        "address": null
      }
    },
    {
      "type": "Feature",
      "id": "node/469782871",
      "geometry": {
        "type": "Point",
        "coordinates": [
          -0.00081,
          51.6009304
        ]
      },
      "properties": {
        "id": "node/469782871",
        "osmType": "node",
        "osmId": 469782871,
        "name": "Wadham Road Hale End",
        "category": "bus_stop",
        "categoryLabel": "Bus Stop",
        "amenity": null,
        "highway": "bus_stop",
        "tourism": null,
        "historic": null,
        "railway": null,
        "website": null,
        "phone": null,
        "address": null
      }
    },
    {
      "type": "Feature",
      "id": "node/469783359",
      "geometry": {
        "type": "Point",
        "coordinates": [
          -0.0166666,
          51.6024103
        ]
      },
      "properties": {
        "id": "node/469783359",
        "osmType": "node",
        "osmId": 469783359,
        "name": "Walthamstow Stadium",
        "category": "bus_stop",
        "categoryLabel": "Bus Stop",
        "amenity": null,
        "highway": "bus_stop",
        "tourism": null,
        "historic": null,
        "railway": null,
        "website": null,
        "phone": null,
        "address": null
      }
    },
    {
      "type": "Feature",
      "id": "node/469783364",
      "geometry": {
        "type": "Point",
        "coordinates": [
          -0.0163996,
          51.6034804
        ]
      },
      "properties": {
        "id": "node/469783364",
        "osmType": "node",
        "osmId": 469783364,
        "name": "Walthamstow Stadium",
        "category": "bus_stop",
        "categoryLabel": "Bus Stop",
        "amenity": null,
        "highway": "bus_stop",
        "tourism": null,
        "historic": null,
        "railway": null,
        "website": null,
        "phone": null,
        "address": null
      }
    },
    {
      "type": "Feature",
      "id": "node/469783370",
      "geometry": {
        "type": "Point",
        "coordinates": [
          -0.0281791,
          51.6165911
        ]
      },
      "properties": {
        "id": "node/469783370",
        "osmType": "node",
        "osmId": 469783370,
        "name": "Waltham Way",
        "category": "bus_stop",
        "categoryLabel": "Bus Stop",
        "amenity": null,
        "highway": "bus_stop",
        "tourism": null,
        "historic": null,
        "railway": null,
        "website": null,
        "phone": null,
        "address": null
      }
    },
    {
      "type": "Feature",
      "id": "node/469783375",
      "geometry": {
        "type": "Point",
        "coordinates": [
          -0.0262027,
          51.6171352
        ]
      },
      "properties": {
        "id": "node/469783375",
        "osmType": "node",
        "osmId": 469783375,
        "name": "Hall Lane / Waltham Way",
        "category": "bus_stop",
        "categoryLabel": "Bus Stop",
        "amenity": null,
        "highway": "bus_stop",
        "tourism": null,
        "historic": null,
        "railway": null,
        "website": null,
        "phone": null,
        "address": null
      }
    },
    {
      "type": "Feature",
      "id": "node/469783379",
      "geometry": {
        "type": "Point",
        "coordinates": [
          -0.0272691,
          51.6175704
        ]
      },
      "properties": {
        "id": "node/469783379",
        "osmType": "node",
        "osmId": 469783379,
        "name": "Hail & Ride Hall Lane",
        "category": "bus_stop",
        "categoryLabel": "Bus Stop",
        "amenity": null,
        "highway": "bus_stop",
        "tourism": null,
        "historic": null,
        "railway": null,
        "website": null,
        "phone": null,
        "address": null
      }
    },
    {
      "type": "Feature",
      "id": "node/469783384",
      "geometry": {
        "type": "Point",
        "coordinates": [
          -0.0147839,
          51.6312439
        ]
      },
      "properties": {
        "id": "node/469783384",
        "osmType": "node",
        "osmId": 469783384,
        "name": "Hail & Ride Waltham Way / Valley Side",
        "category": "bus_stop",
        "categoryLabel": "Bus Stop",
        "amenity": null,
        "highway": "bus_stop",
        "tourism": null,
        "historic": null,
        "railway": null,
        "website": null,
        "phone": null,
        "address": null
      }
    },
    {
      "type": "Feature",
      "id": "node/469783390",
      "geometry": {
        "type": "Point",
        "coordinates": [
          -0.0165688,
          51.6307479
        ]
      },
      "properties": {
        "id": "node/469783390",
        "osmType": "node",
        "osmId": 469783390,
        "name": "Waltham Way Valley Side",
        "category": "bus_stop",
        "categoryLabel": "Bus Stop",
        "amenity": null,
        "highway": "bus_stop",
        "tourism": null,
        "historic": null,
        "railway": null,
        "website": null,
        "phone": null,
        "address": null
      }
    },
    {
      "type": "Feature",
      "id": "node/469783587",
      "geometry": {
        "type": "Point",
        "coordinates": [
          -0.0251614,
          51.6057124
        ]
      },
      "properties": {
        "id": "node/469783587",
        "osmType": "node",
        "osmId": 469783587,
        "name": "Trinity Park",
        "category": "bus_stop",
        "categoryLabel": "Bus Stop",
        "amenity": null,
        "highway": "bus_stop",
        "tourism": null,
        "historic": null,
        "railway": null,
        "website": null,
        "phone": null,
        "address": null
      }
    },
    {
      "type": "Feature",
      "id": "node/469783593",
      "geometry": {
        "type": "Point",
        "coordinates": [
          -0.0247394,
          51.6051545
        ]
      },
      "properties": {
        "id": "node/469783593",
        "osmType": "node",
        "osmId": 469783593,
        "name": "Trinity Park",
        "category": "bus_stop",
        "categoryLabel": "Bus Stop",
        "amenity": null,
        "highway": "bus_stop",
        "tourism": null,
        "historic": null,
        "railway": null,
        "website": null,
        "phone": null,
        "address": null
      }
    },
    {
      "type": "Feature",
      "id": "node/469783793",
      "geometry": {
        "type": "Point",
        "coordinates": [
          0.0834812,
          51.6058965
        ]
      },
      "properties": {
        "id": "node/469783793",
        "osmType": "node",
        "osmId": 469783793,
        "name": "Tudor Crescent",
        "category": "bus_stop",
        "categoryLabel": "Bus Stop",
        "amenity": null,
        "highway": "bus_stop",
        "tourism": null,
        "historic": null,
        "railway": null,
        "website": null,
        "phone": null,
        "address": null
      }
    },
    {
      "type": "Feature",
      "id": "node/469784860",
      "geometry": {
        "type": "Point",
        "coordinates": [
          -0.0011933,
          51.5961463
        ]
      },
      "properties": {
        "id": "node/469784860",
        "osmType": "node",
        "osmId": 469784860,
        "name": "Thorpe Hall Road",
        "category": "bus_stop",
        "categoryLabel": "Bus Stop",
        "amenity": null,
        "highway": "bus_stop",
        "tourism": null,
        "historic": null,
        "railway": null,
        "website": null,
        "phone": null,
        "address": null
      }
    },
    {
      "type": "Feature",
      "id": "node/469784864",
      "geometry": {
        "type": "Point",
        "coordinates": [
          -0.0010588,
          51.5968537
        ]
      },
      "properties": {
        "id": "node/469784864",
        "osmType": "node",
        "osmId": 469784864,
        "name": "Thorpe Hall Road",
        "category": "bus_stop",
        "categoryLabel": "Bus Stop",
        "amenity": null,
        "highway": "bus_stop",
        "tourism": null,
        "historic": null,
        "railway": null,
        "website": null,
        "phone": null,
        "address": null
      }
    },
    {
      "type": "Feature",
      "id": "node/469785227",
      "geometry": {
        "type": "Point",
        "coordinates": [
          -0.033887,
          51.671518
        ]
      },
      "properties": {
        "id": "node/469785227",
        "osmType": "node",
        "osmId": 469785227,
        "name": "Titchfield Road",
        "category": "bus_stop",
        "categoryLabel": "Bus Stop",
        "amenity": null,
        "highway": "bus_stop",
        "tourism": null,
        "historic": null,
        "railway": null,
        "website": null,
        "phone": null,
        "address": null
      }
    },
    {
      "type": "Feature",
      "id": "node/469785340",
      "geometry": {
        "type": "Point",
        "coordinates": [
          0.0843044,
          51.5958071
        ]
      },
      "properties": {
        "id": "node/469785340",
        "osmType": "node",
        "osmId": 469785340,
        "name": "Tomswood Hill",
        "category": "bus_stop",
        "categoryLabel": "Bus Stop",
        "amenity": null,
        "highway": "bus_stop",
        "tourism": null,
        "historic": null,
        "railway": null,
        "website": null,
        "phone": null,
        "address": null
      }
    },
    {
      "type": "Feature",
      "id": "node/469785343",
      "geometry": {
        "type": "Point",
        "coordinates": [
          0.0844744,
          51.5957858
        ]
      },
      "properties": {
        "id": "node/469785343",
        "osmType": "node",
        "osmId": 469785343,
        "name": "Tomswood Hill",
        "category": "bus_stop",
        "categoryLabel": "Bus Stop",
        "amenity": null,
        "highway": "bus_stop",
        "tourism": null,
        "historic": null,
        "railway": null,
        "website": null,
        "phone": null,
        "address": null
      }
    },
    {
      "type": "Feature",
      "id": "node/469785498",
      "geometry": {
        "type": "Point",
        "coordinates": [
          -0.0145683,
          51.6312549
        ]
      },
      "properties": {
        "id": "node/469785498",
        "osmType": "node",
        "osmId": 469785498,
        "name": "Hail & Ride Waltham Way / Valley Side",
        "category": "bus_stop",
        "categoryLabel": "Bus Stop",
        "amenity": null,
        "highway": "bus_stop",
        "tourism": null,
        "historic": null,
        "railway": null,
        "website": null,
        "phone": null,
        "address": null
      }
    },
    {
      "type": "Feature",
      "id": "node/469785499",
      "geometry": {
        "type": "Point",
        "coordinates": [
          -0.0133871,
          51.6339921
        ]
      },
      "properties": {
        "id": "node/469785499",
        "osmType": "node",
        "osmId": 469785499,
        "name": "Maida Avenue",
        "category": "bus_stop",
        "categoryLabel": "Bus Stop",
        "amenity": null,
        "highway": "bus_stop",
        "tourism": null,
        "historic": null,
        "railway": null,
        "website": null,
        "phone": null,
        "address": null
      }
    },
    {
      "type": "Feature",
      "id": "node/469785500",
      "geometry": {
        "type": "Point",
        "coordinates": [
          -0.0234482,
          51.6236616
        ]
      },
      "properties": {
        "id": "node/469785500",
        "osmType": "node",
        "osmId": 469785500,
        "name": "Hail & Ride Leadale Avenue",
        "category": "bus_stop",
        "categoryLabel": "Bus Stop",
        "amenity": null,
        "highway": "bus_stop",
        "tourism": null,
        "historic": null,
        "railway": null,
        "website": null,
        "phone": null,
        "address": null
      }
    },
    {
      "type": "Feature",
      "id": "node/469785538",
      "geometry": {
        "type": "Point",
        "coordinates": [
          0.0755396,
          51.6023899
        ]
      },
      "properties": {
        "id": "node/469785538",
        "osmType": "node",
        "osmId": 469785538,
        "name": "Wannock Gardens",
        "category": "bus_stop",
        "categoryLabel": "Bus Stop",
        "amenity": null,
        "highway": "bus_stop",
        "tourism": null,
        "historic": null,
        "railway": null,
        "website": null,
        "phone": null,
        "address": null
      }
    },
    {
      "type": "Feature",
      "id": "node/469785539",
      "geometry": {
        "type": "Point",
        "coordinates": [
          0.0764291,
          51.6015951
        ]
      },
      "properties": {
        "id": "node/469785539",
        "osmType": "node",
        "osmId": 469785539,
        "name": "Wannock Gardens",
        "category": "bus_stop",
        "categoryLabel": "Bus Stop",
        "amenity": null,
        "highway": "bus_stop",
        "tourism": null,
        "historic": null,
        "railway": null,
        "website": null,
        "phone": null,
        "address": null
      }
    },
    {
      "type": "Feature",
      "id": "node/469785541",
      "geometry": {
        "type": "Point",
        "coordinates": [
          0.0340056,
          51.6000035
        ]
      },
      "properties": {
        "id": "node/469785541",
        "osmType": "node",
        "osmId": 469785541,
        "name": "Wansford Road",
        "category": "bus_stop",
        "categoryLabel": "Bus Stop",
        "amenity": null,
        "highway": "bus_stop",
        "tourism": null,
        "historic": null,
        "railway": null,
        "website": null,
        "phone": null,
        "address": null
      }
    },
    {
      "type": "Feature",
      "id": "node/469785542",
      "geometry": {
        "type": "Point",
        "coordinates": [
          0.034113,
          51.5998055
        ]
      },
      "properties": {
        "id": "node/469785542",
        "osmType": "node",
        "osmId": 469785542,
        "name": "Wansford Road",
        "category": "bus_stop",
        "categoryLabel": "Bus Stop",
        "amenity": null,
        "highway": "bus_stop",
        "tourism": null,
        "historic": null,
        "railway": null,
        "website": null,
        "phone": null,
        "address": null
      }
    },
    {
      "type": "Feature",
      "id": "node/469785594",
      "geometry": {
        "type": "Point",
        "coordinates": [
          0.0158806,
          51.6304631
        ]
      },
      "properties": {
        "id": "node/469785594",
        "osmType": "node",
        "osmId": 469785594,
        "name": "Hail & Ride Warren Pond Road",
        "category": "bus_stop",
        "categoryLabel": "Bus Stop",
        "amenity": null,
        "highway": "bus_stop",
        "tourism": null,
        "historic": null,
        "railway": null,
        "website": null,
        "phone": null,
        "address": null
      }
    },
    {
      "type": "Feature",
      "id": "node/469785596",
      "geometry": {
        "type": "Point",
        "coordinates": [
          0.0158356,
          51.6308112
        ]
      },
      "properties": {
        "id": "node/469785596",
        "osmType": "node",
        "osmId": 469785596,
        "name": "Hail & Ride Warren Pond Road",
        "category": "bus_stop",
        "categoryLabel": "Bus Stop",
        "amenity": null,
        "highway": "bus_stop",
        "tourism": null,
        "historic": null,
        "railway": null,
        "website": null,
        "phone": null,
        "address": null
      }
    },
    {
      "type": "Feature",
      "id": "node/469785669",
      "geometry": {
        "type": "Point",
        "coordinates": [
          0.0117491,
          51.5975057
        ]
      },
      "properties": {
        "id": "node/469785669",
        "osmType": "node",
        "osmId": 469785669,
        "name": "Waterworks Corner",
        "category": "bus_stop",
        "categoryLabel": "Bus Stop",
        "amenity": null,
        "highway": "bus_stop",
        "tourism": null,
        "historic": null,
        "railway": null,
        "website": null,
        "phone": null,
        "address": null
      }
    },
    {
      "type": "Feature",
      "id": "node/469785670",
      "geometry": {
        "type": "Point",
        "coordinates": [
          0.0117341,
          51.597062
        ]
      },
      "properties": {
        "id": "node/469785670",
        "osmType": "node",
        "osmId": 469785670,
        "name": "Waterworks Corner",
        "category": "bus_stop",
        "categoryLabel": "Bus Stop",
        "amenity": null,
        "highway": "bus_stop",
        "tourism": null,
        "historic": null,
        "railway": null,
        "website": null,
        "phone": null,
        "address": null
      }
    },
    {
      "type": "Feature",
      "id": "node/469785711",
      "geometry": {
        "type": "Point",
        "coordinates": [
          0.0651322,
          51.5974593
        ]
      },
      "properties": {
        "id": "node/469785711",
        "osmType": "node",
        "osmId": 469785711,
        "name": "Copper Beech Close",
        "category": "bus_stop",
        "categoryLabel": "Bus Stop",
        "amenity": null,
        "highway": "bus_stop",
        "tourism": null,
        "historic": null,
        "railway": null,
        "website": null,
        "phone": null,
        "address": null
      }
    },
    {
      "type": "Feature",
      "id": "node/469785823",
      "geometry": {
        "type": "Point",
        "coordinates": [
          0.0166191,
          51.627631
        ]
      },
      "properties": {
        "id": "node/469785823",
        "osmType": "node",
        "osmId": 469785823,
        "name": "Valance Avenue",
        "category": "bus_stop",
        "categoryLabel": "Bus Stop",
        "amenity": null,
        "highway": "bus_stop",
        "tourism": null,
        "historic": null,
        "railway": null,
        "website": null,
        "phone": null,
        "address": null
      }
    },
    {
      "type": "Feature",
      "id": "node/469785824",
      "geometry": {
        "type": "Point",
        "coordinates": [
          0.0167874,
          51.6275221
        ]
      },
      "properties": {
        "id": "node/469785824",
        "osmType": "node",
        "osmId": 469785824,
        "name": "Valance Avenue",
        "category": "bus_stop",
        "categoryLabel": "Bus Stop",
        "amenity": null,
        "highway": "bus_stop",
        "tourism": null,
        "historic": null,
        "railway": null,
        "website": null,
        "phone": null,
        "address": null
      }
    },
    {
      "type": "Feature",
      "id": "node/469785857",
      "geometry": {
        "type": "Point",
        "coordinates": [
          -0.02032,
          51.6273443
        ]
      },
      "properties": {
        "id": "node/469785857",
        "osmType": "node",
        "osmId": 469785857,
        "name": "Hail & Ride Valley Side Parade",
        "category": "bus_stop",
        "categoryLabel": "Bus Stop",
        "amenity": null,
        "highway": "bus_stop",
        "tourism": null,
        "historic": null,
        "railway": null,
        "website": null,
        "phone": null,
        "address": null
      }
    },
    {
      "type": "Feature",
      "id": "node/469785858",
      "geometry": {
        "type": "Point",
        "coordinates": [
          -0.0202945,
          51.6271438
        ]
      },
      "properties": {
        "id": "node/469785858",
        "osmType": "node",
        "osmId": 469785858,
        "name": "Hail & Ride Valley Side Parade",
        "category": "bus_stop",
        "categoryLabel": "Bus Stop",
        "amenity": null,
        "highway": "bus_stop",
        "tourism": null,
        "historic": null,
        "railway": null,
        "website": null,
        "phone": null,
        "address": null
      }
    },
    {
      "type": "Feature",
      "id": "node/469785899",
      "geometry": {
        "type": "Point",
        "coordinates": [
          0.0289389,
          51.6045058
        ]
      },
      "properties": {
        "id": "node/469785899",
        "osmType": "node",
        "osmId": 469785899,
        "name": "Vernon Avenue",
        "category": "bus_stop",
        "categoryLabel": "Bus Stop",
        "amenity": null,
        "highway": "bus_stop",
        "tourism": null,
        "historic": null,
        "railway": null,
        "website": null,
        "phone": null,
        "address": null
      }
    },
    {
      "type": "Feature",
      "id": "node/469785900",
      "geometry": {
        "type": "Point",
        "coordinates": [
          0.0284572,
          51.6045075
        ]
      },
      "properties": {
        "id": "node/469785900",
        "osmType": "node",
        "osmId": 469785900,
        "name": "Vernon Avenue",
        "category": "bus_stop",
        "categoryLabel": "Bus Stop",
        "amenity": null,
        "highway": "bus_stop",
        "tourism": null,
        "historic": null,
        "railway": null,
        "website": null,
        "phone": null,
        "address": null
      }
    },
    {
      "type": "Feature",
      "id": "node/469786153",
      "geometry": {
        "type": "Point",
        "coordinates": [
          -0.0116808,
          51.6414441
        ]
      },
      "properties": {
        "id": "node/469786153",
        "osmType": "node",
        "osmId": 469786153,
        "name": "Yardley Lane",
        "category": "bus_stop",
        "categoryLabel": "Bus Stop",
        "amenity": null,
        "highway": "bus_stop",
        "tourism": null,
        "historic": null,
        "railway": null,
        "website": null,
        "phone": null,
        "address": null
      }
    },
    {
      "type": "Feature",
      "id": "node/469786154",
      "geometry": {
        "type": "Point",
        "coordinates": [
          -0.0104144,
          51.6464179
        ]
      },
      "properties": {
        "id": "node/469786154",
        "osmType": "node",
        "osmId": 469786154,
        "name": "Yardley Lane Estate",
        "category": "bus_stop",
        "categoryLabel": "Bus Stop",
        "amenity": null,
        "highway": "bus_stop",
        "tourism": null,
        "historic": null,
        "railway": null,
        "website": null,
        "phone": null,
        "address": null
      }
    },
    {
      "type": "Feature",
      "id": "node/469786155",
      "geometry": {
        "type": "Point",
        "coordinates": [
          -0.0102843,
          51.6463557
        ]
      },
      "properties": {
        "id": "node/469786155",
        "osmType": "node",
        "osmId": 469786155,
        "name": "Yardley Lane Estate",
        "category": "bus_stop",
        "categoryLabel": "Bus Stop",
        "amenity": null,
        "highway": "bus_stop",
        "tourism": null,
        "historic": null,
        "railway": null,
        "website": null,
        "phone": null,
        "address": null
      }
    },
    {
      "type": "Feature",
      "id": "node/469786156",
      "geometry": {
        "type": "Point",
        "coordinates": [
          -0.0087974,
          51.6442638
        ]
      },
      "properties": {
        "id": "node/469786156",
        "osmType": "node",
        "osmId": 469786156,
        "name": "Hail & Ride Antlers Hill",
        "category": "bus_stop",
        "categoryLabel": "Bus Stop",
        "amenity": null,
        "highway": "bus_stop",
        "tourism": null,
        "historic": null,
        "railway": null,
        "website": null,
        "phone": null,
        "address": null
      }
    },
    {
      "type": "Feature",
      "id": "node/469786247",
      "geometry": {
        "type": "Point",
        "coordinates": [
          -0.0334306,
          51.6007738
        ]
      },
      "properties": {
        "id": "node/469786247",
        "osmType": "node",
        "osmId": 469786247,
        "name": "William Morris School",
        "category": "bus_stop",
        "categoryLabel": "Bus Stop",
        "amenity": null,
        "highway": "bus_stop",
        "tourism": null,
        "historic": null,
        "railway": null,
        "website": null,
        "phone": null,
        "address": null
      }
    },
    {
      "type": "Feature",
      "id": "node/469786646",
      "geometry": {
        "type": "Point",
        "coordinates": [
          0.0252384,
          51.6157545
        ]
      },
      "properties": {
        "id": "node/469786646",
        "osmType": "node",
        "osmId": 469786646,
        "name": "St Thomas of Canterbury Church",
        "category": "bus_stop",
        "categoryLabel": "Bus Stop",
        "amenity": null,
        "highway": "bus_stop",
        "tourism": null,
        "historic": null,
        "railway": null,
        "website": null,
        "phone": null,
        "address": null
      }
    },
    {
      "type": "Feature",
      "id": "node/469786647",
      "geometry": {
        "type": "Point",
        "coordinates": [
          0.0255626,
          51.6157924
        ]
      },
      "properties": {
        "id": "node/469786647",
        "osmType": "node",
        "osmId": 469786647,
        "name": "St Thomas of Canterbury Church",
        "category": "bus_stop",
        "categoryLabel": "Bus Stop",
        "amenity": null,
        "highway": "bus_stop",
        "tourism": null,
        "historic": null,
        "railway": null,
        "website": null,
        "phone": null,
        "address": null
      }
    },
    {
      "type": "Feature",
      "id": "node/469786648",
      "geometry": {
        "type": "Point",
        "coordinates": [
          0.0261913,
          51.6170734
        ]
      },
      "properties": {
        "id": "node/469786648",
        "osmType": "node",
        "osmId": 469786648,
        "name": "Woodford Wells / Horse & Well",
        "category": "bus_stop",
        "categoryLabel": "Bus Stop",
        "amenity": null,
        "highway": "bus_stop",
        "tourism": null,
        "historic": null,
        "railway": null,
        "website": null,
        "phone": null,
        "address": null
      }
    },
    {
      "type": "Feature",
      "id": "node/469786767",
      "geometry": {
        "type": "Point",
        "coordinates": [
          0.0191883,
          51.6018251
        ]
      },
      "properties": {
        "id": "node/469786767",
        "osmType": "node",
        "osmId": 469786767,
        "name": "Empress Avenue",
        "category": "bus_stop",
        "categoryLabel": "Bus Stop",
        "amenity": null,
        "highway": "bus_stop",
        "tourism": null,
        "historic": null,
        "railway": null,
        "website": null,
        "phone": null,
        "address": null
      }
    },
    {
      "type": "Feature",
      "id": "node/469786768",
      "geometry": {
        "type": "Point",
        "coordinates": [
          0.0199778,
          51.6002749
        ]
      },
      "properties": {
        "id": "node/469786768",
        "osmType": "node",
        "osmId": 469786768,
        "name": "St Albans Road",
        "category": "bus_stop",
        "categoryLabel": "Bus Stop",
        "amenity": null,
        "highway": "bus_stop",
        "tourism": null,
        "historic": null,
        "railway": null,
        "website": null,
        "phone": null,
        "address": null
      }
    },
    {
      "type": "Feature",
      "id": "node/469786771",
      "geometry": {
        "type": "Point",
        "coordinates": [
          0.0219062,
          51.6085386
        ]
      },
      "properties": {
        "id": "node/469786771",
        "osmType": "node",
        "osmId": 469786771,
        "name": "Woodford Green / Broadmead Road",
        "category": "bus_stop",
        "categoryLabel": "Bus Stop",
        "amenity": null,
        "highway": "bus_stop",
        "tourism": null,
        "historic": null,
        "railway": null,
        "website": null,
        "phone": null,
        "address": null
      }
    },
    {
      "type": "Feature",
      "id": "node/469786772",
      "geometry": {
        "type": "Point",
        "coordinates": [
          0.0211058,
          51.6090584
        ]
      },
      "properties": {
        "id": "node/469786772",
        "osmType": "node",
        "osmId": 469786772,
        "name": "Woodford Green / Broadmead Road",
        "category": "bus_stop",
        "categoryLabel": "Bus Stop",
        "amenity": null,
        "highway": "bus_stop",
        "tourism": null,
        "historic": null,
        "railway": null,
        "website": null,
        "phone": null,
        "address": null
      }
    },
    {
      "type": "Feature",
      "id": "node/469786773",
      "geometry": {
        "type": "Point",
        "coordinates": [
          0.0214307,
          51.6091624
        ]
      },
      "properties": {
        "id": "node/469786773",
        "osmType": "node",
        "osmId": 469786773,
        "name": "Woodford Green / Broadmead Road",
        "category": "bus_stop",
        "categoryLabel": "Bus Stop",
        "amenity": null,
        "highway": "bus_stop",
        "tourism": null,
        "historic": null,
        "railway": null,
        "website": null,
        "phone": null,
        "address": null
      }
    },
    {
      "type": "Feature",
      "id": "node/469786774",
      "geometry": {
        "type": "Point",
        "coordinates": [
          0.022168,
          51.608126
        ]
      },
      "properties": {
        "id": "node/469786774",
        "osmType": "node",
        "osmId": 469786774,
        "name": "Woodford Green High Road",
        "category": "bus_stop",
        "categoryLabel": "Bus Stop",
        "amenity": null,
        "highway": "bus_stop",
        "tourism": null,
        "historic": null,
        "railway": null,
        "website": null,
        "phone": null,
        "address": null
      }
    },
    {
      "type": "Feature",
      "id": "node/469786910",
      "geometry": {
        "type": "Point",
        "coordinates": [
          0.0083689,
          51.6197241
        ]
      },
      "properties": {
        "id": "node/469786910",
        "osmType": "node",
        "osmId": 469786910,
        "name": "Chingdale Road",
        "category": "bus_stop",
        "categoryLabel": "Bus Stop",
        "amenity": null,
        "highway": "bus_stop",
        "tourism": null,
        "historic": null,
        "railway": null,
        "website": null,
        "phone": null,
        "address": null
      }
    },
    {
      "type": "Feature",
      "id": "node/469786948",
      "geometry": {
        "type": "Point",
        "coordinates": [
          0.0869672,
          51.6100475
        ]
      },
      "properties": {
        "id": "node/469786948",
        "osmType": "node",
        "osmId": 469786948,
        "name": "Hail & Ride Northdene",
        "category": "bus_stop",
        "categoryLabel": "Bus Stop",
        "amenity": null,
        "highway": "bus_stop",
        "tourism": null,
        "historic": null,
        "railway": null,
        "website": null,
        "phone": null,
        "address": null
      }
    },
    {
      "type": "Feature",
      "id": "node/469787164",
      "geometry": {
        "type": "Point",
        "coordinates": [
          -0.0315288,
          51.6455293
        ]
      },
      "properties": {
        "id": "node/469787164",
        "osmType": "node",
        "osmId": 469787164,
        "name": "Lea Valley Road",
        "category": "bus_stop",
        "categoryLabel": "Bus Stop",
        "amenity": null,
        "highway": "bus_stop",
        "tourism": null,
        "historic": null,
        "railway": null,
        "website": null,
        "phone": null,
        "address": null
      }
    },
    {
      "type": "Feature",
      "id": "node/469788084",
      "geometry": {
        "type": "Point",
        "coordinates": [
          -0.0280105,
          51.663623
        ]
      },
      "properties": {
        "id": "node/469788084",
        "osmType": "node",
        "osmId": 469788084,
        "name": "Bilton Way / Mollison Avenue",
        "category": "bus_stop",
        "categoryLabel": "Bus Stop",
        "amenity": null,
        "highway": "bus_stop",
        "tourism": null,
        "historic": null,
        "railway": null,
        "website": null,
        "phone": null,
        "address": null
      }
    },
    {
      "type": "Feature",
      "id": "node/469788086",
      "geometry": {
        "type": "Point",
        "coordinates": [
          -0.0278847,
          51.6633738
        ]
      },
      "properties": {
        "id": "node/469788086",
        "osmType": "node",
        "osmId": 469788086,
        "name": "Bilton Way / Mollison Avenue",
        "category": "bus_stop",
        "categoryLabel": "Bus Stop",
        "amenity": null,
        "highway": "bus_stop",
        "tourism": null,
        "historic": null,
        "railway": null,
        "website": null,
        "phone": null,
        "address": null
      }
    },
    {
      "type": "Feature",
      "id": "node/469788109",
      "geometry": {
        "type": "Point",
        "coordinates": [
          0.0103125,
          51.6169369
        ]
      },
      "properties": {
        "id": "node/469788109",
        "osmType": "node",
        "osmId": 469788109,
        "name": "Chingford Lane",
        "category": "bus_stop",
        "categoryLabel": "Bus Stop",
        "amenity": null,
        "highway": "bus_stop",
        "tourism": null,
        "historic": null,
        "railway": null,
        "website": null,
        "phone": null,
        "address": null
      }
    },
    {
      "type": "Feature",
      "id": "node/469788110",
      "geometry": {
        "type": "Point",
        "coordinates": [
          0.0103017,
          51.6167937
        ]
      },
      "properties": {
        "id": "node/469788110",
        "osmType": "node",
        "osmId": 469788110,
        "name": "Chingford Lane",
        "category": "bus_stop",
        "categoryLabel": "Bus Stop",
        "amenity": null,
        "highway": "bus_stop",
        "tourism": null,
        "historic": null,
        "railway": null,
        "website": null,
        "phone": null,
        "address": null
      }
    },
    {
      "type": "Feature",
      "id": "node/469788125",
      "geometry": {
        "type": "Point",
        "coordinates": [
          0.0965966,
          51.6108816
        ]
      },
      "properties": {
        "id": "node/469788125",
        "osmType": "node",
        "osmId": 469788125,
        "name": "Tine Road",
        "category": "bus_stop",
        "categoryLabel": "Bus Stop",
        "amenity": null,
        "highway": "bus_stop",
        "tourism": null,
        "historic": null,
        "railway": null,
        "website": null,
        "phone": null,
        "address": null
      }
    },
    {
      "type": "Feature",
      "id": "node/469788127",
      "geometry": {
        "type": "Point",
        "coordinates": [
          0.0967413,
          51.610424
        ]
      },
      "properties": {
        "id": "node/469788127",
        "osmType": "node",
        "osmId": 469788127,
        "name": "Tine Road",
        "category": "bus_stop",
        "categoryLabel": "Bus Stop",
        "amenity": null,
        "highway": "bus_stop",
        "tourism": null,
        "historic": null,
        "railway": null,
        "website": null,
        "phone": null,
        "address": null
      }
    },
    {
      "type": "Feature",
      "id": "node/469788965",
      "geometry": {
        "type": "Point",
        "coordinates": [
          0.1076622,
          51.6124858
        ]
      },
      "properties": {
        "id": "node/469788965",
        "osmType": "node",
        "osmId": 469788965,
        "name": "Crossbow Road",
        "category": "bus_stop",
        "categoryLabel": "Bus Stop",
        "amenity": null,
        "highway": "bus_stop",
        "tourism": null,
        "historic": null,
        "railway": null,
        "website": null,
        "phone": null,
        "address": null
      }
    },
    {
      "type": "Feature",
      "id": "node/469788966",
      "geometry": {
        "type": "Point",
        "coordinates": [
          0.1080558,
          51.6121535
        ]
      },
      "properties": {
        "id": "node/469788966",
        "osmType": "node",
        "osmId": 469788966,
        "name": "Crossbow Road",
        "category": "bus_stop",
        "categoryLabel": "Bus Stop",
        "amenity": null,
        "highway": "bus_stop",
        "tourism": null,
        "historic": null,
        "railway": null,
        "website": null,
        "phone": null,
        "address": null
      }
    },
    {
      "type": "Feature",
      "id": "node/469789249",
      "geometry": {
        "type": "Point",
        "coordinates": [
          0.0130149,
          51.5955771
        ]
      },
      "properties": {
        "id": "node/469789249",
        "osmType": "node",
        "osmId": 469789249,
        "name": "Waterworks Corner",
        "category": "bus_stop",
        "categoryLabel": "Bus Stop",
        "amenity": null,
        "highway": "bus_stop",
        "tourism": null,
        "historic": null,
        "railway": null,
        "website": null,
        "phone": null,
        "address": null
      }
    },
    {
      "type": "Feature",
      "id": "node/469789252",
      "geometry": {
        "type": "Point",
        "coordinates": [
          0.0126508,
          51.5950964
        ]
      },
      "properties": {
        "id": "node/469789252",
        "osmType": "node",
        "osmId": 469789252,
        "name": "Waterworks Corner",
        "category": "bus_stop",
        "categoryLabel": "Bus Stop",
        "amenity": null,
        "highway": "bus_stop",
        "tourism": null,
        "historic": null,
        "railway": null,
        "website": null,
        "phone": null,
        "address": null
      }
    },
    {
      "type": "Feature",
      "id": "node/469789677",
      "geometry": {
        "type": "Point",
        "coordinates": [
          0.1374175,
          51.6025582
        ]
      },
      "properties": {
        "id": "node/469789677",
        "osmType": "node",
        "osmId": 469789677,
        "name": "Whalebone Lane North",
        "category": "bus_stop",
        "categoryLabel": "Bus Stop",
        "amenity": null,
        "highway": "bus_stop",
        "tourism": null,
        "historic": null,
        "railway": null,
        "website": null,
        "phone": null,
        "address": null
      }
    },
    {
      "type": "Feature",
      "id": "node/469789687",
      "geometry": {
        "type": "Point",
        "coordinates": [
          -0.0274776,
          51.641188
        ]
      },
      "properties": {
        "id": "node/469789687",
        "osmType": "node",
        "osmId": 469789687,
        "name": "Wharf Road",
        "category": "bus_stop",
        "categoryLabel": "Bus Stop",
        "amenity": null,
        "highway": "bus_stop",
        "tourism": null,
        "historic": null,
        "railway": null,
        "website": null,
        "phone": null,
        "address": null
      }
    },
    {
      "type": "Feature",
      "id": "node/469789688",
      "geometry": {
        "type": "Point",
        "coordinates": [
          -0.0284324,
          51.6415542
        ]
      },
      "properties": {
        "id": "node/469789688",
        "osmType": "node",
        "osmId": 469789688,
        "name": "Wharf Road",
        "category": "bus_stop",
        "categoryLabel": "Bus Stop",
        "amenity": null,
        "highway": "bus_stop",
        "tourism": null,
        "historic": null,
        "railway": null,
        "website": null,
        "phone": null,
        "address": null
      }
    },
    {
      "type": "Feature",
      "id": "node/469789708",
      "geometry": {
        "type": "Point",
        "coordinates": [
          -0.0275207,
          51.596796
        ]
      },
      "properties": {
        "id": "node/469789708",
        "osmType": "node",
        "osmId": 469789708,
        "name": "Hail & Ride North Countess Road",
        "category": "bus_stop",
        "categoryLabel": "Bus Stop",
        "amenity": null,
        "highway": "bus_stop",
        "tourism": null,
        "historic": null,
        "railway": null,
        "website": null,
        "phone": null,
        "address": null
      }
    },
    {
      "type": "Feature",
      "id": "node/469789923",
      "geometry": {
        "type": "Point",
        "coordinates": [
          0.1090522,
          51.6101305
        ]
      },
      "properties": {
        "id": "node/469789923",
        "osmType": "node",
        "osmId": 469789923,
        "name": "Arrowsmith Road",
        "category": "bus_stop",
        "categoryLabel": "Bus Stop",
        "amenity": null,
        "highway": "bus_stop",
        "tourism": null,
        "historic": null,
        "railway": null,
        "website": null,
        "phone": null,
        "address": null
      }
    },
    {
      "type": "Feature",
      "id": "node/469789925",
      "geometry": {
        "type": "Point",
        "coordinates": [
          0.1100933,
          51.6087949
        ]
      },
      "properties": {
        "id": "node/469789925",
        "osmType": "node",
        "osmId": 469789925,
        "name": "Manford Way / The Lowe",
        "category": "bus_stop",
        "categoryLabel": "Bus Stop",
        "amenity": null,
        "highway": "bus_stop",
        "tourism": null,
        "historic": null,
        "railway": null,
        "website": null,
        "phone": null,
        "address": null
      }
    },
    {
      "type": "Feature",
      "id": "node/469789927",
      "geometry": {
        "type": "Point",
        "coordinates": [
          0.1022577,
          51.6123836
        ]
      },
      "properties": {
        "id": "node/469789927",
        "osmType": "node",
        "osmId": 469789927,
        "name": "Holt Way",
        "category": "bus_stop",
        "categoryLabel": "Bus Stop",
        "amenity": null,
        "highway": "bus_stop",
        "tourism": null,
        "historic": null,
        "railway": null,
        "website": null,
        "phone": null,
        "address": null
      }
    },
    {
      "type": "Feature",
      "id": "node/469789928",
      "geometry": {
        "type": "Point",
        "coordinates": [
          0.1028609,
          51.612156
        ]
      },
      "properties": {
        "id": "node/469789928",
        "osmType": "node",
        "osmId": 469789928,
        "name": "Holt Way",
        "category": "bus_stop",
        "categoryLabel": "Bus Stop",
        "amenity": null,
        "highway": "bus_stop",
        "tourism": null,
        "historic": null,
        "railway": null,
        "website": null,
        "phone": null,
        "address": null
      }
    },
    {
      "type": "Feature",
      "id": "node/469789929",
      "geometry": {
        "type": "Point",
        "coordinates": [
          0.0966924,
          51.6113991
        ]
      },
      "properties": {
        "id": "node/469789929",
        "osmType": "node",
        "osmId": 469789929,
        "name": "Brocket Way / Manford Way",
        "category": "bus_stop",
        "categoryLabel": "Bus Stop",
        "amenity": null,
        "highway": "bus_stop",
        "tourism": null,
        "historic": null,
        "railway": null,
        "website": null,
        "phone": null,
        "address": null
      }
    },
    {
      "type": "Feature",
      "id": "node/469789930",
      "geometry": {
        "type": "Point",
        "coordinates": [
          0.0978284,
          51.6116057
        ]
      },
      "properties": {
        "id": "node/469789930",
        "osmType": "node",
        "osmId": 469789930,
        "name": "Manford Way",
        "category": "bus_stop",
        "categoryLabel": "Bus Stop",
        "amenity": null,
        "highway": "bus_stop",
        "tourism": null,
        "historic": null,
        "railway": null,
        "website": null,
        "phone": null,
        "address": null
      }
    },
    {
      "type": "Feature",
      "id": "node/469789932",
      "geometry": {
        "type": "Point",
        "coordinates": [
          0.1070986,
          51.612949
        ]
      },
      "properties": {
        "id": "node/469789932",
        "osmType": "node",
        "osmId": 469789932,
        "name": "Brocket Way / The Lowe",
        "category": "bus_stop",
        "categoryLabel": "Bus Stop",
        "amenity": null,
        "highway": "bus_stop",
        "tourism": null,
        "historic": null,
        "railway": null,
        "website": null,
        "phone": null,
        "address": null
      }
    },
    {
      "type": "Feature",
      "id": "node/469790011",
      "geometry": {
        "type": "Point",
        "coordinates": [
          -0.0084359,
          51.6418497
        ]
      },
      "properties": {
        "id": "node/469790011",
        "osmType": "node",
        "osmId": 469790011,
        "name": "Hail & Ride Yardley Close",
        "category": "bus_stop",
        "categoryLabel": "Bus Stop",
        "amenity": null,
        "highway": "bus_stop",
        "tourism": null,
        "historic": null,
        "railway": null,
        "website": null,
        "phone": null,
        "address": null
      }
    },
    {
      "type": "Feature",
      "id": "node/469790173",
      "geometry": {
        "type": "Point",
        "coordinates": [
          0.0222706,
          51.6244022
        ]
      },
      "properties": {
        "id": "node/469790173",
        "osmType": "node",
        "osmId": 469790173,
        "name": "Newlands Road",
        "category": "bus_stop",
        "categoryLabel": "Bus Stop",
        "amenity": null,
        "highway": "bus_stop",
        "tourism": null,
        "historic": null,
        "railway": null,
        "website": null,
        "phone": null,
        "address": null
      }
    },
    {
      "type": "Feature",
      "id": "node/469790174",
      "geometry": {
        "type": "Point",
        "coordinates": [
          0.0221675,
          51.6241931
        ]
      },
      "properties": {
        "id": "node/469790174",
        "osmType": "node",
        "osmId": 469790174,
        "name": "Whitehall Lane",
        "category": "bus_stop",
        "categoryLabel": "Bus Stop",
        "amenity": null,
        "highway": "bus_stop",
        "tourism": null,
        "historic": null,
        "railway": null,
        "website": null,
        "phone": null,
        "address": null
      }
    },
    {
      "type": "Feature",
      "id": "node/469790177",
      "geometry": {
        "type": "Point",
        "coordinates": [
          0.026912,
          51.6190222
        ]
      },
      "properties": {
        "id": "node/469790177",
        "osmType": "node",
        "osmId": 469790177,
        "name": "Whitehall Road / Bancroft School",
        "category": "bus_stop",
        "categoryLabel": "Bus Stop",
        "amenity": null,
        "highway": "bus_stop",
        "tourism": null,
        "historic": null,
        "railway": null,
        "website": null,
        "phone": null,
        "address": null
      }
    },
    {
      "type": "Feature",
      "id": "node/469790178",
      "geometry": {
        "type": "Point",
        "coordinates": [
          0.0273397,
          51.6192357
        ]
      },
      "properties": {
        "id": "node/469790178",
        "osmType": "node",
        "osmId": 469790178,
        "name": "Whitehall Road / Bancroft School",
        "category": "bus_stop",
        "categoryLabel": "Bus Stop",
        "amenity": null,
        "highway": "bus_stop",
        "tourism": null,
        "historic": null,
        "railway": null,
        "website": null,
        "phone": null,
        "address": null
      }
    },
    {
      "type": "Feature",
      "id": "node/469790179",
      "geometry": {
        "type": "Point",
        "coordinates": [
          0.0075551,
          51.6265969
        ]
      },
      "properties": {
        "id": "node/469790179",
        "osmType": "node",
        "osmId": 469790179,
        "name": "Whitehall Road",
        "category": "bus_stop",
        "categoryLabel": "Bus Stop",
        "amenity": null,
        "highway": "bus_stop",
        "tourism": null,
        "historic": null,
        "railway": null,
        "website": null,
        "phone": null,
        "address": null
      }
    },
    {
      "type": "Feature",
      "id": "node/474887128",
      "geometry": {
        "type": "Point",
        "coordinates": [
          0.0668505,
          51.6073852
        ]
      },
      "properties": {
        "id": "node/474887128",
        "osmType": "node",
        "osmId": 474887128,
        "name": "Audleigh Place",
        "category": "bus_stop",
        "categoryLabel": "Bus Stop",
        "amenity": null,
        "highway": "bus_stop",
        "tourism": null,
        "historic": null,
        "railway": null,
        "website": null,
        "phone": null,
        "address": null
      }
    },
    {
      "type": "Feature",
      "id": "node/474887129",
      "geometry": {
        "type": "Point",
        "coordinates": [
          0.0670735,
          51.60718
        ]
      },
      "properties": {
        "id": "node/474887129",
        "osmType": "node",
        "osmId": 474887129,
        "name": "Audleigh Place",
        "category": "bus_stop",
        "categoryLabel": "Bus Stop",
        "amenity": null,
        "highway": "bus_stop",
        "tourism": null,
        "historic": null,
        "railway": null,
        "website": null,
        "phone": null,
        "address": null
      }
    },
    {
      "type": "Feature",
      "id": "node/474887131",
      "geometry": {
        "type": "Point",
        "coordinates": [
          0.061534,
          51.6070173
        ]
      },
      "properties": {
        "id": "node/474887131",
        "osmType": "node",
        "osmId": 474887131,
        "name": "Cross Road",
        "category": "bus_stop",
        "categoryLabel": "Bus Stop",
        "amenity": null,
        "highway": "bus_stop",
        "tourism": null,
        "historic": null,
        "railway": null,
        "website": null,
        "phone": null,
        "address": null
      }
    },
    {
      "type": "Feature",
      "id": "node/474887914",
      "geometry": {
        "type": "Point",
        "coordinates": [
          0.0725296,
          51.6050105
        ]
      },
      "properties": {
        "id": "node/474887914",
        "osmType": "node",
        "osmId": 474887914,
        "name": "Stradbroke Park",
        "category": "bus_stop",
        "categoryLabel": "Bus Stop",
        "amenity": null,
        "highway": "bus_stop",
        "tourism": null,
        "historic": null,
        "railway": null,
        "website": null,
        "phone": null,
        "address": null
      }
    },
    {
      "type": "Feature",
      "id": "node/474887915",
      "geometry": {
        "type": "Point",
        "coordinates": [
          0.072986,
          51.6048176
        ]
      },
      "properties": {
        "id": "node/474887915",
        "osmType": "node",
        "osmId": 474887915,
        "name": "Stradbroke Park",
        "category": "bus_stop",
        "categoryLabel": "Bus Stop",
        "amenity": null,
        "highway": "bus_stop",
        "tourism": null,
        "historic": null,
        "railway": null,
        "website": null,
        "phone": null,
        "address": null
      }
    },
    {
      "type": "Feature",
      "id": "node/474888702",
      "geometry": {
        "type": "Point",
        "coordinates": [
          0.1442729,
          51.657126
        ]
      },
      "properties": {
        "id": "node/474888702",
        "osmType": "node",
        "osmId": 474888702,
        "name": "Crowther Nurseries",
        "category": "bus_stop",
        "categoryLabel": "Bus Stop",
        "amenity": null,
        "highway": "bus_stop",
        "tourism": null,
        "historic": null,
        "railway": null,
        "website": null,
        "phone": null,
        "address": null
      }
    },
    {
      "type": "Feature",
      "id": "node/474888705",
      "geometry": {
        "type": "Point",
        "coordinates": [
          0.1382568,
          51.6569818
        ]
      },
      "properties": {
        "id": "node/474888705",
        "osmType": "node",
        "osmId": 474888705,
        "name": "Church Lane",
        "category": "bus_stop",
        "categoryLabel": "Bus Stop",
        "amenity": null,
        "highway": "bus_stop",
        "tourism": null,
        "historic": null,
        "railway": null,
        "website": null,
        "phone": null,
        "address": null
      }
    },
    {
      "type": "Feature",
      "id": "node/474888707",
      "geometry": {
        "type": "Point",
        "coordinates": [
          0.1336579,
          51.656228
        ]
      },
      "properties": {
        "id": "node/474888707",
        "osmType": "node",
        "osmId": 474888707,
        "name": "Hillmans Cottages",
        "category": "bus_stop",
        "categoryLabel": "Bus Stop",
        "amenity": null,
        "highway": "bus_stop",
        "tourism": null,
        "historic": null,
        "railway": null,
        "website": null,
        "phone": null,
        "address": null
      }
    },
    {
      "type": "Feature",
      "id": "node/474888708",
      "geometry": {
        "type": "Point",
        "coordinates": [
          0.1332212,
          51.6563193
        ]
      },
      "properties": {
        "id": "node/474888708",
        "osmType": "node",
        "osmId": 474888708,
        "name": "Hillmans Cottages",
        "category": "bus_stop",
        "categoryLabel": "Bus Stop",
        "amenity": null,
        "highway": "bus_stop",
        "tourism": null,
        "historic": null,
        "railway": null,
        "website": null,
        "phone": null,
        "address": null
      }
    },
    {
      "type": "Feature",
      "id": "node/474888712",
      "geometry": {
        "type": "Point",
        "coordinates": [
          0.1296938,
          51.6562868
        ]
      },
      "properties": {
        "id": "node/474888712",
        "osmType": "node",
        "osmId": 474888712,
        "name": "Oak Farm",
        "category": "bus_stop",
        "categoryLabel": "Bus Stop",
        "amenity": null,
        "highway": "bus_stop",
        "tourism": null,
        "historic": null,
        "railway": null,
        "website": null,
        "phone": null,
        "address": null
      }
    },
    {
      "type": "Feature",
      "id": "node/474888713",
      "geometry": {
        "type": "Point",
        "coordinates": [
          0.1263539,
          51.6552313
        ]
      },
      "properties": {
        "id": "node/474888713",
        "osmType": "node",
        "osmId": 474888713,
        "name": "Grove Cottage",
        "category": "bus_stop",
        "categoryLabel": "Bus Stop",
        "amenity": null,
        "highway": "bus_stop",
        "tourism": null,
        "historic": null,
        "railway": null,
        "website": null,
        "phone": null,
        "address": null
      }
    },
    {
      "type": "Feature",
      "id": "node/474888714",
      "geometry": {
        "type": "Point",
        "coordinates": [
          0.1234928,
          51.6530442
        ]
      },
      "properties": {
        "id": "node/474888714",
        "osmType": "node",
        "osmId": 474888714,
        "name": "Village Hall",
        "category": "bus_stop",
        "categoryLabel": "Bus Stop",
        "amenity": null,
        "highway": "bus_stop",
        "tourism": null,
        "historic": null,
        "railway": null,
        "website": null,
        "phone": null,
        "address": null
      }
    },
    {
      "type": "Feature",
      "id": "node/474888724",
      "geometry": {
        "type": "Point",
        "coordinates": [
          0.1161186,
          51.6551543
        ]
      },
      "properties": {
        "id": "node/474888724",
        "osmType": "node",
        "osmId": 474888724,
        "name": "Piggotts Farm",
        "category": "bus_stop",
        "categoryLabel": "Bus Stop",
        "amenity": null,
        "highway": "bus_stop",
        "tourism": null,
        "historic": null,
        "railway": null,
        "website": null,
        "phone": null,
        "address": null
      }
    },
    {
      "type": "Feature",
      "id": "node/474888726",
      "geometry": {
        "type": "Point",
        "coordinates": [
          0.1158983,
          51.6552536
        ]
      },
      "properties": {
        "id": "node/474888726",
        "osmType": "node",
        "osmId": 474888726,
        "name": "Piggotts Farm",
        "category": "bus_stop",
        "categoryLabel": "Bus Stop",
        "amenity": null,
        "highway": "bus_stop",
        "tourism": null,
        "historic": null,
        "railway": null,
        "website": null,
        "phone": null,
        "address": null
      }
    },
    {
      "type": "Feature",
      "id": "node/474888729",
      "geometry": {
        "type": "Point",
        "coordinates": [
          0.1109105,
          51.6681022
        ]
      },
      "properties": {
        "id": "node/474888729",
        "osmType": "node",
        "osmId": 474888729,
        "name": "Coopersale Lane",
        "category": "bus_stop",
        "categoryLabel": "Bus Stop",
        "amenity": null,
        "highway": "bus_stop",
        "tourism": null,
        "historic": null,
        "railway": null,
        "website": null,
        "phone": null,
        "address": null
      }
    },
    {
      "type": "Feature",
      "id": "node/474888731",
      "geometry": {
        "type": "Point",
        "coordinates": [
          0.0955774,
          51.6725382
        ]
      },
      "properties": {
        "id": "node/474888731",
        "osmType": "node",
        "osmId": 474888731,
        "name": "Village Hall",
        "category": "bus_stop",
        "categoryLabel": "Bus Stop",
        "amenity": null,
        "highway": "bus_stop",
        "tourism": null,
        "historic": null,
        "railway": null,
        "website": null,
        "phone": null,
        "address": null
      }
    },
    {
      "type": "Feature",
      "id": "node/474888733",
      "geometry": {
        "type": "Point",
        "coordinates": [
          0.0936019,
          51.6744865
        ]
      },
      "properties": {
        "id": "node/474888733",
        "osmType": "node",
        "osmId": 474888733,
        "name": "Morgan Crescent",
        "category": "bus_stop",
        "categoryLabel": "Bus Stop",
        "amenity": null,
        "highway": "bus_stop",
        "tourism": null,
        "historic": null,
        "railway": null,
        "website": null,
        "phone": null,
        "address": null
      }
    },
    {
      "type": "Feature",
      "id": "node/474888735",
      "geometry": {
        "type": "Point",
        "coordinates": [
          0.0932134,
          51.6750138
        ]
      },
      "properties": {
        "id": "node/474888735",
        "osmType": "node",
        "osmId": 474888735,
        "name": "Morgan Crescent",
        "category": "bus_stop",
        "categoryLabel": "Bus Stop",
        "amenity": null,
        "highway": "bus_stop",
        "tourism": null,
        "historic": null,
        "railway": null,
        "website": null,
        "phone": null,
        "address": null
      }
    },
    {
      "type": "Feature",
      "id": "node/474888736",
      "geometry": {
        "type": "Point",
        "coordinates": [
          0.0917739,
          51.6799555
        ]
      },
      "properties": {
        "id": "node/474888736",
        "osmType": "node",
        "osmId": 474888736,
        "name": "Little Gregories",
        "category": "bus_stop",
        "categoryLabel": "Bus Stop",
        "amenity": null,
        "highway": "bus_stop",
        "tourism": null,
        "historic": null,
        "railway": null,
        "website": null,
        "phone": null,
        "address": null
      }
    },
    {
      "type": "Feature",
      "id": "node/474888738",
      "geometry": {
        "type": "Point",
        "coordinates": [
          0.0942701,
          51.6832654
        ]
      },
      "properties": {
        "id": "node/474888738",
        "osmType": "node",
        "osmId": 474888738,
        "name": "Golf Club",
        "category": "bus_stop",
        "categoryLabel": "Bus Stop",
        "amenity": null,
        "highway": "bus_stop",
        "tourism": null,
        "historic": null,
        "railway": null,
        "website": null,
        "phone": null,
        "address": null
      }
    },
    {
      "type": "Feature",
      "id": "node/474888746",
      "geometry": {
        "type": "Point",
        "coordinates": [
          0.1182386,
          51.7044795
        ]
      },
      "properties": {
        "id": "node/474888746",
        "osmType": "node",
        "osmId": 474888746,
        "name": "Maltings Lane",
        "category": "bus_stop",
        "categoryLabel": "Bus Stop",
        "amenity": null,
        "highway": "bus_stop",
        "tourism": null,
        "historic": null,
        "railway": null,
        "website": null,
        "phone": null,
        "address": null
      }
    },
    {
      "type": "Feature",
      "id": "node/474888748",
      "geometry": {
        "type": "Point",
        "coordinates": [
          0.1136431,
          51.7007922
        ]
      },
      "properties": {
        "id": "node/474888748",
        "osmType": "node",
        "osmId": 474888748,
        "name": "Council Offices",
        "category": "bus_stop",
        "categoryLabel": "Bus Stop",
        "amenity": null,
        "highway": "bus_stop",
        "tourism": null,
        "historic": null,
        "railway": null,
        "website": null,
        "phone": null,
        "address": null
      }
    },
    {
      "type": "Feature",
      "id": "node/474888749",
      "geometry": {
        "type": "Point",
        "coordinates": [
          0.1133546,
          51.7004276
        ]
      },
      "properties": {
        "id": "node/474888749",
        "osmType": "node",
        "osmId": 474888749,
        "name": "Council Offices",
        "category": "bus_stop",
        "categoryLabel": "Bus Stop",
        "amenity": null,
        "highway": "bus_stop",
        "tourism": null,
        "historic": null,
        "railway": null,
        "website": null,
        "phone": null,
        "address": null
      }
    },
    {
      "type": "Feature",
      "id": "node/474888751",
      "geometry": {
        "type": "Point",
        "coordinates": [
          0.108373,
          51.6968435
        ]
      },
      "properties": {
        "id": "node/474888751",
        "osmType": "node",
        "osmId": 474888751,
        "name": "Tesco Store",
        "category": "bus_stop",
        "categoryLabel": "Bus Stop",
        "amenity": null,
        "highway": "bus_stop",
        "tourism": null,
        "historic": null,
        "railway": null,
        "website": null,
        "phone": null,
        "address": null
      }
    },
    {
      "type": "Feature",
      "id": "node/474888752",
      "geometry": {
        "type": "Point",
        "coordinates": [
          0.1019252,
          51.6938029
        ]
      },
      "properties": {
        "id": "node/474888752",
        "osmType": "node",
        "osmId": 474888752,
        "name": "Bury Lane",
        "category": "bus_stop",
        "categoryLabel": "Bus Stop",
        "amenity": null,
        "highway": "bus_stop",
        "tourism": null,
        "historic": null,
        "railway": null,
        "website": null,
        "phone": null,
        "address": null
      }
    },
    {
      "type": "Feature",
      "id": "node/474888753",
      "geometry": {
        "type": "Point",
        "coordinates": [
          0.1010597,
          51.6936164
        ]
      },
      "properties": {
        "id": "node/474888753",
        "osmType": "node",
        "osmId": 474888753,
        "name": "Bury Lane",
        "category": "bus_stop",
        "categoryLabel": "Bus Stop",
        "amenity": null,
        "highway": "bus_stop",
        "tourism": null,
        "historic": null,
        "railway": null,
        "website": null,
        "phone": null,
        "address": null
      }
    },
    {
      "type": "Feature",
      "id": "node/474888755",
      "geometry": {
        "type": "Point",
        "coordinates": [
          0.1183703,
          51.687878
        ]
      },
      "properties": {
        "id": "node/474888755",
        "osmType": "node",
        "osmId": 474888755,
        "name": "Stewards Green",
        "category": "bus_stop",
        "categoryLabel": "Bus Stop",
        "amenity": null,
        "highway": "bus_stop",
        "tourism": null,
        "historic": null,
        "railway": null,
        "website": null,
        "phone": null,
        "address": null
      }
    },
    {
      "type": "Feature",
      "id": "node/474888756",
      "geometry": {
        "type": "Point",
        "coordinates": [
          0.1181976,
          51.6878991
        ]
      },
      "properties": {
        "id": "node/474888756",
        "osmType": "node",
        "osmId": 474888756,
        "name": "Stewards Green",
        "category": "bus_stop",
        "categoryLabel": "Bus Stop",
        "amenity": null,
        "highway": "bus_stop",
        "tourism": null,
        "historic": null,
        "railway": null,
        "website": null,
        "phone": null,
        "address": null
      }
    },
    {
      "type": "Feature",
      "id": "node/474888757",
      "geometry": {
        "type": "Point",
        "coordinates": [
          0.1141789,
          51.6952941
        ]
      },
      "properties": {
        "id": "node/474888757",
        "osmType": "node",
        "osmId": 474888757,
        "name": "Woodlands",
        "category": "bus_stop",
        "categoryLabel": "Bus Stop",
        "amenity": null,
        "highway": "bus_stop",
        "tourism": null,
        "historic": null,
        "railway": null,
        "website": null,
        "phone": null,
        "address": null
      }
    },
    {
      "type": "Feature",
      "id": "node/474888759",
      "geometry": {
        "type": "Point",
        "coordinates": [
          0.1140246,
          51.695531
        ]
      },
      "properties": {
        "id": "node/474888759",
        "osmType": "node",
        "osmId": 474888759,
        "name": "Woodlands",
        "category": "bus_stop",
        "categoryLabel": "Bus Stop",
        "amenity": null,
        "highway": "bus_stop",
        "tourism": null,
        "historic": null,
        "railway": null,
        "website": null,
        "phone": null,
        "address": null
      }
    },
    {
      "type": "Feature",
      "id": "node/474888760",
      "geometry": {
        "type": "Point",
        "coordinates": [
          0.1113624,
          51.6972318
        ]
      },
      "properties": {
        "id": "node/474888760",
        "osmType": "node",
        "osmId": 474888760,
        "name": "Nicholl Road",
        "category": "bus_stop",
        "categoryLabel": "Bus Stop",
        "amenity": null,
        "highway": "bus_stop",
        "tourism": null,
        "historic": null,
        "railway": null,
        "website": null,
        "phone": null,
        "address": null
      }
    },
    {
      "type": "Feature",
      "id": "node/474888761",
      "geometry": {
        "type": "Point",
        "coordinates": [
          0.1110189,
          51.697383
        ]
      },
      "properties": {
        "id": "node/474888761",
        "osmType": "node",
        "osmId": 474888761,
        "name": "Nicholl Road",
        "category": "bus_stop",
        "categoryLabel": "Bus Stop",
        "amenity": null,
        "highway": "bus_stop",
        "tourism": null,
        "historic": null,
        "railway": null,
        "website": null,
        "phone": null,
        "address": null
      }
    },
    {
      "type": "Feature",
      "id": "node/474888763",
      "geometry": {
        "type": "Point",
        "coordinates": [
          0.1133536,
          51.6954145
        ]
      },
      "properties": {
        "id": "node/474888763",
        "osmType": "node",
        "osmId": 474888763,
        "name": "Woodland Grove",
        "category": "bus_stop",
        "categoryLabel": "Bus Stop",
        "amenity": null,
        "highway": "bus_stop",
        "tourism": null,
        "historic": null,
        "railway": null,
        "website": null,
        "phone": null,
        "address": null
      }
    },
    {
      "type": "Feature",
      "id": "node/474888764",
      "geometry": {
        "type": "Point",
        "coordinates": [
          0.1127958,
          51.6952447
        ]
      },
      "properties": {
        "id": "node/474888764",
        "osmType": "node",
        "osmId": 474888764,
        "name": "Woodland Grove",
        "category": "bus_stop",
        "categoryLabel": "Bus Stop",
        "amenity": null,
        "highway": "bus_stop",
        "tourism": null,
        "historic": null,
        "railway": null,
        "website": null,
        "phone": null,
        "address": null
      }
    },
    {
      "type": "Feature",
      "id": "node/474888765",
      "geometry": {
        "type": "Point",
        "coordinates": [
          0.1102851,
          51.6932215
        ]
      },
      "properties": {
        "id": "node/474888765",
        "osmType": "node",
        "osmId": 474888765,
        "name": "Sunnyside Road",
        "category": "bus_stop",
        "categoryLabel": "Bus Stop",
        "amenity": null,
        "highway": "bus_stop",
        "tourism": null,
        "historic": null,
        "railway": null,
        "website": null,
        "phone": null,
        "address": null
      }
    },
    {
      "type": "Feature",
      "id": "node/474888767",
      "geometry": {
        "type": "Point",
        "coordinates": [
          0.1097833,
          51.6926999
        ]
      },
      "properties": {
        "id": "node/474888767",
        "osmType": "node",
        "osmId": 474888767,
        "name": "Sunnyside Road",
        "category": "bus_stop",
        "categoryLabel": "Bus Stop",
        "amenity": null,
        "highway": "bus_stop",
        "tourism": null,
        "historic": null,
        "railway": null,
        "website": null,
        "phone": null,
        "address": null
      }
    },
    {
      "type": "Feature",
      "id": "node/474888768",
      "geometry": {
        "type": "Point",
        "coordinates": [
          0.1079527,
          51.6897382
        ]
      },
      "properties": {
        "id": "node/474888768",
        "osmType": "node",
        "osmId": 474888768,
        "name": "Western Avenue",
        "category": "bus_stop",
        "categoryLabel": "Bus Stop",
        "amenity": null,
        "highway": "bus_stop",
        "tourism": null,
        "historic": null,
        "railway": null,
        "website": null,
        "phone": null,
        "address": null
      }
    },
    {
      "type": "Feature",
      "id": "node/474888770",
      "geometry": {
        "type": "Point",
        "coordinates": [
          0.1079665,
          51.6894142
        ]
      },
      "properties": {
        "id": "node/474888770",
        "osmType": "node",
        "osmId": 474888770,
        "name": "Western Avenue",
        "category": "bus_stop",
        "categoryLabel": "Bus Stop",
        "amenity": null,
        "highway": "bus_stop",
        "tourism": null,
        "historic": null,
        "railway": null,
        "website": null,
        "phone": null,
        "address": null
      }
    },
    {
      "type": "Feature",
      "id": "node/474888772",
      "geometry": {
        "type": "Point",
        "coordinates": [
          0.1330897,
          51.741858
        ]
      },
      "properties": {
        "id": "node/474888772",
        "osmType": "node",
        "osmId": 474888772,
        "name": "McDonalds",
        "category": "bus_stop",
        "categoryLabel": "Bus Stop",
        "amenity": null,
        "highway": "bus_stop",
        "tourism": null,
        "historic": null,
        "railway": null,
        "website": null,
        "phone": null,
        "address": null
      }
    },
    {
      "type": "Feature",
      "id": "node/474888774",
      "geometry": {
        "type": "Point",
        "coordinates": [
          0.1329699,
          51.7414337
        ]
      },
      "properties": {
        "id": "node/474888774",
        "osmType": "node",
        "osmId": 474888774,
        "name": "McDonalds",
        "category": "bus_stop",
        "categoryLabel": "Bus Stop",
        "amenity": null,
        "highway": "bus_stop",
        "tourism": null,
        "historic": null,
        "railway": null,
        "website": null,
        "phone": null,
        "address": null
      }
    },
    {
      "type": "Feature",
      "id": "node/474888775",
      "geometry": {
        "type": "Point",
        "coordinates": [
          0.1280149,
          51.7360936
        ]
      },
      "properties": {
        "id": "node/474888775",
        "osmType": "node",
        "osmId": 474888775,
        "name": "Horseshoes Farm",
        "category": "bus_stop",
        "categoryLabel": "Bus Stop",
        "amenity": null,
        "highway": "bus_stop",
        "tourism": null,
        "historic": null,
        "railway": null,
        "website": null,
        "phone": null,
        "address": null
      }
    },
    {
      "type": "Feature",
      "id": "node/474888776",
      "geometry": {
        "type": "Point",
        "coordinates": [
          0.1275279,
          51.7354516
        ]
      },
      "properties": {
        "id": "node/474888776",
        "osmType": "node",
        "osmId": 474888776,
        "name": "Horseshoes Farm",
        "category": "bus_stop",
        "categoryLabel": "Bus Stop",
        "amenity": null,
        "highway": "bus_stop",
        "tourism": null,
        "historic": null,
        "railway": null,
        "website": null,
        "phone": null,
        "address": null
      }
    },
    {
      "type": "Feature",
      "id": "node/474888777",
      "geometry": {
        "type": "Point",
        "coordinates": [
          0.1246355,
          51.732835
        ]
      },
      "properties": {
        "id": "node/474888777",
        "osmType": "node",
        "osmId": 474888777,
        "name": "Cross Keys",
        "category": "bus_stop",
        "categoryLabel": "Bus Stop",
        "amenity": null,
        "highway": "bus_stop",
        "tourism": null,
        "historic": null,
        "railway": null,
        "website": null,
        "phone": null,
        "address": null
      }
    },
    {
      "type": "Feature",
      "id": "node/474888779",
      "geometry": {
        "type": "Point",
        "coordinates": [
          0.1238875,
          51.7299169
        ]
      },
      "properties": {
        "id": "node/474888779",
        "osmType": "node",
        "osmId": 474888779,
        "name": "Rye Hill Road",
        "category": "bus_stop",
        "categoryLabel": "Bus Stop",
        "amenity": null,
        "highway": "bus_stop",
        "tourism": null,
        "historic": null,
        "railway": null,
        "website": null,
        "phone": null,
        "address": null
      }
    },
    {
      "type": "Feature",
      "id": "node/474888780",
      "geometry": {
        "type": "Point",
        "coordinates": [
          0.1252968,
          51.7264612
        ]
      },
      "properties": {
        "id": "node/474888780",
        "osmType": "node",
        "osmId": 474888780,
        "name": "Upland Road",
        "category": "bus_stop",
        "categoryLabel": "Bus Stop",
        "amenity": null,
        "highway": "bus_stop",
        "tourism": null,
        "historic": null,
        "railway": null,
        "website": null,
        "phone": null,
        "address": null
      }
    },
    {
      "type": "Feature",
      "id": "node/474888781",
      "geometry": {
        "type": "Point",
        "coordinates": [
          0.1255349,
          51.725772
        ]
      },
      "properties": {
        "id": "node/474888781",
        "osmType": "node",
        "osmId": 474888781,
        "name": "Upland Road",
        "category": "bus_stop",
        "categoryLabel": "Bus Stop",
        "amenity": null,
        "highway": "bus_stop",
        "tourism": null,
        "historic": null,
        "railway": null,
        "website": null,
        "phone": null,
        "address": null
      }
    },
    {
      "type": "Feature",
      "id": "node/474888783",
      "geometry": {
        "type": "Point",
        "coordinates": [
          0.1239923,
          51.7100947
        ]
      },
      "properties": {
        "id": "node/474888783",
        "osmType": "node",
        "osmId": 474888783,
        "name": "Brickfield Business Centre",
        "category": "bus_stop",
        "categoryLabel": "Bus Stop",
        "amenity": null,
        "highway": "bus_stop",
        "tourism": null,
        "historic": null,
        "railway": null,
        "website": null,
        "phone": null,
        "address": null
      }
    },
    {
      "type": "Feature",
      "id": "node/474888784",
      "geometry": {
        "type": "Point",
        "coordinates": [
          0.1241938,
          51.7105206
        ]
      },
      "properties": {
        "id": "node/474888784",
        "osmType": "node",
        "osmId": 474888784,
        "name": "Brickfield Business Centre",
        "category": "bus_stop",
        "categoryLabel": "Bus Stop",
        "amenity": null,
        "highway": "bus_stop",
        "tourism": null,
        "historic": null,
        "railway": null,
        "website": null,
        "phone": null,
        "address": null
      }
    },
    {
      "type": "Feature",
      "id": "node/474888807",
      "geometry": {
        "type": "Point",
        "coordinates": [
          0.1430978,
          51.7126452
        ]
      },
      "properties": {
        "id": "node/474888807",
        "osmType": "node",
        "osmId": 474888807,
        "name": "Woodside",
        "category": "bus_stop",
        "categoryLabel": "Bus Stop",
        "amenity": null,
        "highway": "bus_stop",
        "tourism": null,
        "historic": null,
        "railway": null,
        "website": null,
        "phone": null,
        "address": null
      }
    },
    {
      "type": "Feature",
      "id": "node/474888811",
      "geometry": {
        "type": "Point",
        "coordinates": [
          0.1410097,
          51.7118919
        ]
      },
      "properties": {
        "id": "node/474888811",
        "osmType": "node",
        "osmId": 474888811,
        "name": "Woodside",
        "category": "bus_stop",
        "categoryLabel": "Bus Stop",
        "amenity": null,
        "highway": "bus_stop",
        "tourism": null,
        "historic": null,
        "railway": null,
        "website": null,
        "phone": null,
        "address": null
      }
    },
    {
      "type": "Feature",
      "id": "node/474888812",
      "geometry": {
        "type": "Point",
        "coordinates": [
          0.1224841,
          51.7061092
        ]
      },
      "properties": {
        "id": "node/474888812",
        "osmType": "node",
        "osmId": 474888812,
        "name": "St. Margaret's Hospital",
        "category": "bus_stop",
        "categoryLabel": "Bus Stop",
        "amenity": null,
        "highway": "bus_stop",
        "tourism": null,
        "historic": null,
        "railway": null,
        "website": null,
        "phone": null,
        "address": null
      }
    },
    {
      "type": "Feature",
      "id": "node/474888814",
      "geometry": {
        "type": "Point",
        "coordinates": [
          0.1216612,
          51.7057082
        ]
      },
      "properties": {
        "id": "node/474888814",
        "osmType": "node",
        "osmId": 474888814,
        "name": "St. Margaret's Hospital",
        "category": "bus_stop",
        "categoryLabel": "Bus Stop",
        "amenity": null,
        "highway": "bus_stop",
        "tourism": null,
        "historic": null,
        "railway": null,
        "website": null,
        "phone": null,
        "address": null
      }
    },
    {
      "type": "Feature",
      "id": "node/474888908",
      "geometry": {
        "type": "Point",
        "coordinates": [
          0.0126348,
          51.7364278
        ]
      },
      "properties": {
        "id": "node/474888908",
        "osmType": "node",
        "osmId": 474888908,
        "name": "Western Road",
        "category": "bus_stop",
        "categoryLabel": "Bus Stop",
        "amenity": null,
        "highway": "bus_stop",
        "tourism": null,
        "historic": null,
        "railway": null,
        "website": null,
        "phone": null,
        "address": null
      }
    },
    {
      "type": "Feature",
      "id": "node/474888909",
      "geometry": {
        "type": "Point",
        "coordinates": [
          0.0127482,
          51.7363719
        ]
      },
      "properties": {
        "id": "node/474888909",
        "osmType": "node",
        "osmId": 474888909,
        "name": "Western Road",
        "category": "bus_stop",
        "categoryLabel": "Bus Stop",
        "amenity": null,
        "highway": "bus_stop",
        "tourism": null,
        "historic": null,
        "railway": null,
        "website": null,
        "phone": null,
        "address": null
      }
    },
    {
      "type": "Feature",
      "id": "node/474888911",
      "geometry": {
        "type": "Point",
        "coordinates": [
          0.0426908,
          51.7267667
        ]
      },
      "properties": {
        "id": "node/474888911",
        "osmType": "node",
        "osmId": 474888911,
        "name": "King Harold's Head",
        "category": "bus_stop",
        "categoryLabel": "Bus Stop",
        "amenity": null,
        "highway": "bus_stop",
        "tourism": null,
        "historic": null,
        "railway": null,
        "website": null,
        "phone": null,
        "address": null
      }
    },
    {
      "type": "Feature",
      "id": "node/474888916",
      "geometry": {
        "type": "Point",
        "coordinates": [
          0.0428166,
          51.7267433
        ]
      },
      "properties": {
        "id": "node/474888916",
        "osmType": "node",
        "osmId": 474888916,
        "name": "King Harold's Head",
        "category": "bus_stop",
        "categoryLabel": "Bus Stop",
        "amenity": null,
        "highway": "bus_stop",
        "tourism": null,
        "historic": null,
        "railway": null,
        "website": null,
        "phone": null,
        "address": null
      }
    },
    {
      "type": "Feature",
      "id": "node/474888922",
      "geometry": {
        "type": "Point",
        "coordinates": [
          -0.0033419,
          51.7403424
        ]
      },
      "properties": {
        "id": "node/474888922",
        "osmType": "node",
        "osmId": 474888922,
        "name": "Rusheymead Park",
        "category": "bus_stop",
        "categoryLabel": "Bus Stop",
        "amenity": null,
        "highway": "bus_stop",
        "tourism": null,
        "historic": null,
        "railway": null,
        "website": null,
        "phone": null,
        "address": null
      }
    },
    {
      "type": "Feature",
      "id": "node/474888923",
      "geometry": {
        "type": "Point",
        "coordinates": [
          -0.0021036,
          51.7385318
        ]
      },
      "properties": {
        "id": "node/474888923",
        "osmType": "node",
        "osmId": 474888923,
        "name": "Old Nazeing Road",
        "category": "bus_stop",
        "categoryLabel": "Bus Stop",
        "amenity": null,
        "highway": "bus_stop",
        "tourism": null,
        "historic": null,
        "railway": null,
        "website": null,
        "phone": null,
        "address": null
      }
    },
    {
      "type": "Feature",
      "id": "node/474888925",
      "geometry": {
        "type": "Point",
        "coordinates": [
          -0.0020693,
          51.7383244
        ]
      },
      "properties": {
        "id": "node/474888925",
        "osmType": "node",
        "osmId": 474888925,
        "name": "Old Nazeing Road",
        "category": "bus_stop",
        "categoryLabel": "Bus Stop",
        "amenity": null,
        "highway": "bus_stop",
        "tourism": null,
        "historic": null,
        "railway": null,
        "website": null,
        "phone": null,
        "address": null
      }
    },
    {
      "type": "Feature",
      "id": "node/474888926",
      "geometry": {
        "type": "Point",
        "coordinates": [
          0.0011371,
          51.7364803
        ]
      },
      "properties": {
        "id": "node/474888926",
        "osmType": "node",
        "osmId": 474888926,
        "name": "Hill Grove Business Park",
        "category": "bus_stop",
        "categoryLabel": "Bus Stop",
        "amenity": null,
        "highway": "bus_stop",
        "tourism": null,
        "historic": null,
        "railway": null,
        "website": null,
        "phone": null,
        "address": null
      }
    },
    {
      "type": "Feature",
      "id": "node/474888928",
      "geometry": {
        "type": "Point",
        "coordinates": [
          0.0013116,
          51.7364953
        ]
      },
      "properties": {
        "id": "node/474888928",
        "osmType": "node",
        "osmId": 474888928,
        "name": "Hill Grove Business Park",
        "category": "bus_stop",
        "categoryLabel": "Bus Stop",
        "amenity": null,
        "highway": "bus_stop",
        "tourism": null,
        "historic": null,
        "railway": null,
        "website": null,
        "phone": null,
        "address": null
      }
    },
    {
      "type": "Feature",
      "id": "node/474888929",
      "geometry": {
        "type": "Point",
        "coordinates": [
          0.0075062,
          51.7357422
        ]
      },
      "properties": {
        "id": "node/474888929",
        "osmType": "node",
        "osmId": 474888929,
        "name": "Elizabeth Close",
        "category": "bus_stop",
        "categoryLabel": "Bus Stop",
        "amenity": null,
        "highway": "bus_stop",
        "tourism": null,
        "historic": null,
        "railway": null,
        "website": null,
        "phone": null,
        "address": null
      }
    },
    {
      "type": "Feature",
      "id": "node/474888930",
      "geometry": {
        "type": "Point",
        "coordinates": [
          0.0267381,
          51.7317856
        ]
      },
      "properties": {
        "id": "node/474888930",
        "osmType": "node",
        "osmId": 474888930,
        "name": "Perry Hill",
        "category": "bus_stop",
        "categoryLabel": "Bus Stop",
        "amenity": null,
        "highway": "bus_stop",
        "tourism": null,
        "historic": null,
        "railway": null,
        "website": null,
        "phone": null,
        "address": null
      }
    },
    {
      "type": "Feature",
      "id": "node/474888931",
      "geometry": {
        "type": "Point",
        "coordinates": [
          0.031003,
          51.7308052
        ]
      },
      "properties": {
        "id": "node/474888931",
        "osmType": "node",
        "osmId": 474888931,
        "name": "Curtis Farm",
        "category": "bus_stop",
        "categoryLabel": "Bus Stop",
        "amenity": null,
        "highway": "bus_stop",
        "tourism": null,
        "historic": null,
        "railway": null,
        "website": null,
        "phone": null,
        "address": null
      }
    },
    {
      "type": "Feature",
      "id": "node/474888933",
      "geometry": {
        "type": "Point",
        "coordinates": [
          0.0310429,
          51.7309222
        ]
      },
      "properties": {
        "id": "node/474888933",
        "osmType": "node",
        "osmId": 474888933,
        "name": "Curtis Farm",
        "category": "bus_stop",
        "categoryLabel": "Bus Stop",
        "amenity": null,
        "highway": "bus_stop",
        "tourism": null,
        "historic": null,
        "railway": null,
        "website": null,
        "phone": null,
        "address": null
      }
    },
    {
      "type": "Feature",
      "id": "node/474888935",
      "geometry": {
        "type": "Point",
        "coordinates": [
          0.0058699,
          51.7093505
        ]
      },
      "properties": {
        "id": "node/474888935",
        "osmType": "node",
        "osmId": 474888935,
        "name": "North Lodge Farm",
        "category": "bus_stop",
        "categoryLabel": "Bus Stop",
        "amenity": null,
        "highway": "bus_stop",
        "tourism": null,
        "historic": null,
        "railway": null,
        "website": null,
        "phone": null,
        "address": null
      }
    },
    {
      "type": "Feature",
      "id": "node/474888936",
      "geometry": {
        "type": "Point",
        "coordinates": [
          0.0010912,
          51.6970181
        ]
      },
      "properties": {
        "id": "node/474888936",
        "osmType": "node",
        "osmId": 474888936,
        "name": "Cornmill Meadow",
        "category": "bus_stop",
        "categoryLabel": "Bus Stop",
        "amenity": null,
        "highway": "bus_stop",
        "tourism": null,
        "historic": null,
        "railway": null,
        "website": null,
        "phone": null,
        "address": null
      }
    },
    {
      "type": "Feature",
      "id": "node/474888938",
      "geometry": {
        "type": "Point",
        "coordinates": [
          0.0018542,
          51.6959856
        ]
      },
      "properties": {
        "id": "node/474888938",
        "osmType": "node",
        "osmId": 474888938,
        "name": "Cornmill Meadow",
        "category": "bus_stop",
        "categoryLabel": "Bus Stop",
        "amenity": null,
        "highway": "bus_stop",
        "tourism": null,
        "historic": null,
        "railway": null,
        "website": null,
        "phone": null,
        "address": null
      }
    },
    {
      "type": "Feature",
      "id": "node/474888939",
      "geometry": {
        "type": "Point",
        "coordinates": [
          0.0025268,
          51.6930973
        ]
      },
      "properties": {
        "id": "node/474888939",
        "osmType": "node",
        "osmId": 474888939,
        "name": "The Wheatsheaf",
        "category": "bus_stop",
        "categoryLabel": "Bus Stop",
        "amenity": null,
        "highway": "bus_stop",
        "tourism": null,
        "historic": null,
        "railway": null,
        "website": null,
        "phone": null,
        "address": null
      }
    },
    {
      "type": "Feature",
      "id": "node/474888940",
      "geometry": {
        "type": "Point",
        "coordinates": [
          0.0024556,
          51.6928967
        ]
      },
      "properties": {
        "id": "node/474888940",
        "osmType": "node",
        "osmId": 474888940,
        "name": "The Wheatsheaf",
        "category": "bus_stop",
        "categoryLabel": "Bus Stop",
        "amenity": null,
        "highway": "bus_stop",
        "tourism": null,
        "historic": null,
        "railway": null,
        "website": null,
        "phone": null,
        "address": null
      }
    },
    {
      "type": "Feature",
      "id": "node/474888943",
      "geometry": {
        "type": "Point",
        "coordinates": [
          0.0059729,
          51.709294
        ]
      },
      "properties": {
        "id": "node/474888943",
        "osmType": "node",
        "osmId": 474888943,
        "name": "North Lodge Farm",
        "category": "bus_stop",
        "categoryLabel": "Bus Stop",
        "amenity": null,
        "highway": "bus_stop",
        "tourism": null,
        "historic": null,
        "railway": null,
        "website": null,
        "phone": null,
        "address": null
      }
    },
    {
      "type": "Feature",
      "id": "node/474888945",
      "geometry": {
        "type": "Point",
        "coordinates": [
          0.1122975,
          51.6488583
        ]
      },
      "properties": {
        "id": "node/474888945",
        "osmType": "node",
        "osmId": 474888945,
        "name": "Caravan Park",
        "category": "bus_stop",
        "categoryLabel": "Bus Stop",
        "amenity": null,
        "highway": "bus_stop",
        "tourism": null,
        "historic": null,
        "railway": null,
        "website": null,
        "phone": null,
        "address": null
      }
    },
    {
      "type": "Feature",
      "id": "node/474888947",
      "geometry": {
        "type": "Point",
        "coordinates": [
          0.1219895,
          51.6501775
        ]
      },
      "properties": {
        "id": "node/474888947",
        "osmType": "node",
        "osmId": 474888947,
        "name": "Pancroft",
        "category": "bus_stop",
        "categoryLabel": "Bus Stop",
        "amenity": null,
        "highway": "bus_stop",
        "tourism": null,
        "historic": null,
        "railway": null,
        "website": null,
        "phone": null,
        "address": null
      }
    },
    {
      "type": "Feature",
      "id": "node/474888949",
      "geometry": {
        "type": "Point",
        "coordinates": [
          0.1240297,
          51.6514536
        ]
      },
      "properties": {
        "id": "node/474888949",
        "osmType": "node",
        "osmId": 474888949,
        "name": "New Farm Drive",
        "category": "bus_stop",
        "categoryLabel": "Bus Stop",
        "amenity": null,
        "highway": "bus_stop",
        "tourism": null,
        "historic": null,
        "railway": null,
        "website": null,
        "phone": null,
        "address": null
      }
    },
    {
      "type": "Feature",
      "id": "node/474888953",
      "geometry": {
        "type": "Point",
        "coordinates": [
          0.0013009,
          51.6878888
        ]
      },
      "properties": {
        "id": "node/474888953",
        "osmType": "node",
        "osmId": 474888953,
        "name": "Saxon Way",
        "category": "bus_stop",
        "categoryLabel": "Bus Stop",
        "amenity": null,
        "highway": "bus_stop",
        "tourism": null,
        "historic": null,
        "railway": null,
        "website": null,
        "phone": null,
        "address": null
      }
    },
    {
      "type": "Feature",
      "id": "node/474888954",
      "geometry": {
        "type": "Point",
        "coordinates": [
          0.0013892,
          51.6864833
        ]
      },
      "properties": {
        "id": "node/474888954",
        "osmType": "node",
        "osmId": 474888954,
        "name": "Greek Taverna",
        "category": "bus_stop",
        "categoryLabel": "Bus Stop",
        "amenity": null,
        "highway": "bus_stop",
        "tourism": null,
        "historic": null,
        "railway": null,
        "website": null,
        "phone": null,
        "address": null
      }
    },
    {
      "type": "Feature",
      "id": "node/474888955",
      "geometry": {
        "type": "Point",
        "coordinates": [
          0.0017635,
          51.6846674
        ]
      },
      "properties": {
        "id": "node/474888955",
        "osmType": "node",
        "osmId": 474888955,
        "name": "The Sultan",
        "category": "bus_stop",
        "categoryLabel": "Bus Stop",
        "amenity": null,
        "highway": "bus_stop",
        "tourism": null,
        "historic": null,
        "railway": null,
        "website": null,
        "phone": null,
        "address": null
      }
    },
    {
      "type": "Feature",
      "id": "node/474888957",
      "geometry": {
        "type": "Point",
        "coordinates": [
          0.0016047,
          51.6848223
        ]
      },
      "properties": {
        "id": "node/474888957",
        "osmType": "node",
        "osmId": 474888957,
        "name": "The Sultan",
        "category": "bus_stop",
        "categoryLabel": "Bus Stop",
        "amenity": null,
        "highway": "bus_stop",
        "tourism": null,
        "historic": null,
        "railway": null,
        "website": null,
        "phone": null,
        "address": null
      }
    },
    {
      "type": "Feature",
      "id": "node/474888958",
      "geometry": {
        "type": "Point",
        "coordinates": [
          0.0021447,
          51.683452
        ]
      },
      "properties": {
        "id": "node/474888958",
        "osmType": "node",
        "osmId": 474888958,
        "name": "Cartersfield",
        "category": "bus_stop",
        "categoryLabel": "Bus Stop",
        "amenity": null,
        "highway": "bus_stop",
        "tourism": null,
        "historic": null,
        "railway": null,
        "website": null,
        "phone": null,
        "address": null
      }
    },
    {
      "type": "Feature",
      "id": "node/474888960",
      "geometry": {
        "type": "Point",
        "coordinates": [
          0.0031749,
          51.6800185
        ]
      },
      "properties": {
        "id": "node/474888960",
        "osmType": "node",
        "osmId": 474888960,
        "name": "Beechfield Walk",
        "category": "bus_stop",
        "categoryLabel": "Bus Stop",
        "amenity": null,
        "highway": "bus_stop",
        "tourism": null,
        "historic": null,
        "railway": null,
        "website": null,
        "phone": null,
        "address": null
      }
    },
    {
      "type": "Feature",
      "id": "node/474888961",
      "geometry": {
        "type": "Point",
        "coordinates": [
          0.0033981,
          51.6789775
        ]
      },
      "properties": {
        "id": "node/474888961",
        "osmType": "node",
        "osmId": 474888961,
        "name": "Beechfield Walk",
        "category": "bus_stop",
        "categoryLabel": "Bus Stop",
        "amenity": null,
        "highway": "bus_stop",
        "tourism": null,
        "historic": null,
        "railway": null,
        "website": null,
        "phone": null,
        "address": null
      }
    },
    {
      "type": "Feature",
      "id": "node/474888962",
      "geometry": {
        "type": "Point",
        "coordinates": [
          0.0032621,
          51.6769039
        ]
      },
      "properties": {
        "id": "node/474888962",
        "osmType": "node",
        "osmId": 474888962,
        "name": "Sainsburys Roundabout",
        "category": "bus_stop",
        "categoryLabel": "Bus Stop",
        "amenity": null,
        "highway": "bus_stop",
        "tourism": null,
        "historic": null,
        "railway": null,
        "website": null,
        "phone": null,
        "address": null
      }
    },
    {
      "type": "Feature",
      "id": "node/474888964",
      "geometry": {
        "type": "Point",
        "coordinates": [
          0.0035396,
          51.6769197
        ]
      },
      "properties": {
        "id": "node/474888964",
        "osmType": "node",
        "osmId": 474888964,
        "name": "Sainsburys Roundabout",
        "category": "bus_stop",
        "categoryLabel": "Bus Stop",
        "amenity": null,
        "highway": "bus_stop",
        "tourism": null,
        "historic": null,
        "railway": null,
        "website": null,
        "phone": null,
        "address": null
      }
    },
    {
      "type": "Feature",
      "id": "node/474888965",
      "geometry": {
        "type": "Point",
        "coordinates": [
          0.0031829,
          51.6753405
        ]
      },
      "properties": {
        "id": "node/474888965",
        "osmType": "node",
        "osmId": 474888965,
        "name": "Old Gunpowder Works",
        "category": "bus_stop",
        "categoryLabel": "Bus Stop",
        "amenity": null,
        "highway": "bus_stop",
        "tourism": null,
        "historic": null,
        "railway": null,
        "website": null,
        "phone": null,
        "address": null
      }
    },
    {
      "type": "Feature",
      "id": "node/474888966",
      "geometry": {
        "type": "Point",
        "coordinates": [
          0.0040447,
          51.672591
        ]
      },
      "properties": {
        "id": "node/474888966",
        "osmType": "node",
        "osmId": 474888966,
        "name": "Avey Lane",
        "category": "bus_stop",
        "categoryLabel": "Bus Stop",
        "amenity": null,
        "highway": "bus_stop",
        "tourism": null,
        "historic": null,
        "railway": null,
        "website": null,
        "phone": null,
        "address": null
      }
    },
    {
      "type": "Feature",
      "id": "node/474888969",
      "geometry": {
        "type": "Point",
        "coordinates": [
          -0.0049356,
          51.658128
        ]
      },
      "properties": {
        "id": "node/474888969",
        "osmType": "node",
        "osmId": 474888969,
        "name": "Chapel Field Nursery",
        "category": "bus_stop",
        "categoryLabel": "Bus Stop",
        "amenity": null,
        "highway": "bus_stop",
        "tourism": null,
        "historic": null,
        "railway": null,
        "website": null,
        "phone": null,
        "address": null
      }
    },
    {
      "type": "Feature",
      "id": "node/474888970",
      "geometry": {
        "type": "Point",
        "coordinates": [
          -0.004903,
          51.6576907
        ]
      },
      "properties": {
        "id": "node/474888970",
        "osmType": "node",
        "osmId": 474888970,
        "name": "Chapel Field Nursery",
        "category": "bus_stop",
        "categoryLabel": "Bus Stop",
        "amenity": null,
        "highway": "bus_stop",
        "tourism": null,
        "historic": null,
        "railway": null,
        "website": null,
        "phone": null,
        "address": null
      }
    },
    {
      "type": "Feature",
      "id": "node/474888971",
      "geometry": {
        "type": "Point",
        "coordinates": [
          -0.0053451,
          51.6562993
        ]
      },
      "properties": {
        "id": "node/474888971",
        "osmType": "node",
        "osmId": 474888971,
        "name": "Woodland Stables",
        "category": "bus_stop",
        "categoryLabel": "Bus Stop",
        "amenity": null,
        "highway": "bus_stop",
        "tourism": null,
        "historic": null,
        "railway": null,
        "website": null,
        "phone": null,
        "address": null
      }
    },
    {
      "type": "Feature",
      "id": "node/474888973",
      "geometry": {
        "type": "Point",
        "coordinates": [
          -0.0051977,
          51.6562117
        ]
      },
      "properties": {
        "id": "node/474888973",
        "osmType": "node",
        "osmId": 474888973,
        "name": "Woodland Stables",
        "category": "bus_stop",
        "categoryLabel": "Bus Stop",
        "amenity": null,
        "highway": "bus_stop",
        "tourism": null,
        "historic": null,
        "railway": null,
        "website": null,
        "phone": null,
        "address": null
      }
    },
    {
      "type": "Feature",
      "id": "node/474888974",
      "geometry": {
        "type": "Point",
        "coordinates": [
          -0.0068133,
          51.6527192
        ]
      },
      "properties": {
        "id": "node/474888974",
        "osmType": "node",
        "osmId": 474888974,
        "name": "Mill Lane",
        "category": "bus_stop",
        "categoryLabel": "Bus Stop",
        "amenity": null,
        "highway": "bus_stop",
        "tourism": null,
        "historic": null,
        "railway": null,
        "website": null,
        "phone": null,
        "address": null
      }
    },
    {
      "type": "Feature",
      "id": "node/474888976",
      "geometry": {
        "type": "Point",
        "coordinates": [
          -0.010681,
          51.6476416
        ]
      },
      "properties": {
        "id": "node/474888976",
        "osmType": "node",
        "osmId": 474888976,
        "name": "Albion Terrace",
        "category": "bus_stop",
        "categoryLabel": "Bus Stop",
        "amenity": null,
        "highway": "bus_stop",
        "tourism": null,
        "historic": null,
        "railway": null,
        "website": null,
        "phone": null,
        "address": null
      }
    },
    {
      "type": "Feature",
      "id": "node/474888979",
      "geometry": {
        "type": "Point",
        "coordinates": [
          -0.0066456,
          51.6527115
        ]
      },
      "properties": {
        "id": "node/474888979",
        "osmType": "node",
        "osmId": 474888979,
        "name": "Mill Lane",
        "category": "bus_stop",
        "categoryLabel": "Bus Stop",
        "amenity": null,
        "highway": "bus_stop",
        "tourism": null,
        "historic": null,
        "railway": null,
        "website": null,
        "phone": null,
        "address": null
      }
    },
    {
      "type": "Feature",
      "id": "node/474888984",
      "geometry": {
        "type": "Point",
        "coordinates": [
          -0.008961,
          51.6869536
        ]
      },
      "properties": {
        "id": "node/474888984",
        "osmType": "node",
        "osmId": 474888984,
        "name": "McDonalds",
        "category": "bus_stop",
        "categoryLabel": "Bus Stop",
        "amenity": null,
        "highway": "bus_stop",
        "tourism": null,
        "historic": null,
        "railway": null,
        "website": null,
        "phone": null,
        "address": null
      }
    },
    {
      "type": "Feature",
      "id": "node/474888985",
      "geometry": {
        "type": "Point",
        "coordinates": [
          -0.0065471,
          51.6875577
        ]
      },
      "properties": {
        "id": "node/474888985",
        "osmType": "node",
        "osmId": 474888985,
        "name": "Highbridge Roundabout",
        "category": "bus_stop",
        "categoryLabel": "Bus Stop",
        "amenity": null,
        "highway": "bus_stop",
        "tourism": null,
        "historic": null,
        "railway": null,
        "website": null,
        "phone": null,
        "address": null
      }
    },
    {
      "type": "Feature",
      "id": "node/474888986",
      "geometry": {
        "type": "Point",
        "coordinates": [
          -0.001468,
          51.6861564
        ]
      },
      "properties": {
        "id": "node/474888986",
        "osmType": "node",
        "osmId": 474888986,
        "name": "Quaker Lane",
        "category": "bus_stop",
        "categoryLabel": "Bus Stop",
        "amenity": null,
        "highway": "bus_stop",
        "tourism": null,
        "historic": null,
        "railway": null,
        "website": null,
        "phone": null,
        "address": null
      }
    },
    {
      "type": "Feature",
      "id": "node/474888988",
      "geometry": {
        "type": "Point",
        "coordinates": [
          0.0006867,
          51.6862958
        ]
      },
      "properties": {
        "id": "node/474888988",
        "osmType": "node",
        "osmId": 474888988,
        "name": "Sun Street",
        "category": "bus_stop",
        "categoryLabel": "Bus Stop",
        "amenity": null,
        "highway": "bus_stop",
        "tourism": null,
        "historic": null,
        "railway": null,
        "website": null,
        "phone": null,
        "address": null
      }
    },
    {
      "type": "Feature",
      "id": "node/474888989",
      "geometry": {
        "type": "Point",
        "coordinates": [
          0.0021854,
          51.6862144
        ]
      },
      "properties": {
        "id": "node/474888989",
        "osmType": "node",
        "osmId": 474888989,
        "name": "Farm Hill Road",
        "category": "bus_stop",
        "categoryLabel": "Bus Stop",
        "amenity": null,
        "highway": "bus_stop",
        "tourism": null,
        "historic": null,
        "railway": null,
        "website": null,
        "phone": null,
        "address": null
      }
    },
    {
      "type": "Feature",
      "id": "node/474888991",
      "geometry": {
        "type": "Point",
        "coordinates": [
          0.0047694,
          51.6864616
        ]
      },
      "properties": {
        "id": "node/474888991",
        "osmType": "node",
        "osmId": 474888991,
        "name": "Braddon House",
        "category": "bus_stop",
        "categoryLabel": "Bus Stop",
        "amenity": null,
        "highway": "bus_stop",
        "tourism": null,
        "historic": null,
        "railway": null,
        "website": null,
        "phone": null,
        "address": null
      }
    },
    {
      "type": "Feature",
      "id": "node/474888992",
      "geometry": {
        "type": "Point",
        "coordinates": [
          0.004995,
          51.6865992
        ]
      },
      "properties": {
        "id": "node/474888992",
        "osmType": "node",
        "osmId": 474888992,
        "name": "Braddon House",
        "category": "bus_stop",
        "categoryLabel": "Bus Stop",
        "amenity": null,
        "highway": "bus_stop",
        "tourism": null,
        "historic": null,
        "railway": null,
        "website": null,
        "phone": null,
        "address": null
      }
    },
    {
      "type": "Feature",
      "id": "node/474888994",
      "geometry": {
        "type": "Point",
        "coordinates": [
          0.0076694,
          51.6869383
        ]
      },
      "properties": {
        "id": "node/474888994",
        "osmType": "node",
        "osmId": 474888994,
        "name": "Social Club",
        "category": "bus_stop",
        "categoryLabel": "Bus Stop",
        "amenity": null,
        "highway": "bus_stop",
        "tourism": null,
        "historic": null,
        "railway": null,
        "website": null,
        "phone": null,
        "address": null
      }
    },
    {
      "type": "Feature",
      "id": "node/474888995",
      "geometry": {
        "type": "Point",
        "coordinates": [
          0.0096925,
          51.6870576
        ]
      },
      "properties": {
        "id": "node/474888995",
        "osmType": "node",
        "osmId": 474888995,
        "name": "The Green Man",
        "category": "bus_stop",
        "categoryLabel": "Bus Stop",
        "amenity": null,
        "highway": "bus_stop",
        "tourism": null,
        "historic": null,
        "railway": null,
        "website": null,
        "phone": null,
        "address": null
      }
    },
    {
      "type": "Feature",
      "id": "node/474888996",
      "geometry": {
        "type": "Point",
        "coordinates": [
          0.0133381,
          51.6854603
        ]
      },
      "properties": {
        "id": "node/474888996",
        "osmType": "node",
        "osmId": 474888996,
        "name": "Stonyshotts",
        "category": "bus_stop",
        "categoryLabel": "Bus Stop",
        "amenity": null,
        "highway": "bus_stop",
        "tourism": null,
        "historic": null,
        "railway": null,
        "website": null,
        "phone": null,
        "address": null
      }
    },
    {
      "type": "Feature",
      "id": "node/474888998",
      "geometry": {
        "type": "Point",
        "coordinates": [
          0.0139094,
          51.6850766
        ]
      },
      "properties": {
        "id": "node/474888998",
        "osmType": "node",
        "osmId": 474888998,
        "name": "Stonyshotts",
        "category": "bus_stop",
        "categoryLabel": "Bus Stop",
        "amenity": null,
        "highway": "bus_stop",
        "tourism": null,
        "historic": null,
        "railway": null,
        "website": null,
        "phone": null,
        "address": null
      }
    },
    {
      "type": "Feature",
      "id": "node/474888999",
      "geometry": {
        "type": "Point",
        "coordinates": [
          0.0176868,
          51.6840037
        ]
      },
      "properties": {
        "id": "node/474888999",
        "osmType": "node",
        "osmId": 474888999,
        "name": "Gant Court",
        "category": "bus_stop",
        "categoryLabel": "Bus Stop",
        "amenity": null,
        "highway": "bus_stop",
        "tourism": null,
        "historic": null,
        "railway": null,
        "website": null,
        "phone": null,
        "address": null
      }
    },
    {
      "type": "Feature",
      "id": "node/474889000",
      "geometry": {
        "type": "Point",
        "coordinates": [
          0.0186118,
          51.6848478
        ]
      },
      "properties": {
        "id": "node/474889000",
        "osmType": "node",
        "osmId": 474889000,
        "name": "Morris Court",
        "category": "bus_stop",
        "categoryLabel": "Bus Stop",
        "amenity": null,
        "highway": "bus_stop",
        "tourism": null,
        "historic": null,
        "railway": null,
        "website": null,
        "phone": null,
        "address": null
      }
    },
    {
      "type": "Feature",
      "id": "node/474889002",
      "geometry": {
        "type": "Point",
        "coordinates": [
          0.0213517,
          51.6851295
        ]
      },
      "properties": {
        "id": "node/474889002",
        "osmType": "node",
        "osmId": 474889002,
        "name": "Maynard Court",
        "category": "bus_stop",
        "categoryLabel": "Bus Stop",
        "amenity": null,
        "highway": "bus_stop",
        "tourism": null,
        "historic": null,
        "railway": null,
        "website": null,
        "phone": null,
        "address": null
      }
    },
    {
      "type": "Feature",
      "id": "node/474889003",
      "geometry": {
        "type": "Point",
        "coordinates": [
          0.0226701,
          51.6850879
        ]
      },
      "properties": {
        "id": "node/474889003",
        "osmType": "node",
        "osmId": 474889003,
        "name": "Maynard Court",
        "category": "bus_stop",
        "categoryLabel": "Bus Stop",
        "amenity": null,
        "highway": "bus_stop",
        "tourism": null,
        "historic": null,
        "railway": null,
        "website": null,
        "phone": null,
        "address": null
      }
    },
    {
      "type": "Feature",
      "id": "node/474889005",
      "geometry": {
        "type": "Point",
        "coordinates": [
          0.0238662,
          51.6839082
        ]
      },
      "properties": {
        "id": "node/474889005",
        "osmType": "node",
        "osmId": 474889005,
        "name": "Farthingale Lane",
        "category": "bus_stop",
        "categoryLabel": "Bus Stop",
        "amenity": null,
        "highway": "bus_stop",
        "tourism": null,
        "historic": null,
        "railway": null,
        "website": null,
        "phone": null,
        "address": null
      }
    },
    {
      "type": "Feature",
      "id": "node/474889006",
      "geometry": {
        "type": "Point",
        "coordinates": [
          0.0237124,
          51.6834932
        ]
      },
      "properties": {
        "id": "node/474889006",
        "osmType": "node",
        "osmId": 474889006,
        "name": "Farthingale Lane",
        "category": "bus_stop",
        "categoryLabel": "Bus Stop",
        "amenity": null,
        "highway": "bus_stop",
        "tourism": null,
        "historic": null,
        "railway": null,
        "website": null,
        "phone": null,
        "address": null
      }
    },
    {
      "type": "Feature",
      "id": "node/474889007",
      "geometry": {
        "type": "Point",
        "coordinates": [
          0.0252972,
          51.6812848
        ]
      },
      "properties": {
        "id": "node/474889007",
        "osmType": "node",
        "osmId": 474889007,
        "name": "Margherita Road",
        "category": "bus_stop",
        "categoryLabel": "Bus Stop",
        "amenity": null,
        "highway": "bus_stop",
        "tourism": null,
        "historic": null,
        "railway": null,
        "website": null,
        "phone": null,
        "address": null
      }
    },
    {
      "type": "Feature",
      "id": "node/474889008",
      "geometry": {
        "type": "Point",
        "coordinates": [
          0.0253258,
          51.6811508
        ]
      },
      "properties": {
        "id": "node/474889008",
        "osmType": "node",
        "osmId": 474889008,
        "name": "Margherita Road",
        "category": "bus_stop",
        "categoryLabel": "Bus Stop",
        "amenity": null,
        "highway": "bus_stop",
        "tourism": null,
        "historic": null,
        "railway": null,
        "website": null,
        "phone": null,
        "address": null
      }
    },
    {
      "type": "Feature",
      "id": "node/474889010",
      "geometry": {
        "type": "Point",
        "coordinates": [
          0.0107254,
          51.684267
        ]
      },
      "properties": {
        "id": "node/474889010",
        "osmType": "node",
        "osmId": 474889010,
        "name": "Rochford Avenue",
        "category": "bus_stop",
        "categoryLabel": "Bus Stop",
        "amenity": null,
        "highway": "bus_stop",
        "tourism": null,
        "historic": null,
        "railway": null,
        "website": null,
        "phone": null,
        "address": null
      }
    },
    {
      "type": "Feature",
      "id": "node/474889011",
      "geometry": {
        "type": "Point",
        "coordinates": [
          0.0086943,
          51.6831369
        ]
      },
      "properties": {
        "id": "node/474889011",
        "osmType": "node",
        "osmId": 474889011,
        "name": "Roundhills Shops",
        "category": "bus_stop",
        "categoryLabel": "Bus Stop",
        "amenity": null,
        "highway": "bus_stop",
        "tourism": null,
        "historic": null,
        "railway": null,
        "website": null,
        "phone": null,
        "address": null
      }
    },
    {
      "type": "Feature",
      "id": "node/474889012",
      "geometry": {
        "type": "Point",
        "coordinates": [
          0.0104926,
          51.6839113
        ]
      },
      "properties": {
        "id": "node/474889012",
        "osmType": "node",
        "osmId": 474889012,
        "name": "Rochford Avenue",
        "category": "bus_stop",
        "categoryLabel": "Bus Stop",
        "amenity": null,
        "highway": "bus_stop",
        "tourism": null,
        "historic": null,
        "railway": null,
        "website": null,
        "phone": null,
        "address": null
      }
    },
    {
      "type": "Feature",
      "id": "node/474889014",
      "geometry": {
        "type": "Point",
        "coordinates": [
          0.0306891,
          51.6796612
        ]
      },
      "properties": {
        "id": "node/474889014",
        "osmType": "node",
        "osmId": 474889014,
        "name": "Skillet Hill Farm",
        "category": "bus_stop",
        "categoryLabel": "Bus Stop",
        "amenity": null,
        "highway": "bus_stop",
        "tourism": null,
        "historic": null,
        "railway": null,
        "website": null,
        "phone": null,
        "address": null
      }
    },
    {
      "type": "Feature",
      "id": "node/474889015",
      "geometry": {
        "type": "Point",
        "coordinates": [
          0.0321267,
          51.6795384
        ]
      },
      "properties": {
        "id": "node/474889015",
        "osmType": "node",
        "osmId": 474889015,
        "name": "Skillet Hill Farm",
        "category": "bus_stop",
        "categoryLabel": "Bus Stop",
        "amenity": null,
        "highway": "bus_stop",
        "tourism": null,
        "historic": null,
        "railway": null,
        "website": null,
        "phone": null,
        "address": null
      }
    },
    {
      "type": "Feature",
      "id": "node/474889017",
      "geometry": {
        "type": "Point",
        "coordinates": [
          0.0402636,
          51.6783792
        ]
      },
      "properties": {
        "id": "node/474889017",
        "osmType": "node",
        "osmId": 474889017,
        "name": "The Volunteer",
        "category": "bus_stop",
        "categoryLabel": "Bus Stop",
        "amenity": null,
        "highway": "bus_stop",
        "tourism": null,
        "historic": null,
        "railway": null,
        "website": null,
        "phone": null,
        "address": null
      }
    },
    {
      "type": "Feature",
      "id": "node/474889018",
      "geometry": {
        "type": "Point",
        "coordinates": [
          0.0415683,
          51.678532
        ]
      },
      "properties": {
        "id": "node/474889018",
        "osmType": "node",
        "osmId": 474889018,
        "name": "The Woodbine",
        "category": "bus_stop",
        "categoryLabel": "Bus Stop",
        "amenity": null,
        "highway": "bus_stop",
        "tourism": null,
        "historic": null,
        "railway": null,
        "website": null,
        "phone": null,
        "address": null
      }
    },
    {
      "type": "Feature",
      "id": "node/474889019",
      "geometry": {
        "type": "Point",
        "coordinates": [
          0.053033,
          51.6760246
        ]
      },
      "properties": {
        "id": "node/474889019",
        "osmType": "node",
        "osmId": 474889019,
        "name": "Woodredon Hill",
        "category": "bus_stop",
        "categoryLabel": "Bus Stop",
        "amenity": null,
        "highway": "bus_stop",
        "tourism": null,
        "historic": null,
        "railway": null,
        "website": null,
        "phone": null,
        "address": null
      }
    },
    {
      "type": "Feature",
      "id": "node/474889020",
      "geometry": {
        "type": "Point",
        "coordinates": [
          0.0534933,
          51.6758235
        ]
      },
      "properties": {
        "id": "node/474889020",
        "osmType": "node",
        "osmId": 474889020,
        "name": "Woodredon Hill",
        "category": "bus_stop",
        "categoryLabel": "Bus Stop",
        "amenity": null,
        "highway": "bus_stop",
        "tourism": null,
        "historic": null,
        "railway": null,
        "website": null,
        "phone": null,
        "address": null
      }
    },
    {
      "type": "Feature",
      "id": "node/474889022",
      "geometry": {
        "type": "Point",
        "coordinates": [
          0.0602562,
          51.6753541
        ]
      },
      "properties": {
        "id": "node/474889022",
        "osmType": "node",
        "osmId": 474889022,
        "name": "Wake Arms",
        "category": "bus_stop",
        "categoryLabel": "Bus Stop",
        "amenity": null,
        "highway": "bus_stop",
        "tourism": null,
        "historic": null,
        "railway": null,
        "website": null,
        "phone": null,
        "address": null
      }
    },
    {
      "type": "Feature",
      "id": "node/474889023",
      "geometry": {
        "type": "Point",
        "coordinates": [
          0.061994,
          51.6753146
        ]
      },
      "properties": {
        "id": "node/474889023",
        "osmType": "node",
        "osmId": 474889023,
        "name": "Wake Arms",
        "category": "bus_stop",
        "categoryLabel": "Bus Stop",
        "amenity": null,
        "highway": "bus_stop",
        "tourism": null,
        "historic": null,
        "railway": null,
        "website": null,
        "phone": null,
        "address": null
      }
    },
    {
      "type": "Feature",
      "id": "node/474889024",
      "geometry": {
        "type": "Point",
        "coordinates": [
          0.0141975,
          51.690064
        ]
      },
      "properties": {
        "id": "node/474889024",
        "osmType": "node",
        "osmId": 474889024,
        "name": "Broomstick Hall Road",
        "category": "bus_stop",
        "categoryLabel": "Bus Stop",
        "amenity": null,
        "highway": "bus_stop",
        "tourism": null,
        "historic": null,
        "railway": null,
        "website": null,
        "phone": null,
        "address": null
      }
    },
    {
      "type": "Feature",
      "id": "node/474889026",
      "geometry": {
        "type": "Point",
        "coordinates": [
          0.0138126,
          51.6897517
        ]
      },
      "properties": {
        "id": "node/474889026",
        "osmType": "node",
        "osmId": 474889026,
        "name": "Broomstick Hall Road",
        "category": "bus_stop",
        "categoryLabel": "Bus Stop",
        "amenity": null,
        "highway": "bus_stop",
        "tourism": null,
        "historic": null,
        "railway": null,
        "website": null,
        "phone": null,
        "address": null
      }
    },
    {
      "type": "Feature",
      "id": "node/474889027",
      "geometry": {
        "type": "Point",
        "coordinates": [
          0.0068115,
          51.6919418
        ]
      },
      "properties": {
        "id": "node/474889027",
        "osmType": "node",
        "osmId": 474889027,
        "name": "Newteswell",
        "category": "bus_stop",
        "categoryLabel": "Bus Stop",
        "amenity": null,
        "highway": "bus_stop",
        "tourism": null,
        "historic": null,
        "railway": null,
        "website": null,
        "phone": null,
        "address": null
      }
    },
    {
      "type": "Feature",
      "id": "node/474889029",
      "geometry": {
        "type": "Point",
        "coordinates": [
          0.0083439,
          51.6917355
        ]
      },
      "properties": {
        "id": "node/474889029",
        "osmType": "node",
        "osmId": 474889029,
        "name": "Newteswell",
        "category": "bus_stop",
        "categoryLabel": "Bus Stop",
        "amenity": null,
        "highway": "bus_stop",
        "tourism": null,
        "historic": null,
        "railway": null,
        "website": null,
        "phone": null,
        "address": null
      }
    },
    {
      "type": "Feature",
      "id": "node/474889030",
      "geometry": {
        "type": "Point",
        "coordinates": [
          0.0216701,
          51.6909315
        ]
      },
      "properties": {
        "id": "node/474889030",
        "osmType": "node",
        "osmId": 474889030,
        "name": "Paternoster House",
        "category": "bus_stop",
        "categoryLabel": "Bus Stop",
        "amenity": null,
        "highway": "bus_stop",
        "tourism": null,
        "historic": null,
        "railway": null,
        "website": null,
        "phone": null,
        "address": null
      }
    },
    {
      "type": "Feature",
      "id": "node/474889031",
      "geometry": {
        "type": "Point",
        "coordinates": [
          0.0206064,
          51.691054
        ]
      },
      "properties": {
        "id": "node/474889031",
        "osmType": "node",
        "osmId": 474889031,
        "name": "The Queens Head",
        "category": "bus_stop",
        "categoryLabel": "Bus Stop",
        "amenity": null,
        "highway": "bus_stop",
        "tourism": null,
        "historic": null,
        "railway": null,
        "website": null,
        "phone": null,
        "address": null
      }
    },
    {
      "type": "Feature",
      "id": "node/474889033",
      "geometry": {
        "type": "Point",
        "coordinates": [
          0.0184232,
          51.6895575
        ]
      },
      "properties": {
        "id": "node/474889033",
        "osmType": "node",
        "osmId": 474889033,
        "name": "Anwell Court",
        "category": "bus_stop",
        "categoryLabel": "Bus Stop",
        "amenity": null,
        "highway": "bus_stop",
        "tourism": null,
        "historic": null,
        "railway": null,
        "website": null,
        "phone": null,
        "address": null
      }
    },
    {
      "type": "Feature",
      "id": "node/474889034",
      "geometry": {
        "type": "Point",
        "coordinates": [
          0.0201056,
          51.6888664
        ]
      },
      "properties": {
        "id": "node/474889034",
        "osmType": "node",
        "osmId": 474889034,
        "name": "Edward Court",
        "category": "bus_stop",
        "categoryLabel": "Bus Stop",
        "amenity": null,
        "highway": "bus_stop",
        "tourism": null,
        "historic": null,
        "railway": null,
        "website": null,
        "phone": null,
        "address": null
      }
    },
    {
      "type": "Feature",
      "id": "node/474889035",
      "geometry": {
        "type": "Point",
        "coordinates": [
          0.0204409,
          51.6889289
        ]
      },
      "properties": {
        "id": "node/474889035",
        "osmType": "node",
        "osmId": 474889035,
        "name": "Edward Court",
        "category": "bus_stop",
        "categoryLabel": "Bus Stop",
        "amenity": null,
        "highway": "bus_stop",
        "tourism": null,
        "historic": null,
        "railway": null,
        "website": null,
        "phone": null,
        "address": null
      }
    },
    {
      "type": "Feature",
      "id": "node/474889037",
      "geometry": {
        "type": "Point",
        "coordinates": [
          0.0236623,
          51.6892022
        ]
      },
      "properties": {
        "id": "node/474889037",
        "osmType": "node",
        "osmId": 474889037,
        "name": "Jubilee Court",
        "category": "bus_stop",
        "categoryLabel": "Bus Stop",
        "amenity": null,
        "highway": "bus_stop",
        "tourism": null,
        "historic": null,
        "railway": null,
        "website": null,
        "phone": null,
        "address": null
      }
    },
    {
      "type": "Feature",
      "id": "node/474889038",
      "geometry": {
        "type": "Point",
        "coordinates": [
          0.0240309,
          51.6891599
        ]
      },
      "properties": {
        "id": "node/474889038",
        "osmType": "node",
        "osmId": 474889038,
        "name": "Jubilee Court",
        "category": "bus_stop",
        "categoryLabel": "Bus Stop",
        "amenity": null,
        "highway": "bus_stop",
        "tourism": null,
        "historic": null,
        "railway": null,
        "website": null,
        "phone": null,
        "address": null
      }
    },
    {
      "type": "Feature",
      "id": "node/474889041",
      "geometry": {
        "type": "Point",
        "coordinates": [
          0.025717,
          51.6894905
        ]
      },
      "properties": {
        "id": "node/474889041",
        "osmType": "node",
        "osmId": 474889041,
        "name": "Wormyngford Court",
        "category": "bus_stop",
        "categoryLabel": "Bus Stop",
        "amenity": null,
        "highway": "bus_stop",
        "tourism": null,
        "historic": null,
        "railway": null,
        "website": null,
        "phone": null,
        "address": null
      }
    },
    {
      "type": "Feature",
      "id": "node/474889042",
      "geometry": {
        "type": "Point",
        "coordinates": [
          0.0261208,
          51.6881439
        ]
      },
      "properties": {
        "id": "node/474889042",
        "osmType": "node",
        "osmId": 474889042,
        "name": "Broomfield Court",
        "category": "bus_stop",
        "categoryLabel": "Bus Stop",
        "amenity": null,
        "highway": "bus_stop",
        "tourism": null,
        "historic": null,
        "railway": null,
        "website": null,
        "phone": null,
        "address": null
      }
    },
    {
      "type": "Feature",
      "id": "node/474889043",
      "geometry": {
        "type": "Point",
        "coordinates": [
          0.0262628,
          51.6880839
        ]
      },
      "properties": {
        "id": "node/474889043",
        "osmType": "node",
        "osmId": 474889043,
        "name": "Broomfield Court",
        "category": "bus_stop",
        "categoryLabel": "Bus Stop",
        "amenity": null,
        "highway": "bus_stop",
        "tourism": null,
        "historic": null,
        "railway": null,
        "website": null,
        "phone": null,
        "address": null
      }
    },
    {
      "type": "Feature",
      "id": "node/474889045",
      "geometry": {
        "type": "Point",
        "coordinates": [
          0.0266566,
          51.6865665
        ]
      },
      "properties": {
        "id": "node/474889045",
        "osmType": "node",
        "osmId": 474889045,
        "name": "Tillingham Court",
        "category": "bus_stop",
        "categoryLabel": "Bus Stop",
        "amenity": null,
        "highway": "bus_stop",
        "tourism": null,
        "historic": null,
        "railway": null,
        "website": null,
        "phone": null,
        "address": null
      }
    },
    {
      "type": "Feature",
      "id": "node/474889046",
      "geometry": {
        "type": "Point",
        "coordinates": [
          0.0266734,
          51.6866547
        ]
      },
      "properties": {
        "id": "node/474889046",
        "osmType": "node",
        "osmId": 474889046,
        "name": "Tillingham Court",
        "category": "bus_stop",
        "categoryLabel": "Bus Stop",
        "amenity": null,
        "highway": "bus_stop",
        "tourism": null,
        "historic": null,
        "railway": null,
        "website": null,
        "phone": null,
        "address": null
      }
    },
    {
      "type": "Feature",
      "id": "node/474889049",
      "geometry": {
        "type": "Point",
        "coordinates": [
          0.0632622,
          51.6852281
        ]
      },
      "properties": {
        "id": "node/474889049",
        "osmType": "node",
        "osmId": 474889049,
        "name": "Crown Hill",
        "category": "bus_stop",
        "categoryLabel": "Bus Stop",
        "amenity": null,
        "highway": "bus_stop",
        "tourism": null,
        "historic": null,
        "railway": null,
        "website": null,
        "phone": null,
        "address": null
      }
    },
    {
      "type": "Feature",
      "id": "node/474889050",
      "geometry": {
        "type": "Point",
        "coordinates": [
          0.0553446,
          51.688973
        ]
      },
      "properties": {
        "id": "node/474889050",
        "osmType": "node",
        "osmId": 474889050,
        "name": "Fern Hall",
        "category": "bus_stop",
        "categoryLabel": "Bus Stop",
        "amenity": null,
        "highway": "bus_stop",
        "tourism": null,
        "historic": null,
        "railway": null,
        "website": null,
        "phone": null,
        "address": null
      }
    },
    {
      "type": "Feature",
      "id": "node/474889051",
      "geometry": {
        "type": "Point",
        "coordinates": [
          0.055051,
          51.6892754
        ]
      },
      "properties": {
        "id": "node/474889051",
        "osmType": "node",
        "osmId": 474889051,
        "name": "Fern Hall",
        "category": "bus_stop",
        "categoryLabel": "Bus Stop",
        "amenity": null,
        "highway": "bus_stop",
        "tourism": null,
        "historic": null,
        "railway": null,
        "website": null,
        "phone": null,
        "address": null
      }
    },
    {
      "type": "Feature",
      "id": "node/474889053",
      "geometry": {
        "type": "Point",
        "coordinates": [
          0.0683424,
          51.6785535
        ]
      },
      "properties": {
        "id": "node/474889053",
        "osmType": "node",
        "osmId": 474889053,
        "name": "Lodge Road",
        "category": "bus_stop",
        "categoryLabel": "Bus Stop",
        "amenity": null,
        "highway": "bus_stop",
        "tourism": null,
        "historic": null,
        "railway": null,
        "website": null,
        "phone": null,
        "address": null
      }
    },
    {
      "type": "Feature",
      "id": "node/474889054",
      "geometry": {
        "type": "Point",
        "coordinates": [
          0.0689918,
          51.6790046
        ]
      },
      "properties": {
        "id": "node/474889054",
        "osmType": "node",
        "osmId": 474889054,
        "name": "Lodge Road",
        "category": "bus_stop",
        "categoryLabel": "Bus Stop",
        "amenity": null,
        "highway": "bus_stop",
        "tourism": null,
        "historic": null,
        "railway": null,
        "website": null,
        "phone": null,
        "address": null
      }
    },
    {
      "type": "Feature",
      "id": "node/474889055",
      "geometry": {
        "type": "Point",
        "coordinates": [
          0.075773,
          51.6831791
        ]
      },
      "properties": {
        "id": "node/474889055",
        "osmType": "node",
        "osmId": 474889055,
        "name": "Ambresbury Banks",
        "category": "bus_stop",
        "categoryLabel": "Bus Stop",
        "amenity": null,
        "highway": "bus_stop",
        "tourism": null,
        "historic": null,
        "railway": null,
        "website": null,
        "phone": null,
        "address": null
      }
    },
    {
      "type": "Feature",
      "id": "node/474889057",
      "geometry": {
        "type": "Point",
        "coordinates": [
          0.0759913,
          51.6834347
        ]
      },
      "properties": {
        "id": "node/474889057",
        "osmType": "node",
        "osmId": 474889057,
        "name": "Ambresbury Banks",
        "category": "bus_stop",
        "categoryLabel": "Bus Stop",
        "amenity": null,
        "highway": "bus_stop",
        "tourism": null,
        "historic": null,
        "railway": null,
        "website": null,
        "phone": null,
        "address": null
      }
    },
    {
      "type": "Feature",
      "id": "node/474889058",
      "geometry": {
        "type": "Point",
        "coordinates": [
          0.08764,
          51.6881701
        ]
      },
      "properties": {
        "id": "node/474889058",
        "osmType": "node",
        "osmId": 474889058,
        "name": "Park Cottages",
        "category": "bus_stop",
        "categoryLabel": "Bus Stop",
        "amenity": null,
        "highway": "bus_stop",
        "tourism": null,
        "historic": null,
        "railway": null,
        "website": null,
        "phone": null,
        "address": null
      }
    },
    {
      "type": "Feature",
      "id": "node/474889059",
      "geometry": {
        "type": "Point",
        "coordinates": [
          0.0882464,
          51.6885592
        ]
      },
      "properties": {
        "id": "node/474889059",
        "osmType": "node",
        "osmId": 474889059,
        "name": "Park Cottages",
        "category": "bus_stop",
        "categoryLabel": "Bus Stop",
        "amenity": null,
        "highway": "bus_stop",
        "tourism": null,
        "historic": null,
        "railway": null,
        "website": null,
        "phone": null,
        "address": null
      }
    },
    {
      "type": "Feature",
      "id": "node/474889061",
      "geometry": {
        "type": "Point",
        "coordinates": [
          0.0965094,
          51.6918836
        ]
      },
      "properties": {
        "id": "node/474889061",
        "osmType": "node",
        "osmId": 474889061,
        "name": "Bell Common",
        "category": "bus_stop",
        "categoryLabel": "Bus Stop",
        "amenity": null,
        "highway": "bus_stop",
        "tourism": null,
        "historic": null,
        "railway": null,
        "website": null,
        "phone": null,
        "address": null
      }
    },
    {
      "type": "Feature",
      "id": "node/474889062",
      "geometry": {
        "type": "Point",
        "coordinates": [
          0.0972188,
          51.6922503
        ]
      },
      "properties": {
        "id": "node/474889062",
        "osmType": "node",
        "osmId": 474889062,
        "name": "Bell Common",
        "category": "bus_stop",
        "categoryLabel": "Bus Stop",
        "amenity": null,
        "highway": "bus_stop",
        "tourism": null,
        "historic": null,
        "railway": null,
        "website": null,
        "phone": null,
        "address": null
      }
    },
    {
      "type": "Feature",
      "id": "node/474892501",
      "geometry": {
        "type": "Point",
        "coordinates": [
          0.0663074,
          51.6620162
        ]
      },
      "properties": {
        "id": "node/474892501",
        "osmType": "node",
        "osmId": 474892501,
        "name": "Baldwins Hill",
        "category": "bus_stop",
        "categoryLabel": "Bus Stop",
        "amenity": null,
        "highway": "bus_stop",
        "tourism": null,
        "historic": null,
        "railway": null,
        "website": null,
        "phone": null,
        "address": null
      }
    },
    {
      "type": "Feature",
      "id": "node/474892502",
      "geometry": {
        "type": "Point",
        "coordinates": [
          0.0659379,
          51.6624987
        ]
      },
      "properties": {
        "id": "node/474892502",
        "osmType": "node",
        "osmId": 474892502,
        "name": "Baldwins Hill",
        "category": "bus_stop",
        "categoryLabel": "Bus Stop",
        "amenity": null,
        "highway": "bus_stop",
        "tourism": null,
        "historic": null,
        "railway": null,
        "website": null,
        "phone": null,
        "address": null
      }
    },
    {
      "type": "Feature",
      "id": "node/474892503",
      "geometry": {
        "type": "Point",
        "coordinates": [
          0.0643126,
          51.6680013
        ]
      },
      "properties": {
        "id": "node/474892503",
        "osmType": "node",
        "osmId": 474892503,
        "name": "Goldings Hill Forest",
        "category": "bus_stop",
        "categoryLabel": "Bus Stop",
        "amenity": null,
        "highway": "bus_stop",
        "tourism": null,
        "historic": null,
        "railway": null,
        "website": null,
        "phone": null,
        "address": null
      }
    },
    {
      "type": "Feature",
      "id": "node/474892504",
      "geometry": {
        "type": "Point",
        "coordinates": [
          0.0644684,
          51.668113
        ]
      },
      "properties": {
        "id": "node/474892504",
        "osmType": "node",
        "osmId": 474892504,
        "name": "Goldings Hill Forest",
        "category": "bus_stop",
        "categoryLabel": "Bus Stop",
        "amenity": null,
        "highway": "bus_stop",
        "tourism": null,
        "historic": null,
        "railway": null,
        "website": null,
        "phone": null,
        "address": null
      }
    },
    {
      "type": "Feature",
      "id": "node/474892505",
      "geometry": {
        "type": "Point",
        "coordinates": [
          0.0679401,
          51.6557896
        ]
      },
      "properties": {
        "id": "node/474892505",
        "osmType": "node",
        "osmId": 474892505,
        "name": "Maple Gate",
        "category": "bus_stop",
        "categoryLabel": "Bus Stop",
        "amenity": null,
        "highway": "bus_stop",
        "tourism": null,
        "historic": null,
        "railway": null,
        "website": null,
        "phone": null,
        "address": null
      }
    },
    {
      "type": "Feature",
      "id": "node/474892506",
      "geometry": {
        "type": "Point",
        "coordinates": [
          0.0700189,
          51.6552511
        ]
      },
      "properties": {
        "id": "node/474892506",
        "osmType": "node",
        "osmId": 474892506,
        "name": "The Greens Close",
        "category": "bus_stop",
        "categoryLabel": "Bus Stop",
        "amenity": null,
        "highway": "bus_stop",
        "tourism": null,
        "historic": null,
        "railway": null,
        "website": null,
        "phone": null,
        "address": null
      }
    },
    {
      "type": "Feature",
      "id": "node/474892508",
      "geometry": {
        "type": "Point",
        "coordinates": [
          0.0723435,
          51.6539151
        ]
      },
      "properties": {
        "id": "node/474892508",
        "osmType": "node",
        "osmId": 474892508,
        "name": "Wellfields",
        "category": "bus_stop",
        "categoryLabel": "Bus Stop",
        "amenity": null,
        "highway": "bus_stop",
        "tourism": null,
        "historic": null,
        "railway": null,
        "website": null,
        "phone": null,
        "address": null
      }
    },
    {
      "type": "Feature",
      "id": "node/474892510",
      "geometry": {
        "type": "Point",
        "coordinates": [
          0.0770046,
          51.6515126
        ]
      },
      "properties": {
        "id": "node/474892510",
        "osmType": "node",
        "osmId": 474892510,
        "name": "Newmans Lane",
        "category": "bus_stop",
        "categoryLabel": "Bus Stop",
        "amenity": null,
        "highway": "bus_stop",
        "tourism": null,
        "historic": null,
        "railway": null,
        "website": null,
        "phone": null,
        "address": null
      }
    },
    {
      "type": "Feature",
      "id": "node/474892511",
      "geometry": {
        "type": "Point",
        "coordinates": [
          0.0783376,
          51.6499503
        ]
      },
      "properties": {
        "id": "node/474892511",
        "osmType": "node",
        "osmId": 474892511,
        "name": "Ibbetson Path",
        "category": "bus_stop",
        "categoryLabel": "Bus Stop",
        "amenity": null,
        "highway": "bus_stop",
        "tourism": null,
        "historic": null,
        "railway": null,
        "website": null,
        "phone": null,
        "address": null
      }
    },
    {
      "type": "Feature",
      "id": "node/474892512",
      "geometry": {
        "type": "Point",
        "coordinates": [
          0.0793938,
          51.6490692
        ]
      },
      "properties": {
        "id": "node/474892512",
        "osmType": "node",
        "osmId": 474892512,
        "name": "Ibbetson Path",
        "category": "bus_stop",
        "categoryLabel": "Bus Stop",
        "amenity": null,
        "highway": "bus_stop",
        "tourism": null,
        "historic": null,
        "railway": null,
        "website": null,
        "phone": null,
        "address": null
      }
    },
    {
      "type": "Feature",
      "id": "node/474892513",
      "geometry": {
        "type": "Point",
        "coordinates": [
          0.0800691,
          51.647612
        ]
      },
      "properties": {
        "id": "node/474892513",
        "osmType": "node",
        "osmId": 474892513,
        "name": "Borders Lane",
        "category": "bus_stop",
        "categoryLabel": "Bus Stop",
        "amenity": null,
        "highway": "bus_stop",
        "tourism": null,
        "historic": null,
        "railway": null,
        "website": null,
        "phone": null,
        "address": null
      }
    },
    {
      "type": "Feature",
      "id": "node/474892514",
      "geometry": {
        "type": "Point",
        "coordinates": [
          0.0780325,
          51.6469306
        ]
      },
      "properties": {
        "id": "node/474892514",
        "osmType": "node",
        "osmId": 474892514,
        "name": "Epping Forest College",
        "category": "bus_stop",
        "categoryLabel": "Bus Stop",
        "amenity": null,
        "highway": "bus_stop",
        "tourism": null,
        "historic": null,
        "railway": null,
        "website": null,
        "phone": null,
        "address": null
      }
    },
    {
      "type": "Feature",
      "id": "node/474892515",
      "geometry": {
        "type": "Point",
        "coordinates": [
          0.0863676,
          51.6354981
        ]
      },
      "properties": {
        "id": "node/474892515",
        "osmType": "node",
        "osmId": 474892515,
        "name": "Rolls Park Corner",
        "category": "bus_stop",
        "categoryLabel": "Bus Stop",
        "amenity": null,
        "highway": "bus_stop",
        "tourism": null,
        "historic": null,
        "railway": null,
        "website": null,
        "phone": null,
        "address": null
      }
    },
    {
      "type": "Feature",
      "id": "node/474892516",
      "geometry": {
        "type": "Point",
        "coordinates": [
          0.0848216,
          51.6483943
        ]
      },
      "properties": {
        "id": "node/474892516",
        "osmType": "node",
        "osmId": 474892516,
        "name": "Burton Road",
        "category": "bus_stop",
        "categoryLabel": "Bus Stop",
        "amenity": null,
        "highway": "bus_stop",
        "tourism": null,
        "historic": null,
        "railway": null,
        "website": null,
        "phone": null,
        "address": null
      }
    },
    {
      "type": "Feature",
      "id": "node/474892517",
      "geometry": {
        "type": "Point",
        "coordinates": [
          0.0851228,
          51.6489351
        ]
      },
      "properties": {
        "id": "node/474892517",
        "osmType": "node",
        "osmId": 474892517,
        "name": "Vere Road",
        "category": "bus_stop",
        "categoryLabel": "Bus Stop",
        "amenity": null,
        "highway": "bus_stop",
        "tourism": null,
        "historic": null,
        "railway": null,
        "website": null,
        "phone": null,
        "address": null
      }
    },
    {
      "type": "Feature",
      "id": "node/474892518",
      "geometry": {
        "type": "Point",
        "coordinates": [
          0.0842943,
          51.6493478
        ]
      },
      "properties": {
        "id": "node/474892518",
        "osmType": "node",
        "osmId": 474892518,
        "name": "Vere Road",
        "category": "bus_stop",
        "categoryLabel": "Bus Stop",
        "amenity": null,
        "highway": "bus_stop",
        "tourism": null,
        "historic": null,
        "railway": null,
        "website": null,
        "phone": null,
        "address": null
      }
    },
    {
      "type": "Feature",
      "id": "node/474892519",
      "geometry": {
        "type": "Point",
        "coordinates": [
          0.0846264,
          51.6518984
        ]
      },
      "properties": {
        "id": "node/474892519",
        "osmType": "node",
        "osmId": 474892519,
        "name": "Etheridge Green",
        "category": "bus_stop",
        "categoryLabel": "Bus Stop",
        "amenity": null,
        "highway": "bus_stop",
        "tourism": null,
        "historic": null,
        "railway": null,
        "website": null,
        "phone": null,
        "address": null
      }
    },
    {
      "type": "Feature",
      "id": "node/474892520",
      "geometry": {
        "type": "Point",
        "coordinates": [
          0.0843566,
          51.651883
        ]
      },
      "properties": {
        "id": "node/474892520",
        "osmType": "node",
        "osmId": 474892520,
        "name": "Etheridge Green",
        "category": "bus_stop",
        "categoryLabel": "Bus Stop",
        "amenity": null,
        "highway": "bus_stop",
        "tourism": null,
        "historic": null,
        "railway": null,
        "website": null,
        "phone": null,
        "address": null
      }
    },
    {
      "type": "Feature",
      "id": "node/474892521",
      "geometry": {
        "type": "Point",
        "coordinates": [
          0.0834394,
          51.6528506
        ]
      },
      "properties": {
        "id": "node/474892521",
        "osmType": "node",
        "osmId": 474892521,
        "name": "Mannock Drive",
        "category": "bus_stop",
        "categoryLabel": "Bus Stop",
        "amenity": null,
        "highway": "bus_stop",
        "tourism": null,
        "historic": null,
        "railway": null,
        "website": null,
        "phone": null,
        "address": null
      }
    },
    {
      "type": "Feature",
      "id": "node/474892522",
      "geometry": {
        "type": "Point",
        "coordinates": [
          0.0841261,
          51.6534296
        ]
      },
      "properties": {
        "id": "node/474892522",
        "osmType": "node",
        "osmId": 474892522,
        "name": "Mannock Drive",
        "category": "bus_stop",
        "categoryLabel": "Bus Stop",
        "amenity": null,
        "highway": "bus_stop",
        "tourism": null,
        "historic": null,
        "railway": null,
        "website": null,
        "phone": null,
        "address": null
      }
    },
    {
      "type": "Feature",
      "id": "node/474892523",
      "geometry": {
        "type": "Point",
        "coordinates": [
          0.0858078,
          51.6548474
        ]
      },
      "properties": {
        "id": "node/474892523",
        "osmType": "node",
        "osmId": 474892523,
        "name": "Goldingham Avenue",
        "category": "bus_stop",
        "categoryLabel": "Bus Stop",
        "amenity": null,
        "highway": "bus_stop",
        "tourism": null,
        "historic": null,
        "railway": null,
        "website": null,
        "phone": null,
        "address": null
      }
    },
    {
      "type": "Feature",
      "id": "node/474892524",
      "geometry": {
        "type": "Point",
        "coordinates": [
          0.0857034,
          51.6549699
        ]
      },
      "properties": {
        "id": "node/474892524",
        "osmType": "node",
        "osmId": 474892524,
        "name": "Goldingham Avenue",
        "category": "bus_stop",
        "categoryLabel": "Bus Stop",
        "amenity": null,
        "highway": "bus_stop",
        "tourism": null,
        "historic": null,
        "railway": null,
        "website": null,
        "phone": null,
        "address": null
      }
    },
    {
      "type": "Feature",
      "id": "node/474892525",
      "geometry": {
        "type": "Point",
        "coordinates": [
          0.0856663,
          51.656829
        ]
      },
      "properties": {
        "id": "node/474892525",
        "osmType": "node",
        "osmId": 474892525,
        "name": "The Cottage Loaf",
        "category": "bus_stop",
        "categoryLabel": "Bus Stop",
        "amenity": null,
        "highway": "bus_stop",
        "tourism": null,
        "historic": null,
        "railway": null,
        "website": null,
        "phone": null,
        "address": null
      }
    },
    {
      "type": "Feature",
      "id": "node/474892526",
      "geometry": {
        "type": "Point",
        "coordinates": [
          0.0853486,
          51.6571172
        ]
      },
      "properties": {
        "id": "node/474892526",
        "osmType": "node",
        "osmId": 474892526,
        "name": "The Cottage Loaf",
        "category": "bus_stop",
        "categoryLabel": "Bus Stop",
        "amenity": null,
        "highway": "bus_stop",
        "tourism": null,
        "historic": null,
        "railway": null,
        "website": null,
        "phone": null,
        "address": null
      }
    },
    {
      "type": "Feature",
      "id": "node/474892527",
      "geometry": {
        "type": "Point",
        "coordinates": [
          0.0838698,
          51.6585418
        ]
      },
      "properties": {
        "id": "node/474892527",
        "osmType": "node",
        "osmId": 474892527,
        "name": "Colbrook Lane",
        "category": "bus_stop",
        "categoryLabel": "Bus Stop",
        "amenity": null,
        "highway": "bus_stop",
        "tourism": null,
        "historic": null,
        "railway": null,
        "website": null,
        "phone": null,
        "address": null
      }
    },
    {
      "type": "Feature",
      "id": "node/474892528",
      "geometry": {
        "type": "Point",
        "coordinates": [
          0.0833245,
          51.6587503
        ]
      },
      "properties": {
        "id": "node/474892528",
        "osmType": "node",
        "osmId": 474892528,
        "name": "Colbrook Lane",
        "category": "bus_stop",
        "categoryLabel": "Bus Stop",
        "amenity": null,
        "highway": "bus_stop",
        "tourism": null,
        "historic": null,
        "railway": null,
        "website": null,
        "phone": null,
        "address": null
      }
    },
    {
      "type": "Feature",
      "id": "node/474892529",
      "geometry": {
        "type": "Point",
        "coordinates": [
          0.0845744,
          51.6611943
        ]
      },
      "properties": {
        "id": "node/474892529",
        "osmType": "node",
        "osmId": 474892529,
        "name": "Davenant School",
        "category": "bus_stop",
        "categoryLabel": "Bus Stop",
        "amenity": null,
        "highway": "bus_stop",
        "tourism": null,
        "historic": null,
        "railway": null,
        "website": null,
        "phone": null,
        "address": null
      }
    },
    {
      "type": "Feature",
      "id": "node/474892530",
      "geometry": {
        "type": "Point",
        "coordinates": [
          0.0799309,
          51.6578684
        ]
      },
      "properties": {
        "id": "node/474892530",
        "osmType": "node",
        "osmId": 474892530,
        "name": "Chandler Road",
        "category": "bus_stop",
        "categoryLabel": "Bus Stop",
        "amenity": null,
        "highway": "bus_stop",
        "tourism": null,
        "historic": null,
        "railway": null,
        "website": null,
        "phone": null,
        "address": null
      }
    },
    {
      "type": "Feature",
      "id": "node/474892532",
      "geometry": {
        "type": "Point",
        "coordinates": [
          0.0794121,
          51.6575784
        ]
      },
      "properties": {
        "id": "node/474892532",
        "osmType": "node",
        "osmId": 474892532,
        "name": "Chandler Road",
        "category": "bus_stop",
        "categoryLabel": "Bus Stop",
        "amenity": null,
        "highway": "bus_stop",
        "tourism": null,
        "historic": null,
        "railway": null,
        "website": null,
        "phone": null,
        "address": null
      }
    },
    {
      "type": "Feature",
      "id": "node/474892534",
      "geometry": {
        "type": "Point",
        "coordinates": [
          0.0766711,
          51.6568987
        ]
      },
      "properties": {
        "id": "node/474892534",
        "osmType": "node",
        "osmId": 474892534,
        "name": "Pyrles Lane",
        "category": "bus_stop",
        "categoryLabel": "Bus Stop",
        "amenity": null,
        "highway": "bus_stop",
        "tourism": null,
        "historic": null,
        "railway": null,
        "website": null,
        "phone": null,
        "address": null
      }
    },
    {
      "type": "Feature",
      "id": "node/474892537",
      "geometry": {
        "type": "Point",
        "coordinates": [
          0.0736983,
          51.6565133
        ]
      },
      "properties": {
        "id": "node/474892537",
        "osmType": "node",
        "osmId": 474892537,
        "name": "Hillcroft",
        "category": "bus_stop",
        "categoryLabel": "Bus Stop",
        "amenity": null,
        "highway": "bus_stop",
        "tourism": null,
        "historic": null,
        "railway": null,
        "website": null,
        "phone": null,
        "address": null
      }
    },
    {
      "type": "Feature",
      "id": "node/474892538",
      "geometry": {
        "type": "Point",
        "coordinates": [
          0.0727834,
          51.6562944
        ]
      },
      "properties": {
        "id": "node/474892538",
        "osmType": "node",
        "osmId": 474892538,
        "name": "Hillcroft",
        "category": "bus_stop",
        "categoryLabel": "Bus Stop",
        "amenity": null,
        "highway": "bus_stop",
        "tourism": null,
        "historic": null,
        "railway": null,
        "website": null,
        "phone": null,
        "address": null
      }
    },
    {
      "type": "Feature",
      "id": "node/474892539",
      "geometry": {
        "type": "Point",
        "coordinates": [
          0.0697115,
          51.6561113
        ]
      },
      "properties": {
        "id": "node/474892539",
        "osmType": "node",
        "osmId": 474892539,
        "name": "Hillyfields",
        "category": "bus_stop",
        "categoryLabel": "Bus Stop",
        "amenity": null,
        "highway": "bus_stop",
        "tourism": null,
        "historic": null,
        "railway": null,
        "website": null,
        "phone": null,
        "address": null
      }
    },
    {
      "type": "Feature",
      "id": "node/474892540",
      "geometry": {
        "type": "Point",
        "coordinates": [
          0.059152,
          51.6512024
        ]
      },
      "properties": {
        "id": "node/474892540",
        "osmType": "node",
        "osmId": 474892540,
        "name": "The Uplands",
        "category": "bus_stop",
        "categoryLabel": "Bus Stop",
        "amenity": null,
        "highway": "bus_stop",
        "tourism": null,
        "historic": null,
        "railway": null,
        "website": null,
        "phone": null,
        "address": null
      }
    },
    {
      "type": "Feature",
      "id": "node/474892541",
      "geometry": {
        "type": "Point",
        "coordinates": [
          0.0600259,
          51.651656
        ]
      },
      "properties": {
        "id": "node/474892541",
        "osmType": "node",
        "osmId": 474892541,
        "name": "The Uplands",
        "category": "bus_stop",
        "categoryLabel": "Bus Stop",
        "amenity": null,
        "highway": "bus_stop",
        "tourism": null,
        "historic": null,
        "railway": null,
        "website": null,
        "phone": null,
        "address": null
      }
    },
    {
      "type": "Feature",
      "id": "node/474892542",
      "geometry": {
        "type": "Point",
        "coordinates": [
          0.0630609,
          51.6534581
        ]
      },
      "properties": {
        "id": "node/474892542",
        "osmType": "node",
        "osmId": 474892542,
        "name": "Church Lane",
        "category": "bus_stop",
        "categoryLabel": "Bus Stop",
        "amenity": null,
        "highway": "bus_stop",
        "tourism": null,
        "historic": null,
        "railway": null,
        "website": null,
        "phone": null,
        "address": null
      }
    },
    {
      "type": "Feature",
      "id": "node/474892543",
      "geometry": {
        "type": "Point",
        "coordinates": [
          0.0645088,
          51.6543035
        ]
      },
      "properties": {
        "id": "node/474892543",
        "osmType": "node",
        "osmId": 474892543,
        "name": "Church Lane",
        "category": "bus_stop",
        "categoryLabel": "Bus Stop",
        "amenity": null,
        "highway": "bus_stop",
        "tourism": null,
        "historic": null,
        "railway": null,
        "website": null,
        "phone": null,
        "address": null
      }
    },
    {
      "type": "Feature",
      "id": "node/474892544",
      "geometry": {
        "type": "Point",
        "coordinates": [
          0.0456073,
          51.6406966
        ]
      },
      "properties": {
        "id": "node/474892544",
        "osmType": "node",
        "osmId": 474892544,
        "name": "Spring Grove",
        "category": "bus_stop",
        "categoryLabel": "Bus Stop",
        "amenity": null,
        "highway": "bus_stop",
        "tourism": null,
        "historic": null,
        "railway": null,
        "website": null,
        "phone": null,
        "address": null
      }
    },
    {
      "type": "Feature",
      "id": "node/474892545",
      "geometry": {
        "type": "Point",
        "coordinates": [
          0.0481536,
          51.6415125
        ]
      },
      "properties": {
        "id": "node/474892545",
        "osmType": "node",
        "osmId": 474892545,
        "name": "The Crescent",
        "category": "bus_stop",
        "categoryLabel": "Bus Stop",
        "amenity": null,
        "highway": "bus_stop",
        "tourism": null,
        "historic": null,
        "railway": null,
        "website": null,
        "phone": null,
        "address": null
      }
    },
    {
      "type": "Feature",
      "id": "node/474892546",
      "geometry": {
        "type": "Point",
        "coordinates": [
          0.0493659,
          51.6425583
        ]
      },
      "properties": {
        "id": "node/474892546",
        "osmType": "node",
        "osmId": 474892546,
        "name": "Upper Park",
        "category": "bus_stop",
        "categoryLabel": "Bus Stop",
        "amenity": null,
        "highway": "bus_stop",
        "tourism": null,
        "historic": null,
        "railway": null,
        "website": null,
        "phone": null,
        "address": null
      }
    },
    {
      "type": "Feature",
      "id": "node/474892547",
      "geometry": {
        "type": "Point",
        "coordinates": [
          0.0523962,
          51.6447405
        ]
      },
      "properties": {
        "id": "node/474892547",
        "osmType": "node",
        "osmId": 474892547,
        "name": "The Crown",
        "category": "bus_stop",
        "categoryLabel": "Bus Stop",
        "amenity": null,
        "highway": "bus_stop",
        "tourism": null,
        "historic": null,
        "railway": null,
        "website": null,
        "phone": null,
        "address": null
      }
    },
    {
      "type": "Feature",
      "id": "node/474892548",
      "geometry": {
        "type": "Point",
        "coordinates": [
          0.0541928,
          51.646642
        ]
      },
      "properties": {
        "id": "node/474892548",
        "osmType": "node",
        "osmId": 474892548,
        "name": "Forest Road",
        "category": "bus_stop",
        "categoryLabel": "Bus Stop",
        "amenity": null,
        "highway": "bus_stop",
        "tourism": null,
        "historic": null,
        "railway": null,
        "website": null,
        "phone": null,
        "address": null
      }
    },
    {
      "type": "Feature",
      "id": "node/474892549",
      "geometry": {
        "type": "Point",
        "coordinates": [
          0.0547089,
          51.6469401
        ]
      },
      "properties": {
        "id": "node/474892549",
        "osmType": "node",
        "osmId": 474892549,
        "name": "Forest Road",
        "category": "bus_stop",
        "categoryLabel": "Bus Stop",
        "amenity": null,
        "highway": "bus_stop",
        "tourism": null,
        "historic": null,
        "railway": null,
        "website": null,
        "phone": null,
        "address": null
      }
    },
    {
      "type": "Feature",
      "id": "node/474892550",
      "geometry": {
        "type": "Point",
        "coordinates": [
          0.0569442,
          51.6492871
        ]
      },
      "properties": {
        "id": "node/474892550",
        "osmType": "node",
        "osmId": 474892550,
        "name": "Morrisons",
        "category": "bus_stop",
        "categoryLabel": "Bus Stop",
        "amenity": null,
        "highway": "bus_stop",
        "tourism": null,
        "historic": null,
        "railway": null,
        "website": null,
        "phone": null,
        "address": null
      }
    },
    {
      "type": "Feature",
      "id": "node/474892551",
      "geometry": {
        "type": "Point",
        "coordinates": [
          0.0332537,
          51.6276793
        ]
      },
      "properties": {
        "id": "node/474892551",
        "osmType": "node",
        "osmId": 474892551,
        "name": "Russel Road",
        "category": "bus_stop",
        "categoryLabel": "Bus Stop",
        "amenity": null,
        "highway": "bus_stop",
        "tourism": null,
        "historic": null,
        "railway": null,
        "website": null,
        "phone": null,
        "address": null
      }
    },
    {
      "type": "Feature",
      "id": "node/474892552",
      "geometry": {
        "type": "Point",
        "coordinates": [
          0.0340765,
          51.6286947
        ]
      },
      "properties": {
        "id": "node/474892552",
        "osmType": "node",
        "osmId": 474892552,
        "name": "Russell Road",
        "category": "bus_stop",
        "categoryLabel": "Bus Stop",
        "amenity": null,
        "highway": "bus_stop",
        "tourism": null,
        "historic": null,
        "railway": null,
        "website": null,
        "phone": null,
        "address": null
      }
    },
    {
      "type": "Feature",
      "id": "node/474892553",
      "geometry": {
        "type": "Point",
        "coordinates": [
          0.0359808,
          51.6313523
        ]
      },
      "properties": {
        "id": "node/474892553",
        "osmType": "node",
        "osmId": 474892553,
        "name": "Cricket Ground",
        "category": "bus_stop",
        "categoryLabel": "Bus Stop",
        "amenity": null,
        "highway": "bus_stop",
        "tourism": null,
        "historic": null,
        "railway": null,
        "website": null,
        "phone": null,
        "address": null
      }
    },
    {
      "type": "Feature",
      "id": "node/474892554",
      "geometry": {
        "type": "Point",
        "coordinates": [
          0.0365315,
          51.631727
        ]
      },
      "properties": {
        "id": "node/474892554",
        "osmType": "node",
        "osmId": 474892554,
        "name": "Cricket Ground",
        "category": "bus_stop",
        "categoryLabel": "Bus Stop",
        "amenity": null,
        "highway": "bus_stop",
        "tourism": null,
        "historic": null,
        "railway": null,
        "website": null,
        "phone": null,
        "address": null
      }
    },
    {
      "type": "Feature",
      "id": "node/474892555",
      "geometry": {
        "type": "Point",
        "coordinates": [
          0.0411508,
          51.637538
        ]
      },
      "properties": {
        "id": "node/474892555",
        "osmType": "node",
        "osmId": 474892555,
        "name": "North Farm",
        "category": "bus_stop",
        "categoryLabel": "Bus Stop",
        "amenity": null,
        "highway": "bus_stop",
        "tourism": null,
        "historic": null,
        "railway": null,
        "website": null,
        "phone": null,
        "address": null
      }
    },
    {
      "type": "Feature",
      "id": "node/474892556",
      "geometry": {
        "type": "Point",
        "coordinates": [
          0.0414178,
          51.6380765
        ]
      },
      "properties": {
        "id": "node/474892556",
        "osmType": "node",
        "osmId": 474892556,
        "name": "North Farm",
        "category": "bus_stop",
        "categoryLabel": "Bus Stop",
        "amenity": null,
        "highway": "bus_stop",
        "tourism": null,
        "historic": null,
        "railway": null,
        "website": null,
        "phone": null,
        "address": null
      }
    },
    {
      "type": "Feature",
      "id": "node/474892557",
      "geometry": {
        "type": "Point",
        "coordinates": [
          0.0449068,
          51.6403486
        ]
      },
      "properties": {
        "id": "node/474892557",
        "osmType": "node",
        "osmId": 474892557,
        "name": "Spring Grove",
        "category": "bus_stop",
        "categoryLabel": "Bus Stop",
        "amenity": null,
        "highway": "bus_stop",
        "tourism": null,
        "historic": null,
        "railway": null,
        "website": null,
        "phone": null,
        "address": null
      }
    },
    {
      "type": "Feature",
      "id": "node/474892558",
      "geometry": {
        "type": "Point",
        "coordinates": [
          0.0585183,
          51.6494106
        ]
      },
      "properties": {
        "id": "node/474892558",
        "osmType": "node",
        "osmId": 474892558,
        "name": "Loughton Library",
        "category": "bus_stop",
        "categoryLabel": "Bus Stop",
        "amenity": null,
        "highway": "bus_stop",
        "tourism": null,
        "historic": null,
        "railway": null,
        "website": null,
        "phone": null,
        "address": null
      }
    },
    {
      "type": "Feature",
      "id": "node/474892559",
      "geometry": {
        "type": "Point",
        "coordinates": [
          0.0634834,
          51.64891
        ]
      },
      "properties": {
        "id": "node/474892559",
        "osmType": "node",
        "osmId": 474892559,
        "name": "West View",
        "category": "bus_stop",
        "categoryLabel": "Bus Stop",
        "amenity": null,
        "highway": "bus_stop",
        "tourism": null,
        "historic": null,
        "railway": null,
        "website": null,
        "phone": null,
        "address": null
      }
    },
    {
      "type": "Feature",
      "id": "node/474892560",
      "geometry": {
        "type": "Point",
        "coordinates": [
          0.0636319,
          51.6487917
        ]
      },
      "properties": {
        "id": "node/474892560",
        "osmType": "node",
        "osmId": 474892560,
        "name": "West View",
        "category": "bus_stop",
        "categoryLabel": "Bus Stop",
        "amenity": null,
        "highway": "bus_stop",
        "tourism": null,
        "historic": null,
        "railway": null,
        "website": null,
        "phone": null,
        "address": null
      }
    },
    {
      "type": "Feature",
      "id": "node/474892561",
      "geometry": {
        "type": "Point",
        "coordinates": [
          0.0681724,
          51.6481053
        ]
      },
      "properties": {
        "id": "node/474892561",
        "osmType": "node",
        "osmId": 474892561,
        "name": "Oakview School",
        "category": "bus_stop",
        "categoryLabel": "Bus Stop",
        "amenity": null,
        "highway": "bus_stop",
        "tourism": null,
        "historic": null,
        "railway": null,
        "website": null,
        "phone": null,
        "address": null
      }
    },
    {
      "type": "Feature",
      "id": "node/474892562",
      "geometry": {
        "type": "Point",
        "coordinates": [
          0.0684021,
          51.6482544
        ]
      },
      "properties": {
        "id": "node/474892562",
        "osmType": "node",
        "osmId": 474892562,
        "name": "Oakview School",
        "category": "bus_stop",
        "categoryLabel": "Bus Stop",
        "amenity": null,
        "highway": "bus_stop",
        "tourism": null,
        "historic": null,
        "railway": null,
        "website": null,
        "phone": null,
        "address": null
      }
    },
    {
      "type": "Feature",
      "id": "node/474892563",
      "geometry": {
        "type": "Point",
        "coordinates": [
          0.0762729,
          51.6516335
        ]
      },
      "properties": {
        "id": "node/474892563",
        "osmType": "node",
        "osmId": 474892563,
        "name": "Hatfields",
        "category": "bus_stop",
        "categoryLabel": "Bus Stop",
        "amenity": null,
        "highway": "bus_stop",
        "tourism": null,
        "historic": null,
        "railway": null,
        "website": null,
        "phone": null,
        "address": null
      }
    },
    {
      "type": "Feature",
      "id": "node/474892564",
      "geometry": {
        "type": "Point",
        "coordinates": [
          0.0759691,
          51.6516299
        ]
      },
      "properties": {
        "id": "node/474892564",
        "osmType": "node",
        "osmId": 474892564,
        "name": "Hatfields",
        "category": "bus_stop",
        "categoryLabel": "Bus Stop",
        "amenity": null,
        "highway": "bus_stop",
        "tourism": null,
        "historic": null,
        "railway": null,
        "website": null,
        "phone": null,
        "address": null
      }
    },
    {
      "type": "Feature",
      "id": "node/474892565",
      "geometry": {
        "type": "Point",
        "coordinates": [
          0.0738744,
          51.6507136
        ]
      },
      "properties": {
        "id": "node/474892565",
        "osmType": "node",
        "osmId": 474892565,
        "name": "Newmans Close",
        "category": "bus_stop",
        "categoryLabel": "Bus Stop",
        "amenity": null,
        "highway": "bus_stop",
        "tourism": null,
        "historic": null,
        "railway": null,
        "website": null,
        "phone": null,
        "address": null
      }
    },
    {
      "type": "Feature",
      "id": "node/474892566",
      "geometry": {
        "type": "Point",
        "coordinates": [
          0.0736404,
          51.6506548
        ]
      },
      "properties": {
        "id": "node/474892566",
        "osmType": "node",
        "osmId": 474892566,
        "name": "Newmans Close",
        "category": "bus_stop",
        "categoryLabel": "Bus Stop",
        "amenity": null,
        "highway": "bus_stop",
        "tourism": null,
        "historic": null,
        "railway": null,
        "website": null,
        "phone": null,
        "address": null
      }
    },
    {
      "type": "Feature",
      "id": "node/474892567",
      "geometry": {
        "type": "Point",
        "coordinates": [
          0.0671857,
          51.6466859
        ]
      },
      "properties": {
        "id": "node/474892567",
        "osmType": "node",
        "osmId": 474892567,
        "name": "Alderton Rise",
        "category": "bus_stop",
        "categoryLabel": "Bus Stop",
        "amenity": null,
        "highway": "bus_stop",
        "tourism": null,
        "historic": null,
        "railway": null,
        "website": null,
        "phone": null,
        "address": null
      }
    },
    {
      "type": "Feature",
      "id": "node/474892568",
      "geometry": {
        "type": "Point",
        "coordinates": [
          0.0675768,
          51.6460675
        ]
      },
      "properties": {
        "id": "node/474892568",
        "osmType": "node",
        "osmId": 474892568,
        "name": "Alderton Rise",
        "category": "bus_stop",
        "categoryLabel": "Bus Stop",
        "amenity": null,
        "highway": "bus_stop",
        "tourism": null,
        "historic": null,
        "railway": null,
        "website": null,
        "phone": null,
        "address": null
      }
    },
    {
      "type": "Feature",
      "id": "node/474892569",
      "geometry": {
        "type": "Point",
        "coordinates": [
          0.0678197,
          51.6453708
        ]
      },
      "properties": {
        "id": "node/474892569",
        "osmType": "node",
        "osmId": 474892569,
        "name": "The Lindens",
        "category": "bus_stop",
        "categoryLabel": "Bus Stop",
        "amenity": null,
        "highway": "bus_stop",
        "tourism": null,
        "historic": null,
        "railway": null,
        "website": null,
        "phone": null,
        "address": null
      }
    },
    {
      "type": "Feature",
      "id": "node/474892570",
      "geometry": {
        "type": "Point",
        "coordinates": [
          0.0680786,
          51.6450245
        ]
      },
      "properties": {
        "id": "node/474892570",
        "osmType": "node",
        "osmId": 474892570,
        "name": "The Lindens",
        "category": "bus_stop",
        "categoryLabel": "Bus Stop",
        "amenity": null,
        "highway": "bus_stop",
        "tourism": null,
        "historic": null,
        "railway": null,
        "website": null,
        "phone": null,
        "address": null
      }
    },
    {
      "type": "Feature",
      "id": "node/474892571",
      "geometry": {
        "type": "Point",
        "coordinates": [
          0.0728521,
          51.6441489
        ]
      },
      "properties": {
        "id": "node/474892571",
        "osmType": "node",
        "osmId": 474892571,
        "name": "Deepdene Road",
        "category": "bus_stop",
        "categoryLabel": "Bus Stop",
        "amenity": null,
        "highway": "bus_stop",
        "tourism": null,
        "historic": null,
        "railway": null,
        "website": null,
        "phone": null,
        "address": null
      }
    },
    {
      "type": "Feature",
      "id": "node/474892572",
      "geometry": {
        "type": "Point",
        "coordinates": [
          0.0729222,
          51.6441027
        ]
      },
      "properties": {
        "id": "node/474892572",
        "osmType": "node",
        "osmId": 474892572,
        "name": "Deepdene Road",
        "category": "bus_stop",
        "categoryLabel": "Bus Stop",
        "amenity": null,
        "highway": "bus_stop",
        "tourism": null,
        "historic": null,
        "railway": null,
        "website": null,
        "phone": null,
        "address": null
      }
    },
    {
      "type": "Feature",
      "id": "node/474892573",
      "geometry": {
        "type": "Point",
        "coordinates": [
          0.0745875,
          51.6448017
        ]
      },
      "properties": {
        "id": "node/474892573",
        "osmType": "node",
        "osmId": 474892573,
        "name": "Deepdene Path",
        "category": "bus_stop",
        "categoryLabel": "Bus Stop",
        "amenity": null,
        "highway": "bus_stop",
        "tourism": null,
        "historic": null,
        "railway": null,
        "website": null,
        "phone": null,
        "address": null
      }
    },
    {
      "type": "Feature",
      "id": "node/474892574",
      "geometry": {
        "type": "Point",
        "coordinates": [
          0.0760364,
          51.6445603
        ]
      },
      "properties": {
        "id": "node/474892574",
        "osmType": "node",
        "osmId": 474892574,
        "name": "Chequers Road",
        "category": "bus_stop",
        "categoryLabel": "Bus Stop",
        "amenity": null,
        "highway": "bus_stop",
        "tourism": null,
        "historic": null,
        "railway": null,
        "website": null,
        "phone": null,
        "address": null
      }
    },
    {
      "type": "Feature",
      "id": "node/474892575",
      "geometry": {
        "type": "Point",
        "coordinates": [
          0.0763112,
          51.6445644
        ]
      },
      "properties": {
        "id": "node/474892575",
        "osmType": "node",
        "osmId": 474892575,
        "name": "Chequers Road",
        "category": "bus_stop",
        "categoryLabel": "Bus Stop",
        "amenity": null,
        "highway": "bus_stop",
        "tourism": null,
        "historic": null,
        "railway": null,
        "website": null,
        "phone": null,
        "address": null
      }
    },
    {
      "type": "Feature",
      "id": "node/474892576",
      "geometry": {
        "type": "Point",
        "coordinates": [
          0.0789776,
          51.6450298
        ]
      },
      "properties": {
        "id": "node/474892576",
        "osmType": "node",
        "osmId": 474892576,
        "name": "Playing Fields",
        "category": "bus_stop",
        "categoryLabel": "Bus Stop",
        "amenity": null,
        "highway": "bus_stop",
        "tourism": null,
        "historic": null,
        "railway": null,
        "website": null,
        "phone": null,
        "address": null
      }
    },
    {
      "type": "Feature",
      "id": "node/474892577",
      "geometry": {
        "type": "Point",
        "coordinates": [
          0.0806303,
          51.6454502
        ]
      },
      "properties": {
        "id": "node/474892577",
        "osmType": "node",
        "osmId": 474892577,
        "name": "Ladyfields",
        "category": "bus_stop",
        "categoryLabel": "Bus Stop",
        "amenity": null,
        "highway": "bus_stop",
        "tourism": null,
        "historic": null,
        "railway": null,
        "website": null,
        "phone": null,
        "address": null
      }
    },
    {
      "type": "Feature",
      "id": "node/474892578",
      "geometry": {
        "type": "Point",
        "coordinates": [
          0.0807297,
          51.6454125
        ]
      },
      "properties": {
        "id": "node/474892578",
        "osmType": "node",
        "osmId": 474892578,
        "name": "Ladyfields",
        "category": "bus_stop",
        "categoryLabel": "Bus Stop",
        "amenity": null,
        "highway": "bus_stop",
        "tourism": null,
        "historic": null,
        "railway": null,
        "website": null,
        "phone": null,
        "address": null
      }
    },
    {
      "type": "Feature",
      "id": "node/474892581",
      "geometry": {
        "type": "Point",
        "coordinates": [
          0.06059,
          51.6393245
        ]
      },
      "properties": {
        "id": "node/474892581",
        "osmType": "node",
        "osmId": 474892581,
        "name": "Stonards Hill",
        "category": "bus_stop",
        "categoryLabel": "Bus Stop",
        "amenity": null,
        "highway": "bus_stop",
        "tourism": null,
        "historic": null,
        "railway": null,
        "website": null,
        "phone": null,
        "address": null
      }
    },
    {
      "type": "Feature",
      "id": "node/474892582",
      "geometry": {
        "type": "Point",
        "coordinates": [
          0.0585434,
          51.6410177
        ]
      },
      "properties": {
        "id": "node/474892582",
        "osmType": "node",
        "osmId": 474892582,
        "name": "Roding Road",
        "category": "bus_stop",
        "categoryLabel": "Bus Stop",
        "amenity": null,
        "highway": "bus_stop",
        "tourism": null,
        "historic": null,
        "railway": null,
        "website": null,
        "phone": null,
        "address": null
      }
    },
    {
      "type": "Feature",
      "id": "node/474892583",
      "geometry": {
        "type": "Point",
        "coordinates": [
          0.0576487,
          51.6416918
        ]
      },
      "properties": {
        "id": "node/474892583",
        "osmType": "node",
        "osmId": 474892583,
        "name": "Roding Road",
        "category": "bus_stop",
        "categoryLabel": "Bus Stop",
        "amenity": null,
        "highway": "bus_stop",
        "tourism": null,
        "historic": null,
        "railway": null,
        "website": null,
        "phone": null,
        "address": null
      }
    },
    {
      "type": "Feature",
      "id": "node/474892584",
      "geometry": {
        "type": "Point",
        "coordinates": [
          0.0548876,
          51.6421833
        ]
      },
      "properties": {
        "id": "node/474892584",
        "osmType": "node",
        "osmId": 474892584,
        "name": "Loughton Station",
        "category": "bus_stop",
        "categoryLabel": "Bus Stop",
        "amenity": null,
        "highway": "bus_stop",
        "tourism": null,
        "historic": null,
        "railway": null,
        "website": null,
        "phone": null,
        "address": null
      }
    },
    {
      "type": "Feature",
      "id": "node/474892585",
      "geometry": {
        "type": "Point",
        "coordinates": [
          0.0546968,
          51.64236
        ]
      },
      "properties": {
        "id": "node/474892585",
        "osmType": "node",
        "osmId": 474892585,
        "name": "Loughton Station",
        "category": "bus_stop",
        "categoryLabel": "Bus Stop",
        "amenity": null,
        "highway": "bus_stop",
        "tourism": null,
        "historic": null,
        "railway": null,
        "website": null,
        "phone": null,
        "address": null
      }
    },
    {
      "type": "Feature",
      "id": "node/474892586",
      "geometry": {
        "type": "Point",
        "coordinates": [
          0.0595087,
          51.6434665
        ]
      },
      "properties": {
        "id": "node/474892586",
        "osmType": "node",
        "osmId": 474892586,
        "name": "Brook Road",
        "category": "bus_stop",
        "categoryLabel": "Bus Stop",
        "amenity": null,
        "highway": "bus_stop",
        "tourism": null,
        "historic": null,
        "railway": null,
        "website": null,
        "phone": null,
        "address": null
      }
    },
    {
      "type": "Feature",
      "id": "node/474892588",
      "geometry": {
        "type": "Point",
        "coordinates": [
          0.0638052,
          51.6449734
        ]
      },
      "properties": {
        "id": "node/474892588",
        "osmType": "node",
        "osmId": 474892588,
        "name": "Alderton Hall Lane",
        "category": "bus_stop",
        "categoryLabel": "Bus Stop",
        "amenity": null,
        "highway": "bus_stop",
        "tourism": null,
        "historic": null,
        "railway": null,
        "website": null,
        "phone": null,
        "address": null
      }
    },
    {
      "type": "Feature",
      "id": "node/474892589",
      "geometry": {
        "type": "Point",
        "coordinates": [
          0.0597513,
          51.6435933
        ]
      },
      "properties": {
        "id": "node/474892589",
        "osmType": "node",
        "osmId": 474892589,
        "name": "Brook Road",
        "category": "bus_stop",
        "categoryLabel": "Bus Stop",
        "amenity": null,
        "highway": "bus_stop",
        "tourism": null,
        "historic": null,
        "railway": null,
        "website": null,
        "phone": null,
        "address": null
      }
    },
    {
      "type": "Feature",
      "id": "node/474892591",
      "geometry": {
        "type": "Point",
        "coordinates": [
          0.0818211,
          51.643046
        ]
      },
      "properties": {
        "id": "node/474892591",
        "osmType": "node",
        "osmId": 474892591,
        "name": "Chigwell Lane",
        "category": "bus_stop",
        "categoryLabel": "Bus Stop",
        "amenity": null,
        "highway": "bus_stop",
        "tourism": null,
        "historic": null,
        "railway": null,
        "website": null,
        "phone": null,
        "address": null
      }
    },
    {
      "type": "Feature",
      "id": "node/474892592",
      "geometry": {
        "type": "Point",
        "coordinates": [
          0.078199,
          51.6425436
        ]
      },
      "properties": {
        "id": "node/474892592",
        "osmType": "node",
        "osmId": 474892592,
        "name": "Oakwood Industrial Estate",
        "category": "bus_stop",
        "categoryLabel": "Bus Stop",
        "amenity": null,
        "highway": "bus_stop",
        "tourism": null,
        "historic": null,
        "railway": null,
        "website": null,
        "phone": null,
        "address": null
      }
    },
    {
      "type": "Feature",
      "id": "node/474892593",
      "geometry": {
        "type": "Point",
        "coordinates": [
          0.0778603,
          51.6424057
        ]
      },
      "properties": {
        "id": "node/474892593",
        "osmType": "node",
        "osmId": 474892593,
        "name": "Oakwood Industrial Estate",
        "category": "bus_stop",
        "categoryLabel": "Bus Stop",
        "amenity": null,
        "highway": "bus_stop",
        "tourism": null,
        "historic": null,
        "railway": null,
        "website": null,
        "phone": null,
        "address": null
      }
    },
    {
      "type": "Feature",
      "id": "node/474892594",
      "geometry": {
        "type": "Point",
        "coordinates": [
          0.0745968,
          51.6421577
        ]
      },
      "properties": {
        "id": "node/474892594",
        "osmType": "node",
        "osmId": 474892594,
        "name": "Marlescroft Way",
        "category": "bus_stop",
        "categoryLabel": "Bus Stop",
        "amenity": null,
        "highway": "bus_stop",
        "tourism": null,
        "historic": null,
        "railway": null,
        "website": null,
        "phone": null,
        "address": null
      }
    },
    {
      "type": "Feature",
      "id": "node/474892595",
      "geometry": {
        "type": "Point",
        "coordinates": [
          0.0743493,
          51.6421171
        ]
      },
      "properties": {
        "id": "node/474892595",
        "osmType": "node",
        "osmId": 474892595,
        "name": "Marlescroft Way",
        "category": "bus_stop",
        "categoryLabel": "Bus Stop",
        "amenity": null,
        "highway": "bus_stop",
        "tourism": null,
        "historic": null,
        "railway": null,
        "website": null,
        "phone": null,
        "address": null
      }
    },
    {
      "type": "Feature",
      "id": "node/474892596",
      "geometry": {
        "type": "Point",
        "coordinates": [
          0.0654812,
          51.6400342
        ]
      },
      "properties": {
        "id": "node/474892596",
        "osmType": "node",
        "osmId": 474892596,
        "name": "Alderton Way",
        "category": "bus_stop",
        "categoryLabel": "Bus Stop",
        "amenity": null,
        "highway": "bus_stop",
        "tourism": null,
        "historic": null,
        "railway": null,
        "website": null,
        "phone": null,
        "address": null
      }
    },
    {
      "type": "Feature",
      "id": "node/474892597",
      "geometry": {
        "type": "Point",
        "coordinates": [
          0.065032,
          51.6398258
        ]
      },
      "properties": {
        "id": "node/474892597",
        "osmType": "node",
        "osmId": 474892597,
        "name": "Alderton Way",
        "category": "bus_stop",
        "categoryLabel": "Bus Stop",
        "amenity": null,
        "highway": "bus_stop",
        "tourism": null,
        "historic": null,
        "railway": null,
        "website": null,
        "phone": null,
        "address": null
      }
    },
    {
      "type": "Feature",
      "id": "node/474892598",
      "geometry": {
        "type": "Point",
        "coordinates": [
          0.0622253,
          51.6390815
        ]
      },
      "properties": {
        "id": "node/474892598",
        "osmType": "node",
        "osmId": 474892598,
        "name": "South View",
        "category": "bus_stop",
        "categoryLabel": "Bus Stop",
        "amenity": null,
        "highway": "bus_stop",
        "tourism": null,
        "historic": null,
        "railway": null,
        "website": null,
        "phone": null,
        "address": null
      }
    },
    {
      "type": "Feature",
      "id": "node/474892599",
      "geometry": {
        "type": "Point",
        "coordinates": [
          0.0617632,
          51.6390495
        ]
      },
      "properties": {
        "id": "node/474892599",
        "osmType": "node",
        "osmId": 474892599,
        "name": "South View",
        "category": "bus_stop",
        "categoryLabel": "Bus Stop",
        "amenity": null,
        "highway": "bus_stop",
        "tourism": null,
        "historic": null,
        "railway": null,
        "website": null,
        "phone": null,
        "address": null
      }
    },
    {
      "type": "Feature",
      "id": "node/474892600",
      "geometry": {
        "type": "Point",
        "coordinates": [
          0.0606604,
          51.6384287
        ]
      },
      "properties": {
        "id": "node/474892600",
        "osmType": "node",
        "osmId": 474892600,
        "name": "Valley Close",
        "category": "bus_stop",
        "categoryLabel": "Bus Stop",
        "amenity": null,
        "highway": "bus_stop",
        "tourism": null,
        "historic": null,
        "railway": null,
        "website": null,
        "phone": null,
        "address": null
      }
    },
    {
      "type": "Feature",
      "id": "node/474892601",
      "geometry": {
        "type": "Point",
        "coordinates": [
          0.0587992,
          51.637583
        ]
      },
      "properties": {
        "id": "node/474892601",
        "osmType": "node",
        "osmId": 474892601,
        "name": "Highlands Avenue",
        "category": "bus_stop",
        "categoryLabel": "Bus Stop",
        "amenity": null,
        "highway": "bus_stop",
        "tourism": null,
        "historic": null,
        "railway": null,
        "website": null,
        "phone": null,
        "address": null
      }
    },
    {
      "type": "Feature",
      "id": "node/474892602",
      "geometry": {
        "type": "Point",
        "coordinates": [
          0.0582575,
          51.6371168
        ]
      },
      "properties": {
        "id": "node/474892602",
        "osmType": "node",
        "osmId": 474892602,
        "name": "Highlands Avenue",
        "category": "bus_stop",
        "categoryLabel": "Bus Stop",
        "amenity": null,
        "highway": "bus_stop",
        "tourism": null,
        "historic": null,
        "railway": null,
        "website": null,
        "phone": null,
        "address": null
      }
    },
    {
      "type": "Feature",
      "id": "node/474892603",
      "geometry": {
        "type": "Point",
        "coordinates": [
          0.0559725,
          51.635785
        ]
      },
      "properties": {
        "id": "node/474892603",
        "osmType": "node",
        "osmId": 474892603,
        "name": "Neville Way",
        "category": "bus_stop",
        "categoryLabel": "Bus Stop",
        "amenity": null,
        "highway": "bus_stop",
        "tourism": null,
        "historic": null,
        "railway": null,
        "website": null,
        "phone": null,
        "address": null
      }
    },
    {
      "type": "Feature",
      "id": "node/474892604",
      "geometry": {
        "type": "Point",
        "coordinates": [
          0.0554895,
          51.6351324
        ]
      },
      "properties": {
        "id": "node/474892604",
        "osmType": "node",
        "osmId": 474892604,
        "name": "Neville Way",
        "category": "bus_stop",
        "categoryLabel": "Bus Stop",
        "amenity": null,
        "highway": "bus_stop",
        "tourism": null,
        "historic": null,
        "railway": null,
        "website": null,
        "phone": null,
        "address": null
      }
    },
    {
      "type": "Feature",
      "id": "node/474892605",
      "geometry": {
        "type": "Point",
        "coordinates": [
          0.0535505,
          51.6329921
        ]
      },
      "properties": {
        "id": "node/474892605",
        "osmType": "node",
        "osmId": 474892605,
        "name": "Pentlow Way",
        "category": "bus_stop",
        "categoryLabel": "Bus Stop",
        "amenity": null,
        "highway": "bus_stop",
        "tourism": null,
        "historic": null,
        "railway": null,
        "website": null,
        "phone": null,
        "address": null
      }
    },
    {
      "type": "Feature",
      "id": "node/474892606",
      "geometry": {
        "type": "Point",
        "coordinates": [
          0.0532903,
          51.6325652
        ]
      },
      "properties": {
        "id": "node/474892606",
        "osmType": "node",
        "osmId": 474892606,
        "name": "Pentlow Way",
        "category": "bus_stop",
        "categoryLabel": "Bus Stop",
        "amenity": null,
        "highway": "bus_stop",
        "tourism": null,
        "historic": null,
        "railway": null,
        "website": null,
        "phone": null,
        "address": null
      }
    },
    {
      "type": "Feature",
      "id": "node/474892607",
      "geometry": {
        "type": "Point",
        "coordinates": [
          0.0497897,
          51.6297935
        ]
      },
      "properties": {
        "id": "node/474892607",
        "osmType": "node",
        "osmId": 474892607,
        "name": "Roding View",
        "category": "bus_stop",
        "categoryLabel": "Bus Stop",
        "amenity": null,
        "highway": "bus_stop",
        "tourism": null,
        "historic": null,
        "railway": null,
        "website": null,
        "phone": null,
        "address": null
      }
    },
    {
      "type": "Feature",
      "id": "node/474892609",
      "geometry": {
        "type": "Point",
        "coordinates": [
          0.0483656,
          51.6276638
        ]
      },
      "properties": {
        "id": "node/474892609",
        "osmType": "node",
        "osmId": 474892609,
        "name": "Hurst Road",
        "category": "bus_stop",
        "categoryLabel": "Bus Stop",
        "amenity": null,
        "highway": "bus_stop",
        "tourism": null,
        "historic": null,
        "railway": null,
        "website": null,
        "phone": null,
        "address": null
      }
    },
    {
      "type": "Feature",
      "id": "node/474892610",
      "geometry": {
        "type": "Point",
        "coordinates": [
          0.0340895,
          51.6270523
        ]
      },
      "properties": {
        "id": "node/474892610",
        "osmType": "node",
        "osmId": 474892610,
        "name": "The Green",
        "category": "bus_stop",
        "categoryLabel": "Bus Stop",
        "amenity": null,
        "highway": "bus_stop",
        "tourism": null,
        "historic": null,
        "railway": null,
        "website": null,
        "phone": null,
        "address": null
      }
    },
    {
      "type": "Feature",
      "id": "node/474892611",
      "geometry": {
        "type": "Point",
        "coordinates": [
          0.0381228,
          51.6271504
        ]
      },
      "properties": {
        "id": "node/474892611",
        "osmType": "node",
        "osmId": 474892611,
        "name": "Westbury Road",
        "category": "bus_stop",
        "categoryLabel": "Bus Stop",
        "amenity": null,
        "highway": "bus_stop",
        "tourism": null,
        "historic": null,
        "railway": null,
        "website": null,
        "phone": null,
        "address": null
      }
    },
    {
      "type": "Feature",
      "id": "node/474892612",
      "geometry": {
        "type": "Point",
        "coordinates": [
          0.0393136,
          51.6272806
        ]
      },
      "properties": {
        "id": "node/474892612",
        "osmType": "node",
        "osmId": 474892612,
        "name": "Westbury Road",
        "category": "bus_stop",
        "categoryLabel": "Bus Stop",
        "amenity": null,
        "highway": "bus_stop",
        "tourism": null,
        "historic": null,
        "railway": null,
        "website": null,
        "phone": null,
        "address": null
      }
    },
    {
      "type": "Feature",
      "id": "node/474892613",
      "geometry": {
        "type": "Point",
        "coordinates": [
          0.0426191,
          51.6269893
        ]
      },
      "properties": {
        "id": "node/474892613",
        "osmType": "node",
        "osmId": 474892613,
        "name": "Kings Avenue",
        "category": "bus_stop",
        "categoryLabel": "Bus Stop",
        "amenity": null,
        "highway": "bus_stop",
        "tourism": null,
        "historic": null,
        "railway": null,
        "website": null,
        "phone": null,
        "address": null
      }
    },
    {
      "type": "Feature",
      "id": "node/474892614",
      "geometry": {
        "type": "Point",
        "coordinates": [
          0.0441172,
          51.6270356
        ]
      },
      "properties": {
        "id": "node/474892614",
        "osmType": "node",
        "osmId": 474892614,
        "name": "Kings Avenue",
        "category": "bus_stop",
        "categoryLabel": "Bus Stop",
        "amenity": null,
        "highway": "bus_stop",
        "tourism": null,
        "historic": null,
        "railway": null,
        "website": null,
        "phone": null,
        "address": null
      }
    },
    {
      "type": "Feature",
      "id": "node/474892615",
      "geometry": {
        "type": "Point",
        "coordinates": [
          0.0502216,
          51.6271976
        ]
      },
      "properties": {
        "id": "node/474892615",
        "osmType": "node",
        "osmId": 474892615,
        "name": "Alfred Road",
        "category": "bus_stop",
        "categoryLabel": "Bus Stop",
        "amenity": null,
        "highway": "bus_stop",
        "tourism": null,
        "historic": null,
        "railway": null,
        "website": null,
        "phone": null,
        "address": null
      }
    },
    {
      "type": "Feature",
      "id": "node/474892616",
      "geometry": {
        "type": "Point",
        "coordinates": [
          0.0509042,
          51.6273581
        ]
      },
      "properties": {
        "id": "node/474892616",
        "osmType": "node",
        "osmId": 474892616,
        "name": "Alfred Road",
        "category": "bus_stop",
        "categoryLabel": "Bus Stop",
        "amenity": null,
        "highway": "bus_stop",
        "tourism": null,
        "historic": null,
        "railway": null,
        "website": null,
        "phone": null,
        "address": null
      }
    },
    {
      "type": "Feature",
      "id": "node/474892617",
      "geometry": {
        "type": "Point",
        "coordinates": [
          0.0627262,
          51.6264749
        ]
      },
      "properties": {
        "id": "node/474892617",
        "osmType": "node",
        "osmId": 474892617,
        "name": "Guru Gobo Singh School",
        "category": "bus_stop",
        "categoryLabel": "Bus Stop",
        "amenity": null,
        "highway": "bus_stop",
        "tourism": null,
        "historic": null,
        "railway": null,
        "website": null,
        "phone": null,
        "address": null
      }
    },
    {
      "type": "Feature",
      "id": "node/474892618",
      "geometry": {
        "type": "Point",
        "coordinates": [
          0.0637132,
          51.6261618
        ]
      },
      "properties": {
        "id": "node/474892618",
        "osmType": "node",
        "osmId": 474892618,
        "name": "Guru Gobo Singh School",
        "category": "bus_stop",
        "categoryLabel": "Bus Stop",
        "amenity": null,
        "highway": "bus_stop",
        "tourism": null,
        "historic": null,
        "railway": null,
        "website": null,
        "phone": null,
        "address": null
      }
    },
    {
      "type": "Feature",
      "id": "node/474892620",
      "geometry": {
        "type": "Point",
        "coordinates": [
          0.0691809,
          51.6225679
        ]
      },
      "properties": {
        "id": "node/474892620",
        "osmType": "node",
        "osmId": 474892620,
        "name": "Chester Road",
        "category": "bus_stop",
        "categoryLabel": "Bus Stop",
        "amenity": null,
        "highway": "bus_stop",
        "tourism": null,
        "historic": null,
        "railway": null,
        "website": null,
        "phone": null,
        "address": null
      }
    },
    {
      "type": "Feature",
      "id": "node/474892622",
      "geometry": {
        "type": "Point",
        "coordinates": [
          0.0697967,
          51.6223088
        ]
      },
      "properties": {
        "id": "node/474892622",
        "osmType": "node",
        "osmId": 474892622,
        "name": "Chester Road",
        "category": "bus_stop",
        "categoryLabel": "Bus Stop",
        "amenity": null,
        "highway": "bus_stop",
        "tourism": null,
        "historic": null,
        "railway": null,
        "website": null,
        "phone": null,
        "address": null
      }
    },
    {
      "type": "Feature",
      "id": "node/474892623",
      "geometry": {
        "type": "Point",
        "coordinates": [
          0.0741181,
          51.6214173
        ]
      },
      "properties": {
        "id": "node/474892623",
        "osmType": "node",
        "osmId": 474892623,
        "name": "Brook Way",
        "category": "bus_stop",
        "categoryLabel": "Bus Stop",
        "amenity": null,
        "highway": "bus_stop",
        "tourism": null,
        "historic": null,
        "railway": null,
        "website": null,
        "phone": null,
        "address": null
      }
    },
    {
      "type": "Feature",
      "id": "node/474892624",
      "geometry": {
        "type": "Point",
        "coordinates": [
          0.0758651,
          51.6211619
        ]
      },
      "properties": {
        "id": "node/474892624",
        "osmType": "node",
        "osmId": 474892624,
        "name": "Brook Way",
        "category": "bus_stop",
        "categoryLabel": "Bus Stop",
        "amenity": null,
        "highway": "bus_stop",
        "tourism": null,
        "historic": null,
        "railway": null,
        "website": null,
        "phone": null,
        "address": null
      }
    },
    {
      "type": "Feature",
      "id": "node/474892625",
      "geometry": {
        "type": "Point",
        "coordinates": [
          0.0479092,
          51.6266864
        ]
      },
      "properties": {
        "id": "node/474892625",
        "osmType": "node",
        "osmId": 474892625,
        "name": "Beatrice Court",
        "category": "bus_stop",
        "categoryLabel": "Bus Stop",
        "amenity": null,
        "highway": "bus_stop",
        "tourism": null,
        "historic": null,
        "railway": null,
        "website": null,
        "phone": null,
        "address": null
      }
    },
    {
      "type": "Feature",
      "id": "node/474892626",
      "geometry": {
        "type": "Point",
        "coordinates": [
          0.0478139,
          51.6257577
        ]
      },
      "properties": {
        "id": "node/474892626",
        "osmType": "node",
        "osmId": 474892626,
        "name": "Beatrice Court",
        "category": "bus_stop",
        "categoryLabel": "Bus Stop",
        "amenity": null,
        "highway": "bus_stop",
        "tourism": null,
        "historic": null,
        "railway": null,
        "website": null,
        "phone": null,
        "address": null
      }
    },
    {
      "type": "Feature",
      "id": "node/474892627",
      "geometry": {
        "type": "Point",
        "coordinates": [
          0.0473347,
          51.6247247
        ]
      },
      "properties": {
        "id": "node/474892627",
        "osmType": "node",
        "osmId": 474892627,
        "name": "Cedar Close",
        "category": "bus_stop",
        "categoryLabel": "Bus Stop",
        "amenity": null,
        "highway": "bus_stop",
        "tourism": null,
        "historic": null,
        "railway": null,
        "website": null,
        "phone": null,
        "address": null
      }
    },
    {
      "type": "Feature",
      "id": "node/474892628",
      "geometry": {
        "type": "Point",
        "coordinates": [
          0.0472325,
          51.6237178
        ]
      },
      "properties": {
        "id": "node/474892628",
        "osmType": "node",
        "osmId": 474892628,
        "name": "Cedar Close",
        "category": "bus_stop",
        "categoryLabel": "Bus Stop",
        "amenity": null,
        "highway": "bus_stop",
        "tourism": null,
        "historic": null,
        "railway": null,
        "website": null,
        "phone": null,
        "address": null
      }
    },
    {
      "type": "Feature",
      "id": "node/474892629",
      "geometry": {
        "type": "Point",
        "coordinates": [
          0.0465824,
          51.6213746
        ]
      },
      "properties": {
        "id": "node/474892629",
        "osmType": "node",
        "osmId": 474892629,
        "name": "Oak Rise",
        "category": "bus_stop",
        "categoryLabel": "Bus Stop",
        "amenity": null,
        "highway": "bus_stop",
        "tourism": null,
        "historic": null,
        "railway": null,
        "website": null,
        "phone": null,
        "address": null
      }
    },
    {
      "type": "Feature",
      "id": "node/474892630",
      "geometry": {
        "type": "Point",
        "coordinates": [
          0.0467582,
          51.6213215
        ]
      },
      "properties": {
        "id": "node/474892630",
        "osmType": "node",
        "osmId": 474892630,
        "name": "Oak Rise",
        "category": "bus_stop",
        "categoryLabel": "Bus Stop",
        "amenity": null,
        "highway": "bus_stop",
        "tourism": null,
        "historic": null,
        "railway": null,
        "website": null,
        "phone": null,
        "address": null
      }
    },
    {
      "type": "Feature",
      "id": "node/474892631",
      "geometry": {
        "type": "Point",
        "coordinates": [
          0.0874242,
          51.6352265
        ]
      },
      "properties": {
        "id": "node/474892631",
        "osmType": "node",
        "osmId": 474892631,
        "name": "Rolls Park Corner",
        "category": "bus_stop",
        "categoryLabel": "Bus Stop",
        "amenity": null,
        "highway": "bus_stop",
        "tourism": null,
        "historic": null,
        "railway": null,
        "website": null,
        "phone": null,
        "address": null
      }
    },
    {
      "type": "Feature",
      "id": "node/474892632",
      "geometry": {
        "type": "Point",
        "coordinates": [
          0.0700033,
          51.6142566
        ]
      },
      "properties": {
        "id": "node/474892632",
        "osmType": "node",
        "osmId": 474892632,
        "name": "Club House",
        "category": "bus_stop",
        "categoryLabel": "Bus Stop",
        "amenity": null,
        "highway": "bus_stop",
        "tourism": null,
        "historic": null,
        "railway": null,
        "website": null,
        "phone": null,
        "address": null
      }
    },
    {
      "type": "Feature",
      "id": "node/474892633",
      "geometry": {
        "type": "Point",
        "coordinates": [
          0.0696529,
          51.6138091
        ]
      },
      "properties": {
        "id": "node/474892633",
        "osmType": "node",
        "osmId": 474892633,
        "name": "Club House",
        "category": "bus_stop",
        "categoryLabel": "Bus Stop",
        "amenity": null,
        "highway": "bus_stop",
        "tourism": null,
        "historic": null,
        "railway": null,
        "website": null,
        "phone": null,
        "address": null
      }
    },
    {
      "type": "Feature",
      "id": "node/474892636",
      "geometry": {
        "type": "Point",
        "coordinates": [
          0.0829905,
          51.6066537
        ]
      },
      "properties": {
        "id": "node/474892636",
        "osmType": "node",
        "osmId": 474892636,
        "name": "Murtwell Drive",
        "category": "bus_stop",
        "categoryLabel": "Bus Stop",
        "amenity": null,
        "highway": "bus_stop",
        "tourism": null,
        "historic": null,
        "railway": null,
        "website": null,
        "phone": null,
        "address": null
      }
    },
    {
      "type": "Feature",
      "id": "node/474892637",
      "geometry": {
        "type": "Point",
        "coordinates": [
          0.0814879,
          51.6116344
        ]
      },
      "properties": {
        "id": "node/474892637",
        "osmType": "node",
        "osmId": 474892637,
        "name": "Linkside",
        "category": "bus_stop",
        "categoryLabel": "Bus Stop",
        "amenity": null,
        "highway": "bus_stop",
        "tourism": null,
        "historic": null,
        "railway": null,
        "website": null,
        "phone": null,
        "address": null
      }
    },
    {
      "type": "Feature",
      "id": "node/474892638",
      "geometry": {
        "type": "Point",
        "coordinates": [
          0.0810172,
          51.6120539
        ]
      },
      "properties": {
        "id": "node/474892638",
        "osmType": "node",
        "osmId": 474892638,
        "name": "Linkside",
        "category": "bus_stop",
        "categoryLabel": "Bus Stop",
        "amenity": null,
        "highway": "bus_stop",
        "tourism": null,
        "historic": null,
        "railway": null,
        "website": null,
        "phone": null,
        "address": null
      }
    },
    {
      "type": "Feature",
      "id": "node/474892639",
      "geometry": {
        "type": "Point",
        "coordinates": [
          0.0799305,
          51.6138623
        ]
      },
      "properties": {
        "id": "node/474892639",
        "osmType": "node",
        "osmId": 474892639,
        "name": "Hainault Grove",
        "category": "bus_stop",
        "categoryLabel": "Bus Stop",
        "amenity": null,
        "highway": "bus_stop",
        "tourism": null,
        "historic": null,
        "railway": null,
        "website": null,
        "phone": null,
        "address": null
      }
    },
    {
      "type": "Feature",
      "id": "node/474892640",
      "geometry": {
        "type": "Point",
        "coordinates": [
          0.0787983,
          51.615131
        ]
      },
      "properties": {
        "id": "node/474892640",
        "osmType": "node",
        "osmId": 474892640,
        "name": "Hainault Grove",
        "category": "bus_stop",
        "categoryLabel": "Bus Stop",
        "amenity": null,
        "highway": "bus_stop",
        "tourism": null,
        "historic": null,
        "railway": null,
        "website": null,
        "phone": null,
        "address": null
      }
    },
    {
      "type": "Feature",
      "id": "node/474892641",
      "geometry": {
        "type": "Point",
        "coordinates": [
          0.0783415,
          51.6160303
        ]
      },
      "properties": {
        "id": "node/474892641",
        "osmType": "node",
        "osmId": 474892641,
        "name": "The Chase",
        "category": "bus_stop",
        "categoryLabel": "Bus Stop",
        "amenity": null,
        "highway": "bus_stop",
        "tourism": null,
        "historic": null,
        "railway": null,
        "website": null,
        "phone": null,
        "address": null
      }
    },
    {
      "type": "Feature",
      "id": "node/474892642",
      "geometry": {
        "type": "Point",
        "coordinates": [
          0.0752063,
          51.6182227
        ]
      },
      "properties": {
        "id": "node/474892642",
        "osmType": "node",
        "osmId": 474892642,
        "name": "Station Road",
        "category": "bus_stop",
        "categoryLabel": "Bus Stop",
        "amenity": null,
        "highway": "bus_stop",
        "tourism": null,
        "historic": null,
        "railway": null,
        "website": null,
        "phone": null,
        "address": null
      }
    },
    {
      "type": "Feature",
      "id": "node/474892643",
      "geometry": {
        "type": "Point",
        "coordinates": [
          0.0841949,
          51.6113668
        ]
      },
      "properties": {
        "id": "node/474892643",
        "osmType": "node",
        "osmId": 474892643,
        "name": "St. Winifreds Church",
        "category": "bus_stop",
        "categoryLabel": "Bus Stop",
        "amenity": null,
        "highway": "bus_stop",
        "tourism": null,
        "historic": null,
        "railway": null,
        "website": null,
        "phone": null,
        "address": null
      }
    },
    {
      "type": "Feature",
      "id": "node/474892644",
      "geometry": {
        "type": "Point",
        "coordinates": [
          0.0873407,
          51.6121366
        ]
      },
      "properties": {
        "id": "node/474892644",
        "osmType": "node",
        "osmId": 474892644,
        "name": "Millwell Crescent",
        "category": "bus_stop",
        "categoryLabel": "Bus Stop",
        "amenity": null,
        "highway": "bus_stop",
        "tourism": null,
        "historic": null,
        "railway": null,
        "website": null,
        "phone": null,
        "address": null
      }
    },
    {
      "type": "Feature",
      "id": "node/474892645",
      "geometry": {
        "type": "Point",
        "coordinates": [
          0.0880541,
          51.6122218
        ]
      },
      "properties": {
        "id": "node/474892645",
        "osmType": "node",
        "osmId": 474892645,
        "name": "Millwell Crescent",
        "category": "bus_stop",
        "categoryLabel": "Bus Stop",
        "amenity": null,
        "highway": "bus_stop",
        "tourism": null,
        "historic": null,
        "railway": null,
        "website": null,
        "phone": null,
        "address": null
      }
    },
    {
      "type": "Feature",
      "id": "node/474892646",
      "geometry": {
        "type": "Point",
        "coordinates": [
          0.0917924,
          51.6133609
        ]
      },
      "properties": {
        "id": "node/474892646",
        "osmType": "node",
        "osmId": 474892646,
        "name": "Grange Hill Station",
        "category": "bus_stop",
        "categoryLabel": "Bus Stop",
        "amenity": null,
        "highway": "bus_stop",
        "tourism": null,
        "historic": null,
        "railway": null,
        "website": null,
        "phone": null,
        "address": null
      }
    },
    {
      "type": "Feature",
      "id": "node/474892647",
      "geometry": {
        "type": "Point",
        "coordinates": [
          0.1023465,
          51.6169384
        ]
      },
      "properties": {
        "id": "node/474892647",
        "osmType": "node",
        "osmId": 474892647,
        "name": "High View School Lane",
        "category": "bus_stop",
        "categoryLabel": "Bus Stop",
        "amenity": null,
        "highway": "bus_stop",
        "tourism": null,
        "historic": null,
        "railway": null,
        "website": null,
        "phone": null,
        "address": null
      }
    },
    {
      "type": "Feature",
      "id": "node/474892849",
      "geometry": {
        "type": "Point",
        "coordinates": [
          0.0555446,
          51.7401362
        ]
      },
      "properties": {
        "id": "node/474892849",
        "osmType": "node",
        "osmId": 474892849,
        "name": "The Rising Sun",
        "category": "bus_stop",
        "categoryLabel": "Bus Stop",
        "amenity": null,
        "highway": "bus_stop",
        "tourism": null,
        "historic": null,
        "railway": null,
        "website": null,
        "phone": null,
        "address": null
      }
    },
    {
      "type": "Feature",
      "id": "node/474892850",
      "geometry": {
        "type": "Point",
        "coordinates": [
          0.0556162,
          51.740117
        ]
      },
      "properties": {
        "id": "node/474892850",
        "osmType": "node",
        "osmId": 474892850,
        "name": "The Rising Sun",
        "category": "bus_stop",
        "categoryLabel": "Bus Stop",
        "amenity": null,
        "highway": "bus_stop",
        "tourism": null,
        "historic": null,
        "railway": null,
        "website": null,
        "phone": null,
        "address": null
      }
    },
    {
      "type": "Feature",
      "id": "node/474892853",
      "geometry": {
        "type": "Point",
        "coordinates": [
          0.010381,
          51.7140387
        ]
      },
      "properties": {
        "id": "node/474892853",
        "osmType": "node",
        "osmId": 474892853,
        "name": "Travers Piggery",
        "category": "bus_stop",
        "categoryLabel": "Bus Stop",
        "amenity": null,
        "highway": "bus_stop",
        "tourism": null,
        "historic": null,
        "railway": null,
        "website": null,
        "phone": null,
        "address": null
      }
    },
    {
      "type": "Feature",
      "id": "node/474892854",
      "geometry": {
        "type": "Point",
        "coordinates": [
          0.0103103,
          51.7140759
        ]
      },
      "properties": {
        "id": "node/474892854",
        "osmType": "node",
        "osmId": 474892854,
        "name": "Travers Piggery",
        "category": "bus_stop",
        "categoryLabel": "Bus Stop",
        "amenity": null,
        "highway": "bus_stop",
        "tourism": null,
        "historic": null,
        "railway": null,
        "website": null,
        "phone": null,
        "address": null
      }
    },
    {
      "type": "Feature",
      "id": "node/474892855",
      "geometry": {
        "type": "Point",
        "coordinates": [
          -0.0032572,
          51.7044783
        ]
      },
      "properties": {
        "id": "node/474892855",
        "osmType": "node",
        "osmId": 474892855,
        "name": "Fishers Green",
        "category": "bus_stop",
        "categoryLabel": "Bus Stop",
        "amenity": null,
        "highway": "bus_stop",
        "tourism": null,
        "historic": null,
        "railway": null,
        "website": null,
        "phone": null,
        "address": null
      }
    },
    {
      "type": "Feature",
      "id": "node/474892856",
      "geometry": {
        "type": "Point",
        "coordinates": [
          -0.0034315,
          51.7044633
        ]
      },
      "properties": {
        "id": "node/474892856",
        "osmType": "node",
        "osmId": 474892856,
        "name": "Fishers Green",
        "category": "bus_stop",
        "categoryLabel": "Bus Stop",
        "amenity": null,
        "highway": "bus_stop",
        "tourism": null,
        "historic": null,
        "railway": null,
        "website": null,
        "phone": null,
        "address": null
      }
    },
    {
      "type": "Feature",
      "id": "node/474892859",
      "geometry": {
        "type": "Point",
        "coordinates": [
          -0.0061914,
          51.6550398
        ]
      },
      "properties": {
        "id": "node/474892859",
        "osmType": "node",
        "osmId": 474892859,
        "name": "Lea Valley Campsite",
        "category": "bus_stop",
        "categoryLabel": "Bus Stop",
        "amenity": null,
        "highway": "bus_stop",
        "tourism": null,
        "historic": null,
        "railway": null,
        "website": null,
        "phone": null,
        "address": null
      }
    },
    {
      "type": "Feature",
      "id": "node/474892871",
      "geometry": {
        "type": "Point",
        "coordinates": [
          0.0814609,
          51.6594661
        ]
      },
      "properties": {
        "id": "node/474892871",
        "osmType": "node",
        "osmId": 474892871,
        "name": "Castell Road",
        "category": "bus_stop",
        "categoryLabel": "Bus Stop",
        "amenity": null,
        "highway": "bus_stop",
        "tourism": null,
        "historic": null,
        "railway": null,
        "website": null,
        "phone": null,
        "address": null
      }
    },
    {
      "type": "Feature",
      "id": "node/474892953",
      "geometry": {
        "type": "Point",
        "coordinates": [
          0.1179952,
          51.6510606
        ]
      },
      "properties": {
        "id": "node/474892953",
        "osmType": "node",
        "osmId": 474892953,
        "name": "The Blue Boar",
        "category": "bus_stop",
        "categoryLabel": "Bus Stop",
        "amenity": null,
        "highway": "bus_stop",
        "tourism": null,
        "historic": null,
        "railway": null,
        "website": null,
        "phone": null,
        "address": null
      }
    },
    {
      "type": "Feature",
      "id": "node/474892955",
      "geometry": {
        "type": "Point",
        "coordinates": [
          0.1192621,
          51.648337
        ]
      },
      "properties": {
        "id": "node/474892955",
        "osmType": "node",
        "osmId": 474892955,
        "name": "Field Close",
        "category": "bus_stop",
        "categoryLabel": "Bus Stop",
        "amenity": null,
        "highway": "bus_stop",
        "tourism": null,
        "historic": null,
        "railway": null,
        "website": null,
        "phone": null,
        "address": null
      }
    },
    {
      "type": "Feature",
      "id": "node/474893071",
      "geometry": {
        "type": "Point",
        "coordinates": [
          0.0816664,
          51.6468446
        ]
      },
      "properties": {
        "id": "node/474893071",
        "osmType": "node",
        "osmId": 474893071,
        "name": "Rectory Lane",
        "category": "bus_stop",
        "categoryLabel": "Bus Stop",
        "amenity": null,
        "highway": "bus_stop",
        "tourism": null,
        "historic": null,
        "railway": null,
        "website": null,
        "phone": null,
        "address": null
      }
    },
    {
      "type": "Feature",
      "id": "node/474893082",
      "geometry": {
        "type": "Point",
        "coordinates": [
          0.0334193,
          51.6269149
        ]
      },
      "properties": {
        "id": "node/474893082",
        "osmType": "node",
        "osmId": 474893082,
        "name": "The Green",
        "category": "bus_stop",
        "categoryLabel": "Bus Stop",
        "amenity": null,
        "highway": "bus_stop",
        "tourism": null,
        "historic": null,
        "railway": null,
        "website": null,
        "phone": null,
        "address": null
      }
    },
    {
      "type": "Feature",
      "id": "node/474893119",
      "geometry": {
        "type": "Point",
        "coordinates": [
          0.0650712,
          51.6118174
        ]
      },
      "properties": {
        "id": "node/474893119",
        "osmType": "node",
        "osmId": 474893119,
        "name": "Forest Avenue",
        "category": "bus_stop",
        "categoryLabel": "Bus Stop",
        "amenity": null,
        "highway": "bus_stop",
        "tourism": null,
        "historic": null,
        "railway": null,
        "website": null,
        "phone": null,
        "address": null
      }
    },
    {
      "type": "Feature",
      "id": "node/474893120",
      "geometry": {
        "type": "Point",
        "coordinates": [
          0.0589665,
          51.6094831
        ]
      },
      "properties": {
        "id": "node/474893120",
        "osmType": "node",
        "osmId": 474893120,
        "name": "The Childers",
        "category": "bus_stop",
        "categoryLabel": "Bus Stop",
        "amenity": null,
        "highway": "bus_stop",
        "tourism": null,
        "historic": null,
        "railway": null,
        "website": null,
        "phone": null,
        "address": null
      }
    },
    {
      "type": "Feature",
      "id": "node/474893179",
      "geometry": {
        "type": "Point",
        "coordinates": [
          0.1325643,
          51.709123
        ]
      },
      "properties": {
        "id": "node/474893179",
        "osmType": "node",
        "osmId": 474893179,
        "name": "Coopersale Turning",
        "category": "bus_stop",
        "categoryLabel": "Bus Stop",
        "amenity": null,
        "highway": "bus_stop",
        "tourism": null,
        "historic": null,
        "railway": null,
        "website": null,
        "phone": null,
        "address": null
      }
    },
    {
      "type": "Feature",
      "id": "node/474893180",
      "geometry": {
        "type": "Point",
        "coordinates": [
          0.1335966,
          51.709527
        ]
      },
      "properties": {
        "id": "node/474893180",
        "osmType": "node",
        "osmId": 474893180,
        "name": "Coopersale Turning",
        "category": "bus_stop",
        "categoryLabel": "Bus Stop",
        "amenity": null,
        "highway": "bus_stop",
        "tourism": null,
        "historic": null,
        "railway": null,
        "website": null,
        "phone": null,
        "address": null
      }
    },
    {
      "type": "Feature",
      "id": "node/474893188",
      "geometry": {
        "type": "Point",
        "coordinates": [
          0.0011775,
          51.6876397
        ]
      },
      "properties": {
        "id": "node/474893188",
        "osmType": "node",
        "osmId": 474893188,
        "name": "Saxon Way",
        "category": "bus_stop",
        "categoryLabel": "Bus Stop",
        "amenity": null,
        "highway": "bus_stop",
        "tourism": null,
        "historic": null,
        "railway": null,
        "website": null,
        "phone": null,
        "address": null
      }
    },
    {
      "type": "Feature",
      "id": "node/474893208",
      "geometry": {
        "type": "Point",
        "coordinates": [
          0.0680675,
          51.6558812
        ]
      },
      "properties": {
        "id": "node/474893208",
        "osmType": "node",
        "osmId": 474893208,
        "name": "Maple Gate",
        "category": "bus_stop",
        "categoryLabel": "Bus Stop",
        "amenity": null,
        "highway": "bus_stop",
        "tourism": null,
        "historic": null,
        "railway": null,
        "website": null,
        "phone": null,
        "address": null
      }
    },
    {
      "type": "Feature",
      "id": "node/474893209",
      "geometry": {
        "type": "Point",
        "coordinates": [
          0.0716623,
          51.6541526
        ]
      },
      "properties": {
        "id": "node/474893209",
        "osmType": "node",
        "osmId": 474893209,
        "name": "Wellfields",
        "category": "bus_stop",
        "categoryLabel": "Bus Stop",
        "amenity": null,
        "highway": "bus_stop",
        "tourism": null,
        "historic": null,
        "railway": null,
        "website": null,
        "phone": null,
        "address": null
      }
    },
    {
      "type": "Feature",
      "id": "node/474893210",
      "geometry": {
        "type": "Point",
        "coordinates": [
          0.0824351,
          51.6451018
        ]
      },
      "properties": {
        "id": "node/474893210",
        "osmType": "node",
        "osmId": 474893210,
        "name": "Debden Station",
        "category": "bus_stop",
        "categoryLabel": "Bus Stop",
        "amenity": null,
        "highway": "bus_stop",
        "tourism": null,
        "historic": null,
        "railway": null,
        "website": null,
        "phone": null,
        "address": null
      }
    },
    {
      "type": "Feature",
      "id": "node/474893211",
      "geometry": {
        "type": "Point",
        "coordinates": [
          0.0818549,
          51.6455091
        ]
      },
      "properties": {
        "id": "node/474893211",
        "osmType": "node",
        "osmId": 474893211,
        "name": "Debden Station",
        "category": "bus_stop",
        "categoryLabel": "Bus Stop",
        "amenity": null,
        "highway": "bus_stop",
        "tourism": null,
        "historic": null,
        "railway": null,
        "website": null,
        "phone": null,
        "address": null
      }
    },
    {
      "type": "Feature",
      "id": "node/474893212",
      "geometry": {
        "type": "Point",
        "coordinates": [
          0.0775789,
          51.6569002
        ]
      },
      "properties": {
        "id": "node/474893212",
        "osmType": "node",
        "osmId": 474893212,
        "name": "Pyrles Lane",
        "category": "bus_stop",
        "categoryLabel": "Bus Stop",
        "amenity": null,
        "highway": "bus_stop",
        "tourism": null,
        "historic": null,
        "railway": null,
        "website": null,
        "phone": null,
        "address": null
      }
    },
    {
      "type": "Feature",
      "id": "node/474893213",
      "geometry": {
        "type": "Point",
        "coordinates": [
          0.0708995,
          51.6562989
        ]
      },
      "properties": {
        "id": "node/474893213",
        "osmType": "node",
        "osmId": 474893213,
        "name": "Hillyfields",
        "category": "bus_stop",
        "categoryLabel": "Bus Stop",
        "amenity": null,
        "highway": "bus_stop",
        "tourism": null,
        "historic": null,
        "railway": null,
        "website": null,
        "phone": null,
        "address": null
      }
    },
    {
      "type": "Feature",
      "id": "node/474893234",
      "geometry": {
        "type": "Point",
        "coordinates": [
          0.0085688,
          51.7355352
        ]
      },
      "properties": {
        "id": "node/474893234",
        "osmType": "node",
        "osmId": 474893234,
        "name": "Elizabeth Close",
        "category": "bus_stop",
        "categoryLabel": "Bus Stop",
        "amenity": null,
        "highway": "bus_stop",
        "tourism": null,
        "historic": null,
        "railway": null,
        "website": null,
        "phone": null,
        "address": null
      }
    },
    {
      "type": "Feature",
      "id": "node/474893296",
      "geometry": {
        "type": "Point",
        "coordinates": [
          0.1396482,
          51.7412235
        ]
      },
      "properties": {
        "id": "node/474893296",
        "osmType": "node",
        "osmId": 474893296,
        "name": "Garden Centre",
        "category": "bus_stop",
        "categoryLabel": "Bus Stop",
        "amenity": null,
        "highway": "bus_stop",
        "tourism": null,
        "historic": null,
        "railway": null,
        "website": null,
        "phone": null,
        "address": null
      }
    },
    {
      "type": "Feature",
      "id": "node/474893297",
      "geometry": {
        "type": "Point",
        "coordinates": [
          0.1399108,
          51.7417565
        ]
      },
      "properties": {
        "id": "node/474893297",
        "osmType": "node",
        "osmId": 474893297,
        "name": "Garden Centre",
        "category": "bus_stop",
        "categoryLabel": "Bus Stop",
        "amenity": null,
        "highway": "bus_stop",
        "tourism": null,
        "historic": null,
        "railway": null,
        "website": null,
        "phone": null,
        "address": null
      }
    },
    {
      "type": "Feature",
      "id": "node/474893379",
      "geometry": {
        "type": "Point",
        "coordinates": [
          0.1077779,
          51.6966771
        ]
      },
      "properties": {
        "id": "node/474893379",
        "osmType": "node",
        "osmId": 474893379,
        "name": "Tesco Store",
        "category": "bus_stop",
        "categoryLabel": "Bus Stop",
        "amenity": null,
        "highway": "bus_stop",
        "tourism": null,
        "historic": null,
        "railway": null,
        "website": null,
        "phone": null,
        "address": null
      }
    },
    {
      "type": "Feature",
      "id": "node/474893383",
      "geometry": {
        "type": "Point",
        "coordinates": [
          0.1180553,
          51.704098
        ]
      },
      "properties": {
        "id": "node/474893383",
        "osmType": "node",
        "osmId": 474893383,
        "name": "Maltings Lane",
        "category": "bus_stop",
        "categoryLabel": "Bus Stop",
        "amenity": null,
        "highway": "bus_stop",
        "tourism": null,
        "historic": null,
        "railway": null,
        "website": null,
        "phone": null,
        "address": null
      }
    },
    {
      "type": "Feature",
      "id": "node/474893385",
      "geometry": {
        "type": "Point",
        "coordinates": [
          0.1308034,
          51.6889031
        ]
      },
      "properties": {
        "id": "node/474893385",
        "osmType": "node",
        "osmId": 474893385,
        "name": "The Merry Fiddlers",
        "category": "bus_stop",
        "categoryLabel": "Bus Stop",
        "amenity": null,
        "highway": "bus_stop",
        "tourism": null,
        "historic": null,
        "railway": null,
        "website": null,
        "phone": null,
        "address": null
      }
    },
    {
      "type": "Feature",
      "id": "node/474893386",
      "geometry": {
        "type": "Point",
        "coordinates": [
          0.1305606,
          51.6889705
        ]
      },
      "properties": {
        "id": "node/474893386",
        "osmType": "node",
        "osmId": 474893386,
        "name": "The Merry Fiddlers",
        "category": "bus_stop",
        "categoryLabel": "Bus Stop",
        "amenity": null,
        "highway": "bus_stop",
        "tourism": null,
        "historic": null,
        "railway": null,
        "website": null,
        "phone": null,
        "address": null
      }
    },
    {
      "type": "Feature",
      "id": "node/474893448",
      "geometry": {
        "type": "Point",
        "coordinates": [
          -0.0013745,
          51.708304
        ]
      },
      "properties": {
        "id": "node/474893448",
        "osmType": "node",
        "osmId": 474893448,
        "name": "Hayes Hill Farm",
        "category": "bus_stop",
        "categoryLabel": "Bus Stop",
        "amenity": null,
        "highway": "bus_stop",
        "tourism": null,
        "historic": null,
        "railway": null,
        "website": null,
        "phone": null,
        "address": null
      }
    },
    {
      "type": "Feature",
      "id": "node/474893472",
      "geometry": {
        "type": "Point",
        "coordinates": [
          0.0748569,
          51.7405341
        ]
      },
      "properties": {
        "id": "node/474893472",
        "osmType": "node",
        "osmId": 474893472,
        "name": "Parsloe Road",
        "category": "bus_stop",
        "categoryLabel": "Bus Stop",
        "amenity": null,
        "highway": "bus_stop",
        "tourism": null,
        "historic": null,
        "railway": null,
        "website": null,
        "phone": null,
        "address": null
      }
    },
    {
      "type": "Feature",
      "id": "node/474893473",
      "geometry": {
        "type": "Point",
        "coordinates": [
          0.0754007,
          51.7396498
        ]
      },
      "properties": {
        "id": "node/474893473",
        "osmType": "node",
        "osmId": 474893473,
        "name": "Parsloe Road",
        "category": "bus_stop",
        "categoryLabel": "Bus Stop",
        "amenity": null,
        "highway": "bus_stop",
        "tourism": null,
        "historic": null,
        "railway": null,
        "website": null,
        "phone": null,
        "address": null
      }
    },
    {
      "type": "Feature",
      "id": "node/474893532",
      "geometry": {
        "type": "Point",
        "coordinates": [
          0.067159,
          51.6591235
        ]
      },
      "properties": {
        "id": "node/474893532",
        "osmType": "node",
        "osmId": 474893532,
        "name": "Goldings Road",
        "category": "bus_stop",
        "categoryLabel": "Bus Stop",
        "amenity": null,
        "highway": "bus_stop",
        "tourism": null,
        "historic": null,
        "railway": null,
        "website": null,
        "phone": null,
        "address": null
      }
    },
    {
      "type": "Feature",
      "id": "node/474893533",
      "geometry": {
        "type": "Point",
        "coordinates": [
          0.1190791,
          51.6515182
        ]
      },
      "properties": {
        "id": "node/474893533",
        "osmType": "node",
        "osmId": 474893533,
        "name": "Roding Hall",
        "category": "bus_stop",
        "categoryLabel": "Bus Stop",
        "amenity": null,
        "highway": "bus_stop",
        "tourism": null,
        "historic": null,
        "railway": null,
        "website": null,
        "phone": null,
        "address": null
      }
    },
    {
      "type": "Feature",
      "id": "node/474893534",
      "geometry": {
        "type": "Point",
        "coordinates": [
          0.1195165,
          51.651706
        ]
      },
      "properties": {
        "id": "node/474893534",
        "osmType": "node",
        "osmId": 474893534,
        "name": "Roding Hall",
        "category": "bus_stop",
        "categoryLabel": "Bus Stop",
        "amenity": null,
        "highway": "bus_stop",
        "tourism": null,
        "historic": null,
        "railway": null,
        "website": null,
        "phone": null,
        "address": null
      }
    },
    {
      "type": "Feature",
      "id": "node/474893541",
      "geometry": {
        "type": "Point",
        "coordinates": [
          0.0821966,
          51.6469242
        ]
      },
      "properties": {
        "id": "node/474893541",
        "osmType": "node",
        "osmId": 474893541,
        "name": "The Broadway",
        "category": "bus_stop",
        "categoryLabel": "Bus Stop",
        "amenity": null,
        "highway": "bus_stop",
        "tourism": null,
        "historic": null,
        "railway": null,
        "website": null,
        "phone": null,
        "address": null
      }
    },
    {
      "type": "Feature",
      "id": "node/474893542",
      "geometry": {
        "type": "Point",
        "coordinates": [
          0.082313,
          51.64728
        ]
      },
      "properties": {
        "id": "node/474893542",
        "osmType": "node",
        "osmId": 474893542,
        "name": "Torrington Drive",
        "category": "bus_stop",
        "categoryLabel": "Bus Stop",
        "amenity": null,
        "highway": "bus_stop",
        "tourism": null,
        "historic": null,
        "railway": null,
        "website": null,
        "phone": null,
        "address": null
      }
    },
    {
      "type": "Feature",
      "id": "node/474893559",
      "geometry": {
        "type": "Point",
        "coordinates": [
          0.0283732,
          51.6877642
        ]
      },
      "properties": {
        "id": "node/474893559",
        "osmType": "node",
        "osmId": 474893559,
        "name": "Geisthorp Court",
        "category": "bus_stop",
        "categoryLabel": "Bus Stop",
        "amenity": null,
        "highway": "bus_stop",
        "tourism": null,
        "historic": null,
        "railway": null,
        "website": null,
        "phone": null,
        "address": null
      }
    },
    {
      "type": "Feature",
      "id": "node/474893563",
      "geometry": {
        "type": "Point",
        "coordinates": [
          0.0281314,
          51.6877083
        ]
      },
      "properties": {
        "id": "node/474893563",
        "osmType": "node",
        "osmId": 474893563,
        "name": "Geisthorp Court",
        "category": "bus_stop",
        "categoryLabel": "Bus Stop",
        "amenity": null,
        "highway": "bus_stop",
        "tourism": null,
        "historic": null,
        "railway": null,
        "website": null,
        "phone": null,
        "address": null
      }
    },
    {
      "type": "Feature",
      "id": "node/474893956",
      "geometry": {
        "type": "Point",
        "coordinates": [
          0.0670045,
          51.6593079
        ]
      },
      "properties": {
        "id": "node/474893956",
        "osmType": "node",
        "osmId": 474893956,
        "name": "Goldings Road",
        "category": "bus_stop",
        "categoryLabel": "Bus Stop",
        "amenity": null,
        "highway": "bus_stop",
        "tourism": null,
        "historic": null,
        "railway": null,
        "website": null,
        "phone": null,
        "address": null
      }
    },
    {
      "type": "Feature",
      "id": "node/474894076",
      "geometry": {
        "type": "Point",
        "coordinates": [
          0.019542,
          51.7356653
        ]
      },
      "properties": {
        "id": "node/474894076",
        "osmType": "node",
        "osmId": 474894076,
        "name": "Hoe Lane",
        "category": "bus_stop",
        "categoryLabel": "Bus Stop",
        "amenity": null,
        "highway": "bus_stop",
        "tourism": null,
        "historic": null,
        "railway": null,
        "website": null,
        "phone": null,
        "address": null
      }
    },
    {
      "type": "Feature",
      "id": "node/474894077",
      "geometry": {
        "type": "Point",
        "coordinates": [
          0.0181576,
          51.7360456
        ]
      },
      "properties": {
        "id": "node/474894077",
        "osmType": "node",
        "osmId": 474894077,
        "name": "Hoe Lane",
        "category": "bus_stop",
        "categoryLabel": "Bus Stop",
        "amenity": null,
        "highway": "bus_stop",
        "tourism": null,
        "historic": null,
        "railway": null,
        "website": null,
        "phone": null,
        "address": null
      }
    },
    {
      "type": "Feature",
      "id": "node/474894078",
      "geometry": {
        "type": "Point",
        "coordinates": [
          0.0262099,
          51.7323528
        ]
      },
      "properties": {
        "id": "node/474894078",
        "osmType": "node",
        "osmId": 474894078,
        "name": "Perry Hill",
        "category": "bus_stop",
        "categoryLabel": "Bus Stop",
        "amenity": null,
        "highway": "bus_stop",
        "tourism": null,
        "historic": null,
        "railway": null,
        "website": null,
        "phone": null,
        "address": null
      }
    },
    {
      "type": "Feature",
      "id": "node/474894079",
      "geometry": {
        "type": "Point",
        "coordinates": [
          0.0528507,
          51.736946
        ]
      },
      "properties": {
        "id": "node/474894079",
        "osmType": "node",
        "osmId": 474894079,
        "name": "Betts Lane",
        "category": "bus_stop",
        "categoryLabel": "Bus Stop",
        "amenity": null,
        "highway": "bus_stop",
        "tourism": null,
        "historic": null,
        "railway": null,
        "website": null,
        "phone": null,
        "address": null
      }
    },
    {
      "type": "Feature",
      "id": "node/474894080",
      "geometry": {
        "type": "Point",
        "coordinates": [
          0.0529218,
          51.7369177
        ]
      },
      "properties": {
        "id": "node/474894080",
        "osmType": "node",
        "osmId": 474894080,
        "name": "Betts Lane",
        "category": "bus_stop",
        "categoryLabel": "Bus Stop",
        "amenity": null,
        "highway": "bus_stop",
        "tourism": null,
        "historic": null,
        "railway": null,
        "website": null,
        "phone": null,
        "address": null
      }
    },
    {
      "type": "Feature",
      "id": "node/474894291",
      "geometry": {
        "type": "Point",
        "coordinates": [
          0.0818422,
          51.660041
        ]
      },
      "properties": {
        "id": "node/474894291",
        "osmType": "node",
        "osmId": 474894291,
        "name": "Castell Road",
        "category": "bus_stop",
        "categoryLabel": "Bus Stop",
        "amenity": null,
        "highway": "bus_stop",
        "tourism": null,
        "historic": null,
        "railway": null,
        "website": null,
        "phone": null,
        "address": null
      }
    },
    {
      "type": "Feature",
      "id": "node/474894382",
      "geometry": {
        "type": "Point",
        "coordinates": [
          0.0456654,
          51.6183471
        ]
      },
      "properties": {
        "id": "node/474894382",
        "osmType": "node",
        "osmId": 474894382,
        "name": "Monkhams Inn",
        "category": "bus_stop",
        "categoryLabel": "Bus Stop",
        "amenity": null,
        "highway": "bus_stop",
        "tourism": null,
        "historic": null,
        "railway": null,
        "website": null,
        "phone": null,
        "address": null
      }
    },
    {
      "type": "Feature",
      "id": "node/474894383",
      "geometry": {
        "type": "Point",
        "coordinates": [
          0.0459779,
          51.6181133
        ]
      },
      "properties": {
        "id": "node/474894383",
        "osmType": "node",
        "osmId": 474894383,
        "name": "Monkhams Inn",
        "category": "bus_stop",
        "categoryLabel": "Bus Stop",
        "amenity": null,
        "highway": "bus_stop",
        "tourism": null,
        "historic": null,
        "railway": null,
        "website": null,
        "phone": null,
        "address": null
      }
    },
    {
      "type": "Feature",
      "id": "node/474894793",
      "geometry": {
        "type": "Point",
        "coordinates": [
          0.0591846,
          51.6492328
        ]
      },
      "properties": {
        "id": "node/474894793",
        "osmType": "node",
        "osmId": 474894793,
        "name": "Loughton Library",
        "category": "bus_stop",
        "categoryLabel": "Bus Stop",
        "amenity": null,
        "highway": "bus_stop",
        "tourism": null,
        "historic": null,
        "railway": null,
        "website": null,
        "phone": null,
        "address": null
      }
    },
    {
      "type": "Feature",
      "id": "node/474894794",
      "geometry": {
        "type": "Point",
        "coordinates": [
          0.032301,
          51.6260144
        ]
      },
      "properties": {
        "id": "node/474894794",
        "osmType": "node",
        "osmId": 474894794,
        "name": "Stag Lane",
        "category": "bus_stop",
        "categoryLabel": "Bus Stop",
        "amenity": null,
        "highway": "bus_stop",
        "tourism": null,
        "historic": null,
        "railway": null,
        "website": null,
        "phone": null,
        "address": null
      }
    },
    {
      "type": "Feature",
      "id": "node/474894795",
      "geometry": {
        "type": "Point",
        "coordinates": [
          0.0315091,
          51.6252726
        ]
      },
      "properties": {
        "id": "node/474894795",
        "osmType": "node",
        "osmId": 474894795,
        "name": "Stag Lane",
        "category": "bus_stop",
        "categoryLabel": "Bus Stop",
        "amenity": null,
        "highway": "bus_stop",
        "tourism": null,
        "historic": null,
        "railway": null,
        "website": null,
        "phone": null,
        "address": null
      }
    },
    {
      "type": "Feature",
      "id": "node/474894937",
      "geometry": {
        "type": "Point",
        "coordinates": [
          0.0794587,
          51.7432765
        ]
      },
      "properties": {
        "id": "node/474894937",
        "osmType": "node",
        "osmId": 474894937,
        "name": "Sumners Farm",
        "category": "bus_stop",
        "categoryLabel": "Bus Stop",
        "amenity": null,
        "highway": "bus_stop",
        "tourism": null,
        "historic": null,
        "railway": null,
        "website": null,
        "phone": null,
        "address": null
      }
    },
    {
      "type": "Feature",
      "id": "node/474895073",
      "geometry": {
        "type": "Point",
        "coordinates": [
          0.0135862,
          51.7356044
        ]
      },
      "properties": {
        "id": "node/474895073",
        "osmType": "node",
        "osmId": 474895073,
        "name": "Nazeing Crossroads",
        "category": "bus_stop",
        "categoryLabel": "Bus Stop",
        "amenity": null,
        "highway": "bus_stop",
        "tourism": null,
        "historic": null,
        "railway": null,
        "website": null,
        "phone": null,
        "address": null
      }
    },
    {
      "type": "Feature",
      "id": "node/474895075",
      "geometry": {
        "type": "Point",
        "coordinates": [
          0.0132722,
          51.7354643
        ]
      },
      "properties": {
        "id": "node/474895075",
        "osmType": "node",
        "osmId": 474895075,
        "name": "Nazeing Crossroads",
        "category": "bus_stop",
        "categoryLabel": "Bus Stop",
        "amenity": null,
        "highway": "bus_stop",
        "tourism": null,
        "historic": null,
        "railway": null,
        "website": null,
        "phone": null,
        "address": null
      }
    },
    {
      "type": "Feature",
      "id": "node/474895078",
      "geometry": {
        "type": "Point",
        "coordinates": [
          0.037596,
          51.7264619
        ]
      },
      "properties": {
        "id": "node/474895078",
        "osmType": "node",
        "osmId": 474895078,
        "name": "Telephone Exchange",
        "category": "bus_stop",
        "categoryLabel": "Bus Stop",
        "amenity": null,
        "highway": "bus_stop",
        "tourism": null,
        "historic": null,
        "railway": null,
        "website": null,
        "phone": null,
        "address": null
      }
    },
    {
      "type": "Feature",
      "id": "node/474895079",
      "geometry": {
        "type": "Point",
        "coordinates": [
          0.0377502,
          51.7264626
        ]
      },
      "properties": {
        "id": "node/474895079",
        "osmType": "node",
        "osmId": 474895079,
        "name": "Telephone Exchange",
        "category": "bus_stop",
        "categoryLabel": "Bus Stop",
        "amenity": null,
        "highway": "bus_stop",
        "tourism": null,
        "historic": null,
        "railway": null,
        "website": null,
        "phone": null,
        "address": null
      }
    },
    {
      "type": "Feature",
      "id": "node/474895083",
      "geometry": {
        "type": "Point",
        "coordinates": [
          0.1288577,
          51.7207889
        ]
      },
      "properties": {
        "id": "node/474895083",
        "osmType": "node",
        "osmId": 474895083,
        "name": "The Carpenters Arms",
        "category": "bus_stop",
        "categoryLabel": "Bus Stop",
        "amenity": null,
        "highway": "bus_stop",
        "tourism": null,
        "historic": null,
        "railway": null,
        "website": null,
        "phone": null,
        "address": null
      }
    },
    {
      "type": "Feature",
      "id": "node/474895084",
      "geometry": {
        "type": "Point",
        "coordinates": [
          0.1281879,
          51.7219562
        ]
      },
      "properties": {
        "id": "node/474895084",
        "osmType": "node",
        "osmId": 474895084,
        "name": "The Carpenters Arms",
        "category": "bus_stop",
        "categoryLabel": "Bus Stop",
        "amenity": null,
        "highway": "bus_stop",
        "tourism": null,
        "historic": null,
        "railway": null,
        "website": null,
        "phone": null,
        "address": null
      }
    },
    {
      "type": "Feature",
      "id": "node/474895091",
      "geometry": {
        "type": "Point",
        "coordinates": [
          0.1226235,
          51.7050515
        ]
      },
      "properties": {
        "id": "node/474895091",
        "osmType": "node",
        "osmId": 474895091,
        "name": "St. Margaret's Hospital",
        "category": "bus_stop",
        "categoryLabel": "Bus Stop",
        "amenity": null,
        "highway": "bus_stop",
        "tourism": null,
        "historic": null,
        "railway": null,
        "website": null,
        "phone": null,
        "address": null
      }
    },
    {
      "type": "Feature",
      "id": "node/474895092",
      "geometry": {
        "type": "Point",
        "coordinates": [
          0.1108304,
          51.6986363
        ]
      },
      "properties": {
        "id": "node/474895092",
        "osmType": "node",
        "osmId": 474895092,
        "name": "Church",
        "category": "bus_stop",
        "categoryLabel": "Bus Stop",
        "amenity": null,
        "highway": "bus_stop",
        "tourism": null,
        "historic": null,
        "railway": null,
        "website": null,
        "phone": null,
        "address": null
      }
    },
    {
      "type": "Feature",
      "id": "node/474895094",
      "geometry": {
        "type": "Point",
        "coordinates": [
          0.1137559,
          51.6937189
        ]
      },
      "properties": {
        "id": "node/474895094",
        "osmType": "node",
        "osmId": 474895094,
        "name": "Epping Underground Railway Station",
        "category": "bus_stop",
        "categoryLabel": "Bus Stop",
        "amenity": null,
        "highway": "bus_stop",
        "tourism": null,
        "historic": null,
        "railway": null,
        "website": null,
        "phone": null,
        "address": null
      }
    },
    {
      "type": "Feature",
      "id": "node/474895095",
      "geometry": {
        "type": "Point",
        "coordinates": [
          0.1025252,
          51.6890801
        ]
      },
      "properties": {
        "id": "node/474895095",
        "osmType": "node",
        "osmId": 474895095,
        "name": "Meadow View",
        "category": "bus_stop",
        "categoryLabel": "Bus Stop",
        "amenity": null,
        "highway": "bus_stop",
        "tourism": null,
        "historic": null,
        "railway": null,
        "website": null,
        "phone": null,
        "address": null
      }
    },
    {
      "type": "Feature",
      "id": "node/474895096",
      "geometry": {
        "type": "Point",
        "coordinates": [
          0.0638085,
          51.6760818
        ]
      },
      "properties": {
        "id": "node/474895096",
        "osmType": "node",
        "osmId": 474895096,
        "name": "Wake Arms",
        "category": "bus_stop",
        "categoryLabel": "Bus Stop",
        "amenity": null,
        "highway": "bus_stop",
        "tourism": null,
        "historic": null,
        "railway": null,
        "website": null,
        "phone": null,
        "address": null
      }
    },
    {
      "type": "Feature",
      "id": "node/474895097",
      "geometry": {
        "type": "Point",
        "coordinates": [
          0.06378,
          51.6758524
        ]
      },
      "properties": {
        "id": "node/474895097",
        "osmType": "node",
        "osmId": 474895097,
        "name": "Wake Arms",
        "category": "bus_stop",
        "categoryLabel": "Bus Stop",
        "amenity": null,
        "highway": "bus_stop",
        "tourism": null,
        "historic": null,
        "railway": null,
        "website": null,
        "phone": null,
        "address": null
      }
    },
    {
      "type": "Feature",
      "id": "node/474895098",
      "geometry": {
        "type": "Point",
        "coordinates": [
          0.0550759,
          51.6419705
        ]
      },
      "properties": {
        "id": "node/474895098",
        "osmType": "node",
        "osmId": 474895098,
        "name": "Loughton Station",
        "category": "bus_stop",
        "categoryLabel": "Bus Stop",
        "amenity": null,
        "highway": "bus_stop",
        "tourism": null,
        "historic": null,
        "railway": null,
        "website": null,
        "phone": null,
        "address": null
      }
    },
    {
      "type": "Feature",
      "id": "node/474895099",
      "geometry": {
        "type": "Point",
        "coordinates": [
          0.0461769,
          51.6264549
        ]
      },
      "properties": {
        "id": "node/474895099",
        "osmType": "node",
        "osmId": 474895099,
        "name": "Buckhurst Hill Railway Station",
        "category": "bus_stop",
        "categoryLabel": "Bus Stop",
        "amenity": null,
        "highway": "bus_stop",
        "tourism": null,
        "historic": null,
        "railway": null,
        "website": null,
        "phone": null,
        "address": null
      }
    },
    {
      "type": "Feature",
      "id": "node/474895110",
      "geometry": {
        "type": "Point",
        "coordinates": [
          0.0752691,
          51.6190096
        ]
      },
      "properties": {
        "id": "node/474895110",
        "osmType": "node",
        "osmId": 474895110,
        "name": "Chigwell Railway Station",
        "category": "bus_stop",
        "categoryLabel": "Bus Stop",
        "amenity": null,
        "highway": "bus_stop",
        "tourism": null,
        "historic": null,
        "railway": null,
        "website": null,
        "phone": null,
        "address": null
      }
    },
    {
      "type": "Feature",
      "id": "node/474895111",
      "geometry": {
        "type": "Point",
        "coordinates": [
          0.0748894,
          51.6188131
        ]
      },
      "properties": {
        "id": "node/474895111",
        "osmType": "node",
        "osmId": 474895111,
        "name": "Chigwell Railway Station",
        "category": "bus_stop",
        "categoryLabel": "Bus Stop",
        "amenity": null,
        "highway": "bus_stop",
        "tourism": null,
        "historic": null,
        "railway": null,
        "website": null,
        "phone": null,
        "address": null
      }
    },
    {
      "type": "Feature",
      "id": "node/474895112",
      "geometry": {
        "type": "Point",
        "coordinates": [
          0.0642396,
          51.6114606
        ]
      },
      "properties": {
        "id": "node/474895112",
        "osmType": "node",
        "osmId": 474895112,
        "name": "West Hatch School",
        "category": "bus_stop",
        "categoryLabel": "Bus Stop",
        "amenity": null,
        "highway": "bus_stop",
        "tourism": null,
        "historic": null,
        "railway": null,
        "website": null,
        "phone": null,
        "address": null
      }
    },
    {
      "type": "Feature",
      "id": "node/474895114",
      "geometry": {
        "type": "Point",
        "coordinates": [
          0.08267,
          51.6109963
        ]
      },
      "properties": {
        "id": "node/474895114",
        "osmType": "node",
        "osmId": 474895114,
        "name": "The Bald Hind",
        "category": "bus_stop",
        "categoryLabel": "Bus Stop",
        "amenity": null,
        "highway": "bus_stop",
        "tourism": null,
        "historic": null,
        "railway": null,
        "website": null,
        "phone": null,
        "address": null
      }
    },
    {
      "type": "Feature",
      "id": "node/474895120",
      "geometry": {
        "type": "Point",
        "coordinates": [
          0.1001996,
          51.6715324
        ]
      },
      "properties": {
        "id": "node/474895120",
        "osmType": "node",
        "osmId": 474895120,
        "name": "Theydon Bois Green",
        "category": "bus_stop",
        "categoryLabel": "Bus Stop",
        "amenity": null,
        "highway": "bus_stop",
        "tourism": null,
        "historic": null,
        "railway": null,
        "website": null,
        "phone": null,
        "address": null
      }
    },
    {
      "type": "Feature",
      "id": "node/474895121",
      "geometry": {
        "type": "Point",
        "coordinates": [
          0.1012668,
          51.6712554
        ]
      },
      "properties": {
        "id": "node/474895121",
        "osmType": "node",
        "osmId": 474895121,
        "name": "Theydon Bois Green",
        "category": "bus_stop",
        "categoryLabel": "Bus Stop",
        "amenity": null,
        "highway": "bus_stop",
        "tourism": null,
        "historic": null,
        "railway": null,
        "website": null,
        "phone": null,
        "address": null
      }
    },
    {
      "type": "Feature",
      "id": "node/474895122",
      "geometry": {
        "type": "Point",
        "coordinates": [
          0.0666146,
          51.6557689
        ]
      },
      "properties": {
        "id": "node/474895122",
        "osmType": "node",
        "osmId": 474895122,
        "name": "Sedley Rise",
        "category": "bus_stop",
        "categoryLabel": "Bus Stop",
        "amenity": null,
        "highway": "bus_stop",
        "tourism": null,
        "historic": null,
        "railway": null,
        "website": null,
        "phone": null,
        "address": null
      }
    },
    {
      "type": "Feature",
      "id": "node/474895123",
      "geometry": {
        "type": "Point",
        "coordinates": [
          0.0665005,
          51.6558634
        ]
      },
      "properties": {
        "id": "node/474895123",
        "osmType": "node",
        "osmId": 474895123,
        "name": "Sedley Rise",
        "category": "bus_stop",
        "categoryLabel": "Bus Stop",
        "amenity": null,
        "highway": "bus_stop",
        "tourism": null,
        "historic": null,
        "railway": null,
        "website": null,
        "phone": null,
        "address": null
      }
    },
    {
      "type": "Feature",
      "id": "node/474895124",
      "geometry": {
        "type": "Point",
        "coordinates": [
          0.0689885,
          51.6408808
        ]
      },
      "properties": {
        "id": "node/474895124",
        "osmType": "node",
        "osmId": 474895124,
        "name": "River Way",
        "category": "bus_stop",
        "categoryLabel": "Bus Stop",
        "amenity": null,
        "highway": "bus_stop",
        "tourism": null,
        "historic": null,
        "railway": null,
        "website": null,
        "phone": null,
        "address": null
      }
    },
    {
      "type": "Feature",
      "id": "node/474895125",
      "geometry": {
        "type": "Point",
        "coordinates": [
          0.068606,
          51.6406762
        ]
      },
      "properties": {
        "id": "node/474895125",
        "osmType": "node",
        "osmId": 474895125,
        "name": "River Way",
        "category": "bus_stop",
        "categoryLabel": "Bus Stop",
        "amenity": null,
        "highway": "bus_stop",
        "tourism": null,
        "historic": null,
        "railway": null,
        "website": null,
        "phone": null,
        "address": null
      }
    },
    {
      "type": "Feature",
      "id": "node/474895126",
      "geometry": {
        "type": "Point",
        "coordinates": [
          0.0348986,
          51.7019799
        ]
      },
      "properties": {
        "id": "node/474895126",
        "osmType": "node",
        "osmId": 474895126,
        "name": "Breach Barns",
        "category": "bus_stop",
        "categoryLabel": "Bus Stop",
        "amenity": null,
        "highway": "bus_stop",
        "tourism": null,
        "historic": null,
        "railway": null,
        "website": null,
        "phone": null,
        "address": null
      }
    },
    {
      "type": "Feature",
      "id": "node/474895127",
      "geometry": {
        "type": "Point",
        "coordinates": [
          0.0082244,
          51.6816929
        ]
      },
      "properties": {
        "id": "node/474895127",
        "osmType": "node",
        "osmId": 474895127,
        "name": "Roundhills Pool",
        "category": "bus_stop",
        "categoryLabel": "Bus Stop",
        "amenity": null,
        "highway": "bus_stop",
        "tourism": null,
        "historic": null,
        "railway": null,
        "website": null,
        "phone": null,
        "address": null
      }
    },
    {
      "type": "Feature",
      "id": "node/474895128",
      "geometry": {
        "type": "Point",
        "coordinates": [
          0.0028216,
          51.6904547
        ]
      },
      "properties": {
        "id": "node/474895128",
        "osmType": "node",
        "osmId": 474895128,
        "name": "Parklands",
        "category": "bus_stop",
        "categoryLabel": "Bus Stop",
        "amenity": null,
        "highway": "bus_stop",
        "tourism": null,
        "historic": null,
        "railway": null,
        "website": null,
        "phone": null,
        "address": null
      }
    },
    {
      "type": "Feature",
      "id": "node/474895129",
      "geometry": {
        "type": "Point",
        "coordinates": [
          0.0035414,
          51.6913349
        ]
      },
      "properties": {
        "id": "node/474895129",
        "osmType": "node",
        "osmId": 474895129,
        "name": "Parklands",
        "category": "bus_stop",
        "categoryLabel": "Bus Stop",
        "amenity": null,
        "highway": "bus_stop",
        "tourism": null,
        "historic": null,
        "railway": null,
        "website": null,
        "phone": null,
        "address": null
      }
    },
    {
      "type": "Feature",
      "id": "node/474895130",
      "geometry": {
        "type": "Point",
        "coordinates": [
          -0.0038095,
          51.686605
        ]
      },
      "properties": {
        "id": "node/474895130",
        "osmType": "node",
        "osmId": 474895130,
        "name": "Bemor Builders",
        "category": "bus_stop",
        "categoryLabel": "Bus Stop",
        "amenity": null,
        "highway": "bus_stop",
        "tourism": null,
        "historic": null,
        "railway": null,
        "website": null,
        "phone": null,
        "address": null
      }
    },
    {
      "type": "Feature",
      "id": "node/474895131",
      "geometry": {
        "type": "Point",
        "coordinates": [
          0.0461549,
          51.6902919
        ]
      },
      "properties": {
        "id": "node/474895131",
        "osmType": "node",
        "osmId": 474895131,
        "name": "Village Hall",
        "category": "bus_stop",
        "categoryLabel": "Bus Stop",
        "amenity": null,
        "highway": "bus_stop",
        "tourism": null,
        "historic": null,
        "railway": null,
        "website": null,
        "phone": null,
        "address": null
      }
    },
    {
      "type": "Feature",
      "id": "node/474895133",
      "geometry": {
        "type": "Point",
        "coordinates": [
          0.0316072,
          51.6890409
        ]
      },
      "properties": {
        "id": "node/474895133",
        "osmType": "node",
        "osmId": 474895133,
        "name": "Upshire Shops",
        "category": "bus_stop",
        "categoryLabel": "Bus Stop",
        "amenity": null,
        "highway": "bus_stop",
        "tourism": null,
        "historic": null,
        "railway": null,
        "website": null,
        "phone": null,
        "address": null
      }
    },
    {
      "type": "Feature",
      "id": "node/474895134",
      "geometry": {
        "type": "Point",
        "coordinates": [
          0.0709687,
          51.6489073
        ]
      },
      "properties": {
        "id": "node/474895134",
        "osmType": "node",
        "osmId": 474895134,
        "name": "Durnell Way",
        "category": "bus_stop",
        "categoryLabel": "Bus Stop",
        "amenity": null,
        "highway": "bus_stop",
        "tourism": null,
        "historic": null,
        "railway": null,
        "website": null,
        "phone": null,
        "address": null
      }
    },
    {
      "type": "Feature",
      "id": "node/474895135",
      "geometry": {
        "type": "Point",
        "coordinates": [
          0.0710898,
          51.648533
        ]
      },
      "properties": {
        "id": "node/474895135",
        "osmType": "node",
        "osmId": 474895135,
        "name": "Durnell Way",
        "category": "bus_stop",
        "categoryLabel": "Bus Stop",
        "amenity": null,
        "highway": "bus_stop",
        "tourism": null,
        "historic": null,
        "railway": null,
        "website": null,
        "phone": null,
        "address": null
      }
    },
    {
      "type": "Feature",
      "id": "node/474895136",
      "geometry": {
        "type": "Point",
        "coordinates": [
          0.070013,
          51.6430659
        ]
      },
      "properties": {
        "id": "node/474895136",
        "osmType": "node",
        "osmId": 474895136,
        "name": "Parkmead",
        "category": "bus_stop",
        "categoryLabel": "Bus Stop",
        "amenity": null,
        "highway": "bus_stop",
        "tourism": null,
        "historic": null,
        "railway": null,
        "website": null,
        "phone": null,
        "address": null
      }
    },
    {
      "type": "Feature",
      "id": "node/474895137",
      "geometry": {
        "type": "Point",
        "coordinates": [
          0.0698332,
          51.6429252
        ]
      },
      "properties": {
        "id": "node/474895137",
        "osmType": "node",
        "osmId": 474895137,
        "name": "Parkmead",
        "category": "bus_stop",
        "categoryLabel": "Bus Stop",
        "amenity": null,
        "highway": "bus_stop",
        "tourism": null,
        "historic": null,
        "railway": null,
        "website": null,
        "phone": null,
        "address": null
      }
    },
    {
      "type": "Feature",
      "id": "node/474895229",
      "geometry": {
        "type": "Point",
        "coordinates": [
          0.016509,
          51.6842179
        ]
      },
      "properties": {
        "id": "node/474895229",
        "osmType": "node",
        "osmId": 474895229,
        "name": "Shernbroke Road",
        "category": "bus_stop",
        "categoryLabel": "Bus Stop",
        "amenity": null,
        "highway": "bus_stop",
        "tourism": null,
        "historic": null,
        "railway": null,
        "website": null,
        "phone": null,
        "address": null
      }
    },
    {
      "type": "Feature",
      "id": "node/474895230",
      "geometry": {
        "type": "Point",
        "coordinates": [
          0.0725644,
          51.6482831
        ]
      },
      "properties": {
        "id": "node/474895230",
        "osmType": "node",
        "osmId": 474895230,
        "name": "The Murray Hall",
        "category": "bus_stop",
        "categoryLabel": "Bus Stop",
        "amenity": null,
        "highway": "bus_stop",
        "tourism": null,
        "historic": null,
        "railway": null,
        "website": null,
        "phone": null,
        "address": null
      }
    },
    {
      "type": "Feature",
      "id": "node/474895231",
      "geometry": {
        "type": "Point",
        "coordinates": [
          0.0733101,
          51.6480834
        ]
      },
      "properties": {
        "id": "node/474895231",
        "osmType": "node",
        "osmId": 474895231,
        "name": "The Murray Hall",
        "category": "bus_stop",
        "categoryLabel": "Bus Stop",
        "amenity": null,
        "highway": "bus_stop",
        "tourism": null,
        "historic": null,
        "railway": null,
        "website": null,
        "phone": null,
        "address": null
      }
    },
    {
      "type": "Feature",
      "id": "node/474895232",
      "geometry": {
        "type": "Point",
        "coordinates": [
          0.0524602,
          51.6441988
        ]
      },
      "properties": {
        "id": "node/474895232",
        "osmType": "node",
        "osmId": 474895232,
        "name": "The Crown",
        "category": "bus_stop",
        "categoryLabel": "Bus Stop",
        "amenity": null,
        "highway": "bus_stop",
        "tourism": null,
        "historic": null,
        "railway": null,
        "website": null,
        "phone": null,
        "address": null
      }
    },
    {
      "type": "Feature",
      "id": "node/474895252",
      "geometry": {
        "type": "Point",
        "coordinates": [
          -0.0021804,
          51.6628258
        ]
      },
      "properties": {
        "id": "node/474895252",
        "osmType": "node",
        "osmId": 474895252,
        "name": "Freddies",
        "category": "bus_stop",
        "categoryLabel": "Bus Stop",
        "amenity": null,
        "highway": "bus_stop",
        "tourism": null,
        "historic": null,
        "railway": null,
        "website": null,
        "phone": null,
        "address": null
      }
    },
    {
      "type": "Feature",
      "id": "node/474895253",
      "geometry": {
        "type": "Point",
        "coordinates": [
          -0.0020677,
          51.6632955
        ]
      },
      "properties": {
        "id": "node/474895253",
        "osmType": "node",
        "osmId": 474895253,
        "name": "Freddies",
        "category": "bus_stop",
        "categoryLabel": "Bus Stop",
        "amenity": null,
        "highway": "bus_stop",
        "tourism": null,
        "historic": null,
        "railway": null,
        "website": null,
        "phone": null,
        "address": null
      }
    },
    {
      "type": "Feature",
      "id": "node/474895254",
      "geometry": {
        "type": "Point",
        "coordinates": [
          0.0172983,
          51.6900753
        ]
      },
      "properties": {
        "id": "node/474895254",
        "osmType": "node",
        "osmId": 474895254,
        "name": "King Harold School",
        "category": "bus_stop",
        "categoryLabel": "Bus Stop",
        "amenity": null,
        "highway": "bus_stop",
        "tourism": null,
        "historic": null,
        "railway": null,
        "website": null,
        "phone": null,
        "address": null
      }
    },
    {
      "type": "Feature",
      "id": "node/474895770",
      "geometry": {
        "type": "Point",
        "coordinates": [
          0.0566163,
          51.6491212
        ]
      },
      "properties": {
        "id": "node/474895770",
        "osmType": "node",
        "osmId": 474895770,
        "name": "Morrisons",
        "category": "bus_stop",
        "categoryLabel": "Bus Stop",
        "amenity": null,
        "highway": "bus_stop",
        "tourism": null,
        "historic": null,
        "railway": null,
        "website": null,
        "phone": null,
        "address": null
      }
    },
    {
      "type": "Feature",
      "id": "node/474895780",
      "geometry": {
        "type": "Point",
        "coordinates": [
          0.0516318,
          51.6439733
        ]
      },
      "properties": {
        "id": "node/474895780",
        "osmType": "node",
        "osmId": 474895780,
        "name": "The Crown",
        "category": "bus_stop",
        "categoryLabel": "Bus Stop",
        "amenity": null,
        "highway": "bus_stop",
        "tourism": null,
        "historic": null,
        "railway": null,
        "website": null,
        "phone": null,
        "address": null
      }
    },
    {
      "type": "Feature",
      "id": "node/474895947",
      "geometry": {
        "type": "Point",
        "coordinates": [
          0.0535036,
          51.6433453
        ]
      },
      "properties": {
        "id": "node/474895947",
        "osmType": "node",
        "osmId": 474895947,
        "name": "Sainsbury's",
        "category": "bus_stop",
        "categoryLabel": "Bus Stop",
        "amenity": null,
        "highway": "bus_stop",
        "tourism": null,
        "historic": null,
        "railway": null,
        "website": null,
        "phone": null,
        "address": null
      }
    },
    {
      "type": "Feature",
      "id": "node/474896056",
      "geometry": {
        "type": "Point",
        "coordinates": [
          0.0833593,
          51.6094916
        ]
      },
      "properties": {
        "id": "node/474896056",
        "osmType": "node",
        "osmId": 474896056,
        "name": "Limes Avenue",
        "category": "bus_stop",
        "categoryLabel": "Bus Stop",
        "amenity": null,
        "highway": "bus_stop",
        "tourism": null,
        "historic": null,
        "railway": null,
        "website": null,
        "phone": null,
        "address": null
      }
    },
    {
      "type": "Feature",
      "id": "node/474896057",
      "geometry": {
        "type": "Point",
        "coordinates": [
          0.0832192,
          51.6093559
        ]
      },
      "properties": {
        "id": "node/474896057",
        "osmType": "node",
        "osmId": 474896057,
        "name": "Limes Avenue",
        "category": "bus_stop",
        "categoryLabel": "Bus Stop",
        "amenity": null,
        "highway": "bus_stop",
        "tourism": null,
        "historic": null,
        "railway": null,
        "website": null,
        "phone": null,
        "address": null
      }
    },
    {
      "type": "Feature",
      "id": "node/474896058",
      "geometry": {
        "type": "Point",
        "coordinates": [
          0.0851488,
          51.6071552
        ]
      },
      "properties": {
        "id": "node/474896058",
        "osmType": "node",
        "osmId": 474896058,
        "name": "Westmede",
        "category": "bus_stop",
        "categoryLabel": "Bus Stop",
        "amenity": null,
        "highway": "bus_stop",
        "tourism": null,
        "historic": null,
        "railway": null,
        "website": null,
        "phone": null,
        "address": null
      }
    },
    {
      "type": "Feature",
      "id": "node/474896059",
      "geometry": {
        "type": "Point",
        "coordinates": [
          0.0861121,
          51.6052264
        ]
      },
      "properties": {
        "id": "node/474896059",
        "osmType": "node",
        "osmId": 474896059,
        "name": "Hail & Ride Limes Avenue South",
        "category": "bus_stop",
        "categoryLabel": "Bus Stop",
        "amenity": null,
        "highway": "bus_stop",
        "tourism": null,
        "historic": null,
        "railway": null,
        "website": null,
        "phone": null,
        "address": null
      }
    },
    {
      "type": "Feature",
      "id": "node/474896060",
      "geometry": {
        "type": "Point",
        "coordinates": [
          0.088625,
          51.6092245
        ]
      },
      "properties": {
        "id": "node/474896060",
        "osmType": "node",
        "osmId": 474896060,
        "name": "Hail & Ride High Meadows",
        "category": "bus_stop",
        "categoryLabel": "Bus Stop",
        "amenity": null,
        "highway": "bus_stop",
        "tourism": null,
        "historic": null,
        "railway": null,
        "website": null,
        "phone": null,
        "address": null
      }
    },
    {
      "type": "Feature",
      "id": "node/474896062",
      "geometry": {
        "type": "Point",
        "coordinates": [
          0.0776286,
          51.6167432
        ]
      },
      "properties": {
        "id": "node/474896062",
        "osmType": "node",
        "osmId": 474896062,
        "name": "The Chase",
        "category": "bus_stop",
        "categoryLabel": "Bus Stop",
        "amenity": null,
        "highway": "bus_stop",
        "tourism": null,
        "historic": null,
        "railway": null,
        "website": null,
        "phone": null,
        "address": null
      }
    },
    {
      "type": "Feature",
      "id": "node/474896075",
      "geometry": {
        "type": "Point",
        "coordinates": [
          0.095643,
          51.6725844
        ]
      },
      "properties": {
        "id": "node/474896075",
        "osmType": "node",
        "osmId": 474896075,
        "name": "Village Hall",
        "category": "bus_stop",
        "categoryLabel": "Bus Stop",
        "amenity": null,
        "highway": "bus_stop",
        "tourism": null,
        "historic": null,
        "railway": null,
        "website": null,
        "phone": null,
        "address": null
      }
    },
    {
      "type": "Feature",
      "id": "node/474896099",
      "geometry": {
        "type": "Point",
        "coordinates": [
          0.0094578,
          51.6877076
        ]
      },
      "properties": {
        "id": "node/474896099",
        "osmType": "node",
        "osmId": 474896099,
        "name": "The Green Man",
        "category": "bus_stop",
        "categoryLabel": "Bus Stop",
        "amenity": null,
        "highway": "bus_stop",
        "tourism": null,
        "historic": null,
        "railway": null,
        "website": null,
        "phone": null,
        "address": null
      }
    },
    {
      "type": "Feature",
      "id": "node/502553205",
      "geometry": {
        "type": "Point",
        "coordinates": [
          -0.017014,
          51.6841272
        ]
      },
      "properties": {
        "id": "node/502553205",
        "osmType": "node",
        "osmId": 502553205,
        "name": "Long Croft Drive",
        "category": "bus_stop",
        "categoryLabel": "Bus Stop",
        "amenity": null,
        "highway": "bus_stop",
        "tourism": null,
        "historic": null,
        "railway": null,
        "website": null,
        "phone": null,
        "address": null
      }
    },
    {
      "type": "Feature",
      "id": "node/502553213",
      "geometry": {
        "type": "Point",
        "coordinates": [
          -0.0200717,
          51.6855999
        ]
      },
      "properties": {
        "id": "node/502553213",
        "osmType": "node",
        "osmId": 502553213,
        "name": "Queensway",
        "category": "bus_stop",
        "categoryLabel": "Bus Stop",
        "amenity": null,
        "highway": "bus_stop",
        "tourism": null,
        "historic": null,
        "railway": null,
        "website": null,
        "phone": null,
        "address": null
      }
    },
    {
      "type": "Feature",
      "id": "node/502553220",
      "geometry": {
        "type": "Point",
        "coordinates": [
          -0.0275679,
          51.6854569
        ]
      },
      "properties": {
        "id": "node/502553220",
        "osmType": "node",
        "osmId": 502553220,
        "name": "Waltham Cross Railway Station",
        "category": "bus_stop",
        "categoryLabel": "Bus Stop",
        "amenity": null,
        "highway": "bus_stop",
        "tourism": null,
        "historic": null,
        "railway": null,
        "website": null,
        "phone": null,
        "address": null
      }
    },
    {
      "type": "Feature",
      "id": "node/502553227",
      "geometry": {
        "type": "Point",
        "coordinates": [
          -0.0338436,
          51.6903633
        ]
      },
      "properties": {
        "id": "node/502553227",
        "osmType": "node",
        "osmId": 502553227,
        "name": "The Vine PH",
        "category": "bus_stop",
        "categoryLabel": "Bus Stop",
        "amenity": null,
        "highway": "bus_stop",
        "tourism": null,
        "historic": null,
        "railway": null,
        "website": null,
        "phone": null,
        "address": null
      }
    },
    {
      "type": "Feature",
      "id": "node/502553236",
      "geometry": {
        "type": "Point",
        "coordinates": [
          -0.0344421,
          51.6925105
        ]
      },
      "properties": {
        "id": "node/502553236",
        "osmType": "node",
        "osmId": 502553236,
        "name": "Theobalds Grove Railway Station",
        "category": "bus_stop",
        "categoryLabel": "Bus Stop",
        "amenity": null,
        "highway": "bus_stop",
        "tourism": null,
        "historic": null,
        "railway": null,
        "website": null,
        "phone": null,
        "address": null
      }
    },
    {
      "type": "Feature",
      "id": "node/502553242",
      "geometry": {
        "type": "Point",
        "coordinates": [
          -0.0346761,
          51.6961955
        ]
      },
      "properties": {
        "id": "node/502553242",
        "osmType": "node",
        "osmId": 502553242,
        "name": "The Roman Urn PH",
        "category": "bus_stop",
        "categoryLabel": "Bus Stop",
        "amenity": null,
        "highway": "bus_stop",
        "tourism": null,
        "historic": null,
        "railway": null,
        "website": null,
        "phone": null,
        "address": null
      }
    },
    {
      "type": "Feature",
      "id": "node/502553247",
      "geometry": {
        "type": "Point",
        "coordinates": [
          -0.0346343,
          51.7011677
        ]
      },
      "properties": {
        "id": "node/502553247",
        "osmType": "node",
        "osmId": 502553247,
        "name": "Old Pond",
        "category": "bus_stop",
        "categoryLabel": "Bus Stop",
        "amenity": null,
        "highway": "bus_stop",
        "tourism": null,
        "historic": null,
        "railway": null,
        "website": null,
        "phone": null,
        "address": null
      }
    },
    {
      "type": "Feature",
      "id": "node/502553416",
      "geometry": {
        "type": "Point",
        "coordinates": [
          -0.0344124,
          51.7042844
        ]
      },
      "properties": {
        "id": "node/502553416",
        "osmType": "node",
        "osmId": 502553416,
        "name": "Police Station",
        "category": "bus_stop",
        "categoryLabel": "Bus Stop",
        "amenity": null,
        "highway": "bus_stop",
        "tourism": null,
        "historic": null,
        "railway": null,
        "website": null,
        "phone": null,
        "address": null
      }
    },
    {
      "type": "Feature",
      "id": "node/502553474",
      "geometry": {
        "type": "Point",
        "coordinates": [
          -0.0328454,
          51.7127113
        ]
      },
      "properties": {
        "id": "node/502553474",
        "osmType": "node",
        "osmId": 502553474,
        "name": "Mill Lane",
        "category": "bus_stop",
        "categoryLabel": "Bus Stop",
        "amenity": null,
        "highway": "bus_stop",
        "tourism": null,
        "historic": null,
        "railway": null,
        "website": null,
        "phone": null,
        "address": null
      }
    },
    {
      "type": "Feature",
      "id": "node/502553479",
      "geometry": {
        "type": "Point",
        "coordinates": [
          -0.0284042,
          51.7156403
        ]
      },
      "properties": {
        "id": "node/502553479",
        "osmType": "node",
        "osmId": 502553479,
        "name": "Mayfield School",
        "category": "bus_stop",
        "categoryLabel": "Bus Stop",
        "amenity": null,
        "highway": "bus_stop",
        "tourism": null,
        "historic": null,
        "railway": null,
        "website": null,
        "phone": null,
        "address": null
      }
    },
    {
      "type": "Feature",
      "id": "node/502553484",
      "geometry": {
        "type": "Point",
        "coordinates": [
          -0.0258434,
          51.7202555
        ]
      },
      "properties": {
        "id": "node/502553484",
        "osmType": "node",
        "osmId": 502553484,
        "name": "Thomas Rochford Way",
        "category": "bus_stop",
        "categoryLabel": "Bus Stop",
        "amenity": null,
        "highway": "bus_stop",
        "tourism": null,
        "historic": null,
        "railway": null,
        "website": null,
        "phone": null,
        "address": null
      }
    },
    {
      "type": "Feature",
      "id": "node/502553488",
      "geometry": {
        "type": "Point",
        "coordinates": [
          -0.0294464,
          51.7233015
        ]
      },
      "properties": {
        "id": "node/502553488",
        "osmType": "node",
        "osmId": 502553488,
        "name": "Canada Fields",
        "category": "bus_stop",
        "categoryLabel": "Bus Stop",
        "amenity": null,
        "highway": "bus_stop",
        "tourism": null,
        "historic": null,
        "railway": null,
        "website": null,
        "phone": null,
        "address": null
      }
    },
    {
      "type": "Feature",
      "id": "node/502553490",
      "geometry": {
        "type": "Point",
        "coordinates": [
          -0.0260204,
          51.7228394
        ]
      },
      "properties": {
        "id": "node/502553490",
        "osmType": "node",
        "osmId": 502553490,
        "name": "Bulls Head PH",
        "category": "bus_stop",
        "categoryLabel": "Bus Stop",
        "amenity": null,
        "highway": "bus_stop",
        "tourism": null,
        "historic": null,
        "railway": null,
        "website": null,
        "phone": null,
        "address": null
      }
    },
    {
      "type": "Feature",
      "id": "node/502553494",
      "geometry": {
        "type": "Point",
        "coordinates": [
          -0.0259732,
          51.7279104
        ]
      },
      "properties": {
        "id": "node/502553494",
        "osmType": "node",
        "osmId": 502553494,
        "name": "Hertford Regional College",
        "category": "bus_stop",
        "categoryLabel": "Bus Stop",
        "amenity": null,
        "highway": "bus_stop",
        "tourism": null,
        "historic": null,
        "railway": null,
        "website": null,
        "phone": null,
        "address": null
      }
    },
    {
      "type": "Feature",
      "id": "node/502553500",
      "geometry": {
        "type": "Point",
        "coordinates": [
          -0.0251963,
          51.7314494
        ]
      },
      "properties": {
        "id": "node/502553500",
        "osmType": "node",
        "osmId": 502553500,
        "name": "The Queens Head PH",
        "category": "bus_stop",
        "categoryLabel": "Bus Stop",
        "amenity": null,
        "highway": "bus_stop",
        "tourism": null,
        "historic": null,
        "railway": null,
        "website": null,
        "phone": null,
        "address": null
      }
    },
    {
      "type": "Feature",
      "id": "node/502553505",
      "geometry": {
        "type": "Point",
        "coordinates": [
          -0.0233493,
          51.7338164
        ]
      },
      "properties": {
        "id": "node/502553505",
        "osmType": "node",
        "osmId": 502553505,
        "name": "Old Star PH",
        "category": "bus_stop",
        "categoryLabel": "Bus Stop",
        "amenity": null,
        "highway": "bus_stop",
        "tourism": null,
        "historic": null,
        "railway": null,
        "website": null,
        "phone": null,
        "address": null
      }
    },
    {
      "type": "Feature",
      "id": "node/502553512",
      "geometry": {
        "type": "Point",
        "coordinates": [
          -0.0224911,
          51.7375289
        ]
      },
      "properties": {
        "id": "node/502553512",
        "osmType": "node",
        "osmId": 502553512,
        "name": "New River Garage",
        "category": "bus_stop",
        "categoryLabel": "Bus Stop",
        "amenity": null,
        "highway": "bus_stop",
        "tourism": null,
        "historic": null,
        "railway": null,
        "website": null,
        "phone": null,
        "address": null
      }
    },
    {
      "type": "Feature",
      "id": "node/502553518",
      "geometry": {
        "type": "Point",
        "coordinates": [
          -0.0226434,
          51.7408307
        ]
      },
      "properties": {
        "id": "node/502553518",
        "osmType": "node",
        "osmId": 502553518,
        "name": "Bell Lane",
        "category": "bus_stop",
        "categoryLabel": "Bus Stop",
        "amenity": null,
        "highway": "bus_stop",
        "tourism": null,
        "historic": null,
        "railway": null,
        "website": null,
        "phone": null,
        "address": null
      }
    },
    {
      "type": "Feature",
      "id": "node/502553525",
      "geometry": {
        "type": "Point",
        "coordinates": [
          -0.0199328,
          51.744517
        ]
      },
      "properties": {
        "id": "node/502553525",
        "osmType": "node",
        "osmId": 502553525,
        "name": "Grenville Avenue",
        "category": "bus_stop",
        "categoryLabel": "Bus Stop",
        "amenity": null,
        "highway": "bus_stop",
        "tourism": null,
        "historic": null,
        "railway": null,
        "website": null,
        "phone": null,
        "address": null
      }
    },
    {
      "type": "Feature",
      "id": "node/502553901",
      "geometry": {
        "type": "Point",
        "coordinates": [
          -0.0196433,
          51.7445121
        ]
      },
      "properties": {
        "id": "node/502553901",
        "osmType": "node",
        "osmId": 502553901,
        "name": "Grenville Avenue",
        "category": "bus_stop",
        "categoryLabel": "Bus Stop",
        "amenity": null,
        "highway": "bus_stop",
        "tourism": null,
        "historic": null,
        "railway": null,
        "website": null,
        "phone": null,
        "address": null
      }
    },
    {
      "type": "Feature",
      "id": "node/502553907",
      "geometry": {
        "type": "Point",
        "coordinates": [
          -0.0217498,
          51.7417239
        ]
      },
      "properties": {
        "id": "node/502553907",
        "osmType": "node",
        "osmId": 502553907,
        "name": "Bell Lane",
        "category": "bus_stop",
        "categoryLabel": "Bus Stop",
        "amenity": null,
        "highway": "bus_stop",
        "tourism": null,
        "historic": null,
        "railway": null,
        "website": null,
        "phone": null,
        "address": null
      }
    },
    {
      "type": "Feature",
      "id": "node/502553910",
      "geometry": {
        "type": "Point",
        "coordinates": [
          -0.0224346,
          51.7369874
        ]
      },
      "properties": {
        "id": "node/502553910",
        "osmType": "node",
        "osmId": 502553910,
        "name": "New River Garage",
        "category": "bus_stop",
        "categoryLabel": "Bus Stop",
        "amenity": null,
        "highway": "bus_stop",
        "tourism": null,
        "historic": null,
        "railway": null,
        "website": null,
        "phone": null,
        "address": null
      }
    },
    {
      "type": "Feature",
      "id": "node/502553912",
      "geometry": {
        "type": "Point",
        "coordinates": [
          -0.0232635,
          51.733642
        ]
      },
      "properties": {
        "id": "node/502553912",
        "osmType": "node",
        "osmId": 502553912,
        "name": "Old Star PH",
        "category": "bus_stop",
        "categoryLabel": "Bus Stop",
        "amenity": null,
        "highway": "bus_stop",
        "tourism": null,
        "historic": null,
        "railway": null,
        "website": null,
        "phone": null,
        "address": null
      }
    },
    {
      "type": "Feature",
      "id": "node/502553918",
      "geometry": {
        "type": "Point",
        "coordinates": [
          -0.0247192,
          51.7304342
        ]
      },
      "properties": {
        "id": "node/502553918",
        "osmType": "node",
        "osmId": 502553918,
        "name": "The Queens Head PH",
        "category": "bus_stop",
        "categoryLabel": "Bus Stop",
        "amenity": null,
        "highway": "bus_stop",
        "tourism": null,
        "historic": null,
        "railway": null,
        "website": null,
        "phone": null,
        "address": null
      }
    },
    {
      "type": "Feature",
      "id": "node/502553922",
      "geometry": {
        "type": "Point",
        "coordinates": [
          -0.0262076,
          51.72585
        ]
      },
      "properties": {
        "id": "node/502553922",
        "osmType": "node",
        "osmId": 502553922,
        "name": "Hertford Regional College",
        "category": "bus_stop",
        "categoryLabel": "Bus Stop",
        "amenity": null,
        "highway": "bus_stop",
        "tourism": null,
        "historic": null,
        "railway": null,
        "website": null,
        "phone": null,
        "address": null
      }
    },
    {
      "type": "Feature",
      "id": "node/502553927",
      "geometry": {
        "type": "Point",
        "coordinates": [
          -0.0254885,
          51.7223245
        ]
      },
      "properties": {
        "id": "node/502553927",
        "osmType": "node",
        "osmId": 502553927,
        "name": "Bulls Head PH",
        "category": "bus_stop",
        "categoryLabel": "Bus Stop",
        "amenity": null,
        "highway": "bus_stop",
        "tourism": null,
        "historic": null,
        "railway": null,
        "website": null,
        "phone": null,
        "address": null
      }
    },
    {
      "type": "Feature",
      "id": "node/502553932",
      "geometry": {
        "type": "Point",
        "coordinates": [
          -0.0259471,
          51.7195378
        ]
      },
      "properties": {
        "id": "node/502553932",
        "osmType": "node",
        "osmId": 502553932,
        "name": "Thomas Rochford Way",
        "category": "bus_stop",
        "categoryLabel": "Bus Stop",
        "amenity": null,
        "highway": "bus_stop",
        "tourism": null,
        "historic": null,
        "railway": null,
        "website": null,
        "phone": null,
        "address": null
      }
    },
    {
      "type": "Feature",
      "id": "node/502553936",
      "geometry": {
        "type": "Point",
        "coordinates": [
          -0.0290278,
          51.7149494
        ]
      },
      "properties": {
        "id": "node/502553936",
        "osmType": "node",
        "osmId": 502553936,
        "name": "Churchfield School",
        "category": "bus_stop",
        "categoryLabel": "Bus Stop",
        "amenity": null,
        "highway": "bus_stop",
        "tourism": null,
        "historic": null,
        "railway": null,
        "website": null,
        "phone": null,
        "address": null
      }
    },
    {
      "type": "Feature",
      "id": "node/502553942",
      "geometry": {
        "type": "Point",
        "coordinates": [
          -0.0306526,
          51.7138705
        ]
      },
      "properties": {
        "id": "node/502553942",
        "osmType": "node",
        "osmId": 502553942,
        "name": "Mill Lane",
        "category": "bus_stop",
        "categoryLabel": "Bus Stop",
        "amenity": null,
        "highway": "bus_stop",
        "tourism": null,
        "historic": null,
        "railway": null,
        "website": null,
        "phone": null,
        "address": null
      }
    },
    {
      "type": "Feature",
      "id": "node/502553947",
      "geometry": {
        "type": "Point",
        "coordinates": [
          -0.0347881,
          51.7103068
        ]
      },
      "properties": {
        "id": "node/502553947",
        "osmType": "node",
        "osmId": 502553947,
        "name": "Cadmore Lane",
        "category": "bus_stop",
        "categoryLabel": "Bus Stop",
        "amenity": null,
        "highway": "bus_stop",
        "tourism": null,
        "historic": null,
        "railway": null,
        "website": null,
        "phone": null,
        "address": null
      }
    },
    {
      "type": "Feature",
      "id": "node/502553970",
      "geometry": {
        "type": "Point",
        "coordinates": [
          -0.0343325,
          51.7034558
        ]
      },
      "properties": {
        "id": "node/502553970",
        "osmType": "node",
        "osmId": 502553970,
        "name": "Police Station",
        "category": "bus_stop",
        "categoryLabel": "Bus Stop",
        "amenity": null,
        "highway": "bus_stop",
        "tourism": null,
        "historic": null,
        "railway": null,
        "website": null,
        "phone": null,
        "address": null
      }
    },
    {
      "type": "Feature",
      "id": "node/502553975",
      "geometry": {
        "type": "Point",
        "coordinates": [
          -0.0240512,
          51.7028424
        ]
      },
      "properties": {
        "id": "node/502553975",
        "osmType": "node",
        "osmId": 502553975,
        "name": "Cheshunt Railway Station",
        "category": "bus_stop",
        "categoryLabel": "Bus Stop",
        "amenity": null,
        "highway": "bus_stop",
        "tourism": null,
        "historic": null,
        "railway": null,
        "website": null,
        "phone": null,
        "address": null
      }
    },
    {
      "type": "Feature",
      "id": "node/502554191",
      "geometry": {
        "type": "Point",
        "coordinates": [
          -0.0343706,
          51.7019097
        ]
      },
      "properties": {
        "id": "node/502554191",
        "osmType": "node",
        "osmId": 502554191,
        "name": "Old Pond",
        "category": "bus_stop",
        "categoryLabel": "Bus Stop",
        "amenity": null,
        "highway": "bus_stop",
        "tourism": null,
        "historic": null,
        "railway": null,
        "website": null,
        "phone": null,
        "address": null
      }
    },
    {
      "type": "Feature",
      "id": "node/502554210",
      "geometry": {
        "type": "Point",
        "coordinates": [
          -0.0341866,
          51.700144
        ]
      },
      "properties": {
        "id": "node/502554210",
        "osmType": "node",
        "osmId": 502554210,
        "name": "King Arthur Court",
        "category": "bus_stop",
        "categoryLabel": "Bus Stop",
        "amenity": null,
        "highway": "bus_stop",
        "tourism": null,
        "historic": null,
        "railway": null,
        "website": null,
        "phone": null,
        "address": null
      }
    },
    {
      "type": "Feature",
      "id": "node/502554215",
      "geometry": {
        "type": "Point",
        "coordinates": [
          -0.0344691,
          51.6969654
        ]
      },
      "properties": {
        "id": "node/502554215",
        "osmType": "node",
        "osmId": 502554215,
        "name": "The Roman Urn PH",
        "category": "bus_stop",
        "categoryLabel": "Bus Stop",
        "amenity": null,
        "highway": "bus_stop",
        "tourism": null,
        "historic": null,
        "railway": null,
        "website": null,
        "phone": null,
        "address": null
      }
    },
    {
      "type": "Feature",
      "id": "node/502554220",
      "geometry": {
        "type": "Point",
        "coordinates": [
          -0.0344173,
          51.6931516
        ]
      },
      "properties": {
        "id": "node/502554220",
        "osmType": "node",
        "osmId": 502554220,
        "name": "Theobalds Grove Railway Station",
        "category": "bus_stop",
        "categoryLabel": "Bus Stop",
        "amenity": null,
        "highway": "bus_stop",
        "tourism": null,
        "historic": null,
        "railway": null,
        "website": null,
        "phone": null,
        "address": null
      }
    },
    {
      "type": "Feature",
      "id": "node/502554224",
      "geometry": {
        "type": "Point",
        "coordinates": [
          -0.0337596,
          51.6906317
        ]
      },
      "properties": {
        "id": "node/502554224",
        "osmType": "node",
        "osmId": 502554224,
        "name": "The Vine PH",
        "category": "bus_stop",
        "categoryLabel": "Bus Stop",
        "amenity": null,
        "highway": "bus_stop",
        "tourism": null,
        "historic": null,
        "railway": null,
        "website": null,
        "phone": null,
        "address": null
      }
    },
    {
      "type": "Feature",
      "id": "node/502554230",
      "geometry": {
        "type": "Point",
        "coordinates": [
          -0.0310782,
          51.6856538
        ]
      },
      "properties": {
        "id": "node/502554230",
        "osmType": "node",
        "osmId": 502554230,
        "name": "Waltham Cross Bus Station",
        "category": "bus_stop",
        "categoryLabel": "Bus Stop",
        "amenity": null,
        "highway": "bus_stop",
        "tourism": null,
        "historic": null,
        "railway": null,
        "website": null,
        "phone": null,
        "address": null
      }
    },
    {
      "type": "Feature",
      "id": "node/502554233",
      "geometry": {
        "type": "Point",
        "coordinates": [
          -0.031313,
          51.6856651
        ]
      },
      "properties": {
        "id": "node/502554233",
        "osmType": "node",
        "osmId": 502554233,
        "name": "Waltham Cross Bus Station",
        "category": "bus_stop",
        "categoryLabel": "Bus Stop",
        "amenity": null,
        "highway": "bus_stop",
        "tourism": null,
        "historic": null,
        "railway": null,
        "website": null,
        "phone": null,
        "address": null
      }
    },
    {
      "type": "Feature",
      "id": "node/502554238",
      "geometry": {
        "type": "Point",
        "coordinates": [
          -0.0311232,
          51.68552
        ]
      },
      "properties": {
        "id": "node/502554238",
        "osmType": "node",
        "osmId": 502554238,
        "name": "Waltham Cross Bus Station",
        "category": "bus_stop",
        "categoryLabel": "Bus Stop",
        "amenity": null,
        "highway": "bus_stop",
        "tourism": null,
        "historic": null,
        "railway": null,
        "website": null,
        "phone": null,
        "address": null
      }
    },
    {
      "type": "Feature",
      "id": "node/502554245",
      "geometry": {
        "type": "Point",
        "coordinates": [
          -0.0311315,
          51.6854652
        ]
      },
      "properties": {
        "id": "node/502554245",
        "osmType": "node",
        "osmId": 502554245,
        "name": "Waltham Cross Bus Station",
        "category": "bus_stop",
        "categoryLabel": "Bus Stop",
        "amenity": null,
        "highway": "bus_stop",
        "tourism": null,
        "historic": null,
        "railway": null,
        "website": null,
        "phone": null,
        "address": null
      }
    },
    {
      "type": "Feature",
      "id": "node/502554250",
      "geometry": {
        "type": "Point",
        "coordinates": [
          -0.0313757,
          51.6857285
        ]
      },
      "properties": {
        "id": "node/502554250",
        "osmType": "node",
        "osmId": 502554250,
        "name": "Waltham Cross Bus Station",
        "category": "bus_stop",
        "categoryLabel": "Bus Stop",
        "amenity": null,
        "highway": "bus_stop",
        "tourism": null,
        "historic": null,
        "railway": null,
        "website": null,
        "phone": null,
        "address": null
      }
    },
    {
      "type": "Feature",
      "id": "node/502554260",
      "geometry": {
        "type": "Point",
        "coordinates": [
          -0.0252074,
          51.6856317
        ]
      },
      "properties": {
        "id": "node/502554260",
        "osmType": "node",
        "osmId": 502554260,
        "name": "Waltham Cross Railway Station",
        "category": "bus_stop",
        "categoryLabel": "Bus Stop",
        "amenity": null,
        "highway": "bus_stop",
        "tourism": null,
        "historic": null,
        "railway": null,
        "website": null,
        "phone": null,
        "address": null
      }
    },
    {
      "type": "Feature",
      "id": "node/502554270",
      "geometry": {
        "type": "Point",
        "coordinates": [
          -0.0196573,
          51.6858104
        ]
      },
      "properties": {
        "id": "node/502554270",
        "osmType": "node",
        "osmId": 502554270,
        "name": "Queensway",
        "category": "bus_stop",
        "categoryLabel": "Bus Stop",
        "amenity": null,
        "highway": "bus_stop",
        "tourism": null,
        "historic": null,
        "railway": null,
        "website": null,
        "phone": null,
        "address": null
      }
    },
    {
      "type": "Feature",
      "id": "node/502554275",
      "geometry": {
        "type": "Point",
        "coordinates": [
          -0.0139213,
          51.6864884
        ]
      },
      "properties": {
        "id": "node/502554275",
        "osmType": "node",
        "osmId": 502554275,
        "name": "Lea Road",
        "category": "bus_stop",
        "categoryLabel": "Bus Stop",
        "amenity": null,
        "highway": "bus_stop",
        "tourism": null,
        "historic": null,
        "railway": null,
        "website": null,
        "phone": null,
        "address": null
      }
    },
    {
      "type": "Feature",
      "id": "node/502554285",
      "geometry": {
        "type": "Point",
        "coordinates": [
          -0.0138946,
          51.6863857
        ]
      },
      "properties": {
        "id": "node/502554285",
        "osmType": "node",
        "osmId": 502554285,
        "name": "Lea Road",
        "category": "bus_stop",
        "categoryLabel": "Bus Stop",
        "amenity": null,
        "highway": "bus_stop",
        "tourism": null,
        "historic": null,
        "railway": null,
        "website": null,
        "phone": null,
        "address": null
      }
    },
    {
      "type": "Feature",
      "id": "node/533979233",
      "geometry": {
        "type": "Point",
        "coordinates": [
          0.1129677,
          51.7004859
        ]
      },
      "properties": {
        "id": "node/533979233",
        "osmType": "node",
        "osmId": 533979233,
        "name": "Marlos",
        "category": "restaurant",
        "categoryLabel": "Restaurant",
        "amenity": "restaurant",
        "highway": null,
        "tourism": null,
        "historic": null,
        "railway": null,
        "website": "https://marlosepping.co.uk/",
        "phone": null,
        "address": "275 High Street, Epping CM16 4DA"
      }
    },
    {
      "type": "Feature",
      "id": "node/533979234",
      "geometry": {
        "type": "Point",
        "coordinates": [
          0.1128848,
          51.7004227
        ]
      },
      "properties": {
        "id": "node/533979234",
        "osmType": "node",
        "osmId": 533979234,
        "name": "Caff\u00e8 Nero",
        "category": "cafe",
        "categoryLabel": "Caf\u00e9",
        "amenity": "cafe",
        "highway": null,
        "tourism": null,
        "historic": null,
        "railway": null,
        "website": "https://www.caffenero.com/uk/stores/epping",
        "phone": null,
        "address": "271 High Street, Epping CM16 4DA"
      }
    },
    {
      "type": "Feature",
      "id": "node/533979238",
      "geometry": {
        "type": "Point",
        "coordinates": [
          0.1136102,
          51.7005045
        ]
      },
      "properties": {
        "id": "node/533979238",
        "osmType": "node",
        "osmId": 533979238,
        "name": "Prezzo",
        "category": "restaurant",
        "categoryLabel": "Restaurant",
        "amenity": "restaurant",
        "highway": null,
        "tourism": null,
        "historic": null,
        "railway": null,
        "website": null,
        "phone": null,
        "address": "High Street, Epping"
      }
    },
    {
      "type": "Feature",
      "id": "node/533979239",
      "geometry": {
        "type": "Point",
        "coordinates": [
          0.1134279,
          51.7007525
        ]
      },
      "properties": {
        "id": "node/533979239",
        "osmType": "node",
        "osmId": 533979239,
        "name": "The Black Lion",
        "category": "pub",
        "categoryLabel": "Pub",
        "amenity": "pub",
        "highway": null,
        "tourism": null,
        "historic": null,
        "railway": null,
        "website": null,
        "phone": null,
        "address": "293 High Street, Epping CM16 4DA"
      }
    },
    {
      "type": "Feature",
      "id": "node/533979253",
      "geometry": {
        "type": "Point",
        "coordinates": [
          0.1141218,
          51.7008324
        ]
      },
      "properties": {
        "id": "node/533979253",
        "osmType": "node",
        "osmId": 533979253,
        "name": "Belgique",
        "category": "cafe",
        "categoryLabel": "Caf\u00e9",
        "amenity": "cafe",
        "highway": null,
        "tourism": null,
        "historic": null,
        "railway": null,
        "website": "https://belgiqueshop.co.uk/",
        "phone": null,
        "address": "242 High Street, Epping CM16 4AP"
      }
    },
    {
      "type": "Feature",
      "id": "node/533979254",
      "geometry": {
        "type": "Point",
        "coordinates": [
          0.1137931,
          51.7009648
        ]
      },
      "properties": {
        "id": "node/533979254",
        "osmType": "node",
        "osmId": 533979254,
        "name": "Poppy's",
        "category": "cafe",
        "categoryLabel": "Caf\u00e9",
        "amenity": "cafe",
        "highway": null,
        "tourism": null,
        "historic": null,
        "railway": null,
        "website": null,
        "phone": null,
        "address": "High Street, Epping CM16 4DA"
      }
    },
    {
      "type": "Feature",
      "id": "node/533981744",
      "geometry": {
        "type": "Point",
        "coordinates": [
          0.1123461,
          51.6995894
        ]
      },
      "properties": {
        "id": "node/533981744",
        "osmType": "node",
        "osmId": 533981744,
        "name": "George & Dragon",
        "category": "pub",
        "categoryLabel": "Pub",
        "amenity": "pub",
        "highway": null,
        "tourism": null,
        "historic": null,
        "railway": null,
        "website": "https://www.georgeanddragonepping.co.uk/",
        "phone": null,
        "address": "206-208 High Street, Epping CM16 4AQ"
      }
    },
    {
      "type": "Feature",
      "id": "node/533984641",
      "geometry": {
        "type": "Point",
        "coordinates": [
          0.1110297,
          51.6984968
        ]
      },
      "properties": {
        "id": "node/533984641",
        "osmType": "node",
        "osmId": 533984641,
        "name": "Fred and Doug's",
        "category": "cafe",
        "categoryLabel": "Caf\u00e9",
        "amenity": "cafe",
        "highway": null,
        "tourism": null,
        "historic": null,
        "railway": null,
        "website": "https://fredanddougs.com/",
        "phone": null,
        "address": "148 High Street, Epping CM16 4AG"
      }
    },
    {
      "type": "Feature",
      "id": "node/533984643",
      "geometry": {
        "type": "Point",
        "coordinates": [
          0.1108017,
          51.6983058
        ]
      },
      "properties": {
        "id": "node/533984643",
        "osmType": "node",
        "osmId": 533984643,
        "name": "Poppy's Charcoal Grill",
        "category": "restaurant",
        "categoryLabel": "Restaurant",
        "amenity": "restaurant",
        "highway": null,
        "tourism": null,
        "historic": null,
        "railway": null,
        "website": "https://poppysgrill.co.uk/",
        "phone": null,
        "address": "142 High Street, Epping CM16 4AG"
      }
    },
    {
      "type": "Feature",
      "id": "node/533984655",
      "geometry": {
        "type": "Point",
        "coordinates": [
          0.111018,
          51.6991269
        ]
      },
      "properties": {
        "id": "node/533984655",
        "osmType": "node",
        "osmId": 533984655,
        "name": "Costa",
        "category": "cafe",
        "categoryLabel": "Caf\u00e9",
        "amenity": "cafe",
        "highway": null,
        "tourism": null,
        "historic": null,
        "railway": null,
        "website": null,
        "phone": null,
        "address": "189 High Street, Epping CM16 4BL"
      }
    },
    {
      "type": "Feature",
      "id": "node/533984666",
      "geometry": {
        "type": "Point",
        "coordinates": [
          0.1112662,
          51.6993247
        ]
      },
      "properties": {
        "id": "node/533984666",
        "osmType": "node",
        "osmId": 533984666,
        "name": "Zaikaa",
        "category": "restaurant",
        "categoryLabel": "Restaurant",
        "amenity": "restaurant",
        "highway": null,
        "tourism": null,
        "historic": null,
        "railway": null,
        "website": null,
        "phone": null,
        "address": "201 High Street, Epping CM16 4BL"
      }
    },
    {
      "type": "Feature",
      "id": "node/638694784",
      "geometry": {
        "type": "Point",
        "coordinates": [
          0.0217836,
          51.6099878
        ]
      },
      "properties": {
        "id": "node/638694784",
        "osmType": "node",
        "osmId": 638694784,
        "name": "Bel Sit",
        "category": "restaurant",
        "categoryLabel": "Restaurant",
        "amenity": "restaurant",
        "highway": null,
        "tourism": null,
        "historic": null,
        "railway": null,
        "website": null,
        "phone": null,
        "address": null
      }
    },
    {
      "type": "Feature",
      "id": "node/666217159",
      "geometry": {
        "type": "Point",
        "coordinates": [
          0.018626,
          51.6548657
        ]
      },
      "properties": {
        "id": "node/666217159",
        "osmType": "node",
        "osmId": 666217159,
        "name": "Lippitts Hill",
        "category": "viewpoint",
        "categoryLabel": "Viewpoint",
        "amenity": null,
        "highway": null,
        "tourism": "viewpoint",
        "historic": null,
        "railway": null,
        "website": null,
        "phone": null,
        "address": null
      }
    },
    {
      "type": "Feature",
      "id": "node/671649864",
      "geometry": {
        "type": "Point",
        "coordinates": [
          -0.006219,
          51.644664
        ]
      },
      "properties": {
        "id": "node/671649864",
        "osmType": "node",
        "osmId": 671649864,
        "name": "Yardley Hill",
        "category": "viewpoint",
        "categoryLabel": "Viewpoint",
        "amenity": null,
        "highway": null,
        "tourism": "viewpoint",
        "historic": null,
        "railway": null,
        "website": null,
        "phone": null,
        "address": null
      }
    },
    {
      "type": "Feature",
      "id": "node/800924567",
      "geometry": {
        "type": "Point",
        "coordinates": [
          -0.0015275,
          51.6362825
        ]
      },
      "properties": {
        "id": "node/800924567",
        "osmType": "node",
        "osmId": 800924567,
        "name": "Pole Hill",
        "category": "bench",
        "categoryLabel": "Bench",
        "amenity": "bench",
        "highway": null,
        "tourism": "viewpoint",
        "historic": null,
        "railway": null,
        "website": null,
        "phone": null,
        "address": null
      }
    },
    {
      "type": "Feature",
      "id": "node/886672760",
      "geometry": {
        "type": "Point",
        "coordinates": [
          0.0212806,
          51.6088244
        ]
      },
      "properties": {
        "id": "node/886672760",
        "osmType": "node",
        "osmId": 886672760,
        "name": "Marina meze",
        "category": "restaurant",
        "categoryLabel": "Restaurant",
        "amenity": "restaurant",
        "highway": null,
        "tourism": null,
        "historic": null,
        "railway": null,
        "website": null,
        "phone": null,
        "address": null
      }
    },
    {
      "type": "Feature",
      "id": "node/886750317",
      "geometry": {
        "type": "Point",
        "coordinates": [
          0.0327092,
          51.6070806
        ]
      },
      "properties": {
        "id": "node/886750317",
        "osmType": "node",
        "osmId": 886750317,
        "name": "Cafe Solo",
        "category": "cafe",
        "categoryLabel": "Caf\u00e9",
        "amenity": "cafe",
        "highway": null,
        "tourism": null,
        "historic": null,
        "railway": null,
        "website": null,
        "phone": null,
        "address": null
      }
    },
    {
      "type": "Feature",
      "id": "node/904104562",
      "geometry": {
        "type": "Point",
        "coordinates": [
          0.0403653,
          51.666172
        ]
      },
      "properties": {
        "id": "node/904104562",
        "osmType": "node",
        "osmId": 904104562,
        "name": "High Beech Kiosk",
        "category": "cafe",
        "categoryLabel": "Caf\u00e9",
        "amenity": "cafe",
        "highway": null,
        "tourism": null,
        "historic": null,
        "railway": null,
        "website": null,
        "phone": null,
        "address": null
      }
    },
    {
      "type": "Feature",
      "id": "node/936394505",
      "geometry": {
        "type": "Point",
        "coordinates": [
          -0.008851,
          51.710493
        ]
      },
      "properties": {
        "id": "node/936394505",
        "osmType": "node",
        "osmId": 936394505,
        "name": "Fishers Green",
        "category": "picnic_site",
        "categoryLabel": "Picnic Site",
        "amenity": null,
        "highway": null,
        "tourism": "picnic_site",
        "historic": null,
        "railway": null,
        "website": null,
        "phone": null,
        "address": null
      }
    },
    {
      "type": "Feature",
      "id": "node/946889300",
      "geometry": {
        "type": "Point",
        "coordinates": [
          0.0462191,
          51.6252492
        ]
      },
      "properties": {
        "id": "node/946889300",
        "osmType": "node",
        "osmId": 946889300,
        "name": "Railway Bar & Grill",
        "category": "pub",
        "categoryLabel": "Pub",
        "amenity": "pub",
        "highway": null,
        "tourism": null,
        "historic": null,
        "railway": null,
        "website": null,
        "phone": null,
        "address": null
      }
    },
    {
      "type": "Feature",
      "id": "node/992820949",
      "geometry": {
        "type": "Point",
        "coordinates": [
          0.0023379,
          51.6503025
        ]
      },
      "properties": {
        "id": "node/992820949",
        "osmType": "node",
        "osmId": 992820949,
        "name": "Buffalo Statue",
        "category": "historic",
        "categoryLabel": "Historic Site",
        "amenity": null,
        "highway": null,
        "tourism": null,
        "historic": "monument",
        "railway": null,
        "website": null,
        "phone": null,
        "address": null
      }
    },
    {
      "type": "Feature",
      "id": "node/1012420463",
      "geometry": {
        "type": "Point",
        "coordinates": [
          0.0223745,
          51.5953268
        ]
      },
      "properties": {
        "id": "node/1012420463",
        "osmType": "node",
        "osmId": 1012420463,
        "name": "Vadi",
        "category": "restaurant",
        "categoryLabel": "Restaurant",
        "amenity": "restaurant",
        "highway": null,
        "tourism": null,
        "historic": null,
        "railway": null,
        "website": "http://ekmek.co.uk/",
        "phone": "+44 20 8220 3963",
        "address": "84-86 High Road, London E18 2NA"
      }
    },
    {
      "type": "Feature",
      "id": "node/1115946262",
      "geometry": {
        "type": "Point",
        "coordinates": [
          0.0855752,
          51.6076958
        ]
      },
      "properties": {
        "id": "node/1115946262",
        "osmType": "node",
        "osmId": 1115946262,
        "name": "Shimla Merch Indian Takeaway",
        "category": "restaurant",
        "categoryLabel": "Restaurant",
        "amenity": "restaurant",
        "highway": null,
        "tourism": null,
        "historic": null,
        "railway": null,
        "website": "https://www.shimlamirch-chigwell.com/",
        "phone": "+44 20 8501 2526",
        "address": "552-556 Limes Avenue, Chigwell IG7 5NT"
      }
    },
    {
      "type": "Feature",
      "id": "node/1115946301",
      "geometry": {
        "type": "Point",
        "coordinates": [
          0.0855401,
          51.6077874
        ]
      },
      "properties": {
        "id": "node/1115946301",
        "osmType": "node",
        "osmId": 1115946301,
        "name": "Sky Kebab & Pizza",
        "category": "restaurant",
        "categoryLabel": "Restaurant",
        "amenity": "restaurant",
        "highway": null,
        "tourism": null,
        "historic": null,
        "railway": null,
        "website": "https://skykebabpizza.com/",
        "phone": null,
        "address": "552-556, Chigwell IG7 5NT"
      }
    },
    {
      "type": "Feature",
      "id": "node/1216002593",
      "geometry": {
        "type": "Point",
        "coordinates": [
          0.0835948,
          51.6475015
        ]
      },
      "properties": {
        "id": "node/1216002593",
        "osmType": "node",
        "osmId": 1216002593,
        "name": "Broadway Patisserie",
        "category": "cafe",
        "categoryLabel": "Caf\u00e9",
        "amenity": "cafe",
        "highway": null,
        "tourism": null,
        "historic": null,
        "railway": null,
        "website": null,
        "phone": null,
        "address": null
      }
    },
    {
      "type": "Feature",
      "id": "node/1216059065",
      "geometry": {
        "type": "Point",
        "coordinates": [
          0.0578517,
          51.6512355
        ]
      },
      "properties": {
        "id": "node/1216059065",
        "osmType": "node",
        "osmId": 1216059065,
        "name": "Fifteen York Hill",
        "category": "pub",
        "categoryLabel": "Pub",
        "amenity": "pub",
        "highway": null,
        "tourism": null,
        "historic": null,
        "railway": null,
        "website": null,
        "phone": null,
        "address": "15 York Hill"
      }
    },
    {
      "type": "Feature",
      "id": "node/1216069730",
      "geometry": {
        "type": "Point",
        "coordinates": [
          0.05322,
          51.6457247
        ]
      },
      "properties": {
        "id": "node/1216069730",
        "osmType": "node",
        "osmId": 1216069730,
        "name": "The Hollybush",
        "category": "pub",
        "categoryLabel": "Pub",
        "amenity": "pub",
        "highway": null,
        "tourism": null,
        "historic": null,
        "railway": null,
        "website": "https://mcmullens.co.uk/hollybush",
        "phone": "+44 20 8508 1156",
        "address": "140 High Road, Loughton IG10 4BE"
      }
    },
    {
      "type": "Feature",
      "id": "node/1262600400",
      "geometry": {
        "type": "Point",
        "coordinates": [
          0.025516,
          51.6154666
        ]
      },
      "properties": {
        "id": "node/1262600400",
        "osmType": "node",
        "osmId": 1262600400,
        "name": "Eat Wells",
        "category": "cafe",
        "categoryLabel": "Caf\u00e9",
        "amenity": "cafe",
        "highway": null,
        "tourism": null,
        "historic": null,
        "railway": null,
        "website": null,
        "phone": null,
        "address": null
      }
    },
    {
      "type": "Feature",
      "id": "node/1315533256",
      "geometry": {
        "type": "Point",
        "coordinates": [
          0.0226593,
          51.5964852
        ]
      },
      "properties": {
        "id": "node/1315533256",
        "osmType": "node",
        "osmId": 1315533256,
        "name": "Prezzo",
        "category": "restaurant",
        "categoryLabel": "Restaurant",
        "amenity": "restaurant",
        "highway": null,
        "tourism": null,
        "historic": null,
        "railway": null,
        "website": null,
        "phone": null,
        "address": "98-106 High Road, London E18 2QH"
      }
    },
    {
      "type": "Feature",
      "id": "node/1315559718",
      "geometry": {
        "type": "Point",
        "coordinates": [
          0.0225003,
          51.5951293
        ]
      },
      "properties": {
        "id": "node/1315559718",
        "osmType": "node",
        "osmId": 1315559718,
        "name": "PizzaExpress",
        "category": "restaurant",
        "categoryLabel": "Restaurant",
        "amenity": "restaurant",
        "highway": null,
        "tourism": null,
        "historic": null,
        "railway": null,
        "website": "https://www.pizzaexpress.com/south-woodford-high-road",
        "phone": null,
        "address": "76-78 High Road, London E18 2NA"
      }
    },
    {
      "type": "Feature",
      "id": "node/1320937317",
      "geometry": {
        "type": "Point",
        "coordinates": [
          0.0679867,
          51.694336
        ]
      },
      "properties": {
        "id": "node/1320937317",
        "osmType": "node",
        "osmId": 1320937317,
        "name": "Copped Hall",
        "category": "historic",
        "categoryLabel": "Historic Site",
        "amenity": null,
        "highway": null,
        "tourism": null,
        "historic": "ruins",
        "railway": null,
        "website": null,
        "phone": null,
        "address": null
      }
    },
    {
      "type": "Feature",
      "id": "node/1334086707",
      "geometry": {
        "type": "Point",
        "coordinates": [
          0.1359246,
          51.7053147
        ]
      },
      "properties": {
        "id": "node/1334086707",
        "osmType": "node",
        "osmId": 1334086707,
        "name": "Herb 'N' Spice Tandoori",
        "category": "restaurant",
        "categoryLabel": "Restaurant",
        "amenity": "restaurant",
        "highway": null,
        "tourism": null,
        "historic": null,
        "railway": null,
        "website": null,
        "phone": null,
        "address": "31-32 Parklands, CM16 7RE"
      }
    },
    {
      "type": "Feature",
      "id": "node/1365481739",
      "geometry": {
        "type": "Point",
        "coordinates": [
          -0.001183,
          51.7119092
        ]
      },
      "properties": {
        "id": "node/1365481739",
        "osmType": "node",
        "osmId": 1365481739,
        "name": "Hayes Hill Farm caf\u00e9",
        "category": "cafe",
        "categoryLabel": "Caf\u00e9",
        "amenity": "cafe",
        "highway": null,
        "tourism": null,
        "historic": null,
        "railway": null,
        "website": null,
        "phone": null,
        "address": null
      }
    },
    {
      "type": "Feature",
      "id": "node/1372644964",
      "geometry": {
        "type": "Point",
        "coordinates": [
          0.0875097,
          51.7212222
        ]
      },
      "properties": {
        "id": "node/1372644964",
        "osmType": "node",
        "osmId": 1372644964,
        "name": "WWI & WWII War Memorials",
        "category": "historic",
        "categoryLabel": "Historic Site",
        "amenity": null,
        "highway": null,
        "tourism": null,
        "historic": "memorial",
        "railway": null,
        "website": null,
        "phone": null,
        "address": null
      }
    },
    {
      "type": "Feature",
      "id": "node/1494249893",
      "geometry": {
        "type": "Point",
        "coordinates": [
          0.0011534,
          51.6868368
        ]
      },
      "properties": {
        "id": "node/1494249893",
        "osmType": "node",
        "osmId": 1494249893,
        "name": "New Inn",
        "category": "pub",
        "categoryLabel": "Pub",
        "amenity": "pub",
        "highway": null,
        "tourism": null,
        "historic": null,
        "railway": null,
        "website": null,
        "phone": null,
        "address": null
      }
    },
    {
      "type": "Feature",
      "id": "node/1494249894",
      "geometry": {
        "type": "Point",
        "coordinates": [
          0.0090014,
          51.6875277
        ]
      },
      "properties": {
        "id": "node/1494249894",
        "osmType": "node",
        "osmId": 1494249894,
        "name": "Green Man",
        "category": "pub",
        "categoryLabel": "Pub",
        "amenity": "pub",
        "highway": null,
        "tourism": null,
        "historic": null,
        "railway": null,
        "website": null,
        "phone": null,
        "address": null
      }
    },
    {
      "type": "Feature",
      "id": "node/1494252702",
      "geometry": {
        "type": "Point",
        "coordinates": [
          -0.0028618,
          51.6870887
        ]
      },
      "properties": {
        "id": "node/1494252702",
        "osmType": "node",
        "osmId": 1494252702,
        "name": "Welsh Harp",
        "category": "pub",
        "categoryLabel": "Pub",
        "amenity": "pub",
        "highway": null,
        "tourism": null,
        "historic": null,
        "railway": null,
        "website": null,
        "phone": null,
        "address": null
      }
    },
    {
      "type": "Feature",
      "id": "node/1526805961",
      "geometry": {
        "type": "Point",
        "coordinates": [
          0.1024234,
          51.671442
        ]
      },
      "properties": {
        "id": "node/1526805961",
        "osmType": "node",
        "osmId": 1526805961,
        "name": "Theydon Bois Balti House",
        "category": "restaurant",
        "categoryLabel": "Restaurant",
        "amenity": "restaurant",
        "highway": null,
        "tourism": null,
        "historic": null,
        "railway": null,
        "website": "https://www.theydonboisbalti.co.uk/",
        "phone": null,
        "address": "Station Approach, Theydon Bois CM16 7HR"
      }
    },
    {
      "type": "Feature",
      "id": "node/1587291199",
      "geometry": {
        "type": "Point",
        "coordinates": [
          -0.0240543,
          51.6045085
        ]
      },
      "properties": {
        "id": "node/1587291199",
        "osmType": "node",
        "osmId": 1587291199,
        "name": null,
        "category": "cafe",
        "categoryLabel": "Caf\u00e9",
        "amenity": "cafe",
        "highway": null,
        "tourism": null,
        "historic": null,
        "railway": null,
        "website": null,
        "phone": null,
        "address": null
      }
    },
    {
      "type": "Feature",
      "id": "node/1777189056",
      "geometry": {
        "type": "Point",
        "coordinates": [
          0.0980035,
          51.5950358
        ]
      },
      "properties": {
        "id": "node/1777189056",
        "osmType": "node",
        "osmId": 1777189056,
        "name": null,
        "category": "pub",
        "categoryLabel": "Pub",
        "amenity": "pub",
        "highway": null,
        "tourism": null,
        "historic": null,
        "railway": null,
        "website": null,
        "phone": null,
        "address": null
      }
    },
    {
      "type": "Feature",
      "id": "node/1837956202",
      "geometry": {
        "type": "Point",
        "coordinates": [
          -0.0028825,
          51.6867343
        ]
      },
      "properties": {
        "id": "node/1837956202",
        "osmType": "node",
        "osmId": 1837956202,
        "name": "Green Dragon",
        "category": "pub",
        "categoryLabel": "Pub",
        "amenity": "pub",
        "highway": null,
        "tourism": null,
        "historic": null,
        "railway": null,
        "website": null,
        "phone": null,
        "address": null
      }
    },
    {
      "type": "Feature",
      "id": "node/1950186711",
      "geometry": {
        "type": "Point",
        "coordinates": [
          0.1139888,
          51.6936318
        ]
      },
      "properties": {
        "id": "node/1950186711",
        "osmType": "node",
        "osmId": 1950186711,
        "name": "Epping",
        "category": "station",
        "categoryLabel": "Train Station",
        "amenity": null,
        "highway": null,
        "tourism": null,
        "historic": null,
        "railway": "station",
        "website": null,
        "phone": null,
        "address": null
      }
    },
    {
      "type": "Feature",
      "id": "node/1975218586",
      "geometry": {
        "type": "Point",
        "coordinates": [
          0.0223326,
          51.5954197
        ]
      },
      "properties": {
        "id": "node/1975218586",
        "osmType": "node",
        "osmId": 1975218586,
        "name": "Nando's",
        "category": "restaurant",
        "categoryLabel": "Restaurant",
        "amenity": "restaurant",
        "highway": null,
        "tourism": null,
        "historic": null,
        "railway": null,
        "website": "https://www.nandos.co.uk/restaurants/south-woodford",
        "phone": null,
        "address": "88-90 High Road, London E18 2NA"
      }
    },
    {
      "type": "Feature",
      "id": "node/2018958185",
      "geometry": {
        "type": "Point",
        "coordinates": [
          0.0526915,
          51.6445697
        ]
      },
      "properties": {
        "id": "node/2018958185",
        "osmType": "node",
        "osmId": 2018958185,
        "name": "India Grill",
        "category": "restaurant",
        "categoryLabel": "Restaurant",
        "amenity": "restaurant",
        "highway": null,
        "tourism": null,
        "historic": null,
        "railway": null,
        "website": null,
        "phone": null,
        "address": null
      }
    },
    {
      "type": "Feature",
      "id": "node/2018958211",
      "geometry": {
        "type": "Point",
        "coordinates": [
          0.0530804,
          51.6450973
        ]
      },
      "properties": {
        "id": "node/2018958211",
        "osmType": "node",
        "osmId": 2018958211,
        "name": "Tuscany/Chaipan",
        "category": "restaurant",
        "categoryLabel": "Restaurant",
        "amenity": "restaurant",
        "highway": null,
        "tourism": null,
        "historic": null,
        "railway": null,
        "website": "http://tuscanychaipan.com/",
        "phone": null,
        "address": null
      }
    },
    {
      "type": "Feature",
      "id": "node/2048405135",
      "geometry": {
        "type": "Point",
        "coordinates": [
          0.0791428,
          51.6648513
        ]
      },
      "properties": {
        "id": "node/2048405135",
        "osmType": "node",
        "osmId": 2048405135,
        "name": "Debden House Camp Site Cafe",
        "category": "cafe",
        "categoryLabel": "Caf\u00e9",
        "amenity": "cafe",
        "highway": null,
        "tourism": null,
        "historic": null,
        "railway": null,
        "website": null,
        "phone": null,
        "address": "Debden Green, Loughton IG10 2NZ"
      }
    },
    {
      "type": "Feature",
      "id": "node/2109642493",
      "geometry": {
        "type": "Point",
        "coordinates": [
          0.0255395,
          51.6150506
        ]
      },
      "properties": {
        "id": "node/2109642493",
        "osmType": "node",
        "osmId": 2109642493,
        "name": "The Travellers Friend",
        "category": "pub",
        "categoryLabel": "Pub",
        "amenity": "pub",
        "highway": null,
        "tourism": null,
        "historic": null,
        "railway": null,
        "website": null,
        "phone": null,
        "address": "496-498 High Road, Woodford Green IG8 0PN"
      }
    },
    {
      "type": "Feature",
      "id": "node/2129514735",
      "geometry": {
        "type": "Point",
        "coordinates": [
          0.0874797,
          51.6027393
        ]
      },
      "properties": {
        "id": "node/2129514735",
        "osmType": "node",
        "osmId": 2129514735,
        "name": "Monsoon",
        "category": "restaurant",
        "categoryLabel": "Restaurant",
        "amenity": "restaurant",
        "highway": null,
        "tourism": null,
        "historic": null,
        "railway": null,
        "website": null,
        "phone": null,
        "address": "55 New North Road"
      }
    },
    {
      "type": "Feature",
      "id": "node/2147835473",
      "geometry": {
        "type": "Point",
        "coordinates": [
          0.0214089,
          51.5965861
        ]
      },
      "properties": {
        "id": "node/2147835473",
        "osmType": "node",
        "osmId": 2147835473,
        "name": "Dynasty",
        "category": "restaurant",
        "categoryLabel": "Restaurant",
        "amenity": "restaurant",
        "highway": null,
        "tourism": null,
        "historic": null,
        "railway": null,
        "website": null,
        "phone": "+44 20 8504 0475",
        "address": "139 High Road, London E18 2PA"
      }
    },
    {
      "type": "Feature",
      "id": "node/2147835486",
      "geometry": {
        "type": "Point",
        "coordinates": [
          0.0214384,
          51.5963111
        ]
      },
      "properties": {
        "id": "node/2147835486",
        "osmType": "node",
        "osmId": 2147835486,
        "name": "The Canteen Cafe",
        "category": "cafe",
        "categoryLabel": "Caf\u00e9",
        "amenity": "cafe",
        "highway": null,
        "tourism": null,
        "historic": null,
        "railway": null,
        "website": null,
        "phone": "+44 20 8504 3333",
        "address": "127 High Road, London E18 2PA"
      }
    },
    {
      "type": "Feature",
      "id": "node/2234846466",
      "geometry": {
        "type": "Point",
        "coordinates": [
          0.118243,
          51.6513321
        ]
      },
      "properties": {
        "id": "node/2234846466",
        "osmType": "node",
        "osmId": 2234846466,
        "name": "The New Roding",
        "category": "restaurant",
        "categoryLabel": "Restaurant",
        "amenity": "restaurant",
        "highway": null,
        "tourism": null,
        "historic": null,
        "railway": null,
        "website": null,
        "phone": null,
        "address": "18 Market Place"
      }
    },
    {
      "type": "Feature",
      "id": "node/2284359860",
      "geometry": {
        "type": "Point",
        "coordinates": [
          0.1001742,
          51.6717325
        ]
      },
      "properties": {
        "id": "node/2284359860",
        "osmType": "node",
        "osmId": 2284359860,
        "name": "Indian Ocean",
        "category": "restaurant",
        "categoryLabel": "Restaurant",
        "amenity": "restaurant",
        "highway": null,
        "tourism": null,
        "historic": null,
        "railway": null,
        "website": "https://www.indianoceantheydon.co.uk/",
        "phone": null,
        "address": "Coppice Row, Theydon Bois CM16 7ES"
      }
    },
    {
      "type": "Feature",
      "id": "node/2293528952",
      "geometry": {
        "type": "Point",
        "coordinates": [
          0.0504156,
          51.5990126
        ]
      },
      "properties": {
        "id": "node/2293528952",
        "osmType": "node",
        "osmId": 2293528952,
        "name": "Pat's Cafe",
        "category": "cafe",
        "categoryLabel": "Caf\u00e9",
        "amenity": "cafe",
        "highway": null,
        "tourism": null,
        "historic": null,
        "railway": null,
        "website": null,
        "phone": null,
        "address": null
      }
    },
    {
      "type": "Feature",
      "id": "node/2371879502",
      "geometry": {
        "type": "Point",
        "coordinates": [
          0.1135914,
          51.6935084
        ]
      },
      "properties": {
        "id": "node/2371879502",
        "osmType": "node",
        "osmId": 2371879502,
        "name": "Lawlor Taxis Ltd",
        "category": "taxi",
        "categoryLabel": "Taxi",
        "amenity": "taxi",
        "highway": null,
        "tourism": null,
        "historic": null,
        "railway": null,
        "website": null,
        "phone": null,
        "address": "CM16 4HW"
      }
    },
    {
      "type": "Feature",
      "id": "node/2432513231",
      "geometry": {
        "type": "Point",
        "coordinates": [
          0.0439936,
          51.6252452
        ]
      },
      "properties": {
        "id": "node/2432513231",
        "osmType": "node",
        "osmId": 2432513231,
        "name": "Costa",
        "category": "cafe",
        "categoryLabel": "Caf\u00e9",
        "amenity": "cafe",
        "highway": null,
        "tourism": null,
        "historic": null,
        "railway": null,
        "website": null,
        "phone": null,
        "address": "48 Queens Road, Buckhurst Hill IG9 5BY"
      }
    },
    {
      "type": "Feature",
      "id": "node/2432513244",
      "geometry": {
        "type": "Point",
        "coordinates": [
          0.0451066,
          51.6251459
        ]
      },
      "properties": {
        "id": "node/2432513244",
        "osmType": "node",
        "osmId": 2432513244,
        "name": "Legends Cafe",
        "category": "cafe",
        "categoryLabel": "Caf\u00e9",
        "amenity": "cafe",
        "highway": null,
        "tourism": null,
        "historic": null,
        "railway": null,
        "website": null,
        "phone": null,
        "address": null
      }
    },
    {
      "type": "Feature",
      "id": "node/2441473362",
      "geometry": {
        "type": "Point",
        "coordinates": [
          -0.0026232,
          51.6867383
        ]
      },
      "properties": {
        "id": "node/2441473362",
        "osmType": "node",
        "osmId": 2441473362,
        "name": "Tony's Pie N Mash",
        "category": "restaurant",
        "categoryLabel": "Restaurant",
        "amenity": "restaurant",
        "highway": null,
        "tourism": null,
        "historic": null,
        "railway": null,
        "website": null,
        "phone": null,
        "address": "7-8 Market Square, Waltham Abbey EN9 1DP"
      }
    },
    {
      "type": "Feature",
      "id": "node/2498629196",
      "geometry": {
        "type": "Point",
        "coordinates": [
          -0.0014056,
          51.7084124
        ]
      },
      "properties": {
        "id": "node/2498629196",
        "osmType": "node",
        "osmId": 2498629196,
        "name": "Hayes Hill Farm",
        "category": "bus_stop",
        "categoryLabel": "Bus Stop",
        "amenity": null,
        "highway": "bus_stop",
        "tourism": null,
        "historic": null,
        "railway": null,
        "website": null,
        "phone": null,
        "address": null
      }
    },
    {
      "type": "Feature",
      "id": "node/2871078304",
      "geometry": {
        "type": "Point",
        "coordinates": [
          0.0094745,
          51.5983931
        ]
      },
      "properties": {
        "id": "node/2871078304",
        "osmType": "node",
        "osmId": 2871078304,
        "name": "Gipsy Rodney Smith",
        "category": "historic",
        "categoryLabel": "Historic Site",
        "amenity": null,
        "highway": null,
        "tourism": null,
        "historic": "memorial",
        "railway": null,
        "website": null,
        "phone": null,
        "address": null
      }
    },
    {
      "type": "Feature",
      "id": "node/2934286187",
      "geometry": {
        "type": "Point",
        "coordinates": [
          0.0197816,
          51.5995427
        ]
      },
      "properties": {
        "id": "node/2934286187",
        "osmType": "node",
        "osmId": 2934286187,
        "name": "Jamuna",
        "category": "restaurant",
        "categoryLabel": "Restaurant",
        "amenity": "restaurant",
        "highway": null,
        "tourism": null,
        "historic": null,
        "railway": null,
        "website": "http://www.jamuna-tandoori.co.uk/",
        "phone": "+44 20 8504 4303",
        "address": "249 High Road, London E18 2PB"
      }
    },
    {
      "type": "Feature",
      "id": "node/3032955659",
      "geometry": {
        "type": "Point",
        "coordinates": [
          0.0336656,
          51.6081279
        ]
      },
      "properties": {
        "id": "node/3032955659",
        "osmType": "node",
        "osmId": 3032955659,
        "name": "Broadway Meze",
        "category": "restaurant",
        "categoryLabel": "Restaurant",
        "amenity": "restaurant",
        "highway": null,
        "tourism": null,
        "historic": null,
        "railway": null,
        "website": null,
        "phone": null,
        "address": null
      }
    },
    {
      "type": "Feature",
      "id": "node/3063333284",
      "geometry": {
        "type": "Point",
        "coordinates": [
          0.0494625,
          51.6294493
        ]
      },
      "properties": {
        "id": "node/3063333284",
        "osmType": "node",
        "osmId": 3063333284,
        "name": "Roding View",
        "category": "bus_stop",
        "categoryLabel": "Bus Stop",
        "amenity": null,
        "highway": "bus_stop",
        "tourism": null,
        "historic": null,
        "railway": null,
        "website": null,
        "phone": null,
        "address": null
      }
    },
    {
      "type": "Feature",
      "id": "node/3076573914",
      "geometry": {
        "type": "Point",
        "coordinates": [
          0.0468161,
          51.6259439
        ]
      },
      "properties": {
        "id": "node/3076573914",
        "osmType": "node",
        "osmId": 3076573914,
        "name": "Buckhurst Hill",
        "category": "station",
        "categoryLabel": "Train Station",
        "amenity": null,
        "highway": null,
        "tourism": null,
        "historic": null,
        "railway": "station",
        "website": null,
        "phone": null,
        "address": null
      }
    },
    {
      "type": "Feature",
      "id": "node/3076573916",
      "geometry": {
        "type": "Point",
        "coordinates": [
          0.0757204,
          51.6176444
        ]
      },
      "properties": {
        "id": "node/3076573916",
        "osmType": "node",
        "osmId": 3076573916,
        "name": "Chigwell",
        "category": "station",
        "categoryLabel": "Train Station",
        "amenity": null,
        "highway": null,
        "tourism": null,
        "historic": null,
        "railway": "station",
        "website": null,
        "phone": null,
        "address": null
      }
    },
    {
      "type": "Feature",
      "id": "node/3076573917",
      "geometry": {
        "type": "Point",
        "coordinates": [
          0.083583,
          51.6452814
        ]
      },
      "properties": {
        "id": "node/3076573917",
        "osmType": "node",
        "osmId": 3076573917,
        "name": "Debden",
        "category": "station",
        "categoryLabel": "Train Station",
        "amenity": null,
        "highway": null,
        "tourism": null,
        "historic": null,
        "railway": "station",
        "website": null,
        "phone": null,
        "address": null
      }
    },
    {
      "type": "Feature",
      "id": "node/3076573924",
      "geometry": {
        "type": "Point",
        "coordinates": [
          0.0911302,
          51.5959477
        ]
      },
      "properties": {
        "id": "node/3076573924",
        "osmType": "node",
        "osmId": 3076573924,
        "name": "Fairlop",
        "category": "station",
        "categoryLabel": "Train Station",
        "amenity": null,
        "highway": null,
        "tourism": null,
        "historic": null,
        "railway": "station",
        "website": null,
        "phone": null,
        "address": null
      }
    },
    {
      "type": "Feature",
      "id": "node/3076573926",
      "geometry": {
        "type": "Point",
        "coordinates": [
          0.0925025,
          51.613134
        ]
      },
      "properties": {
        "id": "node/3076573926",
        "osmType": "node",
        "osmId": 3076573926,
        "name": "Grange Hill",
        "category": "station",
        "categoryLabel": "Train Station",
        "amenity": null,
        "highway": null,
        "tourism": null,
        "historic": null,
        "railway": "station",
        "website": null,
        "phone": null,
        "address": null
      }
    },
    {
      "type": "Feature",
      "id": "node/3076573927",
      "geometry": {
        "type": "Point",
        "coordinates": [
          0.0933827,
          51.6033138
        ]
      },
      "properties": {
        "id": "node/3076573927",
        "osmType": "node",
        "osmId": 3076573927,
        "name": "Hainault",
        "category": "station",
        "categoryLabel": "Train Station",
        "amenity": null,
        "highway": null,
        "tourism": null,
        "historic": null,
        "railway": "station",
        "website": null,
        "phone": null,
        "address": null
      }
    },
    {
      "type": "Feature",
      "id": "node/3076574238",
      "geometry": {
        "type": "Point",
        "coordinates": [
          0.0437553,
          51.6170812
        ]
      },
      "properties": {
        "id": "node/3076574238",
        "osmType": "node",
        "osmId": 3076574238,
        "name": "Roding Valley",
        "category": "station",
        "categoryLabel": "Train Station",
        "amenity": null,
        "highway": null,
        "tourism": null,
        "historic": null,
        "railway": "station",
        "website": null,
        "phone": null,
        "address": null
      }
    },
    {
      "type": "Feature",
      "id": "node/3077522360",
      "geometry": {
        "type": "Point",
        "coordinates": [
          0.0169158,
          51.6343309
        ]
      },
      "properties": {
        "id": "node/3077522360",
        "osmType": "node",
        "osmId": 3077522360,
        "name": "The Royal Forest",
        "category": "pub",
        "categoryLabel": "Pub",
        "amenity": "pub",
        "highway": null,
        "tourism": null,
        "historic": null,
        "railway": null,
        "website": null,
        "phone": null,
        "address": "4 Ranger's Road, London E4 7QH"
      }
    },
    {
      "type": "Feature",
      "id": "node/3086183461",
      "geometry": {
        "type": "Point",
        "coordinates": [
          0.0533249,
          51.6330142
        ]
      },
      "properties": {
        "id": "node/3086183461",
        "osmType": "node",
        "osmId": 3086183461,
        "name": "P & J Attree",
        "category": "cafe",
        "categoryLabel": "Caf\u00e9",
        "amenity": "cafe",
        "highway": null,
        "tourism": null,
        "historic": null,
        "railway": null,
        "website": null,
        "phone": null,
        "address": "154 Loughton Way, Loughton IG9 6AR"
      }
    },
    {
      "type": "Feature",
      "id": "node/3086185467",
      "geometry": {
        "type": "Point",
        "coordinates": [
          0.053224,
          51.6329256
        ]
      },
      "properties": {
        "id": "node/3086185467",
        "osmType": "node",
        "osmId": 3086185467,
        "name": "Loughton Caffe Bar",
        "category": "cafe",
        "categoryLabel": "Caf\u00e9",
        "amenity": "cafe",
        "highway": null,
        "tourism": null,
        "historic": null,
        "railway": null,
        "website": null,
        "phone": null,
        "address": "150 Loughton Way, Loughton IG9 6AR"
      }
    },
    {
      "type": "Feature",
      "id": "node/3136624128",
      "geometry": {
        "type": "Point",
        "coordinates": [
          0.0493233,
          51.659299
        ]
      },
      "properties": {
        "id": "node/3136624128",
        "osmType": "node",
        "osmId": 3136624128,
        "name": "Loughton Camp",
        "category": "historic",
        "categoryLabel": "Historic Site",
        "amenity": null,
        "highway": null,
        "tourism": null,
        "historic": "archaeological_site",
        "railway": null,
        "website": null,
        "phone": null,
        "address": null
      }
    },
    {
      "type": "Feature",
      "id": "node/3235187235",
      "geometry": {
        "type": "Point",
        "coordinates": [
          0.0515118,
          51.6962636
        ]
      },
      "properties": {
        "id": "node/3235187235",
        "osmType": "node",
        "osmId": 3235187235,
        "name": "Boudicca's Obelisk",
        "category": "historic",
        "categoryLabel": "Historic Site",
        "amenity": null,
        "highway": null,
        "tourism": null,
        "historic": "memorial",
        "railway": null,
        "website": null,
        "phone": null,
        "address": null
      }
    },
    {
      "type": "Feature",
      "id": "node/3235223876",
      "geometry": {
        "type": "Point",
        "coordinates": [
          0.0485066,
          51.6928822
        ]
      },
      "properties": {
        "id": "node/3235223876",
        "osmType": "node",
        "osmId": 3235223876,
        "name": "The Temple",
        "category": "historic",
        "categoryLabel": "Historic Site",
        "amenity": null,
        "highway": null,
        "tourism": null,
        "historic": "memorial",
        "railway": null,
        "website": null,
        "phone": null,
        "address": null
      }
    },
    {
      "type": "Feature",
      "id": "node/3303508161",
      "geometry": {
        "type": "Point",
        "coordinates": [
          0.0282215,
          51.614616
        ]
      },
      "properties": {
        "id": "node/3303508161",
        "osmType": "node",
        "osmId": 3303508161,
        "name": "Woodford Wells Cricket Club Bar",
        "category": "bar",
        "categoryLabel": "Bar",
        "amenity": "bar",
        "highway": null,
        "tourism": null,
        "historic": null,
        "railway": null,
        "website": null,
        "phone": null,
        "address": "Monkham's Lane, Woodford Green IG8 0NL"
      }
    },
    {
      "type": "Feature",
      "id": "node/3391077307",
      "geometry": {
        "type": "Point",
        "coordinates": [
          0.1141211,
          51.6191756
        ]
      },
      "properties": {
        "id": "node/3391077307",
        "osmType": "node",
        "osmId": 3391077307,
        "name": "Lambourne Road",
        "category": "bus_stop",
        "categoryLabel": "Bus Stop",
        "amenity": null,
        "highway": "bus_stop",
        "tourism": null,
        "historic": null,
        "railway": null,
        "website": null,
        "phone": null,
        "address": null
      }
    },
    {
      "type": "Feature",
      "id": "node/3438116573",
      "geometry": {
        "type": "Point",
        "coordinates": [
          -0.0221545,
          51.6750096
        ]
      },
      "properties": {
        "id": "node/3438116573",
        "osmType": "node",
        "osmId": 3438116573,
        "name": "Solar Way",
        "category": "bus_stop",
        "categoryLabel": "Bus Stop",
        "amenity": null,
        "highway": "bus_stop",
        "tourism": null,
        "historic": null,
        "railway": null,
        "website": null,
        "phone": null,
        "address": null
      }
    },
    {
      "type": "Feature",
      "id": "node/3455576872",
      "geometry": {
        "type": "Point",
        "coordinates": [
          -0.0211044,
          51.6763531
        ]
      },
      "properties": {
        "id": "node/3455576872",
        "osmType": "node",
        "osmId": 3455576872,
        "name": "Innova Park",
        "category": "bus_stop",
        "categoryLabel": "Bus Stop",
        "amenity": null,
        "highway": "bus_stop",
        "tourism": null,
        "historic": null,
        "railway": null,
        "website": null,
        "phone": null,
        "address": null
      }
    },
    {
      "type": "Feature",
      "id": "node/3456446487",
      "geometry": {
        "type": "Point",
        "coordinates": [
          -0.0208784,
          51.6766868
        ]
      },
      "properties": {
        "id": "node/3456446487",
        "osmType": "node",
        "osmId": 3456446487,
        "name": "Innova Park",
        "category": "bus_stop",
        "categoryLabel": "Bus Stop",
        "amenity": null,
        "highway": "bus_stop",
        "tourism": null,
        "historic": null,
        "railway": null,
        "website": null,
        "phone": null,
        "address": null
      }
    },
    {
      "type": "Feature",
      "id": "node/3579105051",
      "geometry": {
        "type": "Point",
        "coordinates": [
          -0.0304167,
          51.6558255
        ]
      },
      "properties": {
        "id": "node/3579105051",
        "osmType": "node",
        "osmId": 3579105051,
        "name": "Royal Star Cafe 2",
        "category": "cafe",
        "categoryLabel": "Caf\u00e9",
        "amenity": "cafe",
        "highway": null,
        "tourism": null,
        "historic": null,
        "railway": null,
        "website": null,
        "phone": null,
        "address": "263 Green Street"
      }
    },
    {
      "type": "Feature",
      "id": "node/3579215472",
      "geometry": {
        "type": "Point",
        "coordinates": [
          -0.0295,
          51.651932
        ]
      },
      "properties": {
        "id": "node/3579215472",
        "osmType": "node",
        "osmId": 3579215472,
        "name": null,
        "category": "bus_stop",
        "categoryLabel": "Bus Stop",
        "amenity": null,
        "highway": "bus_stop",
        "tourism": null,
        "historic": null,
        "railway": null,
        "website": null,
        "phone": null,
        "address": null
      }
    },
    {
      "type": "Feature",
      "id": "node/3579255528",
      "geometry": {
        "type": "Point",
        "coordinates": [
          -0.0308776,
          51.6487242
        ]
      },
      "properties": {
        "id": "node/3579255528",
        "osmType": "node",
        "osmId": 3579255528,
        "name": "Sandwich Bar",
        "category": "cafe",
        "categoryLabel": "Caf\u00e9",
        "amenity": "cafe",
        "highway": null,
        "tourism": null,
        "historic": null,
        "railway": null,
        "website": null,
        "phone": null,
        "address": null
      }
    },
    {
      "type": "Feature",
      "id": "node/3590858249",
      "geometry": {
        "type": "Point",
        "coordinates": [
          0.0191885,
          51.6040318
        ]
      },
      "properties": {
        "id": "node/3590858249",
        "osmType": "node",
        "osmId": 3590858249,
        "name": "Sir Winston Churchill",
        "category": "historic",
        "categoryLabel": "Historic Site",
        "amenity": null,
        "highway": null,
        "tourism": null,
        "historic": "memorial",
        "railway": null,
        "website": null,
        "phone": null,
        "address": null
      }
    },
    {
      "type": "Feature",
      "id": "node/3715871007",
      "geometry": {
        "type": "Point",
        "coordinates": [
          -0.0298691,
          51.7338327
        ]
      },
      "properties": {
        "id": "node/3715871007",
        "osmType": "node",
        "osmId": 3715871007,
        "name": "Wormley Social Club",
        "category": "cafe",
        "categoryLabel": "Caf\u00e9",
        "amenity": "cafe",
        "highway": null,
        "tourism": null,
        "historic": null,
        "railway": null,
        "website": null,
        "phone": null,
        "address": null
      }
    },
    {
      "type": "Feature",
      "id": "node/3749263909",
      "geometry": {
        "type": "Point",
        "coordinates": [
          -0.0237804,
          51.7028638
        ]
      },
      "properties": {
        "id": "node/3749263909",
        "osmType": "node",
        "osmId": 3749263909,
        "name": "Cheshunt",
        "category": "station",
        "categoryLabel": "Train Station",
        "amenity": null,
        "highway": null,
        "tourism": null,
        "historic": null,
        "railway": "station",
        "website": null,
        "phone": null,
        "address": null
      }
    },
    {
      "type": "Feature",
      "id": "node/4149001695",
      "geometry": {
        "type": "Point",
        "coordinates": [
          -0.0154757,
          51.5972828
        ]
      },
      "properties": {
        "id": "node/4149001695",
        "osmType": "node",
        "osmId": 4149001695,
        "name": "Cazenove Road",
        "category": "bus_stop",
        "categoryLabel": "Bus Stop",
        "amenity": null,
        "highway": "bus_stop",
        "tourism": null,
        "historic": null,
        "railway": null,
        "website": null,
        "phone": null,
        "address": null
      }
    },
    {
      "type": "Feature",
      "id": "node/4149130613",
      "geometry": {
        "type": "Point",
        "coordinates": [
          -0.0178526,
          51.612168
        ]
      },
      "properties": {
        "id": "node/4149130613",
        "osmType": "node",
        "osmId": 4149130613,
        "name": "Ainslie Wood Road",
        "category": "bus_stop",
        "categoryLabel": "Bus Stop",
        "amenity": null,
        "highway": "bus_stop",
        "tourism": null,
        "historic": null,
        "railway": null,
        "website": null,
        "phone": null,
        "address": null
      }
    },
    {
      "type": "Feature",
      "id": "node/4151710124",
      "geometry": {
        "type": "Point",
        "coordinates": [
          -0.0251409,
          51.6051203
        ]
      },
      "properties": {
        "id": "node/4151710124",
        "osmType": "node",
        "osmId": 4151710124,
        "name": "G\u00f6ky\u00fcz\u00fc",
        "category": "restaurant",
        "categoryLabel": "Restaurant",
        "amenity": "restaurant",
        "highway": null,
        "tourism": null,
        "historic": null,
        "railway": null,
        "website": "https://www.gokyuzurestaurant.co.uk/contact-chingford.php",
        "phone": "+44 20 8527 4927",
        "address": "Southend Road, London E4 8TA"
      }
    },
    {
      "type": "Feature",
      "id": "node/4198425942",
      "geometry": {
        "type": "Point",
        "coordinates": [
          -0.021431,
          51.6072934
        ]
      },
      "properties": {
        "id": "node/4198425942",
        "osmType": "node",
        "osmId": 4198425942,
        "name": "Morrisons Cafe",
        "category": "cafe",
        "categoryLabel": "Caf\u00e9",
        "amenity": "cafe",
        "highway": null,
        "tourism": null,
        "historic": null,
        "railway": null,
        "website": null,
        "phone": null,
        "address": "6-7 Salisbury Hall Gardens Chingford Road, London E4 8SN"
      }
    },
    {
      "type": "Feature",
      "id": "node/4216830181",
      "geometry": {
        "type": "Point",
        "coordinates": [
          0.0409687,
          51.6641804
        ]
      },
      "properties": {
        "id": "node/4216830181",
        "osmType": "node",
        "osmId": 4216830181,
        "name": "Epping Forest Field Centre Bird Viewing Point",
        "category": "viewpoint",
        "categoryLabel": "Viewpoint",
        "amenity": null,
        "highway": null,
        "tourism": "viewpoint",
        "historic": null,
        "railway": null,
        "website": null,
        "phone": null,
        "address": null
      }
    },
    {
      "type": "Feature",
      "id": "node/4320305989",
      "geometry": {
        "type": "Point",
        "coordinates": [
          0.0454821,
          51.6255626
        ]
      },
      "properties": {
        "id": "node/4320305989",
        "osmType": "node",
        "osmId": 4320305989,
        "name": "Costa",
        "category": "cafe",
        "categoryLabel": "Caf\u00e9",
        "amenity": "cafe",
        "highway": null,
        "tourism": null,
        "historic": null,
        "railway": null,
        "website": null,
        "phone": null,
        "address": null
      }
    },
    {
      "type": "Feature",
      "id": "node/4381900289",
      "geometry": {
        "type": "Point",
        "coordinates": [
          0.0213774,
          51.6095768
        ]
      },
      "properties": {
        "id": "node/4381900289",
        "osmType": "node",
        "osmId": 4381900289,
        "name": "Deli on the green",
        "category": "cafe",
        "categoryLabel": "Caf\u00e9",
        "amenity": "cafe",
        "highway": null,
        "tourism": null,
        "historic": null,
        "railway": null,
        "website": null,
        "phone": null,
        "address": null
      }
    },
    {
      "type": "Feature",
      "id": "node/4381900290",
      "geometry": {
        "type": "Point",
        "coordinates": [
          0.0334295,
          51.6078831
        ]
      },
      "properties": {
        "id": "node/4381900290",
        "osmType": "node",
        "osmId": 4381900290,
        "name": "Belgique",
        "category": "cafe",
        "categoryLabel": "Caf\u00e9",
        "amenity": "cafe",
        "highway": null,
        "tourism": null,
        "historic": null,
        "railway": null,
        "website": null,
        "phone": null,
        "address": "11 The Broadway, Woodford Green IG8 0HL"
      }
    },
    {
      "type": "Feature",
      "id": "node/4381900389",
      "geometry": {
        "type": "Point",
        "coordinates": [
          0.033353,
          51.6075923
        ]
      },
      "properties": {
        "id": "node/4381900389",
        "osmType": "node",
        "osmId": 4381900389,
        "name": "Costa",
        "category": "cafe",
        "categoryLabel": "Caf\u00e9",
        "amenity": "cafe",
        "highway": null,
        "tourism": null,
        "historic": null,
        "railway": null,
        "website": "https://www.costa.co.uk/locations/store-locator/map?latitude=51.60759999999999&longitude=0.033249799999993",
        "phone": null,
        "address": "5 The Broadway, Woodford Green IG8 0HL"
      }
    },
    {
      "type": "Feature",
      "id": "node/4403227293",
      "geometry": {
        "type": "Point",
        "coordinates": [
          0.0089525,
          51.6833573
        ]
      },
      "properties": {
        "id": "node/4403227293",
        "osmType": "node",
        "osmId": 4403227293,
        "name": "Roundhills Fish Bar",
        "category": "restaurant",
        "categoryLabel": "Restaurant",
        "amenity": "restaurant",
        "highway": null,
        "tourism": null,
        "historic": null,
        "railway": null,
        "website": null,
        "phone": null,
        "address": null
      }
    },
    {
      "type": "Feature",
      "id": "node/4420304779",
      "geometry": {
        "type": "Point",
        "coordinates": [
          -0.0234802,
          51.6845995
        ]
      },
      "properties": {
        "id": "node/4420304779",
        "osmType": "node",
        "osmId": 4420304779,
        "name": "Brittania Cafe",
        "category": "cafe",
        "categoryLabel": "Caf\u00e9",
        "amenity": "cafe",
        "highway": null,
        "tourism": null,
        "historic": null,
        "railway": null,
        "website": null,
        "phone": null,
        "address": null
      }
    },
    {
      "type": "Feature",
      "id": "node/4461738405",
      "geometry": {
        "type": "Point",
        "coordinates": [
          0.0777338,
          51.6827307
        ]
      },
      "properties": {
        "id": "node/4461738405",
        "osmType": "node",
        "osmId": 4461738405,
        "name": "Ambresbury Banks",
        "category": "historic",
        "categoryLabel": "Historic Site",
        "amenity": null,
        "highway": null,
        "tourism": null,
        "historic": "archaeological_site",
        "railway": null,
        "website": null,
        "phone": null,
        "address": null
      }
    },
    {
      "type": "Feature",
      "id": "node/4630482986",
      "geometry": {
        "type": "Point",
        "coordinates": [
          -0.0276006,
          51.6851963
        ]
      },
      "properties": {
        "id": "node/4630482986",
        "osmType": "node",
        "osmId": 4630482986,
        "name": "Waltham Cross Railway Station",
        "category": "bus_stop",
        "categoryLabel": "Bus Stop",
        "amenity": null,
        "highway": "bus_stop",
        "tourism": null,
        "historic": null,
        "railway": null,
        "website": null,
        "phone": null,
        "address": null
      }
    },
    {
      "type": "Feature",
      "id": "node/4654216334",
      "geometry": {
        "type": "Point",
        "coordinates": [
          0.1080293,
          51.6083632
        ]
      },
      "properties": {
        "id": "node/4654216334",
        "osmType": "node",
        "osmId": 4654216334,
        "name": "Hainault Cafe",
        "category": "cafe",
        "categoryLabel": "Caf\u00e9",
        "amenity": "cafe",
        "highway": null,
        "tourism": null,
        "historic": null,
        "railway": null,
        "website": null,
        "phone": null,
        "address": "217A Manford Way, Chigwell IG7 4DJ"
      }
    },
    {
      "type": "Feature",
      "id": "node/4704378823",
      "geometry": {
        "type": "Point",
        "coordinates": [
          0.0808589,
          51.6244019
        ]
      },
      "properties": {
        "id": "node/4704378823",
        "osmType": "node",
        "osmId": 4704378823,
        "name": "Sheesh",
        "category": "restaurant",
        "categoryLabel": "Restaurant",
        "amenity": "restaurant",
        "highway": null,
        "tourism": null,
        "historic": null,
        "railway": null,
        "website": "https://sheeshrestaurant.co.uk",
        "phone": null,
        "address": "High Road, Chigwell IG7 6QA"
      }
    },
    {
      "type": "Feature",
      "id": "node/4770820822",
      "geometry": {
        "type": "Point",
        "coordinates": [
          0.0558716,
          51.6478643
        ]
      },
      "properties": {
        "id": "node/4770820822",
        "osmType": "node",
        "osmId": 4770820822,
        "name": "Starbucks",
        "category": "cafe",
        "categoryLabel": "Caf\u00e9",
        "amenity": "cafe",
        "highway": null,
        "tourism": null,
        "historic": null,
        "railway": null,
        "website": "https://www.starbucks.com/store-locator/store/1012260/loughton-high-road-243-high-road-loughton-eng-ig-10-1-ad-gb",
        "phone": null,
        "address": "243 High Road, Loughton IG10 1AD"
      }
    },
    {
      "type": "Feature",
      "id": "node/4782862035",
      "geometry": {
        "type": "Point",
        "coordinates": [
          0.1449443,
          51.7199765
        ]
      },
      "properties": {
        "id": "node/4782862035",
        "osmType": "node",
        "osmId": 4782862035,
        "name": "Wings Cafe",
        "category": "cafe",
        "categoryLabel": "Caf\u00e9",
        "amenity": "cafe",
        "highway": null,
        "tourism": null,
        "historic": null,
        "railway": null,
        "website": null,
        "phone": null,
        "address": null
      }
    },
    {
      "type": "Feature",
      "id": "node/4943814862",
      "geometry": {
        "type": "Point",
        "coordinates": [
          0.0896977,
          51.6055498
        ]
      },
      "properties": {
        "id": "node/4943814862",
        "osmType": "node",
        "osmId": 4943814862,
        "name": "Amanda Close",
        "category": "bus_stop",
        "categoryLabel": "Bus Stop",
        "amenity": null,
        "highway": "bus_stop",
        "tourism": null,
        "historic": null,
        "railway": null,
        "website": null,
        "phone": null,
        "address": null
      }
    },
    {
      "type": "Feature",
      "id": "node/4943827598",
      "geometry": {
        "type": "Point",
        "coordinates": [
          0.091645,
          51.6134519
        ]
      },
      "properties": {
        "id": "node/4943827598",
        "osmType": "node",
        "osmId": 4943827598,
        "name": "Grange Hill Station",
        "category": "bus_stop",
        "categoryLabel": "Bus Stop",
        "amenity": null,
        "highway": "bus_stop",
        "tourism": null,
        "historic": null,
        "railway": null,
        "website": null,
        "phone": null,
        "address": null
      }
    },
    {
      "type": "Feature",
      "id": "node/4943851604",
      "geometry": {
        "type": "Point",
        "coordinates": [
          0.1140307,
          51.6050368
        ]
      },
      "properties": {
        "id": "node/4943851604",
        "osmType": "node",
        "osmId": 4943851604,
        "name": "Elmbridge Road",
        "category": "bus_stop",
        "categoryLabel": "Bus Stop",
        "amenity": null,
        "highway": "bus_stop",
        "tourism": null,
        "historic": null,
        "railway": null,
        "website": null,
        "phone": null,
        "address": null
      }
    },
    {
      "type": "Feature",
      "id": "node/4943851605",
      "geometry": {
        "type": "Point",
        "coordinates": [
          0.0961672,
          51.5969166
        ]
      },
      "properties": {
        "id": "node/4943851605",
        "osmType": "node",
        "osmId": 4943851605,
        "name": "Fairlop Waters",
        "category": "bus_stop",
        "categoryLabel": "Bus Stop",
        "amenity": null,
        "highway": "bus_stop",
        "tourism": null,
        "historic": null,
        "railway": null,
        "website": null,
        "phone": null,
        "address": null
      }
    },
    {
      "type": "Feature",
      "id": "node/4943851606",
      "geometry": {
        "type": "Point",
        "coordinates": [
          0.1033546,
          51.5989574
        ]
      },
      "properties": {
        "id": "node/4943851606",
        "osmType": "node",
        "osmId": 4943851606,
        "name": "Fairlop Outdoor Activity Centre",
        "category": "bus_stop",
        "categoryLabel": "Bus Stop",
        "amenity": null,
        "highway": "bus_stop",
        "tourism": null,
        "historic": null,
        "railway": null,
        "website": null,
        "phone": null,
        "address": null
      }
    },
    {
      "type": "Feature",
      "id": "node/4943851607",
      "geometry": {
        "type": "Point",
        "coordinates": [
          0.1044684,
          51.5991596
        ]
      },
      "properties": {
        "id": "node/4943851607",
        "osmType": "node",
        "osmId": 4943851607,
        "name": "Fairlop Outdoor Activity Centre",
        "category": "bus_stop",
        "categoryLabel": "Bus Stop",
        "amenity": null,
        "highway": "bus_stop",
        "tourism": null,
        "historic": null,
        "railway": null,
        "website": null,
        "phone": null,
        "address": null
      }
    },
    {
      "type": "Feature",
      "id": "node/4943851608",
      "geometry": {
        "type": "Point",
        "coordinates": [
          0.095797,
          51.5966934
        ]
      },
      "properties": {
        "id": "node/4943851608",
        "osmType": "node",
        "osmId": 4943851608,
        "name": "Fairlop Waters",
        "category": "bus_stop",
        "categoryLabel": "Bus Stop",
        "amenity": null,
        "highway": "bus_stop",
        "tourism": null,
        "historic": null,
        "railway": null,
        "website": null,
        "phone": null,
        "address": null
      }
    },
    {
      "type": "Feature",
      "id": "node/4943851609",
      "geometry": {
        "type": "Point",
        "coordinates": [
          0.1138912,
          51.6049601
        ]
      },
      "properties": {
        "id": "node/4943851609",
        "osmType": "node",
        "osmId": 4943851609,
        "name": "Elmbridge Road",
        "category": "bus_stop",
        "categoryLabel": "Bus Stop",
        "amenity": null,
        "highway": "bus_stop",
        "tourism": null,
        "historic": null,
        "railway": null,
        "website": null,
        "phone": null,
        "address": null
      }
    },
    {
      "type": "Feature",
      "id": "node/5276568156",
      "geometry": {
        "type": "Point",
        "coordinates": [
          0.0673128,
          51.6245368
        ]
      },
      "properties": {
        "id": "node/5276568156",
        "osmType": "node",
        "osmId": 5276568156,
        "name": "Chigwell Rise / Roding Lane",
        "category": "bus_stop",
        "categoryLabel": "Bus Stop",
        "amenity": null,
        "highway": "bus_stop",
        "tourism": null,
        "historic": null,
        "railway": null,
        "website": null,
        "phone": null,
        "address": null
      }
    },
    {
      "type": "Feature",
      "id": "node/5280041530",
      "geometry": {
        "type": "Point",
        "coordinates": [
          0.0825952,
          51.6084461
        ]
      },
      "properties": {
        "id": "node/5280041530",
        "osmType": "node",
        "osmId": 5280041530,
        "name": "Shrublands",
        "category": "bus_stop",
        "categoryLabel": "Bus Stop",
        "amenity": null,
        "highway": "bus_stop",
        "tourism": null,
        "historic": null,
        "railway": null,
        "website": null,
        "phone": null,
        "address": null
      }
    },
    {
      "type": "Feature",
      "id": "node/5305840583",
      "geometry": {
        "type": "Point",
        "coordinates": [
          -0.0346831,
          51.6777138
        ]
      },
      "properties": {
        "id": "node/5305840583",
        "osmType": "node",
        "osmId": 5305840583,
        "name": "Mandeville Road",
        "category": "bus_stop",
        "categoryLabel": "Bus Stop",
        "amenity": null,
        "highway": "bus_stop",
        "tourism": null,
        "historic": null,
        "railway": null,
        "website": null,
        "phone": null,
        "address": null
      }
    },
    {
      "type": "Feature",
      "id": "node/5357156859",
      "geometry": {
        "type": "Point",
        "coordinates": [
          -0.001369,
          51.6888857
        ]
      },
      "properties": {
        "id": "node/5357156859",
        "osmType": "node",
        "osmId": 5357156859,
        "name": "Meridian Line",
        "category": "historic",
        "categoryLabel": "Historic Site",
        "amenity": null,
        "highway": null,
        "tourism": null,
        "historic": "monument",
        "railway": null,
        "website": null,
        "phone": null,
        "address": null
      }
    },
    {
      "type": "Feature",
      "id": "node/5369945819",
      "geometry": {
        "type": "Point",
        "coordinates": [
          0.032691,
          51.6994205
        ]
      },
      "properties": {
        "id": "node/5369945819",
        "osmType": "node",
        "osmId": 5369945819,
        "name": "Warlies Park Obelisk",
        "category": "historic",
        "categoryLabel": "Historic Site",
        "amenity": null,
        "highway": null,
        "tourism": null,
        "historic": "monument",
        "railway": null,
        "website": null,
        "phone": null,
        "address": null
      }
    },
    {
      "type": "Feature",
      "id": "node/5396493589",
      "geometry": {
        "type": "Point",
        "coordinates": [
          0.1168588,
          51.6499886
        ]
      },
      "properties": {
        "id": "node/5396493589",
        "osmType": "node",
        "osmId": 5396493589,
        "name": "Log Cabin Cafe",
        "category": "bus_stop",
        "categoryLabel": "Bus Stop",
        "amenity": null,
        "highway": "bus_stop",
        "tourism": null,
        "historic": null,
        "railway": null,
        "website": null,
        "phone": null,
        "address": null
      }
    },
    {
      "type": "Feature",
      "id": "node/5398965157",
      "geometry": {
        "type": "Point",
        "coordinates": [
          0.0257233,
          51.6169557
        ]
      },
      "properties": {
        "id": "node/5398965157",
        "osmType": "node",
        "osmId": 5398965157,
        "name": "Anti-Air War Memorial",
        "category": "historic",
        "categoryLabel": "Historic Site",
        "amenity": null,
        "highway": null,
        "tourism": null,
        "historic": "memorial",
        "railway": null,
        "website": null,
        "phone": null,
        "address": null
      }
    },
    {
      "type": "Feature",
      "id": "node/5417394824",
      "geometry": {
        "type": "Point",
        "coordinates": [
          0.0104739,
          51.6334048
        ]
      },
      "properties": {
        "id": "node/5417394824",
        "osmType": "node",
        "osmId": 5417394824,
        "name": "Chingford Station",
        "category": "bus_stop",
        "categoryLabel": "Bus Stop",
        "amenity": null,
        "highway": "bus_stop",
        "tourism": null,
        "historic": null,
        "railway": null,
        "website": null,
        "phone": null,
        "address": null
      }
    },
    {
      "type": "Feature",
      "id": "node/5534357262",
      "geometry": {
        "type": "Point",
        "coordinates": [
          0.0207186,
          51.5979644
        ]
      },
      "properties": {
        "id": "node/5534357262",
        "osmType": "node",
        "osmId": 5534357262,
        "name": "The Woodford War Memorial",
        "category": "historic",
        "categoryLabel": "Historic Site",
        "amenity": null,
        "highway": null,
        "tourism": null,
        "historic": "memorial",
        "railway": null,
        "website": "https://www.redbridgefirstworldwar.org.uk/memorials/woodford-war-memorial",
        "phone": null,
        "address": null
      }
    },
    {
      "type": "Feature",
      "id": "node/5535338966",
      "geometry": {
        "type": "Point",
        "coordinates": [
          0.0314709,
          51.5960668
        ]
      },
      "properties": {
        "id": "node/5535338966",
        "osmType": "node",
        "osmId": 5535338966,
        "name": "Brick Sun Dial",
        "category": "historic",
        "categoryLabel": "Historic Site",
        "amenity": null,
        "highway": null,
        "tourism": null,
        "historic": "memorial",
        "railway": null,
        "website": "https://www.londongardensonline.org.uk/gardens-online-record.php?ID=RED011",
        "phone": null,
        "address": null
      }
    },
    {
      "type": "Feature",
      "id": "node/5535383679",
      "geometry": {
        "type": "Point",
        "coordinates": [
          0.0201538,
          51.5994459
        ]
      },
      "properties": {
        "id": "node/5535383679",
        "osmType": "node",
        "osmId": 5535383679,
        "name": "Dada",
        "category": "cafe",
        "categoryLabel": "Caf\u00e9",
        "amenity": "cafe",
        "highway": null,
        "tourism": null,
        "historic": null,
        "railway": null,
        "website": null,
        "phone": null,
        "address": "237 High Road, London E18 2PB"
      }
    },
    {
      "type": "Feature",
      "id": "node/5586251914",
      "geometry": {
        "type": "Point",
        "coordinates": [
          -0.0069048,
          51.6875507
        ]
      },
      "properties": {
        "id": "node/5586251914",
        "osmType": "node",
        "osmId": 5586251914,
        "name": "Waltham Abbey - Olympics 2012 Monument",
        "category": "artwork",
        "categoryLabel": "Artwork",
        "amenity": null,
        "highway": null,
        "tourism": "artwork",
        "historic": "monument",
        "railway": null,
        "website": null,
        "phone": null,
        "address": null
      }
    },
    {
      "type": "Feature",
      "id": "node/5588316487",
      "geometry": {
        "type": "Point",
        "coordinates": [
          0.0839827,
          51.6470136
        ]
      },
      "properties": {
        "id": "node/5588316487",
        "osmType": "node",
        "osmId": 5588316487,
        "name": "Burton Road",
        "category": "bus_stop",
        "categoryLabel": "Bus Stop",
        "amenity": null,
        "highway": "bus_stop",
        "tourism": null,
        "historic": null,
        "railway": null,
        "website": null,
        "phone": null,
        "address": null
      }
    },
    {
      "type": "Feature",
      "id": "node/5623091592",
      "geometry": {
        "type": "Point",
        "coordinates": [
          0.1076286,
          51.6081018
        ]
      },
      "properties": {
        "id": "node/5623091592",
        "osmType": "node",
        "osmId": 5623091592,
        "name": "Staggart Green",
        "category": "bus_stop",
        "categoryLabel": "Bus Stop",
        "amenity": null,
        "highway": "bus_stop",
        "tourism": null,
        "historic": null,
        "railway": null,
        "website": null,
        "phone": null,
        "address": null
      }
    },
    {
      "type": "Feature",
      "id": "node/5659704377",
      "geometry": {
        "type": "Point",
        "coordinates": [
          0.0786548,
          51.6468401
        ]
      },
      "properties": {
        "id": "node/5659704377",
        "osmType": "node",
        "osmId": 5659704377,
        "name": "Epping Forest College",
        "category": "bus_stop",
        "categoryLabel": "Bus Stop",
        "amenity": null,
        "highway": "bus_stop",
        "tourism": null,
        "historic": null,
        "railway": null,
        "website": null,
        "phone": null,
        "address": null
      }
    },
    {
      "type": "Feature",
      "id": "node/5660625792",
      "geometry": {
        "type": "Point",
        "coordinates": [
          0.0126005,
          51.6340925
        ]
      },
      "properties": {
        "id": "node/5660625792",
        "osmType": "node",
        "osmId": 5660625792,
        "name": "Bury Road",
        "category": "bus_stop",
        "categoryLabel": "Bus Stop",
        "amenity": null,
        "highway": "bus_stop",
        "tourism": null,
        "historic": null,
        "railway": null,
        "website": null,
        "phone": null,
        "address": null
      }
    },
    {
      "type": "Feature",
      "id": "node/5660625793",
      "geometry": {
        "type": "Point",
        "coordinates": [
          0.0133972,
          51.6341819
        ]
      },
      "properties": {
        "id": "node/5660625793",
        "osmType": "node",
        "osmId": 5660625793,
        "name": "Bury Road",
        "category": "bus_stop",
        "categoryLabel": "Bus Stop",
        "amenity": null,
        "highway": "bus_stop",
        "tourism": null,
        "historic": null,
        "railway": null,
        "website": null,
        "phone": null,
        "address": null
      }
    },
    {
      "type": "Feature",
      "id": "node/5672789221",
      "geometry": {
        "type": "Point",
        "coordinates": [
          -0.0329661,
          51.6858261
        ]
      },
      "properties": {
        "id": "node/5672789221",
        "osmType": "node",
        "osmId": 5672789221,
        "name": "Eleanor Cross",
        "category": "historic",
        "categoryLabel": "Historic Site",
        "amenity": null,
        "highway": null,
        "tourism": null,
        "historic": "memorial",
        "railway": null,
        "website": null,
        "phone": null,
        "address": null
      }
    },
    {
      "type": "Feature",
      "id": "node/5672798332",
      "geometry": {
        "type": "Point",
        "coordinates": [
          -0.031363,
          51.6858942
        ]
      },
      "properties": {
        "id": "node/5672798332",
        "osmType": "node",
        "osmId": 5672798332,
        "name": "Waltham Cross Taxis",
        "category": "taxi",
        "categoryLabel": "Taxi",
        "amenity": "taxi",
        "highway": null,
        "tourism": null,
        "historic": null,
        "railway": null,
        "website": null,
        "phone": null,
        "address": null
      }
    },
    {
      "type": "Feature",
      "id": "node/5714876747",
      "geometry": {
        "type": "Point",
        "coordinates": [
          -0.0015651,
          51.6363304
        ]
      },
      "properties": {
        "id": "node/5714876747",
        "osmType": "node",
        "osmId": 5714876747,
        "name": "Ordnance Survey Obelisk",
        "category": "historic",
        "categoryLabel": "Historic Site",
        "amenity": null,
        "highway": null,
        "tourism": null,
        "historic": "memorial",
        "railway": null,
        "website": null,
        "phone": null,
        "address": null
      }
    },
    {
      "type": "Feature",
      "id": "node/5903400322",
      "geometry": {
        "type": "Point",
        "coordinates": [
          0.1109877,
          51.6995743
        ]
      },
      "properties": {
        "id": "node/5903400322",
        "osmType": "node",
        "osmId": 5903400322,
        "name": "OneOhFive",
        "category": "bar",
        "categoryLabel": "Bar",
        "amenity": "bar",
        "highway": null,
        "tourism": null,
        "historic": null,
        "railway": null,
        "website": null,
        "phone": null,
        "address": null
      }
    },
    {
      "type": "Feature",
      "id": "node/5911469633",
      "geometry": {
        "type": "Point",
        "coordinates": [
          -0.00674,
          51.6060446
        ]
      },
      "properties": {
        "id": "node/5911469633",
        "osmType": "node",
        "osmId": 5911469633,
        "name": "WF Catering at Selwyn Primary School",
        "category": "restaurant",
        "categoryLabel": "Restaurant",
        "amenity": "restaurant",
        "highway": null,
        "tourism": null,
        "historic": null,
        "railway": null,
        "website": null,
        "phone": null,
        "address": "102 Cavendish Road, London E4 9NG"
      }
    },
    {
      "type": "Feature",
      "id": "node/6053743117",
      "geometry": {
        "type": "Point",
        "coordinates": [
          -0.0047457,
          51.6879691
        ]
      },
      "properties": {
        "id": "node/6053743117",
        "osmType": "node",
        "osmId": 6053743117,
        "name": "Historical Fountain spring",
        "category": "historic",
        "categoryLabel": "Historic Site",
        "amenity": null,
        "highway": null,
        "tourism": null,
        "historic": "monument",
        "railway": null,
        "website": null,
        "phone": null,
        "address": null
      }
    },
    {
      "type": "Feature",
      "id": "node/6111086191",
      "geometry": {
        "type": "Point",
        "coordinates": [
          -0.0346835,
          51.6016847
        ]
      },
      "properties": {
        "id": "node/6111086191",
        "osmType": "node",
        "osmId": 6111086191,
        "name": "Hail & Ride Swift Close / Grebe Close",
        "category": "bus_stop",
        "categoryLabel": "Bus Stop",
        "amenity": null,
        "highway": "bus_stop",
        "tourism": null,
        "historic": null,
        "railway": null,
        "website": null,
        "phone": null,
        "address": null
      }
    },
    {
      "type": "Feature",
      "id": "node/6111086192",
      "geometry": {
        "type": "Point",
        "coordinates": [
          -0.0342729,
          51.6014326
        ]
      },
      "properties": {
        "id": "node/6111086192",
        "osmType": "node",
        "osmId": 6111086192,
        "name": "Hail & Ride Swan Close",
        "category": "bus_stop",
        "categoryLabel": "Bus Stop",
        "amenity": null,
        "highway": "bus_stop",
        "tourism": null,
        "historic": null,
        "railway": null,
        "website": null,
        "phone": null,
        "address": null
      }
    },
    {
      "type": "Feature",
      "id": "node/6111086193",
      "geometry": {
        "type": "Point",
        "coordinates": [
          -0.0335265,
          51.6013572
        ]
      },
      "properties": {
        "id": "node/6111086193",
        "osmType": "node",
        "osmId": 6111086193,
        "name": "Hail & Ride Osprey Close",
        "category": "bus_stop",
        "categoryLabel": "Bus Stop",
        "amenity": null,
        "highway": "bus_stop",
        "tourism": null,
        "historic": null,
        "railway": null,
        "website": null,
        "phone": null,
        "address": null
      }
    },
    {
      "type": "Feature",
      "id": "node/6111086194",
      "geometry": {
        "type": "Point",
        "coordinates": [
          -0.0334155,
          51.6003698
        ]
      },
      "properties": {
        "id": "node/6111086194",
        "osmType": "node",
        "osmId": 6111086194,
        "name": "Higham Hill / Cogan Avenue",
        "category": "bus_stop",
        "categoryLabel": "Bus Stop",
        "amenity": null,
        "highway": "bus_stop",
        "tourism": null,
        "historic": null,
        "railway": null,
        "website": null,
        "phone": null,
        "address": null
      }
    },
    {
      "type": "Feature",
      "id": "node/6111086195",
      "geometry": {
        "type": "Point",
        "coordinates": [
          -0.0337575,
          51.5998967
        ]
      },
      "properties": {
        "id": "node/6111086195",
        "osmType": "node",
        "osmId": 6111086195,
        "name": "Hail & Ride Amber Avenue",
        "category": "bus_stop",
        "categoryLabel": "Bus Stop",
        "amenity": null,
        "highway": "bus_stop",
        "tourism": null,
        "historic": null,
        "railway": null,
        "website": null,
        "phone": null,
        "address": null
      }
    },
    {
      "type": "Feature",
      "id": "node/6111086196",
      "geometry": {
        "type": "Point",
        "coordinates": [
          -0.0345063,
          51.5998726
        ]
      },
      "properties": {
        "id": "node/6111086196",
        "osmType": "node",
        "osmId": 6111086196,
        "name": "Hail & Ride McEntee Avenue",
        "category": "bus_stop",
        "categoryLabel": "Bus Stop",
        "amenity": null,
        "highway": "bus_stop",
        "tourism": null,
        "historic": null,
        "railway": null,
        "website": null,
        "phone": null,
        "address": null
      }
    },
    {
      "type": "Feature",
      "id": "node/6117233838",
      "geometry": {
        "type": "Point",
        "coordinates": [
          -0.0181573,
          51.6171665
        ]
      },
      "properties": {
        "id": "node/6117233838",
        "osmType": "node",
        "osmId": 6117233838,
        "name": "Chingford Mount",
        "category": "bus_stop",
        "categoryLabel": "Bus Stop",
        "amenity": null,
        "highway": "bus_stop",
        "tourism": null,
        "historic": null,
        "railway": null,
        "website": null,
        "phone": null,
        "address": null
      }
    },
    {
      "type": "Feature",
      "id": "node/6137852389",
      "geometry": {
        "type": "Point",
        "coordinates": [
          -0.0307915,
          51.6555713
        ]
      },
      "properties": {
        "id": "node/6137852389",
        "osmType": "node",
        "osmId": 6137852389,
        "name": "Brimsdown",
        "category": "station",
        "categoryLabel": "Train Station",
        "amenity": null,
        "highway": null,
        "tourism": null,
        "historic": null,
        "railway": "station",
        "website": null,
        "phone": null,
        "address": null
      }
    },
    {
      "type": "Feature",
      "id": "node/6137852390",
      "geometry": {
        "type": "Point",
        "coordinates": [
          -0.0285689,
          51.6706112
        ]
      },
      "properties": {
        "id": "node/6137852390",
        "osmType": "node",
        "osmId": 6137852390,
        "name": "Enfield Lock",
        "category": "station",
        "categoryLabel": "Train Station",
        "amenity": null,
        "highway": null,
        "tourism": null,
        "historic": null,
        "railway": "station",
        "website": null,
        "phone": null,
        "address": null
      }
    },
    {
      "type": "Feature",
      "id": "node/6137852391",
      "geometry": {
        "type": "Point",
        "coordinates": [
          -0.0264754,
          51.6847637
        ]
      },
      "properties": {
        "id": "node/6137852391",
        "osmType": "node",
        "osmId": 6137852391,
        "name": "Waltham Cross",
        "category": "station",
        "categoryLabel": "Train Station",
        "amenity": null,
        "highway": null,
        "tourism": null,
        "historic": null,
        "railway": "station",
        "website": null,
        "phone": null,
        "address": null
      }
    },
    {
      "type": "Feature",
      "id": "node/6263461241",
      "geometry": {
        "type": "Point",
        "coordinates": [
          0.1140897,
          51.6188531
        ]
      },
      "properties": {
        "id": "node/6263461241",
        "osmType": "node",
        "osmId": 6263461241,
        "name": "Lambourne Road",
        "category": "bus_stop",
        "categoryLabel": "Bus Stop",
        "amenity": null,
        "highway": "bus_stop",
        "tourism": null,
        "historic": null,
        "railway": null,
        "website": null,
        "phone": null,
        "address": null
      }
    },
    {
      "type": "Feature",
      "id": "node/6269910056",
      "geometry": {
        "type": "Point",
        "coordinates": [
          -0.0004024,
          51.6658768
        ]
      },
      "properties": {
        "id": "node/6269910056",
        "osmType": "node",
        "osmId": 6269910056,
        "name": "The Plough",
        "category": "bus_stop",
        "categoryLabel": "Bus Stop",
        "amenity": null,
        "highway": "bus_stop",
        "tourism": null,
        "historic": null,
        "railway": null,
        "website": null,
        "phone": null,
        "address": null
      }
    },
    {
      "type": "Feature",
      "id": "node/6353325014",
      "geometry": {
        "type": "Point",
        "coordinates": [
          0.1033213,
          51.6717759
        ]
      },
      "properties": {
        "id": "node/6353325014",
        "osmType": "node",
        "osmId": 6353325014,
        "name": "Theydon Bois",
        "category": "station",
        "categoryLabel": "Train Station",
        "amenity": null,
        "highway": null,
        "tourism": null,
        "historic": null,
        "railway": "station",
        "website": null,
        "phone": null,
        "address": null
      }
    },
    {
      "type": "Feature",
      "id": "node/6353329614",
      "geometry": {
        "type": "Point",
        "coordinates": [
          0.0553234,
          51.6412266
        ]
      },
      "properties": {
        "id": "node/6353329614",
        "osmType": "node",
        "osmId": 6353329614,
        "name": "Loughton",
        "category": "station",
        "categoryLabel": "Train Station",
        "amenity": null,
        "highway": null,
        "tourism": null,
        "historic": null,
        "railway": "station",
        "website": null,
        "phone": null,
        "address": null
      }
    },
    {
      "type": "Feature",
      "id": "node/6353333968",
      "geometry": {
        "type": "Point",
        "coordinates": [
          0.0340219,
          51.6068074
        ]
      },
      "properties": {
        "id": "node/6353333968",
        "osmType": "node",
        "osmId": 6353333968,
        "name": "Woodford",
        "category": "station",
        "categoryLabel": "Train Station",
        "amenity": null,
        "highway": null,
        "tourism": null,
        "historic": null,
        "railway": "station",
        "website": null,
        "phone": null,
        "address": null
      }
    },
    {
      "type": "Feature",
      "id": "node/6367458077",
      "geometry": {
        "type": "Point",
        "coordinates": [
          -0.0045041,
          51.6776806
        ]
      },
      "properties": {
        "id": "node/6367458077",
        "osmType": "node",
        "osmId": 6367458077,
        "name": null,
        "category": "bus_stop",
        "categoryLabel": "Bus Stop",
        "amenity": null,
        "highway": "bus_stop",
        "tourism": null,
        "historic": null,
        "railway": null,
        "website": null,
        "phone": null,
        "address": null
      }
    },
    {
      "type": "Feature",
      "id": "node/6372218452",
      "geometry": {
        "type": "Point",
        "coordinates": [
          -0.01712,
          51.6889958
        ]
      },
      "properties": {
        "id": "node/6372218452",
        "osmType": "node",
        "osmId": 6372218452,
        "name": "Brew Street",
        "category": "cafe",
        "categoryLabel": "Caf\u00e9",
        "amenity": "cafe",
        "highway": null,
        "tourism": null,
        "historic": null,
        "railway": null,
        "website": null,
        "phone": null,
        "address": "Station Road, Waltham Abbey EN9 1AB"
      }
    },
    {
      "type": "Feature",
      "id": "node/6601829116",
      "geometry": {
        "type": "Point",
        "coordinates": [
          0.0531228,
          51.6451485
        ]
      },
      "properties": {
        "id": "node/6601829116",
        "osmType": "node",
        "osmId": 6601829116,
        "name": "Loughton BBQ",
        "category": "restaurant",
        "categoryLabel": "Restaurant",
        "amenity": "restaurant",
        "highway": null,
        "tourism": null,
        "historic": null,
        "railway": null,
        "website": null,
        "phone": null,
        "address": null
      }
    },
    {
      "type": "Feature",
      "id": "node/6601971205",
      "geometry": {
        "type": "Point",
        "coordinates": [
          0.0524497,
          51.6443738
        ]
      },
      "properties": {
        "id": "node/6601971205",
        "osmType": "node",
        "osmId": 6601971205,
        "name": "God's Own Pizza",
        "category": "restaurant",
        "categoryLabel": "Restaurant",
        "amenity": "restaurant",
        "highway": null,
        "tourism": null,
        "historic": null,
        "railway": null,
        "website": "https://www.godsownpizza.com/",
        "phone": null,
        "address": null
      }
    },
    {
      "type": "Feature",
      "id": "node/6601974302",
      "geometry": {
        "type": "Point",
        "coordinates": [
          0.054185,
          51.6458876
        ]
      },
      "properties": {
        "id": "node/6601974302",
        "osmType": "node",
        "osmId": 6601974302,
        "name": "Nando's",
        "category": "restaurant",
        "categoryLabel": "Restaurant",
        "amenity": "restaurant",
        "highway": null,
        "tourism": null,
        "historic": null,
        "railway": null,
        "website": "https://www.nandos.co.uk/restaurants/loughton",
        "phone": null,
        "address": null
      }
    },
    {
      "type": "Feature",
      "id": "node/6603967008",
      "geometry": {
        "type": "Point",
        "coordinates": [
          0.0518645,
          51.6440178
        ]
      },
      "properties": {
        "id": "node/6603967008",
        "osmType": "node",
        "osmId": 6603967008,
        "name": "Mayflower Taxi's",
        "category": "taxi",
        "categoryLabel": "Taxi",
        "amenity": "taxi",
        "highway": null,
        "tourism": null,
        "historic": null,
        "railway": null,
        "website": null,
        "phone": null,
        "address": null
      }
    },
    {
      "type": "Feature",
      "id": "node/6603967027",
      "geometry": {
        "type": "Point",
        "coordinates": [
          0.0525289,
          51.6442806
        ]
      },
      "properties": {
        "id": "node/6603967027",
        "osmType": "node",
        "osmId": 6603967027,
        "name": "Tom, Dick and Harry's",
        "category": "restaurant",
        "categoryLabel": "Restaurant",
        "amenity": "restaurant",
        "highway": null,
        "tourism": null,
        "historic": null,
        "railway": null,
        "website": null,
        "phone": null,
        "address": null
      }
    },
    {
      "type": "Feature",
      "id": "node/6604378358",
      "geometry": {
        "type": "Point",
        "coordinates": [
          0.0567904,
          51.6487795
        ]
      },
      "properties": {
        "id": "node/6604378358",
        "osmType": "node",
        "osmId": 6604378358,
        "name": "PizzaExpress",
        "category": "restaurant",
        "categoryLabel": "Restaurant",
        "amenity": "restaurant",
        "highway": null,
        "tourism": null,
        "historic": null,
        "railway": null,
        "website": "https://www.pizzaexpress.com/loughton-high-road",
        "phone": null,
        "address": null
      }
    },
    {
      "type": "Feature",
      "id": "node/6604378366",
      "geometry": {
        "type": "Point",
        "coordinates": [
          0.056709,
          51.6486863
        ]
      },
      "properties": {
        "id": "node/6604378366",
        "osmType": "node",
        "osmId": 6604378366,
        "name": "Wildwood",
        "category": "restaurant",
        "categoryLabel": "Restaurant",
        "amenity": "restaurant",
        "highway": null,
        "tourism": null,
        "historic": null,
        "railway": null,
        "website": null,
        "phone": null,
        "address": null
      }
    },
    {
      "type": "Feature",
      "id": "node/6604378370",
      "geometry": {
        "type": "Point",
        "coordinates": [
          0.0564251,
          51.6483697
        ]
      },
      "properties": {
        "id": "node/6604378370",
        "osmType": "node",
        "osmId": 6604378370,
        "name": "Organico",
        "category": "cafe",
        "categoryLabel": "Caf\u00e9",
        "amenity": "cafe",
        "highway": null,
        "tourism": null,
        "historic": null,
        "railway": null,
        "website": null,
        "phone": null,
        "address": "261 High Road, Loughton IG10 1AH"
      }
    },
    {
      "type": "Feature",
      "id": "node/6604378372",
      "geometry": {
        "type": "Point",
        "coordinates": [
          0.0565438,
          51.6484968
        ]
      },
      "properties": {
        "id": "node/6604378372",
        "osmType": "node",
        "osmId": 6604378372,
        "name": "Cook",
        "category": "cafe",
        "categoryLabel": "Caf\u00e9",
        "amenity": "cafe",
        "highway": null,
        "tourism": null,
        "historic": null,
        "railway": null,
        "website": null,
        "phone": null,
        "address": null
      }
    },
    {
      "type": "Feature",
      "id": "node/6604554006",
      "geometry": {
        "type": "Point",
        "coordinates": [
          0.0555585,
          51.6475411
        ]
      },
      "properties": {
        "id": "node/6604554006",
        "osmType": "node",
        "osmId": 6604554006,
        "name": "Caff\u00e8 Nero",
        "category": "cafe",
        "categoryLabel": "Caf\u00e9",
        "amenity": "cafe",
        "highway": null,
        "tourism": null,
        "historic": null,
        "railway": null,
        "website": "https://www.caffenero.com/uk/stores/loughton",
        "phone": null,
        "address": null
      }
    },
    {
      "type": "Feature",
      "id": "node/6606110601",
      "geometry": {
        "type": "Point",
        "coordinates": [
          0.0540392,
          51.6465636
        ]
      },
      "properties": {
        "id": "node/6606110601",
        "osmType": "node",
        "osmId": 6606110601,
        "name": "Bishops",
        "category": "restaurant",
        "categoryLabel": "Restaurant",
        "amenity": "restaurant",
        "highway": null,
        "tourism": null,
        "historic": null,
        "railway": null,
        "website": null,
        "phone": null,
        "address": null
      }
    },
    {
      "type": "Feature",
      "id": "node/6606110620",
      "geometry": {
        "type": "Point",
        "coordinates": [
          0.0542476,
          51.6467748
        ]
      },
      "properties": {
        "id": "node/6606110620",
        "osmType": "node",
        "osmId": 6606110620,
        "name": "The Wagon Boulangerie",
        "category": "cafe",
        "categoryLabel": "Caf\u00e9",
        "amenity": "cafe",
        "highway": null,
        "tourism": null,
        "historic": null,
        "railway": null,
        "website": null,
        "phone": null,
        "address": "174 High Road, Loughton IG10 1DN"
      }
    },
    {
      "type": "Feature",
      "id": "node/6606239544",
      "geometry": {
        "type": "Point",
        "coordinates": [
          0.0546838,
          51.6471881
        ]
      },
      "properties": {
        "id": "node/6606239544",
        "osmType": "node",
        "osmId": 6606239544,
        "name": "Zest",
        "category": "cafe",
        "categoryLabel": "Caf\u00e9",
        "amenity": "cafe",
        "highway": null,
        "tourism": null,
        "historic": null,
        "railway": null,
        "website": "https://www.zestsaladbar.co.uk/",
        "phone": null,
        "address": "194 High Road, Loughton IG10 1DN"
      }
    },
    {
      "type": "Feature",
      "id": "node/6606335918",
      "geometry": {
        "type": "Point",
        "coordinates": [
          0.0550685,
          51.6475763
        ]
      },
      "properties": {
        "id": "node/6606335918",
        "osmType": "node",
        "osmId": 6606335918,
        "name": "Pak Choi",
        "category": "restaurant",
        "categoryLabel": "Restaurant",
        "amenity": "restaurant",
        "highway": null,
        "tourism": null,
        "historic": null,
        "railway": null,
        "website": "https://pakchoirestaurant.com/",
        "phone": "+44 20 8508 2436",
        "address": "202 High Road, Loughton IG10 1ET"
      }
    },
    {
      "type": "Feature",
      "id": "node/6606335933",
      "geometry": {
        "type": "Point",
        "coordinates": [
          0.0558179,
          51.6482863
        ]
      },
      "properties": {
        "id": "node/6606335933",
        "osmType": "node",
        "osmId": 6606335933,
        "name": "Costa",
        "category": "cafe",
        "categoryLabel": "Caf\u00e9",
        "amenity": "cafe",
        "highway": null,
        "tourism": null,
        "historic": null,
        "railway": null,
        "website": null,
        "phone": null,
        "address": "230 High Road, Loughton IG10 1EZ"
      }
    },
    {
      "type": "Feature",
      "id": "node/6606364374",
      "geometry": {
        "type": "Point",
        "coordinates": [
          0.056001,
          51.6485773
        ]
      },
      "properties": {
        "id": "node/6606364374",
        "osmType": "node",
        "osmId": 6606364374,
        "name": "Vivaldi",
        "category": "cafe",
        "categoryLabel": "Caf\u00e9",
        "amenity": "cafe",
        "highway": null,
        "tourism": null,
        "historic": null,
        "railway": null,
        "website": null,
        "phone": null,
        "address": "236 High Road, Loughton IG10 1RB"
      }
    },
    {
      "type": "Feature",
      "id": "node/6606364375",
      "geometry": {
        "type": "Point",
        "coordinates": [
          0.0560345,
          51.6486207
        ]
      },
      "properties": {
        "id": "node/6606364375",
        "osmType": "node",
        "osmId": 6606364375,
        "name": "8 Rocks",
        "category": "cafe",
        "categoryLabel": "Caf\u00e9",
        "amenity": "cafe",
        "highway": null,
        "tourism": null,
        "historic": null,
        "railway": null,
        "website": null,
        "phone": null,
        "address": null
      }
    },
    {
      "type": "Feature",
      "id": "node/6606364381",
      "geometry": {
        "type": "Point",
        "coordinates": [
          0.0560748,
          51.6486704
        ]
      },
      "properties": {
        "id": "node/6606364381",
        "osmType": "node",
        "osmId": 6606364381,
        "name": "Wing Shack Co",
        "category": "restaurant",
        "categoryLabel": "Restaurant",
        "amenity": "restaurant",
        "highway": null,
        "tourism": null,
        "historic": null,
        "railway": null,
        "website": null,
        "phone": null,
        "address": "240 High Road, Loughton IG10 1HA"
      }
    },
    {
      "type": "Feature",
      "id": "node/6608930920",
      "geometry": {
        "type": "Point",
        "coordinates": [
          0.0547631,
          51.6468673
        ]
      },
      "properties": {
        "id": "node/6608930920",
        "osmType": "node",
        "osmId": 6608930920,
        "name": "Molen\u2019s",
        "category": "restaurant",
        "categoryLabel": "Restaurant",
        "amenity": "restaurant",
        "highway": null,
        "tourism": null,
        "historic": null,
        "railway": null,
        "website": null,
        "phone": null,
        "address": null
      }
    },
    {
      "type": "Feature",
      "id": "node/6621938193",
      "geometry": {
        "type": "Point",
        "coordinates": [
          0.0568923,
          51.6496815
        ]
      },
      "properties": {
        "id": "node/6621938193",
        "osmType": "node",
        "osmId": 6621938193,
        "name": "Light Tree Bistro",
        "category": "restaurant",
        "categoryLabel": "Restaurant",
        "amenity": "restaurant",
        "highway": null,
        "tourism": null,
        "historic": null,
        "railway": null,
        "website": null,
        "phone": null,
        "address": null
      }
    },
    {
      "type": "Feature",
      "id": "node/6621938203",
      "geometry": {
        "type": "Point",
        "coordinates": [
          0.0566729,
          51.6493515
        ]
      },
      "properties": {
        "id": "node/6621938203",
        "osmType": "node",
        "osmId": 6621938203,
        "name": "The Olive Tree",
        "category": "restaurant",
        "categoryLabel": "Restaurant",
        "amenity": "restaurant",
        "highway": null,
        "tourism": null,
        "historic": null,
        "railway": null,
        "website": null,
        "phone": null,
        "address": "258 High Road, Loughton IG10 1RB"
      }
    },
    {
      "type": "Feature",
      "id": "node/6622158735",
      "geometry": {
        "type": "Point",
        "coordinates": [
          0.0573081,
          51.650123
        ]
      },
      "properties": {
        "id": "node/6622158735",
        "osmType": "node",
        "osmId": 6622158735,
        "name": "Turquoise Grill and Bar",
        "category": "restaurant",
        "categoryLabel": "Restaurant",
        "amenity": "restaurant",
        "highway": null,
        "tourism": null,
        "historic": null,
        "railway": null,
        "website": null,
        "phone": null,
        "address": null
      }
    },
    {
      "type": "Feature",
      "id": "node/6622158738",
      "geometry": {
        "type": "Point",
        "coordinates": [
          0.0571766,
          51.6499832
        ]
      },
      "properties": {
        "id": "node/6622158738",
        "osmType": "node",
        "osmId": 6622158738,
        "name": "Masala Market",
        "category": "restaurant",
        "categoryLabel": "Restaurant",
        "amenity": "restaurant",
        "highway": null,
        "tourism": null,
        "historic": null,
        "railway": null,
        "website": null,
        "phone": null,
        "address": null
      }
    },
    {
      "type": "Feature",
      "id": "node/6622158739",
      "geometry": {
        "type": "Point",
        "coordinates": [
          0.0571176,
          51.64993
        ]
      },
      "properties": {
        "id": "node/6622158739",
        "osmType": "node",
        "osmId": 6622158739,
        "name": "Wo Fat",
        "category": "restaurant",
        "categoryLabel": "Restaurant",
        "amenity": "restaurant",
        "highway": null,
        "tourism": null,
        "historic": null,
        "railway": null,
        "website": null,
        "phone": null,
        "address": null
      }
    },
    {
      "type": "Feature",
      "id": "node/6796474416",
      "geometry": {
        "type": "Point",
        "coordinates": [
          0.0791312,
          51.6432897
        ]
      },
      "properties": {
        "id": "node/6796474416",
        "osmType": "node",
        "osmId": 6796474416,
        "name": "Costa",
        "category": "cafe",
        "categoryLabel": "Caf\u00e9",
        "amenity": "cafe",
        "highway": null,
        "tourism": null,
        "historic": null,
        "railway": null,
        "website": null,
        "phone": null,
        "address": null
      }
    },
    {
      "type": "Feature",
      "id": "node/6872871555",
      "geometry": {
        "type": "Point",
        "coordinates": [
          0.0552226,
          51.6416385
        ]
      },
      "properties": {
        "id": "node/6872871555",
        "osmType": "node",
        "osmId": 6872871555,
        "name": "Tooty Fruity",
        "category": "cafe",
        "categoryLabel": "Caf\u00e9",
        "amenity": "cafe",
        "highway": null,
        "tourism": null,
        "historic": null,
        "railway": null,
        "website": null,
        "phone": null,
        "address": null
      }
    },
    {
      "type": "Feature",
      "id": "node/6872871556",
      "geometry": {
        "type": "Point",
        "coordinates": [
          0.0548164,
          51.6417009
        ]
      },
      "properties": {
        "id": "node/6872871556",
        "osmType": "node",
        "osmId": 6872871556,
        "name": "Brick Lane Bagel Co.",
        "category": "cafe",
        "categoryLabel": "Caf\u00e9",
        "amenity": "cafe",
        "highway": null,
        "tourism": null,
        "historic": null,
        "railway": null,
        "website": null,
        "phone": null,
        "address": null
      }
    },
    {
      "type": "Feature",
      "id": "node/6872871558",
      "geometry": {
        "type": "Point",
        "coordinates": [
          0.0551489,
          51.6415422
        ]
      },
      "properties": {
        "id": "node/6872871558",
        "osmType": "node",
        "osmId": 6872871558,
        "name": "Frothy Coffee",
        "category": "cafe",
        "categoryLabel": "Caf\u00e9",
        "amenity": "cafe",
        "highway": null,
        "tourism": null,
        "historic": null,
        "railway": null,
        "website": null,
        "phone": null,
        "address": null
      }
    },
    {
      "type": "Feature",
      "id": "node/6903209151",
      "geometry": {
        "type": "Point",
        "coordinates": [
          0.1259675,
          51.6238861
        ]
      },
      "properties": {
        "id": "node/6903209151",
        "osmType": "node",
        "osmId": 6903209151,
        "name": "Coal tax post",
        "category": "historic",
        "categoryLabel": "Historic Site",
        "amenity": null,
        "highway": null,
        "tourism": null,
        "historic": "boundary_stone",
        "railway": null,
        "website": null,
        "phone": null,
        "address": null
      }
    },
    {
      "type": "Feature",
      "id": "node/6903209152",
      "geometry": {
        "type": "Point",
        "coordinates": [
          0.1072048,
          51.6464006
        ]
      },
      "properties": {
        "id": "node/6903209152",
        "osmType": "node",
        "osmId": 6903209152,
        "name": "Coal tax post",
        "category": "historic",
        "categoryLabel": "Historic Site",
        "amenity": null,
        "highway": null,
        "tourism": null,
        "historic": "boundary_stone",
        "railway": null,
        "website": null,
        "phone": null,
        "address": null
      }
    },
    {
      "type": "Feature",
      "id": "node/6907992759",
      "geometry": {
        "type": "Point",
        "coordinates": [
          0.0690175,
          51.6755179
        ]
      },
      "properties": {
        "id": "node/6907992759",
        "osmType": "node",
        "osmId": 6907992759,
        "name": "Coal tax post",
        "category": "historic",
        "categoryLabel": "Historic Site",
        "amenity": null,
        "highway": null,
        "tourism": null,
        "historic": "boundary_stone",
        "railway": null,
        "website": null,
        "phone": null,
        "address": null
      }
    },
    {
      "type": "Feature",
      "id": "node/6907992760",
      "geometry": {
        "type": "Point",
        "coordinates": [
          0.077259,
          51.6839823
        ]
      },
      "properties": {
        "id": "node/6907992760",
        "osmType": "node",
        "osmId": 6907992760,
        "name": "Coal tax post",
        "category": "historic",
        "categoryLabel": "Historic Site",
        "amenity": null,
        "highway": null,
        "tourism": null,
        "historic": "boundary_stone",
        "railway": null,
        "website": null,
        "phone": null,
        "address": null
      }
    },
    {
      "type": "Feature",
      "id": "node/6907992761",
      "geometry": {
        "type": "Point",
        "coordinates": [
          0.0365129,
          51.7210049
        ]
      },
      "properties": {
        "id": "node/6907992761",
        "osmType": "node",
        "osmId": 6907992761,
        "name": "Coal tax post",
        "category": "historic",
        "categoryLabel": "Historic Site",
        "amenity": null,
        "highway": null,
        "tourism": null,
        "historic": "boundary_stone",
        "railway": null,
        "website": null,
        "phone": null,
        "address": null
      }
    },
    {
      "type": "Feature",
      "id": "node/6907992762",
      "geometry": {
        "type": "Point",
        "coordinates": [
          0.0341152,
          51.7250064
        ]
      },
      "properties": {
        "id": "node/6907992762",
        "osmType": "node",
        "osmId": 6907992762,
        "name": "Coal tax post",
        "category": "historic",
        "categoryLabel": "Historic Site",
        "amenity": null,
        "highway": null,
        "tourism": null,
        "historic": "boundary_stone",
        "railway": null,
        "website": null,
        "phone": null,
        "address": null
      }
    },
    {
      "type": "Feature",
      "id": "node/6907992763",
      "geometry": {
        "type": "Point",
        "coordinates": [
          0.015501,
          51.7173113
        ]
      },
      "properties": {
        "id": "node/6907992763",
        "osmType": "node",
        "osmId": 6907992763,
        "name": "Coal tax post",
        "category": "historic",
        "categoryLabel": "Historic Site",
        "amenity": null,
        "highway": null,
        "tourism": null,
        "historic": "boundary_stone",
        "railway": null,
        "website": null,
        "phone": null,
        "address": null
      }
    },
    {
      "type": "Feature",
      "id": "node/6907992764",
      "geometry": {
        "type": "Point",
        "coordinates": [
          0.009979,
          51.7208766
        ]
      },
      "properties": {
        "id": "node/6907992764",
        "osmType": "node",
        "osmId": 6907992764,
        "name": "Coal tax post",
        "category": "historic",
        "categoryLabel": "Historic Site",
        "amenity": null,
        "highway": null,
        "tourism": null,
        "historic": "boundary_stone",
        "railway": null,
        "website": null,
        "phone": null,
        "address": null
      }
    },
    {
      "type": "Feature",
      "id": "node/6907992765",
      "geometry": {
        "type": "Point",
        "coordinates": [
          0.0081211,
          51.7215516
        ]
      },
      "properties": {
        "id": "node/6907992765",
        "osmType": "node",
        "osmId": 6907992765,
        "name": "Coal tax post",
        "category": "historic",
        "categoryLabel": "Historic Site",
        "amenity": null,
        "highway": null,
        "tourism": null,
        "historic": "boundary_stone",
        "railway": null,
        "website": null,
        "phone": null,
        "address": null
      }
    },
    {
      "type": "Feature",
      "id": "node/6907992766",
      "geometry": {
        "type": "Point",
        "coordinates": [
          -0.0139913,
          51.7271746
        ]
      },
      "properties": {
        "id": "node/6907992766",
        "osmType": "node",
        "osmId": 6907992766,
        "name": "Coal tax obelisk",
        "category": "historic",
        "categoryLabel": "Historic Site",
        "amenity": null,
        "highway": null,
        "tourism": null,
        "historic": "boundary_stone",
        "railway": null,
        "website": null,
        "phone": null,
        "address": null
      }
    },
    {
      "type": "Feature",
      "id": "node/6907992767",
      "geometry": {
        "type": "Point",
        "coordinates": [
          -0.0197259,
          51.7281703
        ]
      },
      "properties": {
        "id": "node/6907992767",
        "osmType": "node",
        "osmId": 6907992767,
        "name": "Coal tax obelisk",
        "category": "historic",
        "categoryLabel": "Historic Site",
        "amenity": null,
        "highway": null,
        "tourism": null,
        "historic": "boundary_stone",
        "railway": null,
        "website": null,
        "phone": null,
        "address": null
      }
    },
    {
      "type": "Feature",
      "id": "node/6907992768",
      "geometry": {
        "type": "Point",
        "coordinates": [
          -0.025118,
          51.7292387
        ]
      },
      "properties": {
        "id": "node/6907992768",
        "osmType": "node",
        "osmId": 6907992768,
        "name": "Coal tax post",
        "category": "historic",
        "categoryLabel": "Historic Site",
        "amenity": null,
        "highway": null,
        "tourism": null,
        "historic": "boundary_stone",
        "railway": null,
        "website": null,
        "phone": null,
        "address": null
      }
    },
    {
      "type": "Feature",
      "id": "node/6995328125",
      "geometry": {
        "type": "Point",
        "coordinates": [
          0.1188807,
          51.6469456
        ]
      },
      "properties": {
        "id": "node/6995328125",
        "osmType": "node",
        "osmId": 6995328125,
        "name": "Abridge/Lambourne Coal Tax Marker",
        "category": "historic",
        "categoryLabel": "Historic Site",
        "amenity": null,
        "highway": null,
        "tourism": null,
        "historic": "boundary_stone",
        "railway": null,
        "website": null,
        "phone": null,
        "address": null
      }
    },
    {
      "type": "Feature",
      "id": "node/6997675368",
      "geometry": {
        "type": "Point",
        "coordinates": [
          0.009471,
          51.6325345
        ]
      },
      "properties": {
        "id": "node/6997675368",
        "osmType": "node",
        "osmId": 6997675368,
        "name": "Chingford",
        "category": "station",
        "categoryLabel": "Train Station",
        "amenity": null,
        "highway": null,
        "tourism": null,
        "historic": null,
        "railway": "station",
        "website": null,
        "phone": null,
        "address": "Station Road, London E4 6AL"
      }
    },
    {
      "type": "Feature",
      "id": "node/6997680159",
      "geometry": {
        "type": "Point",
        "coordinates": [
          -0.0001301,
          51.6088927
        ]
      },
      "properties": {
        "id": "node/6997680159",
        "osmType": "node",
        "osmId": 6997680159,
        "name": "Highams Park",
        "category": "station",
        "categoryLabel": "Train Station",
        "amenity": null,
        "highway": null,
        "tourism": null,
        "historic": null,
        "railway": "station",
        "website": null,
        "phone": null,
        "address": "The Avenue, London E4 9LA"
      }
    },
    {
      "type": "Feature",
      "id": "node/7167219011",
      "geometry": {
        "type": "Point",
        "coordinates": [
          -0.0347864,
          51.6428468
        ]
      },
      "properties": {
        "id": "node/7167219011",
        "osmType": "node",
        "osmId": 7167219011,
        "name": "Ponders End",
        "category": "station",
        "categoryLabel": "Train Station",
        "amenity": null,
        "highway": null,
        "tourism": null,
        "historic": null,
        "railway": "station",
        "website": null,
        "phone": null,
        "address": "South Street, Enfield EN3 4QB"
      }
    },
    {
      "type": "Feature",
      "id": "node/7168835277",
      "geometry": {
        "type": "Point",
        "coordinates": [
          0.0522627,
          51.6447154
        ]
      },
      "properties": {
        "id": "node/7168835277",
        "osmType": "node",
        "osmId": 7168835277,
        "name": "Gem of Essex",
        "category": "restaurant",
        "categoryLabel": "Restaurant",
        "amenity": "restaurant",
        "highway": null,
        "tourism": null,
        "historic": null,
        "railway": null,
        "website": null,
        "phone": null,
        "address": null
      }
    },
    {
      "type": "Feature",
      "id": "node/7168896391",
      "geometry": {
        "type": "Point",
        "coordinates": [
          0.0548385,
          51.6473555
        ]
      },
      "properties": {
        "id": "node/7168896391",
        "osmType": "node",
        "osmId": 7168896391,
        "name": "Green\u2019s Steakhouse",
        "category": "restaurant",
        "categoryLabel": "Restaurant",
        "amenity": "restaurant",
        "highway": null,
        "tourism": null,
        "historic": null,
        "railway": null,
        "website": null,
        "phone": null,
        "address": null
      }
    },
    {
      "type": "Feature",
      "id": "node/7181493652",
      "geometry": {
        "type": "Point",
        "coordinates": [
          0.056306,
          51.6489651
        ]
      },
      "properties": {
        "id": "node/7181493652",
        "osmType": "node",
        "osmId": 7181493652,
        "name": "The Gelato Kitchen",
        "category": "cafe",
        "categoryLabel": "Caf\u00e9",
        "amenity": "cafe",
        "highway": null,
        "tourism": null,
        "historic": null,
        "railway": null,
        "website": null,
        "phone": null,
        "address": null
      }
    },
    {
      "type": "Feature",
      "id": "node/7181510767",
      "geometry": {
        "type": "Point",
        "coordinates": [
          0.0567544,
          51.6487302
        ]
      },
      "properties": {
        "id": "node/7181510767",
        "osmType": "node",
        "osmId": 7181510767,
        "name": "Loaded",
        "category": "restaurant",
        "categoryLabel": "Restaurant",
        "amenity": "restaurant",
        "highway": null,
        "tourism": null,
        "historic": null,
        "railway": null,
        "website": null,
        "phone": null,
        "address": null
      }
    },
    {
      "type": "Feature",
      "id": "node/7466854892",
      "geometry": {
        "type": "Point",
        "coordinates": [
          0.066901,
          51.6565181
        ]
      },
      "properties": {
        "id": "node/7466854892",
        "osmType": "node",
        "osmId": 7466854892,
        "name": "Cafe Mosaic",
        "category": "cafe",
        "categoryLabel": "Caf\u00e9",
        "amenity": "cafe",
        "highway": null,
        "tourism": null,
        "historic": null,
        "railway": null,
        "website": null,
        "phone": null,
        "address": null
      }
    },
    {
      "type": "Feature",
      "id": "node/7575377131",
      "geometry": {
        "type": "Point",
        "coordinates": [
          0.070003,
          51.63375
        ]
      },
      "properties": {
        "id": "node/7575377131",
        "osmType": "node",
        "osmId": 7575377131,
        "name": "Intone Stone",
        "category": "historic",
        "categoryLabel": "Historic Site",
        "amenity": null,
        "highway": null,
        "tourism": null,
        "historic": "stone",
        "railway": null,
        "website": null,
        "phone": null,
        "address": null
      }
    },
    {
      "type": "Feature",
      "id": "node/7751493573",
      "geometry": {
        "type": "Point",
        "coordinates": [
          0.0846844,
          51.6083296
        ]
      },
      "properties": {
        "id": "node/7751493573",
        "osmType": "node",
        "osmId": 7751493573,
        "name": "Clayside",
        "category": "bus_stop",
        "categoryLabel": "Bus Stop",
        "amenity": null,
        "highway": "bus_stop",
        "tourism": null,
        "historic": null,
        "railway": null,
        "website": null,
        "phone": null,
        "address": null
      }
    },
    {
      "type": "Feature",
      "id": "node/7751493574",
      "geometry": {
        "type": "Point",
        "coordinates": [
          0.0852489,
          51.6070966
        ]
      },
      "properties": {
        "id": "node/7751493574",
        "osmType": "node",
        "osmId": 7751493574,
        "name": "Westmede",
        "category": "bus_stop",
        "categoryLabel": "Bus Stop",
        "amenity": null,
        "highway": "bus_stop",
        "tourism": null,
        "historic": null,
        "railway": null,
        "website": null,
        "phone": null,
        "address": null
      }
    },
    {
      "type": "Feature",
      "id": "node/7751493575",
      "geometry": {
        "type": "Point",
        "coordinates": [
          0.0907485,
          51.60672
        ]
      },
      "properties": {
        "id": "node/7751493575",
        "osmType": "node",
        "osmId": 7751493575,
        "name": "Trotwood",
        "category": "bus_stop",
        "categoryLabel": "Bus Stop",
        "amenity": null,
        "highway": "bus_stop",
        "tourism": null,
        "historic": null,
        "railway": null,
        "website": null,
        "phone": null,
        "address": null
      }
    },
    {
      "type": "Feature",
      "id": "node/7751493576",
      "geometry": {
        "type": "Point",
        "coordinates": [
          0.0885383,
          51.6092233
        ]
      },
      "properties": {
        "id": "node/7751493576",
        "osmType": "node",
        "osmId": 7751493576,
        "name": "High Meadows",
        "category": "bus_stop",
        "categoryLabel": "Bus Stop",
        "amenity": null,
        "highway": "bus_stop",
        "tourism": null,
        "historic": null,
        "railway": null,
        "website": null,
        "phone": null,
        "address": null
      }
    },
    {
      "type": "Feature",
      "id": "node/7751493577",
      "geometry": {
        "type": "Point",
        "coordinates": [
          0.08687,
          51.6100084
        ]
      },
      "properties": {
        "id": "node/7751493577",
        "osmType": "node",
        "osmId": 7751493577,
        "name": "Northdene",
        "category": "bus_stop",
        "categoryLabel": "Bus Stop",
        "amenity": null,
        "highway": "bus_stop",
        "tourism": null,
        "historic": null,
        "railway": null,
        "website": null,
        "phone": null,
        "address": null
      }
    },
    {
      "type": "Feature",
      "id": "node/7751493578",
      "geometry": {
        "type": "Point",
        "coordinates": [
          0.0827673,
          51.6109356
        ]
      },
      "properties": {
        "id": "node/7751493578",
        "osmType": "node",
        "osmId": 7751493578,
        "name": "The Bald Hind",
        "category": "bus_stop",
        "categoryLabel": "Bus Stop",
        "amenity": null,
        "highway": "bus_stop",
        "tourism": null,
        "historic": null,
        "railway": null,
        "website": null,
        "phone": null,
        "address": null
      }
    },
    {
      "type": "Feature",
      "id": "node/7751958353",
      "geometry": {
        "type": "Point",
        "coordinates": [
          0.050538,
          51.6053521
        ]
      },
      "properties": {
        "id": "node/7751958353",
        "osmType": "node",
        "osmId": 7751958353,
        "name": "Ashton Playing Fields",
        "category": "bus_stop",
        "categoryLabel": "Bus Stop",
        "amenity": null,
        "highway": "bus_stop",
        "tourism": null,
        "historic": null,
        "railway": null,
        "website": null,
        "phone": null,
        "address": null
      }
    },
    {
      "type": "Feature",
      "id": "node/7752538491",
      "geometry": {
        "type": "Point",
        "coordinates": [
          0.0002147,
          51.68593
        ]
      },
      "properties": {
        "id": "node/7752538491",
        "osmType": "node",
        "osmId": 7752538491,
        "name": "Quaker Lane",
        "category": "bus_stop",
        "categoryLabel": "Bus Stop",
        "amenity": null,
        "highway": "bus_stop",
        "tourism": null,
        "historic": null,
        "railway": null,
        "website": null,
        "phone": null,
        "address": null
      }
    },
    {
      "type": "Feature",
      "id": "node/7752538492",
      "geometry": {
        "type": "Point",
        "coordinates": [
          0.0124957,
          51.6914394
        ]
      },
      "properties": {
        "id": "node/7752538492",
        "osmType": "node",
        "osmId": 7752538492,
        "name": "Congreve Road",
        "category": "bus_stop",
        "categoryLabel": "Bus Stop",
        "amenity": null,
        "highway": "bus_stop",
        "tourism": null,
        "historic": null,
        "railway": null,
        "website": null,
        "phone": null,
        "address": null
      }
    },
    {
      "type": "Feature",
      "id": "node/7752538493",
      "geometry": {
        "type": "Point",
        "coordinates": [
          0.0976733,
          51.6892206
        ]
      },
      "properties": {
        "id": "node/7752538493",
        "osmType": "node",
        "osmId": 7752538493,
        "name": "Fishers Lane",
        "category": "bus_stop",
        "categoryLabel": "Bus Stop",
        "amenity": null,
        "highway": "bus_stop",
        "tourism": null,
        "historic": null,
        "railway": null,
        "website": null,
        "phone": null,
        "address": null
      }
    },
    {
      "type": "Feature",
      "id": "node/7752538494",
      "geometry": {
        "type": "Point",
        "coordinates": [
          0.1112619,
          51.6988531
        ]
      },
      "properties": {
        "id": "node/7752538494",
        "osmType": "node",
        "osmId": 7752538494,
        "name": "Church",
        "category": "bus_stop",
        "categoryLabel": "Bus Stop",
        "amenity": null,
        "highway": "bus_stop",
        "tourism": null,
        "historic": null,
        "railway": null,
        "website": null,
        "phone": null,
        "address": null
      }
    },
    {
      "type": "Feature",
      "id": "node/7752538495",
      "geometry": {
        "type": "Point",
        "coordinates": [
          0.0982941,
          51.6891915
        ]
      },
      "properties": {
        "id": "node/7752538495",
        "osmType": "node",
        "osmId": 7752538495,
        "name": "Fishers Lane",
        "category": "bus_stop",
        "categoryLabel": "Bus Stop",
        "amenity": null,
        "highway": "bus_stop",
        "tourism": null,
        "historic": null,
        "railway": null,
        "website": null,
        "phone": null,
        "address": null
      }
    },
    {
      "type": "Feature",
      "id": "node/7752538496",
      "geometry": {
        "type": "Point",
        "coordinates": [
          -0.0009941,
          51.6860764
        ]
      },
      "properties": {
        "id": "node/7752538496",
        "osmType": "node",
        "osmId": 7752538496,
        "name": "Quaker Lane",
        "category": "bus_stop",
        "categoryLabel": "Bus Stop",
        "amenity": null,
        "highway": "bus_stop",
        "tourism": null,
        "historic": null,
        "railway": null,
        "website": null,
        "phone": null,
        "address": null
      }
    },
    {
      "type": "Feature",
      "id": "node/7752551353",
      "geometry": {
        "type": "Point",
        "coordinates": [
          -0.0206163,
          51.6036691
        ]
      },
      "properties": {
        "id": "node/7752551353",
        "osmType": "node",
        "osmId": 7752551353,
        "name": "Salisbury Hall Sainsbury's",
        "category": "bus_stop",
        "categoryLabel": "Bus Stop",
        "amenity": null,
        "highway": "bus_stop",
        "tourism": null,
        "historic": null,
        "railway": null,
        "website": null,
        "phone": null,
        "address": null
      }
    },
    {
      "type": "Feature",
      "id": "node/7752577433",
      "geometry": {
        "type": "Point",
        "coordinates": [
          0.1441961,
          51.6572119
        ]
      },
      "properties": {
        "id": "node/7752577433",
        "osmType": "node",
        "osmId": 7752577433,
        "name": "Crowther Nurseries",
        "category": "bus_stop",
        "categoryLabel": "Bus Stop",
        "amenity": null,
        "highway": "bus_stop",
        "tourism": null,
        "historic": null,
        "railway": null,
        "website": null,
        "phone": null,
        "address": null
      }
    },
    {
      "type": "Feature",
      "id": "node/7752577434",
      "geometry": {
        "type": "Point",
        "coordinates": [
          0.1164311,
          51.649964
        ]
      },
      "properties": {
        "id": "node/7752577434",
        "osmType": "node",
        "osmId": 7752577434,
        "name": "Log Cabin Cafe",
        "category": "bus_stop",
        "categoryLabel": "Bus Stop",
        "amenity": null,
        "highway": "bus_stop",
        "tourism": null,
        "historic": null,
        "railway": null,
        "website": null,
        "phone": null,
        "address": null
      }
    },
    {
      "type": "Feature",
      "id": "node/7752577435",
      "geometry": {
        "type": "Point",
        "coordinates": [
          0.1180839,
          51.6508551
        ]
      },
      "properties": {
        "id": "node/7752577435",
        "osmType": "node",
        "osmId": 7752577435,
        "name": "The Blue Boar",
        "category": "bus_stop",
        "categoryLabel": "Bus Stop",
        "amenity": null,
        "highway": "bus_stop",
        "tourism": null,
        "historic": null,
        "railway": null,
        "website": null,
        "phone": null,
        "address": null
      }
    },
    {
      "type": "Feature",
      "id": "node/7752577436",
      "geometry": {
        "type": "Point",
        "coordinates": [
          0.1264762,
          51.6551781
        ]
      },
      "properties": {
        "id": "node/7752577436",
        "osmType": "node",
        "osmId": 7752577436,
        "name": "Grove Cottage",
        "category": "bus_stop",
        "categoryLabel": "Bus Stop",
        "amenity": null,
        "highway": "bus_stop",
        "tourism": null,
        "historic": null,
        "railway": null,
        "website": null,
        "phone": null,
        "address": null
      }
    },
    {
      "type": "Feature",
      "id": "node/7752629272",
      "geometry": {
        "type": "Point",
        "coordinates": [
          0.0319444,
          51.6889103
        ]
      },
      "properties": {
        "id": "node/7752629272",
        "osmType": "node",
        "osmId": 7752629272,
        "name": "Upshire Shops",
        "category": "bus_stop",
        "categoryLabel": "Bus Stop",
        "amenity": null,
        "highway": "bus_stop",
        "tourism": null,
        "historic": null,
        "railway": null,
        "website": null,
        "phone": null,
        "address": null
      }
    },
    {
      "type": "Feature",
      "id": "node/7752774296",
      "geometry": {
        "type": "Point",
        "coordinates": [
          0.0300968,
          51.6899764
        ]
      },
      "properties": {
        "id": "node/7752774296",
        "osmType": "node",
        "osmId": 7752774296,
        "name": "Buxton Road",
        "category": "bus_stop",
        "categoryLabel": "Bus Stop",
        "amenity": null,
        "highway": "bus_stop",
        "tourism": null,
        "historic": null,
        "railway": null,
        "website": null,
        "phone": null,
        "address": null
      }
    },
    {
      "type": "Feature",
      "id": "node/7752774297",
      "geometry": {
        "type": "Point",
        "coordinates": [
          0.0272595,
          51.6922106
        ]
      },
      "properties": {
        "id": "node/7752774297",
        "osmType": "node",
        "osmId": 7752774297,
        "name": "Amesbury",
        "category": "bus_stop",
        "categoryLabel": "Bus Stop",
        "amenity": null,
        "highway": "bus_stop",
        "tourism": null,
        "historic": null,
        "railway": null,
        "website": null,
        "phone": null,
        "address": null
      }
    },
    {
      "type": "Feature",
      "id": "node/7752774298",
      "geometry": {
        "type": "Point",
        "coordinates": [
          0.0236852,
          51.6922003
        ]
      },
      "properties": {
        "id": "node/7752774298",
        "osmType": "node",
        "osmId": 7752774298,
        "name": "Pick Hill",
        "category": "bus_stop",
        "categoryLabel": "Bus Stop",
        "amenity": null,
        "highway": "bus_stop",
        "tourism": null,
        "historic": null,
        "railway": null,
        "website": null,
        "phone": null,
        "address": null
      }
    },
    {
      "type": "Feature",
      "id": "node/7756512812",
      "geometry": {
        "type": "Point",
        "coordinates": [
          0.1150428,
          51.6921734
        ]
      },
      "properties": {
        "id": "node/7756512812",
        "osmType": "node",
        "osmId": 7756512812,
        "name": "The Orchards",
        "category": "bus_stop",
        "categoryLabel": "Bus Stop",
        "amenity": null,
        "highway": "bus_stop",
        "tourism": null,
        "historic": null,
        "railway": null,
        "website": null,
        "phone": null,
        "address": null
      }
    },
    {
      "type": "Feature",
      "id": "node/7756512813",
      "geometry": {
        "type": "Point",
        "coordinates": [
          0.1152134,
          51.6890049
        ]
      },
      "properties": {
        "id": "node/7756512813",
        "osmType": "node",
        "osmId": 7756512813,
        "name": "Allnutts Road",
        "category": "bus_stop",
        "categoryLabel": "Bus Stop",
        "amenity": null,
        "highway": "bus_stop",
        "tourism": null,
        "historic": null,
        "railway": null,
        "website": null,
        "phone": null,
        "address": null
      }
    },
    {
      "type": "Feature",
      "id": "node/7756512853",
      "geometry": {
        "type": "Point",
        "coordinates": [
          0.1153287,
          51.6889938
        ]
      },
      "properties": {
        "id": "node/7756512853",
        "osmType": "node",
        "osmId": 7756512853,
        "name": "Allnutts Road",
        "category": "bus_stop",
        "categoryLabel": "Bus Stop",
        "amenity": null,
        "highway": "bus_stop",
        "tourism": null,
        "historic": null,
        "railway": null,
        "website": null,
        "phone": null,
        "address": null
      }
    },
    {
      "type": "Feature",
      "id": "node/7756512854",
      "geometry": {
        "type": "Point",
        "coordinates": [
          0.115037,
          51.6914271
        ]
      },
      "properties": {
        "id": "node/7756512854",
        "osmType": "node",
        "osmId": 7756512854,
        "name": "The Orchards",
        "category": "bus_stop",
        "categoryLabel": "Bus Stop",
        "amenity": null,
        "highway": "bus_stop",
        "tourism": null,
        "historic": null,
        "railway": null,
        "website": null,
        "phone": null,
        "address": null
      }
    },
    {
      "type": "Feature",
      "id": "node/7768199906",
      "geometry": {
        "type": "Point",
        "coordinates": [
          0.0875632,
          51.6443119
        ]
      },
      "properties": {
        "id": "node/7768199906",
        "osmType": "node",
        "osmId": 7768199906,
        "name": "Lenthall Road",
        "category": "bus_stop",
        "categoryLabel": "Bus Stop",
        "amenity": null,
        "highway": "bus_stop",
        "tourism": null,
        "historic": null,
        "railway": null,
        "website": null,
        "phone": null,
        "address": null
      }
    },
    {
      "type": "Feature",
      "id": "node/7788082844",
      "geometry": {
        "type": "Point",
        "coordinates": [
          0.0023435,
          51.6827054
        ]
      },
      "properties": {
        "id": "node/7788082844",
        "osmType": "node",
        "osmId": 7788082844,
        "name": "Cartersfield",
        "category": "bus_stop",
        "categoryLabel": "Bus Stop",
        "amenity": null,
        "highway": "bus_stop",
        "tourism": null,
        "historic": null,
        "railway": null,
        "website": null,
        "phone": null,
        "address": null
      }
    },
    {
      "type": "Feature",
      "id": "node/7834787846",
      "geometry": {
        "type": "Point",
        "coordinates": [
          0.0994521,
          51.6967066
        ]
      },
      "properties": {
        "id": "node/7834787846",
        "osmType": "node",
        "osmId": 7834787846,
        "name": "School",
        "category": "bus_stop",
        "categoryLabel": "Bus Stop",
        "amenity": null,
        "highway": "bus_stop",
        "tourism": null,
        "historic": null,
        "railway": null,
        "website": null,
        "phone": null,
        "address": null
      }
    },
    {
      "type": "Feature",
      "id": "node/7847693607",
      "geometry": {
        "type": "Point",
        "coordinates": [
          0.0324952,
          51.6308628
        ]
      },
      "properties": {
        "id": "node/7847693607",
        "osmType": "node",
        "osmId": 7847693607,
        "name": "The Wilderness",
        "category": "historic",
        "categoryLabel": "Historic Site",
        "amenity": null,
        "highway": null,
        "tourism": null,
        "historic": "memorial",
        "railway": null,
        "website": null,
        "phone": null,
        "address": null
      }
    },
    {
      "type": "Feature",
      "id": "node/7858466681",
      "geometry": {
        "type": "Point",
        "coordinates": [
          -0.0168526,
          51.6840342
        ]
      },
      "properties": {
        "id": "node/7858466681",
        "osmType": "node",
        "osmId": 7858466681,
        "name": "Long Croft Drive",
        "category": "bus_stop",
        "categoryLabel": "Bus Stop",
        "amenity": null,
        "highway": "bus_stop",
        "tourism": null,
        "historic": null,
        "railway": null,
        "website": null,
        "phone": null,
        "address": null
      }
    },
    {
      "type": "Feature",
      "id": "node/7858466682",
      "geometry": {
        "type": "Point",
        "coordinates": [
          0.0237558,
          51.6921631
        ]
      },
      "properties": {
        "id": "node/7858466682",
        "osmType": "node",
        "osmId": 7858466682,
        "name": "Pick Hill",
        "category": "bus_stop",
        "categoryLabel": "Bus Stop",
        "amenity": null,
        "highway": "bus_stop",
        "tourism": null,
        "historic": null,
        "railway": null,
        "website": null,
        "phone": null,
        "address": null
      }
    },
    {
      "type": "Feature",
      "id": "node/7858466683",
      "geometry": {
        "type": "Point",
        "coordinates": [
          0.0270434,
          51.6922323
        ]
      },
      "properties": {
        "id": "node/7858466683",
        "osmType": "node",
        "osmId": 7858466683,
        "name": "Amesbury",
        "category": "bus_stop",
        "categoryLabel": "Bus Stop",
        "amenity": null,
        "highway": "bus_stop",
        "tourism": null,
        "historic": null,
        "railway": null,
        "website": null,
        "phone": null,
        "address": null
      }
    },
    {
      "type": "Feature",
      "id": "node/7859300963",
      "geometry": {
        "type": "Point",
        "coordinates": [
          0.0423515,
          51.6255864
        ]
      },
      "properties": {
        "id": "node/7859300963",
        "osmType": "node",
        "osmId": 7859300963,
        "name": "Mr Todiwalla's Petiscos",
        "category": "restaurant",
        "categoryLabel": "Restaurant",
        "amenity": "restaurant",
        "highway": null,
        "tourism": null,
        "historic": null,
        "railway": null,
        "website": null,
        "phone": "+44 20 8257 0816",
        "address": "75 Queen's Road, Buckhurst Hill IG9 5BS"
      }
    },
    {
      "type": "Feature",
      "id": "node/7887985298",
      "geometry": {
        "type": "Point",
        "coordinates": [
          -0.0166163,
          51.6688787
        ]
      },
      "properties": {
        "id": "node/7887985298",
        "osmType": "node",
        "osmId": 7887985298,
        "name": "Peking Chef",
        "category": "restaurant",
        "categoryLabel": "Restaurant",
        "amenity": "restaurant",
        "highway": null,
        "tourism": null,
        "historic": null,
        "railway": null,
        "website": null,
        "phone": null,
        "address": "66 Island Centre Way, Enfield EN3 6GS"
      }
    },
    {
      "type": "Feature",
      "id": "node/7898767503",
      "geometry": {
        "type": "Point",
        "coordinates": [
          -0.0164942,
          51.66829
        ]
      },
      "properties": {
        "id": "node/7898767503",
        "osmType": "node",
        "osmId": 7898767503,
        "name": "RSA Interpretation Centre",
        "category": "museum",
        "categoryLabel": "Museum",
        "amenity": null,
        "highway": null,
        "tourism": "museum",
        "historic": null,
        "railway": null,
        "website": "https://www.rsaf.org.uk/2017/04/12/discover-the-rsa-interpretation-centre-londons-industrial-lea-valley-heritage/",
        "phone": null,
        "address": "12 Island Centre Way, Enfield EN3 6GS"
      }
    },
    {
      "type": "Feature",
      "id": "node/7907700298",
      "geometry": {
        "type": "Point",
        "coordinates": [
          -0.003856,
          51.6884666
        ]
      },
      "properties": {
        "id": "node/7907700298",
        "osmType": "node",
        "osmId": 7907700298,
        "name": "Waltham Abbey Gatehouse",
        "category": "attraction",
        "categoryLabel": "Attraction",
        "amenity": null,
        "highway": null,
        "tourism": "attraction",
        "historic": null,
        "railway": null,
        "website": null,
        "phone": null,
        "address": null
      }
    },
    {
      "type": "Feature",
      "id": "node/7997135907",
      "geometry": {
        "type": "Point",
        "coordinates": [
          0.0198455,
          51.6331812
        ]
      },
      "properties": {
        "id": "node/7997135907",
        "osmType": "node",
        "osmId": 7997135907,
        "name": "Forest ramblers club centenary",
        "category": "historic",
        "categoryLabel": "Historic Site",
        "amenity": null,
        "highway": null,
        "tourism": null,
        "historic": "monument",
        "railway": null,
        "website": null,
        "phone": null,
        "address": null
      }
    },
    {
      "type": "Feature",
      "id": "node/8043996056",
      "geometry": {
        "type": "Point",
        "coordinates": [
          0.1068986,
          51.6963449
        ]
      },
      "properties": {
        "id": "node/8043996056",
        "osmType": "node",
        "osmId": 8043996056,
        "name": "Sydney Hills",
        "category": "historic",
        "categoryLabel": "Historic Site",
        "amenity": null,
        "highway": null,
        "tourism": null,
        "historic": "memorial",
        "railway": null,
        "website": null,
        "phone": null,
        "address": null
      }
    },
    {
      "type": "Feature",
      "id": "node/8044474888",
      "geometry": {
        "type": "Point",
        "coordinates": [
          0.0322279,
          51.6089635
        ]
      },
      "properties": {
        "id": "node/8044474888",
        "osmType": "node",
        "osmId": 8044474888,
        "name": "Clement Attlee",
        "category": "historic",
        "categoryLabel": "Historic Site",
        "amenity": null,
        "highway": null,
        "tourism": null,
        "historic": "memorial",
        "railway": null,
        "website": null,
        "phone": null,
        "address": null
      }
    },
    {
      "type": "Feature",
      "id": "node/8063200494",
      "geometry": {
        "type": "Point",
        "coordinates": [
          0.0125081,
          51.6005625
        ]
      },
      "properties": {
        "id": "node/8063200494",
        "osmType": "node",
        "osmId": 8063200494,
        "name": "James Hilton",
        "category": "historic",
        "categoryLabel": "Historic Site",
        "amenity": null,
        "highway": null,
        "tourism": null,
        "historic": "memorial",
        "railway": null,
        "website": null,
        "phone": null,
        "address": null
      }
    },
    {
      "type": "Feature",
      "id": "node/8223851655",
      "geometry": {
        "type": "Point",
        "coordinates": [
          0.1016051,
          51.6721005
        ]
      },
      "properties": {
        "id": "node/8223851655",
        "osmType": "node",
        "osmId": 8223851655,
        "name": "Bonhomie",
        "category": "cafe",
        "categoryLabel": "Caf\u00e9",
        "amenity": "cafe",
        "highway": null,
        "tourism": null,
        "historic": null,
        "railway": null,
        "website": null,
        "phone": "+44 1992 676866",
        "address": "14 Forest Drive, Epping CM16 7EY"
      }
    },
    {
      "type": "Feature",
      "id": "node/8267340346",
      "geometry": {
        "type": "Point",
        "coordinates": [
          0.1389933,
          51.6571662
        ]
      },
      "properties": {
        "id": "node/8267340346",
        "osmType": "node",
        "osmId": 8267340346,
        "name": "Church Lane",
        "category": "bus_stop",
        "categoryLabel": "Bus Stop",
        "amenity": null,
        "highway": "bus_stop",
        "tourism": null,
        "historic": null,
        "railway": null,
        "website": null,
        "phone": null,
        "address": null
      }
    },
    {
      "type": "Feature",
      "id": "node/8295173963",
      "geometry": {
        "type": "Point",
        "coordinates": [
          0.0476902,
          51.6250556
        ]
      },
      "properties": {
        "id": "node/8295173963",
        "osmType": "node",
        "osmId": 8295173963,
        "name": "Buckhurst Hill War Memorial",
        "category": "historic",
        "categoryLabel": "Historic Site",
        "amenity": null,
        "highway": null,
        "tourism": null,
        "historic": "memorial",
        "railway": null,
        "website": null,
        "phone": null,
        "address": null
      }
    },
    {
      "type": "Feature",
      "id": "node/8515119328",
      "geometry": {
        "type": "Point",
        "coordinates": [
          -0.005156,
          51.6097825
        ]
      },
      "properties": {
        "id": "node/8515119328",
        "osmType": "node",
        "osmId": 8515119328,
        "name": "Lloyd\u2019s",
        "category": "cafe",
        "categoryLabel": "Caf\u00e9",
        "amenity": "cafe",
        "highway": null,
        "tourism": null,
        "historic": null,
        "railway": null,
        "website": null,
        "phone": null,
        "address": null
      }
    },
    {
      "type": "Feature",
      "id": "node/8595311855",
      "geometry": {
        "type": "Point",
        "coordinates": [
          -0.001455,
          51.6073193
        ]
      },
      "properties": {
        "id": "node/8595311855",
        "osmType": "node",
        "osmId": 8595311855,
        "name": "Greenwich Meridian",
        "category": "historic",
        "categoryLabel": "Historic Site",
        "amenity": null,
        "highway": null,
        "tourism": null,
        "historic": "memorial",
        "railway": null,
        "website": null,
        "phone": null,
        "address": null
      }
    },
    {
      "type": "Feature",
      "id": "node/8613350778",
      "geometry": {
        "type": "Point",
        "coordinates": [
          0.0041562,
          51.6313651
        ]
      },
      "properties": {
        "id": "node/8613350778",
        "osmType": "node",
        "osmId": 8613350778,
        "name": "Jaz & Jetz Kitchen",
        "category": "cafe",
        "categoryLabel": "Caf\u00e9",
        "amenity": "cafe",
        "highway": null,
        "tourism": null,
        "historic": null,
        "railway": null,
        "website": null,
        "phone": null,
        "address": "49a Station Road, London E4 7DA"
      }
    },
    {
      "type": "Feature",
      "id": "node/8664240517",
      "geometry": {
        "type": "Point",
        "coordinates": [
          0.0385386,
          51.6076708
        ]
      },
      "properties": {
        "id": "node/8664240517",
        "osmType": "node",
        "osmId": 8664240517,
        "name": "Woodford Green War Memorial",
        "category": "historic",
        "categoryLabel": "Historic Site",
        "amenity": null,
        "highway": null,
        "tourism": null,
        "historic": "memorial",
        "railway": null,
        "website": null,
        "phone": null,
        "address": null
      }
    },
    {
      "type": "Feature",
      "id": "node/8755248057",
      "geometry": {
        "type": "Point",
        "coordinates": [
          0.0098307,
          51.6330318
        ]
      },
      "properties": {
        "id": "node/8755248057",
        "osmType": "node",
        "osmId": 8755248057,
        "name": "Tani\u2019s Express",
        "category": "cafe",
        "categoryLabel": "Caf\u00e9",
        "amenity": "cafe",
        "highway": null,
        "tourism": null,
        "historic": null,
        "railway": null,
        "website": null,
        "phone": null,
        "address": null
      }
    },
    {
      "type": "Feature",
      "id": "node/8968739205",
      "geometry": {
        "type": "Point",
        "coordinates": [
          0.0532532,
          51.619261
        ]
      },
      "properties": {
        "id": "node/8968739205",
        "osmType": "node",
        "osmId": 8968739205,
        "name": null,
        "category": "cafe",
        "categoryLabel": "Caf\u00e9",
        "amenity": "cafe",
        "highway": null,
        "tourism": null,
        "historic": null,
        "railway": null,
        "website": null,
        "phone": null,
        "address": null
      }
    },
    {
      "type": "Feature",
      "id": "node/9119904918",
      "geometry": {
        "type": "Point",
        "coordinates": [
          0.1108133,
          51.6987791
        ]
      },
      "properties": {
        "id": "node/9119904918",
        "osmType": "node",
        "osmId": 9119904918,
        "name": "The Speak Easy Bar",
        "category": "bar",
        "categoryLabel": "Bar",
        "amenity": "bar",
        "highway": null,
        "tourism": null,
        "historic": null,
        "railway": null,
        "website": null,
        "phone": null,
        "address": "High Street, Epping"
      }
    },
    {
      "type": "Feature",
      "id": "node/9421145106",
      "geometry": {
        "type": "Point",
        "coordinates": [
          0.0975231,
          51.5954912
        ]
      },
      "properties": {
        "id": "node/9421145106",
        "osmType": "node",
        "osmId": 9421145106,
        "name": "Fairlop Waters Commemorative Sculpture",
        "category": "historic",
        "categoryLabel": "Historic Site",
        "amenity": null,
        "highway": null,
        "tourism": null,
        "historic": "memorial",
        "railway": null,
        "website": null,
        "phone": null,
        "address": null
      }
    },
    {
      "type": "Feature",
      "id": "node/9607788031",
      "geometry": {
        "type": "Point",
        "coordinates": [
          0.067913,
          51.6239239
        ]
      },
      "properties": {
        "id": "node/9607788031",
        "osmType": "node",
        "osmId": 9607788031,
        "name": null,
        "category": "bus_stop",
        "categoryLabel": "Bus Stop",
        "amenity": null,
        "highway": "bus_stop",
        "tourism": null,
        "historic": null,
        "railway": null,
        "website": null,
        "phone": null,
        "address": null
      }
    },
    {
      "type": "Feature",
      "id": "node/9688217568",
      "geometry": {
        "type": "Point",
        "coordinates": [
          0.0455976,
          51.6096814
        ]
      },
      "properties": {
        "id": "node/9688217568",
        "osmType": "node",
        "osmId": 9688217568,
        "name": "Ray Park Cafe",
        "category": "cafe",
        "categoryLabel": "Caf\u00e9",
        "amenity": "cafe",
        "highway": null,
        "tourism": null,
        "historic": null,
        "railway": null,
        "website": null,
        "phone": null,
        "address": null
      }
    },
    {
      "type": "Feature",
      "id": "node/9723392726",
      "geometry": {
        "type": "Point",
        "coordinates": [
          -0.0112867,
          51.646261
        ]
      },
      "properties": {
        "id": "node/9723392726",
        "osmType": "node",
        "osmId": 9723392726,
        "name": "Valley Cafe",
        "category": "cafe",
        "categoryLabel": "Caf\u00e9",
        "amenity": "cafe",
        "highway": null,
        "tourism": null,
        "historic": null,
        "railway": null,
        "website": null,
        "phone": null,
        "address": "155 Sewardstone Road, London E4 7PA"
      }
    },
    {
      "type": "Feature",
      "id": "node/9748424466",
      "geometry": {
        "type": "Point",
        "coordinates": [
          0.0524358,
          51.6444577
        ]
      },
      "properties": {
        "id": "node/9748424466",
        "osmType": "node",
        "osmId": 9748424466,
        "name": null,
        "category": "taxi",
        "categoryLabel": "Taxi",
        "amenity": "taxi",
        "highway": null,
        "tourism": null,
        "historic": null,
        "railway": null,
        "website": null,
        "phone": null,
        "address": null
      }
    },
    {
      "type": "Feature",
      "id": "node/9814671714",
      "geometry": {
        "type": "Point",
        "coordinates": [
          0.1177472,
          51.6510128
        ]
      },
      "properties": {
        "id": "node/9814671714",
        "osmType": "node",
        "osmId": 9814671714,
        "name": "The Blue Boar",
        "category": "cafe",
        "categoryLabel": "Caf\u00e9",
        "amenity": "cafe",
        "highway": null,
        "tourism": null,
        "historic": null,
        "railway": null,
        "website": "www.theblueboarabridge.co.uk",
        "phone": "+44 1992812110",
        "address": "1 Market Place, Abridge RM4 1UA"
      }
    },
    {
      "type": "Feature",
      "id": "node/9814680412",
      "geometry": {
        "type": "Point",
        "coordinates": [
          0.1178315,
          51.6509603
        ]
      },
      "properties": {
        "id": "node/9814680412",
        "osmType": "node",
        "osmId": 9814680412,
        "name": "The Blue Boar",
        "category": "restaurant",
        "categoryLabel": "Restaurant",
        "amenity": "restaurant",
        "highway": null,
        "tourism": null,
        "historic": null,
        "railway": null,
        "website": "www.theblueboarabridge.co.uk",
        "phone": "+44 1992812110",
        "address": "1 Market Place, Abridge RM4 1UA"
      }
    },
    {
      "type": "Feature",
      "id": "node/9907416589",
      "geometry": {
        "type": "Point",
        "coordinates": [
          -0.0009415,
          51.6631694
        ]
      },
      "properties": {
        "id": "node/9907416589",
        "osmType": "node",
        "osmId": 9907416589,
        "name": "The Farmhouse Restaurant",
        "category": "restaurant",
        "categoryLabel": "Restaurant",
        "amenity": "restaurant",
        "highway": null,
        "tourism": null,
        "historic": null,
        "railway": null,
        "website": null,
        "phone": null,
        "address": "Sewardstone Road"
      }
    },
    {
      "type": "Feature",
      "id": "node/9966716893",
      "geometry": {
        "type": "Point",
        "coordinates": [
          -0.0349947,
          51.7018396
        ]
      },
      "properties": {
        "id": "node/9966716893",
        "osmType": "node",
        "osmId": 9966716893,
        "name": "Fountain Cafe and Restaurant",
        "category": "cafe",
        "categoryLabel": "Caf\u00e9",
        "amenity": "cafe",
        "highway": null,
        "tourism": null,
        "historic": null,
        "railway": null,
        "website": null,
        "phone": null,
        "address": "1 College Road, Waltham Cross EN8 9LP"
      }
    },
    {
      "type": "Feature",
      "id": "node/9968666754",
      "geometry": {
        "type": "Point",
        "coordinates": [
          -0.013182,
          51.6995763
        ]
      },
      "properties": {
        "id": "node/9968666754",
        "osmType": "node",
        "osmId": 9968666754,
        "name": "Powdermill Cut",
        "category": "station",
        "categoryLabel": "Train Station",
        "amenity": null,
        "highway": null,
        "tourism": null,
        "historic": null,
        "railway": "station",
        "website": null,
        "phone": null,
        "address": null
      }
    },
    {
      "type": "Feature",
      "id": "node/9968666772",
      "geometry": {
        "type": "Point",
        "coordinates": [
          -0.0121029,
          51.6941835
        ]
      },
      "properties": {
        "id": "node/9968666772",
        "osmType": "node",
        "osmId": 9968666772,
        "name": "Royal Gunpowder Mills Railway",
        "category": "station",
        "categoryLabel": "Train Station",
        "amenity": null,
        "highway": null,
        "tourism": null,
        "historic": null,
        "railway": "station",
        "website": null,
        "phone": null,
        "address": null
      }
    },
    {
      "type": "Feature",
      "id": "node/10005125311",
      "geometry": {
        "type": "Point",
        "coordinates": [
          0.0020051,
          51.6499851
        ]
      },
      "properties": {
        "id": "node/10005125311",
        "osmType": "node",
        "osmId": 10005125311,
        "name": "Baden-Powell Bust",
        "category": "artwork",
        "categoryLabel": "Artwork",
        "amenity": null,
        "highway": null,
        "tourism": "artwork",
        "historic": "monument",
        "railway": null,
        "website": null,
        "phone": null,
        "address": null
      }
    },
    {
      "type": "Feature",
      "id": "node/10005171865",
      "geometry": {
        "type": "Point",
        "coordinates": [
          0.0007479,
          51.6492006
        ]
      },
      "properties": {
        "id": "node/10005171865",
        "osmType": "node",
        "osmId": 10005171865,
        "name": "Jim Green Gate",
        "category": "historic",
        "categoryLabel": "Historic Site",
        "amenity": null,
        "highway": null,
        "tourism": null,
        "historic": "memorial",
        "railway": null,
        "website": null,
        "phone": null,
        "address": null
      }
    },
    {
      "type": "Feature",
      "id": "node/10005216805",
      "geometry": {
        "type": "Point",
        "coordinates": [
          0.0020277,
          51.6499698
        ]
      },
      "properties": {
        "id": "node/10005216805",
        "osmType": "node",
        "osmId": 10005216805,
        "name": "Baden-Powell\u2019s Boot",
        "category": "historic",
        "categoryLabel": "Historic Site",
        "amenity": null,
        "highway": null,
        "tourism": null,
        "historic": "monument",
        "railway": null,
        "website": null,
        "phone": null,
        "address": null
      }
    },
    {
      "type": "Feature",
      "id": "node/10005216811",
      "geometry": {
        "type": "Point",
        "coordinates": [
          0.0014846,
          51.6501691
        ]
      },
      "properties": {
        "id": "node/10005216811",
        "osmType": "node",
        "osmId": 10005216811,
        "name": "The Chief\u2019s Drum",
        "category": "historic",
        "categoryLabel": "Historic Site",
        "amenity": null,
        "highway": null,
        "tourism": null,
        "historic": "yes",
        "railway": null,
        "website": null,
        "phone": null,
        "address": null
      }
    },
    {
      "type": "Feature",
      "id": "node/10005579286",
      "geometry": {
        "type": "Point",
        "coordinates": [
          0.0031583,
          51.6503939
        ]
      },
      "properties": {
        "id": "node/10005579286",
        "osmType": "node",
        "osmId": 10005579286,
        "name": "Baden-Powell Statue",
        "category": "artwork",
        "categoryLabel": "Artwork",
        "amenity": null,
        "highway": null,
        "tourism": "artwork",
        "historic": "monument",
        "railway": null,
        "website": null,
        "phone": null,
        "address": null
      }
    },
    {
      "type": "Feature",
      "id": "node/10238188810",
      "geometry": {
        "type": "Point",
        "coordinates": [
          0.000232,
          51.6868272
        ]
      },
      "properties": {
        "id": "node/10238188810",
        "osmType": "node",
        "osmId": 10238188810,
        "name": "Apollo Cafe",
        "category": "cafe",
        "categoryLabel": "Caf\u00e9",
        "amenity": "cafe",
        "highway": null,
        "tourism": null,
        "historic": null,
        "railway": null,
        "website": null,
        "phone": null,
        "address": null
      }
    },
    {
      "type": "Feature",
      "id": "node/10238188845",
      "geometry": {
        "type": "Point",
        "coordinates": [
          -0.0336911,
          51.7027667
        ]
      },
      "properties": {
        "id": "node/10238188845",
        "osmType": "node",
        "osmId": 10238188845,
        "name": "Taste of Cyprus",
        "category": "restaurant",
        "categoryLabel": "Restaurant",
        "amenity": "restaurant",
        "highway": null,
        "tourism": null,
        "historic": null,
        "railway": null,
        "website": null,
        "phone": null,
        "address": null
      }
    },
    {
      "type": "Feature",
      "id": "node/10238188850",
      "geometry": {
        "type": "Point",
        "coordinates": [
          -0.0341526,
          51.7025718
        ]
      },
      "properties": {
        "id": "node/10238188850",
        "osmType": "node",
        "osmId": 10238188850,
        "name": "Reyna",
        "category": "restaurant",
        "categoryLabel": "Restaurant",
        "amenity": "restaurant",
        "highway": null,
        "tourism": null,
        "historic": null,
        "railway": null,
        "website": null,
        "phone": null,
        "address": null
      }
    },
    {
      "type": "Feature",
      "id": "node/10717828391",
      "geometry": {
        "type": "Point",
        "coordinates": [
          0.0557765,
          51.6068725
        ]
      },
      "properties": {
        "id": "node/10717828391",
        "osmType": "node",
        "osmId": 10717828391,
        "name": "Jaipur of Chigwell",
        "category": "restaurant",
        "categoryLabel": "Restaurant",
        "amenity": "restaurant",
        "highway": null,
        "tourism": null,
        "historic": null,
        "railway": null,
        "website": "https://www.jaipurofchigwell.com",
        "phone": null,
        "address": "734 Chigwell Road, Woodford Green IG8 8AL"
      }
    },
    {
      "type": "Feature",
      "id": "node/10717828392",
      "geometry": {
        "type": "Point",
        "coordinates": [
          0.0545312,
          51.6061462
        ]
      },
      "properties": {
        "id": "node/10717828392",
        "osmType": "node",
        "osmId": 10717828392,
        "name": "Kyto Pan-Asian Restaurant",
        "category": "restaurant",
        "categoryLabel": "Restaurant",
        "amenity": "restaurant",
        "highway": null,
        "tourism": null,
        "historic": null,
        "railway": null,
        "website": null,
        "phone": null,
        "address": "692-294 Chigwell Road, Woodford Green IG8 8AL"
      }
    },
    {
      "type": "Feature",
      "id": "node/10717833914",
      "geometry": {
        "type": "Point",
        "coordinates": [
          0.0609281,
          51.6102493
        ]
      },
      "properties": {
        "id": "node/10717833914",
        "osmType": "node",
        "osmId": 10717833914,
        "name": "Casa Pipino",
        "category": "restaurant",
        "categoryLabel": "Restaurant",
        "amenity": "restaurant",
        "highway": null,
        "tourism": null,
        "historic": null,
        "railway": null,
        "website": "https://casapipino.co.uk",
        "phone": null,
        "address": "783 Chigwell Road, Woodford Green IG8 8AU"
      }
    },
    {
      "type": "Feature",
      "id": "node/10725764227",
      "geometry": {
        "type": "Point",
        "coordinates": [
          0.0221661,
          51.609411
        ]
      },
      "properties": {
        "id": "node/10725764227",
        "osmType": "node",
        "osmId": 10725764227,
        "name": "Prezzo",
        "category": "restaurant",
        "categoryLabel": "Restaurant",
        "amenity": "restaurant",
        "highway": null,
        "tourism": null,
        "historic": null,
        "railway": null,
        "website": null,
        "phone": null,
        "address": "8 Johnston Road, Woodford Green IG8 0XA"
      }
    },
    {
      "type": "Feature",
      "id": "node/10725764229",
      "geometry": {
        "type": "Point",
        "coordinates": [
          0.0225912,
          51.609355
        ]
      },
      "properties": {
        "id": "node/10725764229",
        "osmType": "node",
        "osmId": 10725764229,
        "name": "Mezze",
        "category": "restaurant",
        "categoryLabel": "Restaurant",
        "amenity": "restaurant",
        "highway": null,
        "tourism": null,
        "historic": null,
        "railway": null,
        "website": null,
        "phone": null,
        "address": "2 Johnston Road, Woodford Green IG8 0XA"
      }
    },
    {
      "type": "Feature",
      "id": "node/10858260713",
      "geometry": {
        "type": "Point",
        "coordinates": [
          0.1355159,
          51.6156933
        ]
      },
      "properties": {
        "id": "node/10858260713",
        "osmType": "node",
        "osmId": 10858260713,
        "name": "1856 Cafe",
        "category": "restaurant",
        "categoryLabel": "Restaurant",
        "amenity": "restaurant",
        "highway": null,
        "tourism": null,
        "historic": null,
        "railway": null,
        "website": null,
        "phone": null,
        "address": "Fox Burrow Road, Chigwell IG7 4QN"
      }
    },
    {
      "type": "Feature",
      "id": "node/10948970968",
      "geometry": {
        "type": "Point",
        "coordinates": [
          0.1201361,
          51.6219773
        ]
      },
      "properties": {
        "id": "node/10948970968",
        "osmType": "node",
        "osmId": 10948970968,
        "name": "Two Brewers",
        "category": "pub",
        "categoryLabel": "Pub",
        "amenity": "pub",
        "highway": null,
        "tourism": null,
        "historic": null,
        "railway": null,
        "website": null,
        "phone": null,
        "address": null
      }
    },
    {
      "type": "Feature",
      "id": "node/11005869652",
      "geometry": {
        "type": "Point",
        "coordinates": [
          0.0203231,
          51.5990342
        ]
      },
      "properties": {
        "id": "node/11005869652",
        "osmType": "node",
        "osmId": 11005869652,
        "name": "Grand Trunk Road",
        "category": "restaurant",
        "categoryLabel": "Restaurant",
        "amenity": "restaurant",
        "highway": null,
        "tourism": null,
        "historic": null,
        "railway": null,
        "website": null,
        "phone": null,
        "address": "219 High Road, London E18 2PB"
      }
    },
    {
      "type": "Feature",
      "id": "node/11036100780",
      "geometry": {
        "type": "Point",
        "coordinates": [
          0.0542503,
          51.6061347
        ]
      },
      "properties": {
        "id": "node/11036100780",
        "osmType": "node",
        "osmId": 11036100780,
        "name": "Costa",
        "category": "cafe",
        "categoryLabel": "Caf\u00e9",
        "amenity": "cafe",
        "highway": null,
        "tourism": null,
        "historic": null,
        "railway": null,
        "website": null,
        "phone": null,
        "address": "688-690 Chigwell Road, Woodford Green IG8 8AH"
      }
    },
    {
      "type": "Feature",
      "id": "node/11036100785",
      "geometry": {
        "type": "Point",
        "coordinates": [
          0.0552949,
          51.6065079
        ]
      },
      "properties": {
        "id": "node/11036100785",
        "osmType": "node",
        "osmId": 11036100785,
        "name": "The Gandhi",
        "category": "restaurant",
        "categoryLabel": "Restaurant",
        "amenity": "restaurant",
        "highway": null,
        "tourism": null,
        "historic": null,
        "railway": null,
        "website": null,
        "phone": null,
        "address": "712 Chigwell Road, Woodford Green IG8 8AL"
      }
    },
    {
      "type": "Feature",
      "id": "node/11446989275",
      "geometry": {
        "type": "Point",
        "coordinates": [
          0.0263937,
          51.6143462
        ]
      },
      "properties": {
        "id": "node/11446989275",
        "osmType": "node",
        "osmId": 11446989275,
        "name": "Atrium Cafe",
        "category": "cafe",
        "categoryLabel": "Caf\u00e9",
        "amenity": "cafe",
        "highway": null,
        "tourism": null,
        "historic": null,
        "railway": null,
        "website": null,
        "phone": null,
        "address": null
      }
    },
    {
      "type": "Feature",
      "id": "node/11561841291",
      "geometry": {
        "type": "Point",
        "coordinates": [
          0.0006786,
          51.6505672
        ]
      },
      "properties": {
        "id": "node/11561841291",
        "osmType": "node",
        "osmId": 11561841291,
        "name": "John Thurman Shelter",
        "category": "historic",
        "categoryLabel": "Historic Site",
        "amenity": null,
        "highway": null,
        "tourism": null,
        "historic": "memorial",
        "railway": null,
        "website": null,
        "phone": null,
        "address": null
      }
    },
    {
      "type": "Feature",
      "id": "node/12000396374",
      "geometry": {
        "type": "Point",
        "coordinates": [
          0.0442473,
          51.625398
        ]
      },
      "properties": {
        "id": "node/12000396374",
        "osmType": "node",
        "osmId": 12000396374,
        "name": "Leonardos",
        "category": "restaurant",
        "categoryLabel": "Restaurant",
        "amenity": "restaurant",
        "highway": null,
        "tourism": null,
        "historic": null,
        "railway": null,
        "website": null,
        "phone": null,
        "address": null
      }
    },
    {
      "type": "Feature",
      "id": "node/12000396378",
      "geometry": {
        "type": "Point",
        "coordinates": [
          0.0438162,
          51.6254415
        ]
      },
      "properties": {
        "id": "node/12000396378",
        "osmType": "node",
        "osmId": 12000396378,
        "name": "Rue Gourmet",
        "category": "cafe",
        "categoryLabel": "Caf\u00e9",
        "amenity": "cafe",
        "highway": null,
        "tourism": null,
        "historic": null,
        "railway": null,
        "website": null,
        "phone": null,
        "address": null
      }
    },
    {
      "type": "Feature",
      "id": "node/12000529215",
      "geometry": {
        "type": "Point",
        "coordinates": [
          0.0441825,
          51.625216
        ]
      },
      "properties": {
        "id": "node/12000529215",
        "osmType": "node",
        "osmId": 12000529215,
        "name": "Green Owl",
        "category": "cafe",
        "categoryLabel": "Caf\u00e9",
        "amenity": "cafe",
        "highway": null,
        "tourism": null,
        "historic": null,
        "railway": null,
        "website": null,
        "phone": null,
        "address": null
      }
    },
    {
      "type": "Feature",
      "id": "node/12002975268",
      "geometry": {
        "type": "Point",
        "coordinates": [
          0.0427186,
          51.625527
        ]
      },
      "properties": {
        "id": "node/12002975268",
        "osmType": "node",
        "osmId": 12002975268,
        "name": "The Queen's Rooms",
        "category": "restaurant",
        "categoryLabel": "Restaurant",
        "amenity": "restaurant",
        "highway": null,
        "tourism": null,
        "historic": null,
        "railway": null,
        "website": null,
        "phone": null,
        "address": null
      }
    },
    {
      "type": "Feature",
      "id": "node/12002977670",
      "geometry": {
        "type": "Point",
        "coordinates": [
          0.0421361,
          51.6256016
        ]
      },
      "properties": {
        "id": "node/12002977670",
        "osmType": "node",
        "osmId": 12002977670,
        "name": "Soiree",
        "category": "restaurant",
        "categoryLabel": "Restaurant",
        "amenity": "restaurant",
        "highway": null,
        "tourism": null,
        "historic": null,
        "railway": null,
        "website": null,
        "phone": null,
        "address": null
      }
    },
    {
      "type": "Feature",
      "id": "node/12002977672",
      "geometry": {
        "type": "Point",
        "coordinates": [
          0.0424282,
          51.625583
        ]
      },
      "properties": {
        "id": "node/12002977672",
        "osmType": "node",
        "osmId": 12002977672,
        "name": "Alecco",
        "category": "restaurant",
        "categoryLabel": "Restaurant",
        "amenity": "restaurant",
        "highway": null,
        "tourism": null,
        "historic": null,
        "railway": null,
        "website": null,
        "phone": null,
        "address": null
      }
    },
    {
      "type": "Feature",
      "id": "node/12376913053",
      "geometry": {
        "type": "Point",
        "coordinates": [
          0.0204581,
          51.5995411
        ]
      },
      "properties": {
        "id": "node/12376913053",
        "osmType": "node",
        "osmId": 12376913053,
        "name": "The Mohabir",
        "category": "restaurant",
        "categoryLabel": "Restaurant",
        "amenity": "restaurant",
        "highway": null,
        "tourism": null,
        "historic": null,
        "railway": null,
        "website": "https://themohabir.co/",
        "phone": null,
        "address": "148 High Road, Woodford Green IG8 9EF"
      }
    },
    {
      "type": "Feature",
      "id": "node/12512127786",
      "geometry": {
        "type": "Point",
        "coordinates": [
          0.0952747,
          51.6042871
        ]
      },
      "properties": {
        "id": "node/12512127786",
        "osmType": "node",
        "osmId": 12512127786,
        "name": "Gullotti Cafe",
        "category": "cafe",
        "categoryLabel": "Caf\u00e9",
        "amenity": "cafe",
        "highway": null,
        "tourism": null,
        "historic": null,
        "railway": null,
        "website": null,
        "phone": null,
        "address": "212 New North Road"
      }
    },
    {
      "type": "Feature",
      "id": "node/12599292501",
      "geometry": {
        "type": "Point",
        "coordinates": [
          0.0093772,
          51.6336932
        ]
      },
      "properties": {
        "id": "node/12599292501",
        "osmType": "node",
        "osmId": 12599292501,
        "name": "Sushi Monster",
        "category": "restaurant",
        "categoryLabel": "Restaurant",
        "amenity": "restaurant",
        "highway": null,
        "tourism": null,
        "historic": null,
        "railway": null,
        "website": "https://sushimonster.co.uk/",
        "phone": "+44 20 3515 0678",
        "address": "134-138 Station Road, London E4 6AN"
      }
    },
    {
      "type": "Feature",
      "id": "node/12737761119",
      "geometry": {
        "type": "Point",
        "coordinates": [
          0.1124913,
          51.6997102
        ]
      },
      "properties": {
        "id": "node/12737761119",
        "osmType": "node",
        "osmId": 12737761119,
        "name": "PizzaExpress",
        "category": "restaurant",
        "categoryLabel": "Restaurant",
        "amenity": "restaurant",
        "highway": null,
        "tourism": null,
        "historic": null,
        "railway": null,
        "website": "https://www.pizzaexpress.com/epping-high-street",
        "phone": null,
        "address": "208-212 High Street, Epping CM16 4AQ"
      }
    },
    {
      "type": "Feature",
      "id": "node/12890535260",
      "geometry": {
        "type": "Point",
        "coordinates": [
          0.1123918,
          51.7001051
        ]
      },
      "properties": {
        "id": "node/12890535260",
        "osmType": "node",
        "osmId": 12890535260,
        "name": "Wildwood",
        "category": "restaurant",
        "categoryLabel": "Restaurant",
        "amenity": "restaurant",
        "highway": null,
        "tourism": null,
        "historic": null,
        "railway": null,
        "website": "https://wildwoodrestaurants.co.uk/restaurant/epping/",
        "phone": null,
        "address": "261 High Street, Epping CM16 4BP"
      }
    },
    {
      "type": "Feature",
      "id": "node/12894659756",
      "geometry": {
        "type": "Point",
        "coordinates": [
          0.1085718,
          51.69681
        ]
      },
      "properties": {
        "id": "node/12894659756",
        "osmType": "node",
        "osmId": 12894659756,
        "name": "Piya",
        "category": "restaurant",
        "categoryLabel": "Restaurant",
        "amenity": "restaurant",
        "highway": null,
        "tourism": null,
        "historic": null,
        "railway": null,
        "website": "https://piyabarandkitchen.co.uk/",
        "phone": null,
        "address": "74-76 High Street, Epping CM16 4AE"
      }
    },
    {
      "type": "Feature",
      "id": "node/12895043436",
      "geometry": {
        "type": "Point",
        "coordinates": [
          0.1075076,
          51.6967015
        ]
      },
      "properties": {
        "id": "node/12895043436",
        "osmType": "node",
        "osmId": 12895043436,
        "name": "Olive Kitchen",
        "category": "cafe",
        "categoryLabel": "Caf\u00e9",
        "amenity": "cafe",
        "highway": null,
        "tourism": null,
        "historic": null,
        "railway": null,
        "website": null,
        "phone": null,
        "address": "67 High Street, Epping CM16 4BA"
      }
    },
    {
      "type": "Feature",
      "id": "node/12895109250",
      "geometry": {
        "type": "Point",
        "coordinates": [
          0.1109885,
          51.6989832
        ]
      },
      "properties": {
        "id": "node/12895109250",
        "osmType": "node",
        "osmId": 12895109250,
        "name": "Carpino Lounge",
        "category": "restaurant",
        "categoryLabel": "Restaurant",
        "amenity": "restaurant",
        "highway": null,
        "tourism": null,
        "historic": null,
        "railway": null,
        "website": "https://thelounges.co.uk/carpino/",
        "phone": null,
        "address": "183 High Street, Epping CM16 4BH"
      }
    },
    {
      "type": "Feature",
      "id": "node/12895130764",
      "geometry": {
        "type": "Point",
        "coordinates": [
          0.1090728,
          51.6975452
        ]
      },
      "properties": {
        "id": "node/12895130764",
        "osmType": "node",
        "osmId": 12895130764,
        "name": "Peggottys",
        "category": "cafe",
        "categoryLabel": "Caf\u00e9",
        "amenity": "cafe",
        "highway": null,
        "tourism": null,
        "historic": null,
        "railway": null,
        "website": null,
        "phone": null,
        "address": "93 High Street, Epping CM16 4BD"
      }
    },
    {
      "type": "Feature",
      "id": "node/12895817479",
      "geometry": {
        "type": "Point",
        "coordinates": [
          -0.0239311,
          51.7029945
        ]
      },
      "properties": {
        "id": "node/12895817479",
        "osmType": "node",
        "osmId": 12895817479,
        "name": "Didi's Coffee Shop",
        "category": "cafe",
        "categoryLabel": "Caf\u00e9",
        "amenity": "cafe",
        "highway": null,
        "tourism": null,
        "historic": null,
        "railway": null,
        "website": null,
        "phone": null,
        "address": null
      }
    },
    {
      "type": "Feature",
      "id": "node/12909529513",
      "geometry": {
        "type": "Point",
        "coordinates": [
          0.1116858,
          51.6990451
        ]
      },
      "properties": {
        "id": "node/12909529513",
        "osmType": "node",
        "osmId": 12909529513,
        "name": "Harley's",
        "category": "cafe",
        "categoryLabel": "Caf\u00e9",
        "amenity": "cafe",
        "highway": null,
        "tourism": null,
        "historic": null,
        "railway": null,
        "website": null,
        "phone": null,
        "address": "184 High Street, Epping CM16 4AQ"
      }
    },
    {
      "type": "Feature",
      "id": "node/12909529516",
      "geometry": {
        "type": "Point",
        "coordinates": [
          0.1113398,
          51.6987874
        ]
      },
      "properties": {
        "id": "node/12909529516",
        "osmType": "node",
        "osmId": 12909529516,
        "name": "La Nostra",
        "category": "restaurant",
        "categoryLabel": "Restaurant",
        "amenity": "restaurant",
        "highway": null,
        "tourism": null,
        "historic": null,
        "railway": null,
        "website": null,
        "phone": null,
        "address": "168 High Street, Epping"
      }
    },
    {
      "type": "Feature",
      "id": "node/12912147833",
      "geometry": {
        "type": "Point",
        "coordinates": [
          0.1106089,
          51.697699
        ]
      },
      "properties": {
        "id": "node/12912147833",
        "osmType": "node",
        "osmId": 12912147833,
        "name": "Slice",
        "category": "restaurant",
        "categoryLabel": "Restaurant",
        "amenity": "restaurant",
        "highway": null,
        "tourism": null,
        "historic": null,
        "railway": null,
        "website": "https://www.slicesourdoughpizza.com/",
        "phone": null,
        "address": "4 Station Road, Epping CM16 4HA"
      }
    },
    {
      "type": "Feature",
      "id": "node/12912147837",
      "geometry": {
        "type": "Point",
        "coordinates": [
          0.1107256,
          51.6978785
        ]
      },
      "properties": {
        "id": "node/12912147837",
        "osmType": "node",
        "osmId": 12912147837,
        "name": "Dada",
        "category": "cafe",
        "categoryLabel": "Caf\u00e9",
        "amenity": "cafe",
        "highway": null,
        "tourism": null,
        "historic": null,
        "railway": null,
        "website": null,
        "phone": null,
        "address": "5 Station Road, Epping CM16 4HA"
      }
    },
    {
      "type": "Feature",
      "id": "node/12983153101",
      "geometry": {
        "type": "Point",
        "coordinates": [
          0.012323,
          51.5993029
        ]
      },
      "properties": {
        "id": "node/12983153101",
        "osmType": "node",
        "osmId": 12983153101,
        "name": "Walthamstow Windmill",
        "category": "historic",
        "categoryLabel": "Historic Site",
        "amenity": null,
        "highway": null,
        "tourism": null,
        "historic": "memorial",
        "railway": null,
        "website": null,
        "phone": null,
        "address": null
      }
    },
    {
      "type": "Feature",
      "id": "node/12989703850",
      "geometry": {
        "type": "Point",
        "coordinates": [
          0.0340923,
          51.6067343
        ]
      },
      "properties": {
        "id": "node/12989703850",
        "osmType": "node",
        "osmId": 12989703850,
        "name": "Frothy Coffee",
        "category": "cafe",
        "categoryLabel": "Caf\u00e9",
        "amenity": "cafe",
        "highway": null,
        "tourism": null,
        "historic": null,
        "railway": null,
        "website": null,
        "phone": null,
        "address": null
      }
    },
    {
      "type": "Feature",
      "id": "node/13049742872",
      "geometry": {
        "type": "Point",
        "coordinates": [
          0.056235,
          51.6526439
        ]
      },
      "properties": {
        "id": "node/13049742872",
        "osmType": "node",
        "osmId": 13049742872,
        "name": "Diana Kennedy",
        "category": "historic",
        "categoryLabel": "Historic Site",
        "amenity": null,
        "highway": null,
        "tourism": null,
        "historic": "memorial",
        "railway": null,
        "website": null,
        "phone": null,
        "address": null
      }
    },
    {
      "type": "Feature",
      "id": "node/13049742873",
      "geometry": {
        "type": "Point",
        "coordinates": [
          0.0562509,
          51.6526357
        ]
      },
      "properties": {
        "id": "node/13049742873",
        "osmType": "node",
        "osmId": 13049742873,
        "name": "Arthur Bacot",
        "category": "historic",
        "categoryLabel": "Historic Site",
        "amenity": null,
        "highway": null,
        "tourism": null,
        "historic": "memorial",
        "railway": null,
        "website": null,
        "phone": null,
        "address": null
      }
    },
    {
      "type": "Feature",
      "id": "node/13049742874",
      "geometry": {
        "type": "Point",
        "coordinates": [
          0.0562179,
          51.6526527
        ]
      },
      "properties": {
        "id": "node/13049742874",
        "osmType": "node",
        "osmId": 13049742874,
        "name": "Edward Manley Cummings",
        "category": "historic",
        "categoryLabel": "Historic Site",
        "amenity": null,
        "highway": null,
        "tourism": null,
        "historic": "memorial",
        "railway": null,
        "website": null,
        "phone": null,
        "address": null
      }
    },
    {
      "type": "Feature",
      "id": "node/13049742875",
      "geometry": {
        "type": "Point",
        "coordinates": [
          0.0563263,
          51.6526299
        ]
      },
      "properties": {
        "id": "node/13049742875",
        "osmType": "node",
        "osmId": 13049742875,
        "name": "Christopher Cutchey",
        "category": "historic",
        "categoryLabel": "Historic Site",
        "amenity": null,
        "highway": null,
        "tourism": null,
        "historic": "memorial",
        "railway": null,
        "website": null,
        "phone": null,
        "address": null
      }
    },
    {
      "type": "Feature",
      "id": "node/13049742876",
      "geometry": {
        "type": "Point",
        "coordinates": [
          0.0522046,
          51.6486967
        ]
      },
      "properties": {
        "id": "node/13049742876",
        "osmType": "node",
        "osmId": 13049742876,
        "name": "George Granville Barker",
        "category": "historic",
        "categoryLabel": "Historic Site",
        "amenity": null,
        "highway": null,
        "tourism": null,
        "historic": "memorial",
        "railway": null,
        "website": null,
        "phone": null,
        "address": null
      }
    },
    {
      "type": "Feature",
      "id": "node/13115318043",
      "geometry": {
        "type": "Point",
        "coordinates": [
          -0.0014633,
          51.6080878
        ]
      },
      "properties": {
        "id": "node/13115318043",
        "osmType": "node",
        "osmId": 13115318043,
        "name": "Costa",
        "category": "cafe",
        "categoryLabel": "Caf\u00e9",
        "amenity": "cafe",
        "highway": null,
        "tourism": null,
        "historic": null,
        "railway": null,
        "website": "https://costa.co.uk",
        "phone": "+44 333 003 5883",
        "address": null
      }
    },
    {
      "type": "Feature",
      "id": "node/13115323432",
      "geometry": {
        "type": "Point",
        "coordinates": [
          -0.0020983,
          51.6083357
        ]
      },
      "properties": {
        "id": "node/13115323432",
        "osmType": "node",
        "osmId": 13115323432,
        "name": "YO! Sushi",
        "category": "restaurant",
        "categoryLabel": "Restaurant",
        "amenity": "restaurant",
        "highway": null,
        "tourism": null,
        "historic": null,
        "railway": null,
        "website": "https://yosushi.com",
        "phone": null,
        "address": null
      }
    },
    {
      "type": "Feature",
      "id": "node/13155913243",
      "geometry": {
        "type": "Point",
        "coordinates": [
          -0.0127513,
          51.6849972
        ]
      },
      "properties": {
        "id": "node/13155913243",
        "osmType": "node",
        "osmId": 13155913243,
        "name": "Lea Valley Cafe",
        "category": "cafe",
        "categoryLabel": "Caf\u00e9",
        "amenity": "cafe",
        "highway": null,
        "tourism": null,
        "historic": null,
        "railway": null,
        "website": null,
        "phone": "+44 7745 279383",
        "address": null
      }
    },
    {
      "type": "Feature",
      "id": "node/13256792127",
      "geometry": {
        "type": "Point",
        "coordinates": [
          0.0035564,
          51.6493309
        ]
      },
      "properties": {
        "id": "node/13256792127",
        "osmType": "node",
        "osmId": 13256792127,
        "name": "The Hirsch Family Adventure Gallery",
        "category": "museum",
        "categoryLabel": "Museum",
        "amenity": null,
        "highway": null,
        "tourism": "museum",
        "historic": null,
        "railway": null,
        "website": "https://www.scoutadventures.org.uk/gilwell-park-heritage",
        "phone": null,
        "address": null
      }
    },
    {
      "type": "Feature",
      "id": "node/13359149195",
      "geometry": {
        "type": "Point",
        "coordinates": [
          0.1087943,
          51.6969186
        ]
      },
      "properties": {
        "id": "node/13359149195",
        "osmType": "node",
        "osmId": 13359149195,
        "name": null,
        "category": "cafe",
        "categoryLabel": "Caf\u00e9",
        "amenity": "cafe",
        "highway": null,
        "tourism": null,
        "historic": null,
        "railway": null,
        "website": null,
        "phone": null,
        "address": null
      }
    },
    {
      "type": "Feature",
      "id": "node/13564232301",
      "geometry": {
        "type": "Point",
        "coordinates": [
          0.0077213,
          51.6330166
        ]
      },
      "properties": {
        "id": "node/13564232301",
        "osmType": "node",
        "osmId": 13564232301,
        "name": "Gina",
        "category": "restaurant",
        "categoryLabel": "Restaurant",
        "amenity": "restaurant",
        "highway": null,
        "tourism": null,
        "historic": null,
        "railway": null,
        "website": "https://www.ginarestaurant.co.uk/",
        "phone": null,
        "address": "92 Station Road, London E4 7BA"
      }
    },
    {
      "type": "Feature",
      "id": "node/13682261306",
      "geometry": {
        "type": "Point",
        "coordinates": [
          -0.0343306,
          51.6914487
        ]
      },
      "properties": {
        "id": "node/13682261306",
        "osmType": "node",
        "osmId": 13682261306,
        "name": "Das Firin",
        "category": "restaurant",
        "categoryLabel": "Restaurant",
        "amenity": "restaurant",
        "highway": null,
        "tourism": null,
        "historic": null,
        "railway": null,
        "website": "https://www.dasfirinonline.co.uk/",
        "phone": "+44 2036213298",
        "address": "259 High Street, Waltham Cross EN8 7BE"
      }
    },
    {
      "type": "Feature",
      "id": "way/5105233",
      "geometry": {
        "type": "Point",
        "coordinates": [
          0.037071,
          51.656769
        ]
      },
      "properties": {
        "id": "way/5105233",
        "osmType": "way",
        "osmId": 5105233,
        "name": "Original Tea Hut",
        "category": "cafe",
        "categoryLabel": "Caf\u00e9",
        "amenity": "cafe",
        "highway": null,
        "tourism": null,
        "historic": null,
        "railway": null,
        "website": null,
        "phone": null,
        "address": "Fairmead Road, Loughton IG10 4HR"
      }
    },
    {
      "type": "Feature",
      "id": "way/8044159",
      "geometry": {
        "type": "Point",
        "coordinates": [
          -0.0314174,
          51.6855831
        ]
      },
      "properties": {
        "id": "way/8044159",
        "osmType": "way",
        "osmId": 8044159,
        "name": null,
        "category": "bus_station",
        "categoryLabel": "Bus Station",
        "amenity": "bus_station",
        "highway": null,
        "tourism": null,
        "historic": null,
        "railway": null,
        "website": null,
        "phone": null,
        "address": null
      }
    },
    {
      "type": "Feature",
      "id": "way/31696386",
      "geometry": {
        "type": "Point",
        "coordinates": [
          -0.0073051,
          51.6175776
        ]
      },
      "properties": {
        "id": "way/31696386",
        "osmType": "way",
        "osmId": 31696386,
        "name": "Harvester",
        "category": "restaurant",
        "categoryLabel": "Restaurant",
        "amenity": "restaurant",
        "highway": null,
        "tourism": null,
        "historic": null,
        "railway": null,
        "website": "https://www.harvester.co.uk/restaurants/london/harvesterchingfordlondon",
        "phone": null,
        "address": "175 New Road, London E4 9EY"
      }
    },
    {
      "type": "Feature",
      "id": "way/38665314",
      "geometry": {
        "type": "Point",
        "coordinates": [
          0.0102526,
          51.6335902
        ]
      },
      "properties": {
        "id": "way/38665314",
        "osmType": "way",
        "osmId": 38665314,
        "name": "Chingford Bus Station",
        "category": "bus_station",
        "categoryLabel": "Bus Station",
        "amenity": "bus_station",
        "highway": null,
        "tourism": null,
        "historic": null,
        "railway": null,
        "website": null,
        "phone": null,
        "address": null
      }
    },
    {
      "type": "Feature",
      "id": "way/42943390",
      "geometry": {
        "type": "Point",
        "coordinates": [
          0.0764152,
          51.6199646
        ]
      },
      "properties": {
        "id": "way/42943390",
        "osmType": "way",
        "osmId": 42943390,
        "name": "The King WIlliam IV",
        "category": "pub",
        "categoryLabel": "Pub",
        "amenity": "pub",
        "highway": null,
        "tourism": null,
        "historic": null,
        "railway": null,
        "website": "https://www.thekingwilliamiv.co.uk/",
        "phone": "+44 20 8500 4122",
        "address": "High Road, Chigwell IG7 6PJ"
      }
    },
    {
      "type": "Feature",
      "id": "way/43171287",
      "geometry": {
        "type": "Point",
        "coordinates": [
          0.0175513,
          51.6344456
        ]
      },
      "properties": {
        "id": "way/43171287",
        "osmType": "way",
        "osmId": 43171287,
        "name": "Queen Elizabeth's Hunting Lodge",
        "category": "attraction",
        "categoryLabel": "Attraction",
        "amenity": null,
        "highway": null,
        "tourism": "attraction",
        "historic": "yes",
        "railway": null,
        "website": "https://www.cityoflondon.gov.uk/things-to-do/green-spaces/epping-forest/where-to-go-in-epping-forest/queen-elizabeths-hunting-lodge",
        "phone": null,
        "address": "6 Ranger's Road, London E4 7QH"
      }
    },
    {
      "type": "Feature",
      "id": "way/60084520",
      "geometry": {
        "type": "Point",
        "coordinates": [
          -0.0295842,
          51.6435405
        ]
      },
      "properties": {
        "id": "way/60084520",
        "osmType": "way",
        "osmId": 60084520,
        "name": "The Navigation Inn",
        "category": "restaurant",
        "categoryLabel": "Restaurant",
        "amenity": "restaurant",
        "highway": null,
        "tourism": null,
        "historic": null,
        "railway": null,
        "website": "https://www.harvester.co.uk/restaurants/london/thenavigationenfield",
        "phone": null,
        "address": "4 Wharf Road, Enfield EN3 4XX"
      }
    },
    {
      "type": "Feature",
      "id": "way/85585582",
      "geometry": {
        "type": "Point",
        "coordinates": [
          0.0028412,
          51.6485755
        ]
      },
      "properties": {
        "id": "way/85585582",
        "osmType": "way",
        "osmId": 85585582,
        "name": "The Farm",
        "category": "historic",
        "categoryLabel": "Historic Site",
        "amenity": null,
        "highway": null,
        "tourism": null,
        "historic": "building",
        "railway": null,
        "website": null,
        "phone": null,
        "address": null
      }
    },
    {
      "type": "Feature",
      "id": "way/97417749",
      "geometry": {
        "type": "Point",
        "coordinates": [
          0.0428864,
          51.6243226
        ]
      },
      "properties": {
        "id": "way/97417749",
        "osmType": "way",
        "osmId": 97417749,
        "name": "The 3 Colts",
        "category": "pub",
        "categoryLabel": "Pub",
        "amenity": "pub",
        "highway": null,
        "tourism": null,
        "historic": null,
        "railway": null,
        "website": null,
        "phone": null,
        "address": null
      }
    },
    {
      "type": "Feature",
      "id": "way/105606087",
      "geometry": {
        "type": "Point",
        "coordinates": [
          0.0529446,
          51.645491
        ]
      },
      "properties": {
        "id": "way/105606087",
        "osmType": "way",
        "osmId": 105606087,
        "name": "The Standard",
        "category": "restaurant",
        "categoryLabel": "Restaurant",
        "amenity": "restaurant",
        "highway": null,
        "tourism": null,
        "historic": null,
        "railway": null,
        "website": null,
        "phone": null,
        "address": null
      }
    },
    {
      "type": "Feature",
      "id": "way/105606091",
      "geometry": {
        "type": "Point",
        "coordinates": [
          0.0527833,
          51.6479339
        ]
      },
      "properties": {
        "id": "way/105606091",
        "osmType": "way",
        "osmId": 105606091,
        "name": "Carpenters Arms",
        "category": "pub",
        "categoryLabel": "Pub",
        "amenity": "pub",
        "highway": null,
        "tourism": null,
        "historic": null,
        "railway": null,
        "website": null,
        "phone": null,
        "address": null
      }
    },
    {
      "type": "Feature",
      "id": "way/105606092",
      "geometry": {
        "type": "Point",
        "coordinates": [
          0.0553606,
          51.6473065
        ]
      },
      "properties": {
        "id": "way/105606092",
        "osmType": "way",
        "osmId": 105606092,
        "name": "The Last Post",
        "category": "pub",
        "categoryLabel": "Pub",
        "amenity": "pub",
        "highway": null,
        "tourism": null,
        "historic": null,
        "railway": null,
        "website": null,
        "phone": null,
        "address": null
      }
    },
    {
      "type": "Feature",
      "id": "way/108167279",
      "geometry": {
        "type": "Point",
        "coordinates": [
          0.0195855,
          51.6536886
        ]
      },
      "properties": {
        "id": "way/108167279",
        "osmType": "way",
        "osmId": 108167279,
        "name": "Former Nuclear Bunker",
        "category": "historic",
        "categoryLabel": "Historic Site",
        "amenity": null,
        "highway": null,
        "tourism": null,
        "historic": "ruins",
        "railway": null,
        "website": null,
        "phone": null,
        "address": null
      }
    },
    {
      "type": "Feature",
      "id": "way/118387478",
      "geometry": {
        "type": "Point",
        "coordinates": [
          -0.0282171,
          51.6709726
        ]
      },
      "properties": {
        "id": "way/118387478",
        "osmType": "way",
        "osmId": 118387478,
        "name": "Railway Inn",
        "category": "pub",
        "categoryLabel": "Pub",
        "amenity": "pub",
        "highway": null,
        "tourism": null,
        "historic": null,
        "railway": null,
        "website": null,
        "phone": null,
        "address": null
      }
    },
    {
      "type": "Feature",
      "id": "way/122135243",
      "geometry": {
        "type": "Point",
        "coordinates": [
          0.0665036,
          51.694394
        ]
      },
      "properties": {
        "id": "way/122135243",
        "osmType": "way",
        "osmId": 122135243,
        "name": "Copped Hall House and gardens",
        "category": "attraction",
        "categoryLabel": "Attraction",
        "amenity": null,
        "highway": null,
        "tourism": "attraction",
        "historic": null,
        "railway": null,
        "website": null,
        "phone": null,
        "address": null
      }
    },
    {
      "type": "Feature",
      "id": "way/135977599",
      "geometry": {
        "type": "Point",
        "coordinates": [
          0.0392717,
          51.6077167
        ]
      },
      "properties": {
        "id": "way/135977599",
        "osmType": "way",
        "osmId": 135977599,
        "name": "Railway Tavern",
        "category": "pub",
        "categoryLabel": "Pub",
        "amenity": "pub",
        "highway": null,
        "tourism": null,
        "historic": null,
        "railway": null,
        "website": null,
        "phone": null,
        "address": "126 Snakes Lane East, Woodford Green IG8 7HY"
      }
    },
    {
      "type": "Feature",
      "id": "way/139911657",
      "geometry": {
        "type": "Point",
        "coordinates": [
          -0.0349075,
          51.5967541
        ]
      },
      "properties": {
        "id": "way/139911657",
        "osmType": "way",
        "osmId": 139911657,
        "name": "The Tavern On The Hill",
        "category": "pub",
        "categoryLabel": "Pub",
        "amenity": "pub",
        "highway": null,
        "tourism": null,
        "historic": null,
        "railway": null,
        "website": "https://www.tavernonthehill.co.uk/",
        "phone": null,
        "address": "318 Higham Hill Road, London E17 5RG"
      }
    },
    {
      "type": "Feature",
      "id": "way/142269053",
      "geometry": {
        "type": "Point",
        "coordinates": [
          0.0933226,
          51.6736031
        ]
      },
      "properties": {
        "id": "way/142269053",
        "osmType": "way",
        "osmId": 142269053,
        "name": "St. Mary the Virgin, Theydon Bois",
        "category": "place_of_worship",
        "categoryLabel": "Place Of Worship",
        "amenity": "place_of_worship",
        "highway": null,
        "tourism": null,
        "historic": "church",
        "railway": null,
        "website": null,
        "phone": null,
        "address": null
      }
    },
    {
      "type": "Feature",
      "id": "way/144672337",
      "geometry": {
        "type": "Point",
        "coordinates": [
          0.1356315,
          51.6442085
        ]
      },
      "properties": {
        "id": "way/144672337",
        "osmType": "way",
        "osmId": 144672337,
        "name": "St Mary and All Saints, Lambourne",
        "category": "place_of_worship",
        "categoryLabel": "Place Of Worship",
        "amenity": "place_of_worship",
        "highway": null,
        "tourism": null,
        "historic": "church",
        "railway": null,
        "website": null,
        "phone": null,
        "address": "RM4 1AH"
      }
    },
    {
      "type": "Feature",
      "id": "way/145181927",
      "geometry": {
        "type": "Point",
        "coordinates": [
          -0.0205454,
          51.6752978
        ]
      },
      "properties": {
        "id": "way/145181927",
        "osmType": "way",
        "osmId": 145181927,
        "name": "Inn On The Park",
        "category": "restaurant",
        "categoryLabel": "Restaurant",
        "amenity": "restaurant",
        "highway": null,
        "tourism": null,
        "historic": null,
        "railway": null,
        "website": null,
        "phone": null,
        "address": "2 Solar Way, Enfield EN3 7XY"
      }
    },
    {
      "type": "Feature",
      "id": "way/146271380",
      "geometry": {
        "type": "Point",
        "coordinates": [
          0.034362,
          51.6617252
        ]
      },
      "properties": {
        "id": "way/146271380",
        "osmType": "way",
        "osmId": 146271380,
        "name": "Holy Innocents, High Beach",
        "category": "place_of_worship",
        "categoryLabel": "Place Of Worship",
        "amenity": "place_of_worship",
        "highway": null,
        "tourism": null,
        "historic": "church",
        "railway": null,
        "website": null,
        "phone": null,
        "address": "IG10 4BF"
      }
    },
    {
      "type": "Feature",
      "id": "way/147606462",
      "geometry": {
        "type": "Point",
        "coordinates": [
          0.1271625,
          51.6739462
        ]
      },
      "properties": {
        "id": "way/147606462",
        "osmType": "way",
        "osmId": 147606462,
        "name": "All Saints, Theydon Garnon",
        "category": "place_of_worship",
        "categoryLabel": "Place Of Worship",
        "amenity": "place_of_worship",
        "highway": null,
        "tourism": null,
        "historic": "church",
        "railway": null,
        "website": null,
        "phone": null,
        "address": null
      }
    },
    {
      "type": "Feature",
      "id": "way/148887116",
      "geometry": {
        "type": "Point",
        "coordinates": [
          0.0787747,
          51.648498
        ]
      },
      "properties": {
        "id": "way/148887116",
        "osmType": "way",
        "osmId": 148887116,
        "name": "St Nicholas, Loughton",
        "category": "place_of_worship",
        "categoryLabel": "Place Of Worship",
        "amenity": "place_of_worship",
        "highway": null,
        "tourism": null,
        "historic": "yes",
        "railway": null,
        "website": null,
        "phone": null,
        "address": null
      }
    },
    {
      "type": "Feature",
      "id": "way/151151097",
      "geometry": {
        "type": "Point",
        "coordinates": [
          0.0043677,
          51.7034695
        ]
      },
      "properties": {
        "id": "way/151151097",
        "osmType": "way",
        "osmId": 151151097,
        "name": "WW1 Anti Aircraft gun emplacement",
        "category": "historic",
        "categoryLabel": "Historic Site",
        "amenity": null,
        "highway": null,
        "tourism": null,
        "historic": "ruins",
        "railway": null,
        "website": null,
        "phone": null,
        "address": null
      }
    },
    {
      "type": "Feature",
      "id": "way/158230006",
      "geometry": {
        "type": "Point",
        "coordinates": [
          0.0008383,
          51.606895
        ]
      },
      "properties": {
        "id": "way/158230006",
        "osmType": "way",
        "osmId": 158230006,
        "name": "Halex Vino\u2022teca",
        "category": "cafe",
        "categoryLabel": "Caf\u00e9",
        "amenity": "cafe",
        "highway": null,
        "tourism": null,
        "historic": null,
        "railway": null,
        "website": null,
        "phone": null,
        "address": "483 Hale End Road, London E4 9PT"
      }
    },
    {
      "type": "Feature",
      "id": "way/158230008",
      "geometry": {
        "type": "Point",
        "coordinates": [
          0.0007088,
          51.6069589
        ]
      },
      "properties": {
        "id": "way/158230008",
        "osmType": "way",
        "osmId": 158230008,
        "name": "Paradise Masala",
        "category": "restaurant",
        "categoryLabel": "Restaurant",
        "amenity": "restaurant",
        "highway": null,
        "tourism": null,
        "historic": null,
        "railway": null,
        "website": null,
        "phone": "+44 20 8523 1700",
        "address": "487 Hale End Road, London E4 9PT"
      }
    },
    {
      "type": "Feature",
      "id": "way/158282103",
      "geometry": {
        "type": "Point",
        "coordinates": [
          0.1274021,
          51.6604799
        ]
      },
      "properties": {
        "id": "way/158282103",
        "osmType": "way",
        "osmId": 158282103,
        "name": "Hill Farmhouse",
        "category": "historic",
        "categoryLabel": "Historic Site",
        "amenity": null,
        "highway": null,
        "tourism": null,
        "historic": "building",
        "railway": null,
        "website": null,
        "phone": null,
        "address": null
      }
    },
    {
      "type": "Feature",
      "id": "way/163409311",
      "geometry": {
        "type": "Point",
        "coordinates": [
          0.0265917,
          51.6169433
        ]
      },
      "properties": {
        "id": "way/163409311",
        "osmType": "way",
        "osmId": 163409311,
        "name": "The Horse & Well",
        "category": "pub",
        "categoryLabel": "Pub",
        "amenity": "pub",
        "highway": null,
        "tourism": null,
        "historic": null,
        "railway": null,
        "website": null,
        "phone": null,
        "address": "566-568 High Road, Woodford Green IG8 0PS"
      }
    },
    {
      "type": "Feature",
      "id": "way/184557745",
      "geometry": {
        "type": "Point",
        "coordinates": [
          0.0974315,
          51.6902075
        ]
      },
      "properties": {
        "id": "way/184557745",
        "osmType": "way",
        "osmId": 184557745,
        "name": "The Forest Gate Inn",
        "category": "pub",
        "categoryLabel": "Pub",
        "amenity": "pub",
        "highway": null,
        "tourism": null,
        "historic": null,
        "railway": null,
        "website": null,
        "phone": null,
        "address": "111 Bell Common, Epping CM16 4DZ"
      }
    },
    {
      "type": "Feature",
      "id": "way/197754841",
      "geometry": {
        "type": "Point",
        "coordinates": [
          0.0623122,
          51.6756091
        ]
      },
      "properties": {
        "id": "way/197754841",
        "osmType": "way",
        "osmId": 197754841,
        "name": "Miller & Carter",
        "category": "restaurant",
        "categoryLabel": "Restaurant",
        "amenity": "restaurant",
        "highway": null,
        "tourism": null,
        "historic": null,
        "railway": null,
        "website": "https://www.millerandcarter.co.uk/restaurants/east-of-england/millerandcartereppingforest",
        "phone": "+44 199 281 4807",
        "address": "High Road, Epping CM16 5HW"
      }
    },
    {
      "type": "Feature",
      "id": "way/199171531",
      "geometry": {
        "type": "Point",
        "coordinates": [
          -0.0151419,
          51.5975207
        ]
      },
      "properties": {
        "id": "way/199171531",
        "osmType": "way",
        "osmId": 199171531,
        "name": "Monoux Coffee House",
        "category": "cafe",
        "categoryLabel": "Caf\u00e9",
        "amenity": "cafe",
        "highway": null,
        "tourism": null,
        "historic": null,
        "railway": null,
        "website": null,
        "phone": null,
        "address": "214 Chingford Road"
      }
    },
    {
      "type": "Feature",
      "id": "way/199171535",
      "geometry": {
        "type": "Point",
        "coordinates": [
          -0.0152403,
          51.5981305
        ]
      },
      "properties": {
        "id": "way/199171535",
        "osmType": "way",
        "osmId": 199171535,
        "name": "SiGiBi",
        "category": "cafe",
        "categoryLabel": "Caf\u00e9",
        "amenity": "cafe",
        "highway": null,
        "tourism": null,
        "historic": null,
        "railway": null,
        "website": null,
        "phone": null,
        "address": "234 Chingford Road"
      }
    },
    {
      "type": "Feature",
      "id": "way/199172845",
      "geometry": {
        "type": "Point",
        "coordinates": [
          -0.0157872,
          51.5998911
        ]
      },
      "properties": {
        "id": "way/199172845",
        "osmType": "way",
        "osmId": 199172845,
        "name": "Hire2Help Ltd",
        "category": "taxi",
        "categoryLabel": "Taxi",
        "amenity": "taxi",
        "highway": null,
        "tourism": null,
        "historic": null,
        "railway": null,
        "website": null,
        "phone": null,
        "address": "288 Chingford Road"
      }
    },
    {
      "type": "Feature",
      "id": "way/199859015",
      "geometry": {
        "type": "Point",
        "coordinates": [
          0.0348365,
          51.6074416
        ]
      },
      "properties": {
        "id": "way/199859015",
        "osmType": "way",
        "osmId": 199859015,
        "name": "Temple",
        "category": "restaurant",
        "categoryLabel": "Restaurant",
        "amenity": "restaurant",
        "highway": null,
        "tourism": null,
        "historic": null,
        "railway": null,
        "website": "https://templefusion.com/",
        "phone": "+44 20 8505 6687",
        "address": "Jubilee Parade, Woodford Green IG8 7QF"
      }
    },
    {
      "type": "Feature",
      "id": "way/201014945",
      "geometry": {
        "type": "Point",
        "coordinates": [
          0.0453541,
          51.618124
        ]
      },
      "properties": {
        "id": "way/201014945",
        "osmType": "way",
        "osmId": 201014945,
        "name": "The Monkhams",
        "category": "pub",
        "categoryLabel": "Pub",
        "amenity": "pub",
        "highway": null,
        "tourism": null,
        "historic": null,
        "railway": null,
        "website": "https://www.greeneking.co.uk/pubs/essex/monkhams",
        "phone": null,
        "address": null
      }
    },
    {
      "type": "Feature",
      "id": "way/201017063",
      "geometry": {
        "type": "Point",
        "coordinates": [
          0.0462319,
          51.6266354
        ]
      },
      "properties": {
        "id": "way/201017063",
        "osmType": "way",
        "osmId": 201017063,
        "name": "The Coriander",
        "category": "restaurant",
        "categoryLabel": "Restaurant",
        "amenity": "restaurant",
        "highway": null,
        "tourism": null,
        "historic": null,
        "railway": null,
        "website": null,
        "phone": "+44 20 8504 2671",
        "address": "40 Victoria Road, Buckhurst Hill IG9 5ES"
      }
    },
    {
      "type": "Feature",
      "id": "way/202989797",
      "geometry": {
        "type": "Point",
        "coordinates": [
          0.0837608,
          51.6014897
        ]
      },
      "properties": {
        "id": "way/202989797",
        "osmType": "way",
        "osmId": 202989797,
        "name": "Old Maypole",
        "category": "pub",
        "categoryLabel": "Pub",
        "amenity": "pub",
        "highway": null,
        "tourism": null,
        "historic": null,
        "railway": null,
        "website": null,
        "phone": null,
        "address": null
      }
    },
    {
      "type": "Feature",
      "id": "way/228113385",
      "geometry": {
        "type": "Point",
        "coordinates": [
          0.013968,
          51.600402
        ]
      },
      "properties": {
        "id": "way/228113385",
        "osmType": "way",
        "osmId": 228113385,
        "name": "Lokkum Bar & Grill",
        "category": "restaurant",
        "categoryLabel": "Restaurant",
        "amenity": "restaurant",
        "highway": null,
        "tourism": null,
        "historic": null,
        "railway": null,
        "website": "https://www.lokkum.co.uk/",
        "phone": null,
        "address": "Woodford New Road, London E18 2QD"
      }
    },
    {
      "type": "Feature",
      "id": "way/228113389",
      "geometry": {
        "type": "Point",
        "coordinates": [
          0.0190271,
          51.6019231
        ]
      },
      "properties": {
        "id": "way/228113389",
        "osmType": "way",
        "osmId": 228113389,
        "name": "The Cricketers",
        "category": "pub",
        "categoryLabel": "Pub",
        "amenity": "pub",
        "highway": null,
        "tourism": null,
        "historic": null,
        "railway": null,
        "website": null,
        "phone": null,
        "address": "299-301 High Road, Woodford Green IG8 9HQ"
      }
    },
    {
      "type": "Feature",
      "id": "way/235022674",
      "geometry": {
        "type": "Point",
        "coordinates": [
          0.0818104,
          51.6255756
        ]
      },
      "properties": {
        "id": "way/235022674",
        "osmType": "way",
        "osmId": 235022674,
        "name": "The Bluebell",
        "category": "restaurant",
        "categoryLabel": "Restaurant",
        "amenity": "restaurant",
        "highway": null,
        "tourism": null,
        "historic": null,
        "railway": null,
        "website": "http://www.thebluebellrestaurant.co.uk/",
        "phone": "+44 20 8500 6282",
        "address": "117 High Road, Chigwell IG7 6QQ"
      }
    },
    {
      "type": "Feature",
      "id": "way/239313740",
      "geometry": {
        "type": "Point",
        "coordinates": [
          0.0218974,
          51.5968507
        ]
      },
      "properties": {
        "id": "way/239313740",
        "osmType": "way",
        "osmId": 239313740,
        "name": "HDO",
        "category": "cafe",
        "categoryLabel": "Caf\u00e9",
        "amenity": "cafe",
        "highway": null,
        "tourism": null,
        "historic": null,
        "railway": null,
        "website": "http://www.hdo.uk.com/",
        "phone": null,
        "address": "98-106 High Road, London E18 2QH"
      }
    },
    {
      "type": "Feature",
      "id": "way/239894549",
      "geometry": {
        "type": "Point",
        "coordinates": [
          0.0325655,
          51.6257272
        ]
      },
      "properties": {
        "id": "way/239894549",
        "osmType": "way",
        "osmId": 239894549,
        "name": "Bald Faced Stag",
        "category": "pub",
        "categoryLabel": "Pub",
        "amenity": "pub",
        "highway": null,
        "tourism": null,
        "historic": null,
        "railway": null,
        "website": "https://www.tobycarvery.co.uk/restaurants/east-of-england/buckhursthillessex",
        "phone": null,
        "address": "High Road, Buckhurst Hill IG9 5HT"
      }
    },
    {
      "type": "Feature",
      "id": "way/240823308",
      "geometry": {
        "type": "Point",
        "coordinates": [
          0.002972,
          51.6041948
        ]
      },
      "properties": {
        "id": "way/240823308",
        "osmType": "way",
        "osmId": 240823308,
        "name": "The Royal Oak",
        "category": "pub",
        "categoryLabel": "Pub",
        "amenity": "pub",
        "highway": null,
        "tourism": null,
        "historic": null,
        "railway": null,
        "website": null,
        "phone": null,
        "address": "320 Hale End Road, Woodford Green IG8 9LN"
      }
    },
    {
      "type": "Feature",
      "id": "way/245856870",
      "geometry": {
        "type": "Point",
        "coordinates": [
          0.0401125,
          51.6644477
        ]
      },
      "properties": {
        "id": "way/245856870",
        "osmType": "way",
        "osmId": 245856870,
        "name": "Kings Oak Cafe",
        "category": "cafe",
        "categoryLabel": "Caf\u00e9",
        "amenity": "cafe",
        "highway": null,
        "tourism": null,
        "historic": null,
        "railway": null,
        "website": null,
        "phone": null,
        "address": "Paul's Nursery Road, Loughton IG10 4AE"
      }
    },
    {
      "type": "Feature",
      "id": "way/253970010",
      "geometry": {
        "type": "Point",
        "coordinates": [
          0.0401015,
          51.6781749
        ]
      },
      "properties": {
        "id": "way/253970010",
        "osmType": "way",
        "osmId": 253970010,
        "name": "Primo Piatto",
        "category": "restaurant",
        "categoryLabel": "Restaurant",
        "amenity": "restaurant",
        "highway": null,
        "tourism": null,
        "historic": null,
        "railway": null,
        "website": "https://primopiatto.co.uk/",
        "phone": null,
        "address": "Honey Lane, Waltham Abbey EN9 3QT"
      }
    },
    {
      "type": "Feature",
      "id": "way/259388914",
      "geometry": {
        "type": "Point",
        "coordinates": [
          0.1090767,
          51.6969368
        ]
      },
      "properties": {
        "id": "way/259388914",
        "osmType": "way",
        "osmId": 259388914,
        "name": "The Verde Cafe",
        "category": "cafe",
        "categoryLabel": "Caf\u00e9",
        "amenity": "cafe",
        "highway": null,
        "tourism": null,
        "historic": null,
        "railway": null,
        "website": null,
        "phone": "+441992571476",
        "address": "88 High Street, Epping CM16 4BA"
      }
    },
    {
      "type": "Feature",
      "id": "way/261841643",
      "geometry": {
        "type": "Point",
        "coordinates": [
          0.0423979,
          51.6786252
        ]
      },
      "properties": {
        "id": "way/261841643",
        "osmType": "way",
        "osmId": 261841643,
        "name": "The Woodbine Inn",
        "category": "pub",
        "categoryLabel": "Pub",
        "amenity": "pub",
        "highway": null,
        "tourism": null,
        "historic": null,
        "railway": null,
        "website": "https://www.thewoodbine.co.uk/",
        "phone": null,
        "address": "Honey Lane, Waltham Abbey EN9 3QT"
      }
    },
    {
      "type": "Feature",
      "id": "way/265878533",
      "geometry": {
        "type": "Point",
        "coordinates": [
          -0.0173083,
          51.6872283
        ]
      },
      "properties": {
        "id": "way/265878533",
        "osmType": "way",
        "osmId": 265878533,
        "name": "Finishing Line Cafe",
        "category": "cafe",
        "categoryLabel": "Caf\u00e9",
        "amenity": "cafe",
        "highway": null,
        "tourism": null,
        "historic": null,
        "railway": null,
        "website": null,
        "phone": null,
        "address": null
      }
    },
    {
      "type": "Feature",
      "id": "way/283434102",
      "geometry": {
        "type": "Point",
        "coordinates": [
          -0.0014129,
          51.6868286
        ]
      },
      "properties": {
        "id": "way/283434102",
        "osmType": "way",
        "osmId": 283434102,
        "name": "Greenwich Meridian Line",
        "category": "artwork",
        "categoryLabel": "Artwork",
        "amenity": null,
        "highway": null,
        "tourism": "artwork",
        "historic": "monument",
        "railway": null,
        "website": null,
        "phone": null,
        "address": null
      }
    },
    {
      "type": "Feature",
      "id": "way/303395705",
      "geometry": {
        "type": "Point",
        "coordinates": [
          0.0317517,
          51.6342432
        ]
      },
      "properties": {
        "id": "way/303395705",
        "osmType": "way",
        "osmId": 303395705,
        "name": "Simply Seafood",
        "category": "cafe",
        "categoryLabel": "Caf\u00e9",
        "amenity": "cafe",
        "highway": null,
        "tourism": null,
        "historic": null,
        "railway": null,
        "website": null,
        "phone": null,
        "address": null
      }
    },
    {
      "type": "Feature",
      "id": "way/303395707",
      "geometry": {
        "type": "Point",
        "coordinates": [
          0.0316078,
          51.6342264
        ]
      },
      "properties": {
        "id": "way/303395707",
        "osmType": "way",
        "osmId": 303395707,
        "name": "The Warren Wood",
        "category": "pub",
        "categoryLabel": "Pub",
        "amenity": "pub",
        "highway": null,
        "tourism": null,
        "historic": null,
        "railway": null,
        "website": null,
        "phone": null,
        "address": "Epping New Road, Buckhurst Hill IG9 5UA"
      }
    },
    {
      "type": "Feature",
      "id": "way/304102019",
      "geometry": {
        "type": "Point",
        "coordinates": [
          0.0742107,
          51.6181618
        ]
      },
      "properties": {
        "id": "way/304102019",
        "osmType": "way",
        "osmId": 304102019,
        "name": "Moka",
        "category": "cafe",
        "categoryLabel": "Caf\u00e9",
        "amenity": "cafe",
        "highway": null,
        "tourism": null,
        "historic": null,
        "railway": null,
        "website": "https://moka-bar.com/",
        "phone": null,
        "address": "181 High Road, Chigwell IG7 6NU"
      }
    },
    {
      "type": "Feature",
      "id": "way/304102025",
      "geometry": {
        "type": "Point",
        "coordinates": [
          0.074979,
          51.6192502
        ]
      },
      "properties": {
        "id": "way/304102025",
        "osmType": "way",
        "osmId": 304102025,
        "name": "Papillon",
        "category": "restaurant",
        "categoryLabel": "Restaurant",
        "amenity": "restaurant",
        "highway": null,
        "tourism": null,
        "historic": null,
        "railway": null,
        "website": null,
        "phone": null,
        "address": "13 Brook Parade"
      }
    },
    {
      "type": "Feature",
      "id": "way/305062023",
      "geometry": {
        "type": "Point",
        "coordinates": [
          0.1098687,
          51.6629401
        ]
      },
      "properties": {
        "id": "way/305062023",
        "osmType": "way",
        "osmId": 305062023,
        "name": "Woodland Trust land sculpture",
        "category": "attraction",
        "categoryLabel": "Attraction",
        "amenity": null,
        "highway": null,
        "tourism": "attraction",
        "historic": null,
        "railway": null,
        "website": null,
        "phone": null,
        "address": null
      }
    },
    {
      "type": "Feature",
      "id": "way/305923353",
      "geometry": {
        "type": "Point",
        "coordinates": [
          0.0185061,
          51.6344635
        ]
      },
      "properties": {
        "id": "way/305923353",
        "osmType": "way",
        "osmId": 305923353,
        "name": "The Larder at the Butler's Retreat",
        "category": "cafe",
        "categoryLabel": "Caf\u00e9",
        "amenity": "cafe",
        "highway": null,
        "tourism": null,
        "historic": null,
        "railway": null,
        "website": "https://larderlondon.co.uk/",
        "phone": "+44 20 7998 7858",
        "address": "12 Ranger's Road, London E4 7QH"
      }
    },
    {
      "type": "Feature",
      "id": "way/307219486",
      "geometry": {
        "type": "Point",
        "coordinates": [
          -0.0336863,
          51.6829943
        ]
      },
      "properties": {
        "id": "way/307219486",
        "osmType": "way",
        "osmId": 307219486,
        "name": "Lina Ocakbasi",
        "category": "restaurant",
        "categoryLabel": "Restaurant",
        "amenity": "restaurant",
        "highway": null,
        "tourism": null,
        "historic": null,
        "railway": null,
        "website": null,
        "phone": null,
        "address": "Waltham Cross EN8 7AA"
      }
    },
    {
      "type": "Feature",
      "id": "way/307220905",
      "geometry": {
        "type": "Point",
        "coordinates": [
          -0.0335199,
          51.6871341
        ]
      },
      "properties": {
        "id": "way/307220905",
        "osmType": "way",
        "osmId": 307220905,
        "name": "Crowland Cafe",
        "category": "cafe",
        "categoryLabel": "Caf\u00e9",
        "amenity": "cafe",
        "highway": null,
        "tourism": null,
        "historic": null,
        "railway": null,
        "website": null,
        "phone": null,
        "address": "Waltham Cross EN8 7AP"
      }
    },
    {
      "type": "Feature",
      "id": "way/307220906",
      "geometry": {
        "type": "Point",
        "coordinates": [
          -0.0334229,
          51.687486
        ]
      },
      "properties": {
        "id": "way/307220906",
        "osmType": "way",
        "osmId": 307220906,
        "name": "Regina",
        "category": "cafe",
        "categoryLabel": "Caf\u00e9",
        "amenity": "cafe",
        "highway": null,
        "tourism": null,
        "historic": null,
        "railway": null,
        "website": "https://www.reginacaffepizzeria.co.uk/",
        "phone": null,
        "address": "Waltham Cross EN8 7AP"
      }
    },
    {
      "type": "Feature",
      "id": "way/309899227",
      "geometry": {
        "type": "Point",
        "coordinates": [
          -0.0018325,
          51.6318915
        ]
      },
      "properties": {
        "id": "way/309899227",
        "osmType": "way",
        "osmId": 309899227,
        "name": "The Kings Head",
        "category": "pub",
        "categoryLabel": "Pub",
        "amenity": "pub",
        "highway": null,
        "tourism": null,
        "historic": null,
        "railway": null,
        "website": null,
        "phone": null,
        "address": "2b Kings Head Hill, London E4 7EA"
      }
    },
    {
      "type": "Feature",
      "id": "way/309900396",
      "geometry": {
        "type": "Point",
        "coordinates": [
          -0.0111771,
          51.6349674
        ]
      },
      "properties": {
        "id": "way/309900396",
        "osmType": "way",
        "osmId": 309900396,
        "name": "The Royal Oak",
        "category": "pub",
        "categoryLabel": "Pub",
        "amenity": "pub",
        "highway": null,
        "tourism": null,
        "historic": null,
        "railway": null,
        "website": null,
        "phone": null,
        "address": "219 Kings Head Hill, London E4 7PP"
      }
    },
    {
      "type": "Feature",
      "id": "way/310872642",
      "geometry": {
        "type": "Point",
        "coordinates": [
          -0.0007495,
          51.6168742
        ]
      },
      "properties": {
        "id": "way/310872642",
        "osmType": "way",
        "osmId": 310872642,
        "name": "The Larkshall",
        "category": "pub",
        "categoryLabel": "Pub",
        "amenity": "pub",
        "highway": null,
        "tourism": null,
        "historic": null,
        "railway": null,
        "website": null,
        "phone": null,
        "address": "205 Larkshall Road, London E4 6NT"
      }
    },
    {
      "type": "Feature",
      "id": "way/312984395",
      "geometry": {
        "type": "Point",
        "coordinates": [
          0.1447158,
          51.6568544
        ]
      },
      "properties": {
        "id": "way/312984395",
        "osmType": "way",
        "osmId": 312984395,
        "name": "Blue Rooms",
        "category": "cafe",
        "categoryLabel": "Caf\u00e9",
        "amenity": "cafe",
        "highway": null,
        "tourism": null,
        "historic": null,
        "railway": null,
        "website": "http://www.blueroomscafe.co.uk/",
        "phone": null,
        "address": null
      }
    },
    {
      "type": "Feature",
      "id": "way/317274128",
      "geometry": {
        "type": "Point",
        "coordinates": [
          0.0453136,
          51.6903328
        ]
      },
      "properties": {
        "id": "way/317274128",
        "osmType": "way",
        "osmId": 317274128,
        "name": "The Horseshoes",
        "category": "pub",
        "categoryLabel": "Pub",
        "amenity": "pub",
        "highway": null,
        "tourism": null,
        "historic": null,
        "railway": null,
        "website": null,
        "phone": null,
        "address": null
      }
    },
    {
      "type": "Feature",
      "id": "way/322754663",
      "geometry": {
        "type": "Point",
        "coordinates": [
          0.0976223,
          51.6904273
        ]
      },
      "properties": {
        "id": "way/322754663",
        "osmType": "way",
        "osmId": 322754663,
        "name": "Haywards",
        "category": "restaurant",
        "categoryLabel": "Restaurant",
        "amenity": "restaurant",
        "highway": null,
        "tourism": null,
        "historic": null,
        "railway": null,
        "website": null,
        "phone": "+44 1992 577 350",
        "address": "111 Bell Common, Epping CM16 4DZ"
      }
    },
    {
      "type": "Feature",
      "id": "way/329372836",
      "geometry": {
        "type": "Point",
        "coordinates": [
          0.0007834,
          51.6302154
        ]
      },
      "properties": {
        "id": "way/329372836",
        "osmType": "way",
        "osmId": 329372836,
        "name": "Prezzo",
        "category": "restaurant",
        "categoryLabel": "Restaurant",
        "amenity": "restaurant",
        "highway": null,
        "tourism": null,
        "historic": null,
        "railway": null,
        "website": null,
        "phone": null,
        "address": null
      }
    },
    {
      "type": "Feature",
      "id": "way/332374969",
      "geometry": {
        "type": "Point",
        "coordinates": [
          -0.012082,
          51.7425777
        ]
      },
      "properties": {
        "id": "way/332374969",
        "osmType": "way",
        "osmId": 332374969,
        "name": "The Crown",
        "category": "pub",
        "categoryLabel": "Pub",
        "amenity": "pub",
        "highway": null,
        "tourism": null,
        "historic": null,
        "railway": null,
        "website": "https://www.vintageinn.co.uk/restaurants/east/thecrownbroxbourne",
        "phone": null,
        "address": "162 Old Nazeing Road, Broxbourne EN10 6QT"
      }
    },
    {
      "type": "Feature",
      "id": "way/376259607",
      "geometry": {
        "type": "Point",
        "coordinates": [
          -0.0252865,
          51.5994019
        ]
      },
      "properties": {
        "id": "way/376259607",
        "osmType": "way",
        "osmId": 376259607,
        "name": "Monoux 2 Coffee House",
        "category": "cafe",
        "categoryLabel": "Caf\u00e9",
        "amenity": "cafe",
        "highway": null,
        "tourism": null,
        "historic": null,
        "railway": null,
        "website": null,
        "phone": null,
        "address": "99 Billet Road, London E17 5DP"
      }
    },
    {
      "type": "Feature",
      "id": "way/406123934",
      "geometry": {
        "type": "Point",
        "coordinates": [
          -0.0068205,
          51.5966436
        ]
      },
      "properties": {
        "id": "way/406123934",
        "osmType": "way",
        "osmId": 406123934,
        "name": "The Galley",
        "category": "cafe",
        "categoryLabel": "Caf\u00e9",
        "amenity": "cafe",
        "highway": null,
        "tourism": null,
        "historic": null,
        "railway": null,
        "website": null,
        "phone": null,
        "address": "213 Fulbourne Road, London E17 4HD"
      }
    },
    {
      "type": "Feature",
      "id": "way/406567957",
      "geometry": {
        "type": "Point",
        "coordinates": [
          -0.0347101,
          51.5958199
        ]
      },
      "properties": {
        "id": "way/406567957",
        "osmType": "way",
        "osmId": 406567957,
        "name": "Phoenix",
        "category": "restaurant",
        "categoryLabel": "Restaurant",
        "amenity": "restaurant",
        "highway": null,
        "tourism": null,
        "historic": null,
        "railway": null,
        "website": null,
        "phone": null,
        "address": "278 Higham Hill Road, London E17 5RG"
      }
    },
    {
      "type": "Feature",
      "id": "way/406567958",
      "geometry": {
        "type": "Point",
        "coordinates": [
          -0.0347119,
          51.5955826
        ]
      },
      "properties": {
        "id": "way/406567958",
        "osmType": "way",
        "osmId": 406567958,
        "name": "Rose Hill Cafe",
        "category": "cafe",
        "categoryLabel": "Caf\u00e9",
        "amenity": "cafe",
        "highway": null,
        "tourism": null,
        "historic": null,
        "railway": null,
        "website": null,
        "phone": null,
        "address": "272 Higham Hill Road, London E17 5RQ"
      }
    },
    {
      "type": "Feature",
      "id": "way/416837032",
      "geometry": {
        "type": "Point",
        "coordinates": [
          -0.0189286,
          51.6007253
        ]
      },
      "properties": {
        "id": "way/416837032",
        "osmType": "way",
        "osmId": 416837032,
        "name": "O' Cha Thai",
        "category": "restaurant",
        "categoryLabel": "Restaurant",
        "amenity": "restaurant",
        "highway": null,
        "tourism": null,
        "historic": null,
        "railway": null,
        "website": null,
        "phone": null,
        "address": "60 Billet Road, London E17 5DN"
      }
    },
    {
      "type": "Feature",
      "id": "way/428182222",
      "geometry": {
        "type": "Point",
        "coordinates": [
          0.0001613,
          51.6087399
        ]
      },
      "properties": {
        "id": "way/428182222",
        "osmType": "way",
        "osmId": 428182222,
        "name": "Station Caf\u00e9",
        "category": "cafe",
        "categoryLabel": "Caf\u00e9",
        "amenity": "cafe",
        "highway": null,
        "tourism": null,
        "historic": null,
        "railway": null,
        "website": null,
        "phone": null,
        "address": "1 The Avenue, London E4 9LB"
      }
    },
    {
      "type": "Feature",
      "id": "way/428183189",
      "geometry": {
        "type": "Point",
        "coordinates": [
          5.9e-05,
          51.6085789
        ]
      },
      "properties": {
        "id": "way/428183189",
        "osmType": "way",
        "osmId": 428183189,
        "name": "Romeo\u2019s Sandwich House",
        "category": "cafe",
        "categoryLabel": "Caf\u00e9",
        "amenity": "cafe",
        "highway": null,
        "tourism": null,
        "historic": null,
        "railway": null,
        "website": null,
        "phone": null,
        "address": null
      }
    },
    {
      "type": "Feature",
      "id": "way/428183200",
      "geometry": {
        "type": "Point",
        "coordinates": [
          0.0001403,
          51.6086518
        ]
      },
      "properties": {
        "id": "way/428183200",
        "osmType": "way",
        "osmId": 428183200,
        "name": "No 1 The Avenue",
        "category": "restaurant",
        "categoryLabel": "Restaurant",
        "amenity": "restaurant",
        "highway": null,
        "tourism": null,
        "historic": null,
        "railway": null,
        "website": null,
        "phone": null,
        "address": "1c The Avenue, London E4 9LB"
      }
    },
    {
      "type": "Feature",
      "id": "way/431217880",
      "geometry": {
        "type": "Point",
        "coordinates": [
          0.0310189,
          51.6788667
        ]
      },
      "properties": {
        "id": "way/431217880",
        "osmType": "way",
        "osmId": 431217880,
        "name": "Junction 26 Truck Stop",
        "category": "cafe",
        "categoryLabel": "Caf\u00e9",
        "amenity": "cafe",
        "highway": null,
        "tourism": null,
        "historic": null,
        "railway": null,
        "website": null,
        "phone": null,
        "address": null
      }
    },
    {
      "type": "Feature",
      "id": "way/431712124",
      "geometry": {
        "type": "Point",
        "coordinates": [
          0.0202775,
          51.6543614
        ]
      },
      "properties": {
        "id": "way/431712124",
        "osmType": "way",
        "osmId": 431712124,
        "name": "The Owl",
        "category": "pub",
        "categoryLabel": "Pub",
        "amenity": "pub",
        "highway": null,
        "tourism": null,
        "historic": null,
        "railway": null,
        "website": "https://www.theowlpubloughton.co.uk/",
        "phone": "+44 20 8502 0663",
        "address": "Lippitts Hill, Loughton IG10 4AL"
      }
    },
    {
      "type": "Feature",
      "id": "way/444565741",
      "geometry": {
        "type": "Point",
        "coordinates": [
          -0.0235707,
          51.684348
        ]
      },
      "properties": {
        "id": "way/444565741",
        "osmType": "way",
        "osmId": 444565741,
        "name": "Breakfast Box",
        "category": "cafe",
        "categoryLabel": "Caf\u00e9",
        "amenity": "cafe",
        "highway": null,
        "tourism": null,
        "historic": null,
        "railway": null,
        "website": null,
        "phone": null,
        "address": null
      }
    },
    {
      "type": "Feature",
      "id": "way/448319486",
      "geometry": {
        "type": "Point",
        "coordinates": [
          0.0331328,
          51.6635079
        ]
      },
      "properties": {
        "id": "way/448319486",
        "osmType": "way",
        "osmId": 448319486,
        "name": "Dower House",
        "category": "historic",
        "categoryLabel": "Historic Site",
        "amenity": null,
        "highway": null,
        "tourism": null,
        "historic": "building",
        "railway": null,
        "website": null,
        "phone": null,
        "address": "Manor Road, IG10 4AD"
      }
    },
    {
      "type": "Feature",
      "id": "way/448319488",
      "geometry": {
        "type": "Point",
        "coordinates": [
          0.0339013,
          51.6634403
        ]
      },
      "properties": {
        "id": "way/448319488",
        "osmType": "way",
        "osmId": 448319488,
        "name": "Arabin House",
        "category": "historic",
        "categoryLabel": "Historic Site",
        "amenity": null,
        "highway": null,
        "tourism": null,
        "historic": "building",
        "railway": null,
        "website": null,
        "phone": null,
        "address": null
      }
    },
    {
      "type": "Feature",
      "id": "way/449901479",
      "geometry": {
        "type": "Point",
        "coordinates": [
          0.0664124,
          51.6552414
        ]
      },
      "properties": {
        "id": "way/449901479",
        "osmType": "way",
        "osmId": 449901479,
        "name": "The Plume of Feathers",
        "category": "pub",
        "categoryLabel": "Pub",
        "amenity": "pub",
        "highway": null,
        "tourism": null,
        "historic": null,
        "railway": null,
        "website": "https://www.emberinns.co.uk/nationalsearch/eastofengland/the-plume-of-feathers-loughton",
        "phone": null,
        "address": "123 Church Hill, IG10 1QR"
      }
    },
    {
      "type": "Feature",
      "id": "way/450058980",
      "geometry": {
        "type": "Point",
        "coordinates": [
          0.0583605,
          51.6507793
        ]
      },
      "properties": {
        "id": "way/450058980",
        "osmType": "way",
        "osmId": 450058980,
        "name": "Zizzi",
        "category": "restaurant",
        "categoryLabel": "Restaurant",
        "amenity": "restaurant",
        "highway": null,
        "tourism": null,
        "historic": null,
        "railway": null,
        "website": "https://www.zizzi.co.uk/italian/restaurants/loughton",
        "phone": null,
        "address": "2 Church Hill"
      }
    },
    {
      "type": "Feature",
      "id": "way/456221633",
      "geometry": {
        "type": "Point",
        "coordinates": [
          0.1163176,
          51.6497277
        ]
      },
      "properties": {
        "id": "way/456221633",
        "osmType": "way",
        "osmId": 456221633,
        "name": "Log Cabin Cafe",
        "category": "cafe",
        "categoryLabel": "Caf\u00e9",
        "amenity": "cafe",
        "highway": null,
        "tourism": null,
        "historic": null,
        "railway": null,
        "website": null,
        "phone": null,
        "address": "47 London Road, Abridge RM4 1XB"
      }
    },
    {
      "type": "Feature",
      "id": "way/457368588",
      "geometry": {
        "type": "Point",
        "coordinates": [
          -0.0076469,
          51.6008662
        ]
      },
      "properties": {
        "id": "way/457368588",
        "osmType": "way",
        "osmId": 457368588,
        "name": "Wadham Cafe",
        "category": "cafe",
        "categoryLabel": "Caf\u00e9",
        "amenity": "cafe",
        "highway": null,
        "tourism": null,
        "historic": null,
        "railway": null,
        "website": null,
        "phone": null,
        "address": "159 Wadham Road, London E17 4HU"
      }
    },
    {
      "type": "Feature",
      "id": "way/457368592",
      "geometry": {
        "type": "Point",
        "coordinates": [
          -0.0079886,
          51.6008495
        ]
      },
      "properties": {
        "id": "way/457368592",
        "osmType": "way",
        "osmId": 457368592,
        "name": "Curry in a Hurry",
        "category": "restaurant",
        "categoryLabel": "Restaurant",
        "amenity": "restaurant",
        "highway": null,
        "tourism": null,
        "historic": null,
        "railway": null,
        "website": null,
        "phone": null,
        "address": "151 Wadham Road, London E17 4HU"
      }
    },
    {
      "type": "Feature",
      "id": "way/457371179",
      "geometry": {
        "type": "Point",
        "coordinates": [
          -0.0053053,
          51.6009287
        ]
      },
      "properties": {
        "id": "way/457371179",
        "osmType": "way",
        "osmId": 457371179,
        "name": "Sushi glamour",
        "category": "restaurant",
        "categoryLabel": "Restaurant",
        "amenity": "restaurant",
        "highway": null,
        "tourism": null,
        "historic": null,
        "railway": null,
        "website": null,
        "phone": null,
        "address": "200 Winchester Road, London E4 9JP"
      }
    },
    {
      "type": "Feature",
      "id": "way/457371181",
      "geometry": {
        "type": "Point",
        "coordinates": [
          -0.0051717,
          51.601011
        ]
      },
      "properties": {
        "id": "way/457371181",
        "osmType": "way",
        "osmId": 457371181,
        "name": "Sun On",
        "category": "restaurant",
        "categoryLabel": "Restaurant",
        "amenity": "restaurant",
        "highway": null,
        "tourism": null,
        "historic": null,
        "railway": null,
        "website": null,
        "phone": null,
        "address": "196 Winchester Road, London"
      }
    },
    {
      "type": "Feature",
      "id": "way/462067083",
      "geometry": {
        "type": "Point",
        "coordinates": [
          -0.0151761,
          51.6034291
        ]
      },
      "properties": {
        "id": "way/462067083",
        "osmType": "way",
        "osmId": 462067083,
        "name": "Hugs w Mugs Cafe",
        "category": "cafe",
        "categoryLabel": "Caf\u00e9",
        "amenity": "cafe",
        "highway": null,
        "tourism": null,
        "historic": null,
        "railway": null,
        "website": null,
        "phone": "+44 20 8527 7669",
        "address": "63 Parade Gardens, London E4 8DF"
      }
    },
    {
      "type": "Feature",
      "id": "way/468229898",
      "geometry": {
        "type": "Point",
        "coordinates": [
          -0.0010467,
          51.6071733
        ]
      },
      "properties": {
        "id": "way/468229898",
        "osmType": "way",
        "osmId": 468229898,
        "name": "Chives Cafe",
        "category": "cafe",
        "categoryLabel": "Caf\u00e9",
        "amenity": "cafe",
        "highway": null,
        "tourism": null,
        "historic": null,
        "railway": null,
        "website": null,
        "phone": null,
        "address": "5 Winchester Road, London"
      }
    },
    {
      "type": "Feature",
      "id": "way/468229899",
      "geometry": {
        "type": "Point",
        "coordinates": [
          -0.0010619,
          51.6071329
        ]
      },
      "properties": {
        "id": "way/468229899",
        "osmType": "way",
        "osmId": 468229899,
        "name": "Coffee Treasure",
        "category": "cafe",
        "categoryLabel": "Caf\u00e9",
        "amenity": "cafe",
        "highway": null,
        "tourism": null,
        "historic": null,
        "railway": null,
        "website": null,
        "phone": null,
        "address": "7 Winchester Road, London E4 9LH"
      }
    },
    {
      "type": "Feature",
      "id": "way/468229904",
      "geometry": {
        "type": "Point",
        "coordinates": [
          -0.0011709,
          51.6068371
        ]
      },
      "properties": {
        "id": "way/468229904",
        "osmType": "way",
        "osmId": 468229904,
        "name": "Sali\u2019s lounge",
        "category": "cafe",
        "categoryLabel": "Caf\u00e9",
        "amenity": "cafe",
        "highway": null,
        "tourism": null,
        "historic": null,
        "railway": null,
        "website": null,
        "phone": null,
        "address": "19 Winchester Road, London"
      }
    },
    {
      "type": "Feature",
      "id": "way/468229905",
      "geometry": {
        "type": "Point",
        "coordinates": [
          -0.0011333,
          51.6069403
        ]
      },
      "properties": {
        "id": "way/468229905",
        "osmType": "way",
        "osmId": 468229905,
        "name": "The Indian Dining Club",
        "category": "restaurant",
        "categoryLabel": "Restaurant",
        "amenity": "restaurant",
        "highway": null,
        "tourism": null,
        "historic": null,
        "railway": null,
        "website": null,
        "phone": null,
        "address": "15 Winchester Road, London E4 9LH"
      }
    },
    {
      "type": "Feature",
      "id": "way/468229908",
      "geometry": {
        "type": "Point",
        "coordinates": [
          -0.0011804,
          51.6065034
        ]
      },
      "properties": {
        "id": "way/468229908",
        "osmType": "way",
        "osmId": 468229908,
        "name": "Paya",
        "category": "restaurant",
        "categoryLabel": "Restaurant",
        "amenity": "restaurant",
        "highway": null,
        "tourism": null,
        "historic": null,
        "railway": null,
        "website": null,
        "phone": null,
        "address": "31 Winchester Road, London E4 9LH"
      }
    },
    {
      "type": "Feature",
      "id": "way/468229912",
      "geometry": {
        "type": "Point",
        "coordinates": [
          -0.0011643,
          51.6067416
        ]
      },
      "properties": {
        "id": "way/468229912",
        "osmType": "way",
        "osmId": 468229912,
        "name": "Good Friend",
        "category": "restaurant",
        "categoryLabel": "Restaurant",
        "amenity": "restaurant",
        "highway": null,
        "tourism": null,
        "historic": null,
        "railway": null,
        "website": null,
        "phone": null,
        "address": "23 Winchester Road, London E4 9LH"
      }
    },
    {
      "type": "Feature",
      "id": "way/468231465",
      "geometry": {
        "type": "Point",
        "coordinates": [
          -0.0006364,
          51.6076064
        ]
      },
      "properties": {
        "id": "way/468231465",
        "osmType": "way",
        "osmId": 468231465,
        "name": "The Corner Cafe",
        "category": "cafe",
        "categoryLabel": "Caf\u00e9",
        "amenity": "cafe",
        "highway": null,
        "tourism": null,
        "historic": null,
        "railway": null,
        "website": null,
        "phone": null,
        "address": "1 The Broadway, London"
      }
    },
    {
      "type": "Feature",
      "id": "way/468231469",
      "geometry": {
        "type": "Point",
        "coordinates": [
          -0.0008518,
          51.6074316
        ]
      },
      "properties": {
        "id": "way/468231469",
        "osmType": "way",
        "osmId": 468231469,
        "name": "Good View",
        "category": "restaurant",
        "categoryLabel": "Restaurant",
        "amenity": "restaurant",
        "highway": null,
        "tourism": null,
        "historic": null,
        "railway": null,
        "website": null,
        "phone": null,
        "address": "7 The Broadway, London E4 9LQ"
      }
    },
    {
      "type": "Feature",
      "id": "way/468834929",
      "geometry": {
        "type": "Point",
        "coordinates": [
          -0.0014942,
          51.6072193
        ]
      },
      "properties": {
        "id": "way/468834929",
        "osmType": "way",
        "osmId": 468834929,
        "name": "Vino Tap",
        "category": "bar",
        "categoryLabel": "Bar",
        "amenity": "bar",
        "highway": null,
        "tourism": null,
        "historic": null,
        "railway": null,
        "website": null,
        "phone": null,
        "address": "2a Winchester Road, London E4 9LN"
      }
    },
    {
      "type": "Feature",
      "id": "way/468967503",
      "geometry": {
        "type": "Point",
        "coordinates": [
          -0.0010785,
          51.6077525
        ]
      },
      "properties": {
        "id": "way/468967503",
        "osmType": "way",
        "osmId": 468967503,
        "name": "Indulge",
        "category": "cafe",
        "categoryLabel": "Caf\u00e9",
        "amenity": "cafe",
        "highway": null,
        "tourism": null,
        "historic": null,
        "railway": null,
        "website": null,
        "phone": null,
        "address": "7 Broadway Parade, London E4 9LG"
      }
    },
    {
      "type": "Feature",
      "id": "way/469906503",
      "geometry": {
        "type": "Point",
        "coordinates": [
          -0.0012872,
          51.6078012
        ]
      },
      "properties": {
        "id": "way/469906503",
        "osmType": "way",
        "osmId": 469906503,
        "name": "Yaz Restaurant",
        "category": "restaurant",
        "categoryLabel": "Restaurant",
        "amenity": "restaurant",
        "highway": null,
        "tourism": null,
        "historic": null,
        "railway": null,
        "website": "https://www.yazrestaurant.co.uk/home",
        "phone": null,
        "address": "7 Signal Walk, London E4 9BW"
      }
    },
    {
      "type": "Feature",
      "id": "way/477026692",
      "geometry": {
        "type": "Point",
        "coordinates": [
          0.0808543,
          51.6242719
        ]
      },
      "properties": {
        "id": "way/477026692",
        "osmType": "way",
        "osmId": 477026692,
        "name": "Ye Olde King's Head",
        "category": "pub",
        "categoryLabel": "Pub",
        "amenity": "pub",
        "highway": null,
        "tourism": null,
        "historic": null,
        "railway": null,
        "website": null,
        "phone": null,
        "address": "High Road, Chigwell IG7 6QA"
      }
    },
    {
      "type": "Feature",
      "id": "way/486364113",
      "geometry": {
        "type": "Point",
        "coordinates": [
          0.1314059,
          51.6131879
        ]
      },
      "properties": {
        "id": "way/486364113",
        "osmType": "way",
        "osmId": 486364113,
        "name": "Global Cafe",
        "category": "cafe",
        "categoryLabel": "Caf\u00e9",
        "amenity": "cafe",
        "highway": null,
        "tourism": null,
        "historic": null,
        "railway": null,
        "website": null,
        "phone": null,
        "address": "Fox Burrow Road"
      }
    },
    {
      "type": "Feature",
      "id": "way/490745333",
      "geometry": {
        "type": "Point",
        "coordinates": [
          0.1074748,
          51.6962346
        ]
      },
      "properties": {
        "id": "way/490745333",
        "osmType": "way",
        "osmId": 490745333,
        "name": "Duke of Wellington",
        "category": "pub",
        "categoryLabel": "Pub",
        "amenity": "pub",
        "highway": null,
        "tourism": null,
        "historic": null,
        "railway": null,
        "website": "https://dowepping.co.uk/",
        "phone": null,
        "address": "36 High Street, Epping CM16 4AE"
      }
    },
    {
      "type": "Feature",
      "id": "way/491128606",
      "geometry": {
        "type": "Point",
        "coordinates": [
          0.1316687,
          51.6954322
        ]
      },
      "properties": {
        "id": "way/491128606",
        "osmType": "way",
        "osmId": 491128606,
        "name": "The Theydon Oak",
        "category": "pub",
        "categoryLabel": "Pub",
        "amenity": "pub",
        "highway": null,
        "tourism": null,
        "historic": null,
        "railway": null,
        "website": "http://www.thetheydonoak.co.uk/menus/4592850025",
        "phone": null,
        "address": "9 Coopersale Street, Epping CM16 7QJ"
      }
    },
    {
      "type": "Feature",
      "id": "way/492182373",
      "geometry": {
        "type": "Point",
        "coordinates": [
          0.0990267,
          51.6911845
        ]
      },
      "properties": {
        "id": "way/492182373",
        "osmType": "way",
        "osmId": 492182373,
        "name": "The Black Cottage",
        "category": "historic",
        "categoryLabel": "Historic Site",
        "amenity": null,
        "highway": null,
        "tourism": null,
        "historic": "building",
        "railway": null,
        "website": null,
        "phone": null,
        "address": null
      }
    },
    {
      "type": "Feature",
      "id": "way/492189962",
      "geometry": {
        "type": "Point",
        "coordinates": [
          0.1305514,
          51.6886728
        ]
      },
      "properties": {
        "id": "way/492189962",
        "osmType": "way",
        "osmId": 492189962,
        "name": "The Merry Fiddlers",
        "category": "pub",
        "categoryLabel": "Pub",
        "amenity": "pub",
        "highway": null,
        "tourism": null,
        "historic": null,
        "railway": null,
        "website": null,
        "phone": null,
        "address": "Fiddlers Hamlet, Epping CM16 7PY"
      }
    },
    {
      "type": "Feature",
      "id": "way/496929145",
      "geometry": {
        "type": "Point",
        "coordinates": [
          0.1355147,
          51.7064398
        ]
      },
      "properties": {
        "id": "way/496929145",
        "osmType": "way",
        "osmId": 496929145,
        "name": "The Garnon Bushes",
        "category": "pub",
        "categoryLabel": "Pub",
        "amenity": "pub",
        "highway": null,
        "tourism": null,
        "historic": null,
        "railway": null,
        "website": "https://www.garnonbushespub.com/",
        "phone": null,
        "address": "13 Coopersale Common, Epping CM16 7QS"
      }
    },
    {
      "type": "Feature",
      "id": "way/497238947",
      "geometry": {
        "type": "Point",
        "coordinates": [
          0.1162615,
          51.6541626
        ]
      },
      "properties": {
        "id": "way/497238947",
        "osmType": "way",
        "osmId": 497238947,
        "name": "Piggotts Farmhouse",
        "category": "historic",
        "categoryLabel": "Historic Site",
        "amenity": null,
        "highway": null,
        "tourism": null,
        "historic": "building",
        "railway": null,
        "website": null,
        "phone": null,
        "address": null
      }
    },
    {
      "type": "Feature",
      "id": "way/501945913",
      "geometry": {
        "type": "Point",
        "coordinates": [
          0.1186826,
          51.6491627
        ]
      },
      "properties": {
        "id": "way/501945913",
        "osmType": "way",
        "osmId": 501945913,
        "name": "Abridge Cricket Club",
        "category": "bar",
        "categoryLabel": "Bar",
        "amenity": "bar",
        "highway": null,
        "tourism": null,
        "historic": null,
        "railway": null,
        "website": null,
        "phone": null,
        "address": "Hoe Lane, Abridge RM4 1AX"
      }
    },
    {
      "type": "Feature",
      "id": "way/502924380",
      "geometry": {
        "type": "Point",
        "coordinates": [
          -0.0143615,
          51.7430113
        ]
      },
      "properties": {
        "id": "way/502924380",
        "osmType": "way",
        "osmId": 502924380,
        "name": "Old Mill Retreat Cafe",
        "category": "cafe",
        "categoryLabel": "Caf\u00e9",
        "amenity": "cafe",
        "highway": null,
        "tourism": null,
        "historic": null,
        "railway": null,
        "website": "http://www.oldmillretreat.com/oldmillretreat.htm",
        "phone": null,
        "address": "Mill Lane, Broxbourne EN10 7AX"
      }
    },
    {
      "type": "Feature",
      "id": "way/523092828",
      "geometry": {
        "type": "Point",
        "coordinates": [
          0.0509919,
          51.6488189
        ]
      },
      "properties": {
        "id": "way/523092828",
        "osmType": "way",
        "osmId": 523092828,
        "name": "The Victoria Tavern",
        "category": "pub",
        "categoryLabel": "Pub",
        "amenity": "pub",
        "highway": null,
        "tourism": null,
        "historic": null,
        "railway": null,
        "website": null,
        "phone": null,
        "address": "165 Smarts Lane, Loughton IG10 4BP"
      }
    },
    {
      "type": "Feature",
      "id": "way/541373927",
      "geometry": {
        "type": "Point",
        "coordinates": [
          -0.0028214,
          51.6875964
        ]
      },
      "properties": {
        "id": "way/541373927",
        "osmType": "way",
        "osmId": 541373927,
        "name": "King Harold II",
        "category": "historic",
        "categoryLabel": "Historic Site",
        "amenity": null,
        "highway": null,
        "tourism": null,
        "historic": "memorial",
        "railway": null,
        "website": null,
        "phone": null,
        "address": null
      }
    },
    {
      "type": "Feature",
      "id": "way/556704883",
      "geometry": {
        "type": "Point",
        "coordinates": [
          0.0668417,
          51.6934473
        ]
      },
      "properties": {
        "id": "way/556704883",
        "osmType": "way",
        "osmId": 556704883,
        "name": "Copped Hall Temple",
        "category": "historic",
        "categoryLabel": "Historic Site",
        "amenity": null,
        "highway": null,
        "tourism": null,
        "historic": "folly",
        "railway": null,
        "website": null,
        "phone": null,
        "address": null
      }
    },
    {
      "type": "Feature",
      "id": "way/584399848",
      "geometry": {
        "type": "Point",
        "coordinates": [
          -0.0030211,
          51.6882494
        ]
      },
      "properties": {
        "id": "way/584399848",
        "osmType": "way",
        "osmId": 584399848,
        "name": "Abbey Cloister",
        "category": "historic",
        "categoryLabel": "Historic Site",
        "amenity": null,
        "highway": null,
        "tourism": null,
        "historic": "ruins",
        "railway": null,
        "website": null,
        "phone": null,
        "address": null
      }
    },
    {
      "type": "Feature",
      "id": "way/595124545",
      "geometry": {
        "type": "Point",
        "coordinates": [
          -0.032452,
          51.6849299
        ]
      },
      "properties": {
        "id": "way/595124545",
        "osmType": "way",
        "osmId": 595124545,
        "name": "The Moon and Cross",
        "category": "pub",
        "categoryLabel": "Pub",
        "amenity": "pub",
        "highway": null,
        "tourism": null,
        "historic": null,
        "railway": null,
        "website": "https://www.jdwetherspoon.com/pubs/all-pubs/england/hertfordshire/the-moon-and-cross-waltham-cross",
        "phone": "+44 1992 700761",
        "address": "104-106 High Street, Waltham Cross EN8 7BX"
      }
    },
    {
      "type": "Feature",
      "id": "way/595127361",
      "geometry": {
        "type": "Point",
        "coordinates": [
          -0.0316957,
          51.68597
        ]
      },
      "properties": {
        "id": "way/595127361",
        "osmType": "way",
        "osmId": 595127361,
        "name": "The Imperial",
        "category": "pub",
        "categoryLabel": "Pub",
        "amenity": "pub",
        "highway": null,
        "tourism": null,
        "historic": null,
        "railway": null,
        "website": null,
        "phone": null,
        "address": null
      }
    },
    {
      "type": "Feature",
      "id": "way/626162189",
      "geometry": {
        "type": "Point",
        "coordinates": [
          0.0084406,
          51.6229314
        ]
      },
      "properties": {
        "id": "way/626162189",
        "osmType": "way",
        "osmId": 626162189,
        "name": "The Dovecote",
        "category": "pub",
        "categoryLabel": "Pub",
        "amenity": "pub",
        "highway": null,
        "tourism": null,
        "historic": null,
        "railway": null,
        "website": null,
        "phone": null,
        "address": "Friday Hill, London E4 6EL"
      }
    },
    {
      "type": "Feature",
      "id": "way/626162208",
      "geometry": {
        "type": "Point",
        "coordinates": [
          0.0156734,
          51.6301609
        ]
      },
      "properties": {
        "id": "way/626162208",
        "osmType": "way",
        "osmId": 626162208,
        "name": "The Queen Elizabeth",
        "category": "pub",
        "categoryLabel": "Pub",
        "amenity": "pub",
        "highway": null,
        "tourism": null,
        "historic": null,
        "railway": null,
        "website": "https://www.emberinns.co.uk/nationalsearch/london/the-queen-elizabeth-chingford",
        "phone": "+44 20 8529 1160",
        "address": "95 Forest Side, London E4 6BA"
      }
    },
    {
      "type": "Feature",
      "id": "way/626292215",
      "geometry": {
        "type": "Point",
        "coordinates": [
          -0.0010217,
          51.6086078
        ]
      },
      "properties": {
        "id": "way/626292215",
        "osmType": "way",
        "osmId": 626292215,
        "name": "Breeze",
        "category": "restaurant",
        "categoryLabel": "Restaurant",
        "amenity": "restaurant",
        "highway": null,
        "tourism": null,
        "historic": null,
        "railway": null,
        "website": null,
        "phone": null,
        "address": null
      }
    },
    {
      "type": "Feature",
      "id": "way/668680444",
      "geometry": {
        "type": "Point",
        "coordinates": [
          0.0121404,
          51.60943
        ]
      },
      "properties": {
        "id": "way/668680444",
        "osmType": "way",
        "osmId": 668680444,
        "name": "Humphry's",
        "category": "cafe",
        "categoryLabel": "Caf\u00e9",
        "amenity": "cafe",
        "highway": null,
        "tourism": null,
        "historic": null,
        "railway": null,
        "website": null,
        "phone": null,
        "address": "The Charter Road, Woodford Green IG8 9RE"
      }
    },
    {
      "type": "Feature",
      "id": "way/680101820",
      "geometry": {
        "type": "Point",
        "coordinates": [
          0.0038408,
          51.631605
        ]
      },
      "properties": {
        "id": "way/680101820",
        "osmType": "way",
        "osmId": 680101820,
        "name": "Chingford Chinese",
        "category": "restaurant",
        "categoryLabel": "Restaurant",
        "amenity": "restaurant",
        "highway": null,
        "tourism": null,
        "historic": null,
        "railway": null,
        "website": null,
        "phone": null,
        "address": "4 Station Road, London E4 7BE"
      }
    },
    {
      "type": "Feature",
      "id": "way/680115719",
      "geometry": {
        "type": "Point",
        "coordinates": [
          0.0093464,
          51.6331936
        ]
      },
      "properties": {
        "id": "way/680115719",
        "osmType": "way",
        "osmId": 680115719,
        "name": "Trattoria Ibleo",
        "category": "restaurant",
        "categoryLabel": "Restaurant",
        "amenity": "restaurant",
        "highway": null,
        "tourism": null,
        "historic": null,
        "railway": null,
        "website": null,
        "phone": null,
        "address": "1 Station Approach"
      }
    },
    {
      "type": "Feature",
      "id": "way/680295850",
      "geometry": {
        "type": "Point",
        "coordinates": [
          0.0076923,
          51.633006
        ]
      },
      "properties": {
        "id": "way/680295850",
        "osmType": "way",
        "osmId": 680295850,
        "name": "The Indian Brasserie",
        "category": "restaurant",
        "categoryLabel": "Restaurant",
        "amenity": "restaurant",
        "highway": null,
        "tourism": null,
        "historic": null,
        "railway": null,
        "website": null,
        "phone": null,
        "address": "90 Station Road, London E4 6AD"
      }
    },
    {
      "type": "Feature",
      "id": "way/680295851",
      "geometry": {
        "type": "Point",
        "coordinates": [
          0.0077547,
          51.633036
        ]
      },
      "properties": {
        "id": "way/680295851",
        "osmType": "way",
        "osmId": 680295851,
        "name": "Nostrano",
        "category": "restaurant",
        "categoryLabel": "Restaurant",
        "amenity": "restaurant",
        "highway": null,
        "tourism": null,
        "historic": null,
        "railway": null,
        "website": null,
        "phone": null,
        "address": "94 Station Road, London E4 6AD"
      }
    },
    {
      "type": "Feature",
      "id": "way/680295853",
      "geometry": {
        "type": "Point",
        "coordinates": [
          0.0079651,
          51.6331282
        ]
      },
      "properties": {
        "id": "way/680295853",
        "osmType": "way",
        "osmId": 680295853,
        "name": "La Baita Da Piero",
        "category": "restaurant",
        "categoryLabel": "Restaurant",
        "amenity": "restaurant",
        "highway": null,
        "tourism": null,
        "historic": null,
        "railway": null,
        "website": null,
        "phone": null,
        "address": "98 Station Road, London E4 6AD"
      }
    },
    {
      "type": "Feature",
      "id": "way/680295868",
      "geometry": {
        "type": "Point",
        "coordinates": [
          0.0088772,
          51.6334176
        ]
      },
      "properties": {
        "id": "way/680295868",
        "osmType": "way",
        "osmId": 680295868,
        "name": "Bar One Twenty",
        "category": "bar",
        "categoryLabel": "Bar",
        "amenity": "bar",
        "highway": null,
        "tourism": null,
        "historic": null,
        "railway": null,
        "website": null,
        "phone": null,
        "address": "120 Station Road, London E4 6AD"
      }
    },
    {
      "type": "Feature",
      "id": "way/680295869",
      "geometry": {
        "type": "Point",
        "coordinates": [
          0.0089505,
          51.6334464
        ]
      },
      "properties": {
        "id": "way/680295869",
        "osmType": "way",
        "osmId": 680295869,
        "name": "The Front Room",
        "category": "bar",
        "categoryLabel": "Bar",
        "amenity": "bar",
        "highway": null,
        "tourism": null,
        "historic": null,
        "railway": null,
        "website": null,
        "phone": null,
        "address": "124 Station Road, London E4 6AD"
      }
    },
    {
      "type": "Feature",
      "id": "way/680295876",
      "geometry": {
        "type": "Point",
        "coordinates": [
          0.0094566,
          51.6336623
        ]
      },
      "properties": {
        "id": "way/680295876",
        "osmType": "way",
        "osmId": 680295876,
        "name": "Rusty Bike",
        "category": "pub",
        "categoryLabel": "Pub",
        "amenity": "pub",
        "highway": null,
        "tourism": null,
        "historic": null,
        "railway": null,
        "website": "http://rustybike.pub/rusty-bike-pub-chingford/",
        "phone": "+44 20 8501 7465",
        "address": "134-138 Station Road, London E4 6AN"
      }
    },
    {
      "type": "Feature",
      "id": "way/680295877",
      "geometry": {
        "type": "Point",
        "coordinates": [
          0.0095837,
          51.6336615
        ]
      },
      "properties": {
        "id": "way/680295877",
        "osmType": "way",
        "osmId": 680295877,
        "name": "Spice Station",
        "category": "bar",
        "categoryLabel": "Bar",
        "amenity": "bar",
        "highway": null,
        "tourism": null,
        "historic": null,
        "railway": null,
        "website": "http://www.spicestationandbar.co.uk/",
        "phone": "+44 20 8524 0707",
        "address": "140 Station Road, London E4 6AN"
      }
    },
    {
      "type": "Feature",
      "id": "way/680295879",
      "geometry": {
        "type": "Point",
        "coordinates": [
          0.0097018,
          51.6337648
        ]
      },
      "properties": {
        "id": "way/680295879",
        "osmType": "way",
        "osmId": 680295879,
        "name": "Pat Pong",
        "category": "restaurant",
        "categoryLabel": "Restaurant",
        "amenity": "restaurant",
        "highway": null,
        "tourism": null,
        "historic": null,
        "railway": null,
        "website": "https://patpongthai.co.uk/",
        "phone": null,
        "address": "146,148 Station Road, London E4 6AN"
      }
    },
    {
      "type": "Feature",
      "id": "way/680295882",
      "geometry": {
        "type": "Point",
        "coordinates": [
          0.0100201,
          51.6338827
        ]
      },
      "properties": {
        "id": "way/680295882",
        "osmType": "way",
        "osmId": 680295882,
        "name": "Hokkaido",
        "category": "restaurant",
        "categoryLabel": "Restaurant",
        "amenity": "restaurant",
        "highway": null,
        "tourism": null,
        "historic": null,
        "railway": null,
        "website": "https://www.hokkaidorestaurants.co.uk/",
        "phone": null,
        "address": "166 Station Road, London E4 6AN"
      }
    },
    {
      "type": "Feature",
      "id": "way/680295883",
      "geometry": {
        "type": "Point",
        "coordinates": [
          0.0101067,
          51.6339066
        ]
      },
      "properties": {
        "id": "way/680295883",
        "osmType": "way",
        "osmId": 680295883,
        "name": "Sweet1ne",
        "category": "restaurant",
        "categoryLabel": "Restaurant",
        "amenity": "restaurant",
        "highway": null,
        "tourism": null,
        "historic": null,
        "railway": null,
        "website": "https://www.sweet1ne.com/",
        "phone": null,
        "address": "166 Station Road, London E4 6AN"
      }
    },
    {
      "type": "Feature",
      "id": "way/680295884",
      "geometry": {
        "type": "Point",
        "coordinates": [
          0.0101488,
          51.6339675
        ]
      },
      "properties": {
        "id": "way/680295884",
        "osmType": "way",
        "osmId": 680295884,
        "name": "The Voujon",
        "category": "restaurant",
        "categoryLabel": "Restaurant",
        "amenity": "restaurant",
        "highway": null,
        "tourism": null,
        "historic": null,
        "railway": null,
        "website": "https://www.thevoujon.co.uk/",
        "phone": null,
        "address": "164 Station Road, London E4 6AN"
      }
    },
    {
      "type": "Feature",
      "id": "way/680295885",
      "geometry": {
        "type": "Point",
        "coordinates": [
          0.0102476,
          51.6339782
        ]
      },
      "properties": {
        "id": "way/680295885",
        "osmType": "way",
        "osmId": 680295885,
        "name": "Cypriot Heights",
        "category": "restaurant",
        "categoryLabel": "Restaurant",
        "amenity": "restaurant",
        "highway": null,
        "tourism": null,
        "historic": null,
        "railway": null,
        "website": "https://cypriotheights.co.uk/",
        "phone": null,
        "address": "170 Station Road, London E4 6AN"
      }
    },
    {
      "type": "Feature",
      "id": "way/680363356",
      "geometry": {
        "type": "Point",
        "coordinates": [
          -0.0153264,
          51.6251308
        ]
      },
      "properties": {
        "id": "way/680363356",
        "osmType": "way",
        "osmId": 680363356,
        "name": "Greene Man",
        "category": "pub",
        "categoryLabel": "Pub",
        "amenity": "pub",
        "highway": null,
        "tourism": null,
        "historic": null,
        "railway": null,
        "website": "https://www.hungryhorse.co.uk/pubs/greater-london/greene-man/",
        "phone": null,
        "address": "191 Old Church Road, London E4 6RB"
      }
    },
    {
      "type": "Feature",
      "id": "way/680875655",
      "geometry": {
        "type": "Point",
        "coordinates": [
          -0.0169757,
          51.6192848
        ]
      },
      "properties": {
        "id": "way/680875655",
        "osmType": "way",
        "osmId": 680875655,
        "name": "Xena\u2019s",
        "category": "restaurant",
        "categoryLabel": "Restaurant",
        "amenity": "restaurant",
        "highway": null,
        "tourism": null,
        "historic": null,
        "railway": null,
        "website": null,
        "phone": null,
        "address": null
      }
    },
    {
      "type": "Feature",
      "id": "way/680875658",
      "geometry": {
        "type": "Point",
        "coordinates": [
          -0.0170005,
          51.6191562
        ]
      },
      "properties": {
        "id": "way/680875658",
        "osmType": "way",
        "osmId": 680875658,
        "name": "Oriental Village",
        "category": "restaurant",
        "categoryLabel": "Restaurant",
        "amenity": "restaurant",
        "highway": null,
        "tourism": null,
        "historic": null,
        "railway": null,
        "website": null,
        "phone": null,
        "address": null
      }
    },
    {
      "type": "Feature",
      "id": "way/680875660",
      "geometry": {
        "type": "Point",
        "coordinates": [
          -0.0170171,
          51.6190705
        ]
      },
      "properties": {
        "id": "way/680875660",
        "osmType": "way",
        "osmId": 680875660,
        "name": "Naseeb",
        "category": "restaurant",
        "categoryLabel": "Restaurant",
        "amenity": "restaurant",
        "highway": null,
        "tourism": null,
        "historic": null,
        "railway": null,
        "website": null,
        "phone": null,
        "address": null
      }
    },
    {
      "type": "Feature",
      "id": "way/680875665",
      "geometry": {
        "type": "Point",
        "coordinates": [
          -0.0168711,
          51.6196743
        ]
      },
      "properties": {
        "id": "way/680875665",
        "osmType": "way",
        "osmId": 680875665,
        "name": "Lydia",
        "category": "restaurant",
        "categoryLabel": "Restaurant",
        "amenity": "restaurant",
        "highway": null,
        "tourism": null,
        "historic": null,
        "railway": null,
        "website": null,
        "phone": null,
        "address": null
      }
    },
    {
      "type": "Feature",
      "id": "way/680875667",
      "geometry": {
        "type": "Point",
        "coordinates": [
          -0.0169146,
          51.6197751
        ]
      },
      "properties": {
        "id": "way/680875667",
        "osmType": "way",
        "osmId": 680875667,
        "name": "Super Sushi",
        "category": "restaurant",
        "categoryLabel": "Restaurant",
        "amenity": "restaurant",
        "highway": null,
        "tourism": null,
        "historic": null,
        "railway": null,
        "website": null,
        "phone": null,
        "address": null
      }
    },
    {
      "type": "Feature",
      "id": "way/680875673",
      "geometry": {
        "type": "Point",
        "coordinates": [
          -0.0167481,
          51.6201335
        ]
      },
      "properties": {
        "id": "way/680875673",
        "osmType": "way",
        "osmId": 680875673,
        "name": "Bollywoods",
        "category": "restaurant",
        "categoryLabel": "Restaurant",
        "amenity": "restaurant",
        "highway": null,
        "tourism": null,
        "historic": null,
        "railway": null,
        "website": null,
        "phone": null,
        "address": "99-101 Old Church Road, London E4 6ST"
      }
    },
    {
      "type": "Feature",
      "id": "way/680896790",
      "geometry": {
        "type": "Point",
        "coordinates": [
          -0.0171572,
          51.6184907
        ]
      },
      "properties": {
        "id": "way/680896790",
        "osmType": "way",
        "osmId": 680896790,
        "name": "La Rocca",
        "category": "restaurant",
        "categoryLabel": "Restaurant",
        "amenity": "restaurant",
        "highway": null,
        "tourism": null,
        "historic": null,
        "railway": null,
        "website": null,
        "phone": null,
        "address": null
      }
    },
    {
      "type": "Feature",
      "id": "way/680896791",
      "geometry": {
        "type": "Point",
        "coordinates": [
          -0.0171717,
          51.6184087
        ]
      },
      "properties": {
        "id": "way/680896791",
        "osmType": "way",
        "osmId": 680896791,
        "name": "La Rocca",
        "category": "cafe",
        "categoryLabel": "Caf\u00e9",
        "amenity": "cafe",
        "highway": null,
        "tourism": null,
        "historic": null,
        "railway": null,
        "website": null,
        "phone": null,
        "address": null
      }
    },
    {
      "type": "Feature",
      "id": "way/680896798",
      "geometry": {
        "type": "Point",
        "coordinates": [
          -0.0177512,
          51.6181502
        ]
      },
      "properties": {
        "id": "way/680896798",
        "osmType": "way",
        "osmId": 680896798,
        "name": "The Mount",
        "category": "pub",
        "categoryLabel": "Pub",
        "amenity": "pub",
        "highway": null,
        "tourism": null,
        "historic": null,
        "railway": null,
        "website": null,
        "phone": null,
        "address": "30-32 Old Church Road, London E4 8DD"
      }
    },
    {
      "type": "Feature",
      "id": "way/680896802",
      "geometry": {
        "type": "Point",
        "coordinates": [
          -0.0177416,
          51.6184251
        ]
      },
      "properties": {
        "id": "way/680896802",
        "osmType": "way",
        "osmId": 680896802,
        "name": "Tabla",
        "category": "restaurant",
        "categoryLabel": "Restaurant",
        "amenity": "restaurant",
        "highway": null,
        "tourism": null,
        "historic": null,
        "railway": null,
        "website": null,
        "phone": null,
        "address": null
      }
    },
    {
      "type": "Feature",
      "id": "way/680916339",
      "geometry": {
        "type": "Point",
        "coordinates": [
          0.0029946,
          51.6283337
        ]
      },
      "properties": {
        "id": "way/680916339",
        "osmType": "way",
        "osmId": 680916339,
        "name": "Double Bubble",
        "category": "cafe",
        "categoryLabel": "Caf\u00e9",
        "amenity": "cafe",
        "highway": null,
        "tourism": null,
        "historic": null,
        "railway": null,
        "website": "https://www.doublebubbleuk.co.uk/",
        "phone": "+44 20 8529 4444",
        "address": "38 King's Road, London E4 7JE"
      }
    },
    {
      "type": "Feature",
      "id": "way/680916433",
      "geometry": {
        "type": "Point",
        "coordinates": [
          0.0004349,
          51.6305872
        ]
      },
      "properties": {
        "id": "way/680916433",
        "osmType": "way",
        "osmId": 680916433,
        "name": "Helen\u2019s Coffee On The Green",
        "category": "cafe",
        "categoryLabel": "Caf\u00e9",
        "amenity": "cafe",
        "highway": null,
        "tourism": null,
        "historic": null,
        "railway": null,
        "website": null,
        "phone": null,
        "address": null
      }
    },
    {
      "type": "Feature",
      "id": "way/680916434",
      "geometry": {
        "type": "Point",
        "coordinates": [
          0.0004804,
          51.6305492
        ]
      },
      "properties": {
        "id": "way/680916434",
        "osmType": "way",
        "osmId": 680916434,
        "name": "ISO Sushi",
        "category": "restaurant",
        "categoryLabel": "Restaurant",
        "amenity": "restaurant",
        "highway": null,
        "tourism": null,
        "historic": null,
        "railway": null,
        "website": null,
        "phone": null,
        "address": null
      }
    },
    {
      "type": "Feature",
      "id": "way/680916435",
      "geometry": {
        "type": "Point",
        "coordinates": [
          0.0005258,
          51.6305112
        ]
      },
      "properties": {
        "id": "way/680916435",
        "osmType": "way",
        "osmId": 680916435,
        "name": "Cugini",
        "category": "restaurant",
        "categoryLabel": "Restaurant",
        "amenity": "restaurant",
        "highway": null,
        "tourism": null,
        "historic": null,
        "railway": null,
        "website": null,
        "phone": null,
        "address": null
      }
    },
    {
      "type": "Feature",
      "id": "way/681099014",
      "geometry": {
        "type": "Point",
        "coordinates": [
          0.0050235,
          51.6315991
        ]
      },
      "properties": {
        "id": "way/681099014",
        "osmType": "way",
        "osmId": 681099014,
        "name": "Station Cafe",
        "category": "cafe",
        "categoryLabel": "Caf\u00e9",
        "amenity": "cafe",
        "highway": null,
        "tourism": null,
        "historic": null,
        "railway": null,
        "website": null,
        "phone": null,
        "address": "67 Station Road, London E4 7BU"
      }
    },
    {
      "type": "Feature",
      "id": "way/681099015",
      "geometry": {
        "type": "Point",
        "coordinates": [
          0.0049318,
          51.6315661
        ]
      },
      "properties": {
        "id": "way/681099015",
        "osmType": "way",
        "osmId": 681099015,
        "name": "Caff\u00e8 Nero",
        "category": "cafe",
        "categoryLabel": "Caf\u00e9",
        "amenity": "cafe",
        "highway": null,
        "tourism": null,
        "historic": null,
        "railway": null,
        "website": "https://www.caffenero.com/uk/stores/chingford",
        "phone": null,
        "address": "65 Station Road, London E4 7BU"
      }
    },
    {
      "type": "Feature",
      "id": "way/681581495",
      "geometry": {
        "type": "Point",
        "coordinates": [
          0.0004746,
          51.6085382
        ]
      },
      "properties": {
        "id": "way/681581495",
        "osmType": "way",
        "osmId": 681581495,
        "name": "Purbani",
        "category": "restaurant",
        "categoryLabel": "Restaurant",
        "amenity": "restaurant",
        "highway": null,
        "tourism": null,
        "historic": null,
        "railway": null,
        "website": null,
        "phone": null,
        "address": "34 The Avenue, London"
      }
    },
    {
      "type": "Feature",
      "id": "way/681581502",
      "geometry": {
        "type": "Point",
        "coordinates": [
          0.0003794,
          51.6080773
        ]
      },
      "properties": {
        "id": "way/681581502",
        "osmType": "way",
        "osmId": 681581502,
        "name": "Highams Lounge",
        "category": "cafe",
        "categoryLabel": "Caf\u00e9",
        "amenity": "cafe",
        "highway": null,
        "tourism": null,
        "historic": null,
        "railway": null,
        "website": null,
        "phone": null,
        "address": "14 The Avenue, London"
      }
    },
    {
      "type": "Feature",
      "id": "way/681581511",
      "geometry": {
        "type": "Point",
        "coordinates": [
          0.0006745,
          51.6073654
        ]
      },
      "properties": {
        "id": "way/681581511",
        "osmType": "way",
        "osmId": 681581511,
        "name": "The County Arms",
        "category": "pub",
        "categoryLabel": "Pub",
        "amenity": "pub",
        "highway": null,
        "tourism": null,
        "historic": null,
        "railway": null,
        "website": "https://www.greeneking.co.uk/pubs/greater-london/county-arms",
        "phone": null,
        "address": "420 Hale End Road, London E4 9PB"
      }
    },
    {
      "type": "Feature",
      "id": "way/681581516",
      "geometry": {
        "type": "Point",
        "coordinates": [
          0.0010248,
          51.6071778
        ]
      },
      "properties": {
        "id": "way/681581516",
        "osmType": "way",
        "osmId": 681581516,
        "name": "Coco Cafe",
        "category": "cafe",
        "categoryLabel": "Caf\u00e9",
        "amenity": "cafe",
        "highway": null,
        "tourism": null,
        "historic": null,
        "railway": null,
        "website": null,
        "phone": null,
        "address": "410 Hale End Road"
      }
    },
    {
      "type": "Feature",
      "id": "way/681581521",
      "geometry": {
        "type": "Point",
        "coordinates": [
          0.0012197,
          51.6071017
        ]
      },
      "properties": {
        "id": "way/681581521",
        "osmType": "way",
        "osmId": 681581521,
        "name": "Gourmet House",
        "category": "restaurant",
        "categoryLabel": "Restaurant",
        "amenity": "restaurant",
        "highway": null,
        "tourism": null,
        "historic": null,
        "railway": null,
        "website": null,
        "phone": null,
        "address": "404, 404a Hale End Road, London"
      }
    },
    {
      "type": "Feature",
      "id": "way/681825215",
      "geometry": {
        "type": "Point",
        "coordinates": [
          0.0211076,
          51.6099129
        ]
      },
      "properties": {
        "id": "way/681825215",
        "osmType": "way",
        "osmId": 681825215,
        "name": "Rose & Crown",
        "category": "bar",
        "categoryLabel": "Bar",
        "amenity": "bar",
        "highway": null,
        "tourism": null,
        "historic": null,
        "railway": null,
        "website": null,
        "phone": null,
        "address": null
      }
    },
    {
      "type": "Feature",
      "id": "way/684584616",
      "geometry": {
        "type": "Point",
        "coordinates": [
          -0.0186354,
          51.6167602
        ]
      },
      "properties": {
        "id": "way/684584616",
        "osmType": "way",
        "osmId": 684584616,
        "name": "The Wishing Well",
        "category": "pub",
        "categoryLabel": "Pub",
        "amenity": "pub",
        "highway": null,
        "tourism": null,
        "historic": null,
        "railway": null,
        "website": "https://www.craftunionpubs.com/wishing-well-chingford",
        "phone": null,
        "address": "11 Hall Lane, London E4 8HH"
      }
    },
    {
      "type": "Feature",
      "id": "way/684595013",
      "geometry": {
        "type": "Point",
        "coordinates": [
          -0.0177641,
          51.615617
        ]
      },
      "properties": {
        "id": "way/684595013",
        "osmType": "way",
        "osmId": 684595013,
        "name": "Coban Cafe",
        "category": "cafe",
        "categoryLabel": "Caf\u00e9",
        "amenity": "cafe",
        "highway": null,
        "tourism": null,
        "historic": null,
        "railway": null,
        "website": null,
        "phone": null,
        "address": null
      }
    },
    {
      "type": "Feature",
      "id": "way/684595015",
      "geometry": {
        "type": "Point",
        "coordinates": [
          -0.0176779,
          51.6154041
        ]
      },
      "properties": {
        "id": "way/684595015",
        "osmType": "way",
        "osmId": 684595015,
        "name": "Haze",
        "category": "restaurant",
        "categoryLabel": "Restaurant",
        "amenity": "restaurant",
        "highway": null,
        "tourism": null,
        "historic": null,
        "railway": null,
        "website": null,
        "phone": null,
        "address": null
      }
    },
    {
      "type": "Feature",
      "id": "way/684595016",
      "geometry": {
        "type": "Point",
        "coordinates": [
          -0.0177102,
          51.6153358
        ]
      },
      "properties": {
        "id": "way/684595016",
        "osmType": "way",
        "osmId": 684595016,
        "name": "RnR Lounge",
        "category": "bar",
        "categoryLabel": "Bar",
        "amenity": "bar",
        "highway": null,
        "tourism": null,
        "historic": null,
        "railway": null,
        "website": null,
        "phone": null,
        "address": null
      }
    },
    {
      "type": "Feature",
      "id": "way/684596550",
      "geometry": {
        "type": "Point",
        "coordinates": [
          -0.0177551,
          51.6179355
        ]
      },
      "properties": {
        "id": "way/684596550",
        "osmType": "way",
        "osmId": 684596550,
        "name": "Costa",
        "category": "cafe",
        "categoryLabel": "Caf\u00e9",
        "amenity": "cafe",
        "highway": null,
        "tourism": null,
        "historic": null,
        "railway": null,
        "website": null,
        "phone": null,
        "address": null
      }
    },
    {
      "type": "Feature",
      "id": "way/685395571",
      "geometry": {
        "type": "Point",
        "coordinates": [
          -0.0170351,
          51.6163638
        ]
      },
      "properties": {
        "id": "way/685395571",
        "osmType": "way",
        "osmId": 685395571,
        "name": "The King's Ford",
        "category": "pub",
        "categoryLabel": "Pub",
        "amenity": "pub",
        "highway": null,
        "tourism": null,
        "historic": null,
        "railway": null,
        "website": "https://www.jdwetherspoon.com/pubs/all-pubs/england/london/the-kings-ford-chingford",
        "phone": null,
        "address": "250-252 Chingford Mount Road, London E4 8JL"
      }
    },
    {
      "type": "Feature",
      "id": "way/685395593",
      "geometry": {
        "type": "Point",
        "coordinates": [
          -0.0171011,
          51.615436
        ]
      },
      "properties": {
        "id": "way/685395593",
        "osmType": "way",
        "osmId": 685395593,
        "name": "Oriental Chef",
        "category": "restaurant",
        "categoryLabel": "Restaurant",
        "amenity": "restaurant",
        "highway": null,
        "tourism": null,
        "historic": null,
        "railway": null,
        "website": null,
        "phone": null,
        "address": null
      }
    },
    {
      "type": "Feature",
      "id": "way/689619637",
      "geometry": {
        "type": "Point",
        "coordinates": [
          -0.0176332,
          51.6116655
        ]
      },
      "properties": {
        "id": "way/689619637",
        "osmType": "way",
        "osmId": 689619637,
        "name": "The Orange Cafe",
        "category": "cafe",
        "categoryLabel": "Caf\u00e9",
        "amenity": "cafe",
        "highway": null,
        "tourism": null,
        "historic": null,
        "railway": null,
        "website": null,
        "phone": null,
        "address": "116 Chingford Mount Road, London E4 9AA"
      }
    },
    {
      "type": "Feature",
      "id": "way/702992302",
      "geometry": {
        "type": "Point",
        "coordinates": [
          0.0540948,
          51.6460985
        ]
      },
      "properties": {
        "id": "way/702992302",
        "osmType": "way",
        "osmId": 702992302,
        "name": "GAIL's",
        "category": "cafe",
        "categoryLabel": "Caf\u00e9",
        "amenity": "cafe",
        "highway": null,
        "tourism": null,
        "historic": null,
        "railway": null,
        "website": "https://gails.com/pages/loughton",
        "phone": null,
        "address": null
      }
    },
    {
      "type": "Feature",
      "id": "way/705000852",
      "geometry": {
        "type": "Point",
        "coordinates": [
          0.0540748,
          51.6430524
        ]
      },
      "properties": {
        "id": "way/705000852",
        "osmType": "way",
        "osmId": 705000852,
        "name": null,
        "category": "cafe",
        "categoryLabel": "Caf\u00e9",
        "amenity": "cafe",
        "highway": null,
        "tourism": null,
        "historic": null,
        "railway": null,
        "website": null,
        "phone": null,
        "address": null
      }
    },
    {
      "type": "Feature",
      "id": "way/727206561",
      "geometry": {
        "type": "Point",
        "coordinates": [
          0.086068,
          51.6567542
        ]
      },
      "properties": {
        "id": "way/727206561",
        "osmType": "way",
        "osmId": 727206561,
        "name": "The Cottage Loaf",
        "category": "pub",
        "categoryLabel": "Pub",
        "amenity": "pub",
        "highway": null,
        "tourism": null,
        "historic": null,
        "railway": null,
        "website": null,
        "phone": null,
        "address": null
      }
    },
    {
      "type": "Feature",
      "id": "way/727228939",
      "geometry": {
        "type": "Point",
        "coordinates": [
          0.0782711,
          51.6485594
        ]
      },
      "properties": {
        "id": "way/727228939",
        "osmType": "way",
        "osmId": 727228939,
        "name": "Loughton Hall",
        "category": "historic",
        "categoryLabel": "Historic Site",
        "amenity": null,
        "highway": null,
        "tourism": null,
        "historic": "yes",
        "railway": null,
        "website": null,
        "phone": null,
        "address": null
      }
    },
    {
      "type": "Feature",
      "id": "way/727231184",
      "geometry": {
        "type": "Point",
        "coordinates": [
          0.0768771,
          51.6494759
        ]
      },
      "properties": {
        "id": "way/727231184",
        "osmType": "way",
        "osmId": 727231184,
        "name": "East 15 Acting School (University of Essex)",
        "category": "historic",
        "categoryLabel": "Historic Site",
        "amenity": null,
        "highway": null,
        "tourism": null,
        "historic": "yes",
        "railway": null,
        "website": null,
        "phone": null,
        "address": null
      }
    },
    {
      "type": "Feature",
      "id": "way/797932696",
      "geometry": {
        "type": "Point",
        "coordinates": [
          0.0869416,
          51.6433749
        ]
      },
      "properties": {
        "id": "way/797932696",
        "osmType": "way",
        "osmId": 797932696,
        "name": "Costa",
        "category": "cafe",
        "categoryLabel": "Caf\u00e9",
        "amenity": "cafe",
        "highway": null,
        "tourism": null,
        "historic": null,
        "railway": null,
        "website": null,
        "phone": null,
        "address": "Langston Road, Loughton IG10 3FT"
      }
    },
    {
      "type": "Feature",
      "id": "way/799133153",
      "geometry": {
        "type": "Point",
        "coordinates": [
          0.070635,
          51.6448374
        ]
      },
      "properties": {
        "id": "way/799133153",
        "osmType": "way",
        "osmId": 799133153,
        "name": "The Black Deer",
        "category": "pub",
        "categoryLabel": "Pub",
        "amenity": "pub",
        "highway": null,
        "tourism": null,
        "historic": null,
        "railway": null,
        "website": null,
        "phone": null,
        "address": null
      }
    },
    {
      "type": "Feature",
      "id": "way/802036070",
      "geometry": {
        "type": "Point",
        "coordinates": [
          0.1343946,
          51.6452665
        ]
      },
      "properties": {
        "id": "way/802036070",
        "osmType": "way",
        "osmId": 802036070,
        "name": "Lambourne Hall",
        "category": "historic",
        "categoryLabel": "Historic Site",
        "amenity": null,
        "highway": null,
        "tourism": null,
        "historic": "building",
        "railway": null,
        "website": null,
        "phone": null,
        "address": null
      }
    },
    {
      "type": "Feature",
      "id": "way/804578435",
      "geometry": {
        "type": "Point",
        "coordinates": [
          0.0600584,
          51.654488
        ]
      },
      "properties": {
        "id": "way/804578435",
        "osmType": "way",
        "osmId": 804578435,
        "name": "Gardeners Arms",
        "category": "pub",
        "categoryLabel": "Pub",
        "amenity": "pub",
        "highway": null,
        "tourism": null,
        "historic": null,
        "railway": null,
        "website": null,
        "phone": null,
        "address": "York Hill"
      }
    },
    {
      "type": "Feature",
      "id": "way/815832344",
      "geometry": {
        "type": "Point",
        "coordinates": [
          0.0359996,
          51.6421134
        ]
      },
      "properties": {
        "id": "way/815832344",
        "osmType": "way",
        "osmId": 815832344,
        "name": "The Warren",
        "category": "historic",
        "categoryLabel": "Historic Site",
        "amenity": null,
        "highway": null,
        "tourism": null,
        "historic": "building",
        "railway": null,
        "website": null,
        "phone": null,
        "address": null
      }
    },
    {
      "type": "Feature",
      "id": "way/816156003",
      "geometry": {
        "type": "Point",
        "coordinates": [
          0.0626262,
          51.6592159
        ]
      },
      "properties": {
        "id": "way/816156003",
        "osmType": "way",
        "osmId": 816156003,
        "name": "The Foresters Arms",
        "category": "pub",
        "categoryLabel": "Pub",
        "amenity": "pub",
        "highway": null,
        "tourism": null,
        "historic": null,
        "railway": null,
        "website": null,
        "phone": null,
        "address": "15 Baldwin's Hill, Loughton IG10 1SF"
      }
    },
    {
      "type": "Feature",
      "id": "way/846574116",
      "geometry": {
        "type": "Point",
        "coordinates": [
          -0.0161272,
          51.6680083
        ]
      },
      "properties": {
        "id": "way/846574116",
        "osmType": "way",
        "osmId": 846574116,
        "name": "Howard Gilpin",
        "category": "attraction",
        "categoryLabel": "Attraction",
        "amenity": null,
        "highway": null,
        "tourism": "attraction",
        "historic": null,
        "railway": null,
        "website": null,
        "phone": null,
        "address": null
      }
    },
    {
      "type": "Feature",
      "id": "way/849701060",
      "geometry": {
        "type": "Point",
        "coordinates": [
          0.008266,
          51.6327472
        ]
      },
      "properties": {
        "id": "way/849701060",
        "osmType": "way",
        "osmId": 849701060,
        "name": "Breeze",
        "category": "restaurant",
        "categoryLabel": "Restaurant",
        "amenity": "restaurant",
        "highway": null,
        "tourism": null,
        "historic": null,
        "railway": null,
        "website": null,
        "phone": null,
        "address": "139-141 Station Road, London E4 6AG"
      }
    },
    {
      "type": "Feature",
      "id": "way/849701068",
      "geometry": {
        "type": "Point",
        "coordinates": [
          0.0074045,
          51.6324083
        ]
      },
      "properties": {
        "id": "way/849701068",
        "osmType": "way",
        "osmId": 849701068,
        "name": "La Vita",
        "category": "cafe",
        "categoryLabel": "Caf\u00e9",
        "amenity": "cafe",
        "highway": null,
        "tourism": null,
        "historic": null,
        "railway": null,
        "website": "https://lavitabistro.co.uk/",
        "phone": null,
        "address": "117 Station Road, London E4 6AG"
      }
    },
    {
      "type": "Feature",
      "id": "way/866730656",
      "geometry": {
        "type": "Point",
        "coordinates": [
          -0.0325986,
          51.6842743
        ]
      },
      "properties": {
        "id": "way/866730656",
        "osmType": "way",
        "osmId": 866730656,
        "name": "Kervansaray",
        "category": "restaurant",
        "categoryLabel": "Restaurant",
        "amenity": "restaurant",
        "highway": null,
        "tourism": null,
        "historic": null,
        "railway": null,
        "website": null,
        "phone": null,
        "address": "Waltham Cross EN8 7BU"
      }
    },
    {
      "type": "Feature",
      "id": "way/866954685",
      "geometry": {
        "type": "Point",
        "coordinates": [
          -0.0330092,
          51.6864015
        ]
      },
      "properties": {
        "id": "way/866954685",
        "osmType": "way",
        "osmId": 866954685,
        "name": "Costa",
        "category": "cafe",
        "categoryLabel": "Caf\u00e9",
        "amenity": "cafe",
        "highway": null,
        "tourism": null,
        "historic": null,
        "railway": null,
        "website": null,
        "phone": null,
        "address": "High Street, Waltham Cross EN8 7BY"
      }
    },
    {
      "type": "Feature",
      "id": "way/866958419",
      "geometry": {
        "type": "Point",
        "coordinates": [
          -0.0320977,
          51.686027
        ]
      },
      "properties": {
        "id": "way/866958419",
        "osmType": "way",
        "osmId": 866958419,
        "name": "Coffee Cream",
        "category": "cafe",
        "categoryLabel": "Caf\u00e9",
        "amenity": "cafe",
        "highway": null,
        "tourism": null,
        "historic": null,
        "railway": null,
        "website": null,
        "phone": null,
        "address": "Waltham Cross EN8 7PQ"
      }
    },
    {
      "type": "Feature",
      "id": "way/866964395",
      "geometry": {
        "type": "Point",
        "coordinates": [
          -0.0323988,
          51.6866709
        ]
      },
      "properties": {
        "id": "way/866964395",
        "osmType": "way",
        "osmId": 866964395,
        "name": "Pavillion Plaza Cafe",
        "category": "cafe",
        "categoryLabel": "Caf\u00e9",
        "amenity": "cafe",
        "highway": null,
        "tourism": null,
        "historic": null,
        "railway": null,
        "website": null,
        "phone": null,
        "address": "90, Waltham Cross EN8 7BY"
      }
    },
    {
      "type": "Feature",
      "id": "way/867873483",
      "geometry": {
        "type": "Point",
        "coordinates": [
          -0.0336985,
          51.682846
        ]
      },
      "properties": {
        "id": "way/867873483",
        "osmType": "way",
        "osmId": 867873483,
        "name": "Cinnamon Lounge",
        "category": "restaurant",
        "categoryLabel": "Restaurant",
        "amenity": "restaurant",
        "highway": null,
        "tourism": null,
        "historic": null,
        "railway": null,
        "website": "http://cinnamonloungeindian.co.uk/",
        "phone": null,
        "address": "Waltham Cross EN8 7AA"
      }
    },
    {
      "type": "Feature",
      "id": "way/867956616",
      "geometry": {
        "type": "Point",
        "coordinates": [
          -0.0331871,
          51.6856043
        ]
      },
      "properties": {
        "id": "way/867956616",
        "osmType": "way",
        "osmId": 867956616,
        "name": "Fishy Delishy",
        "category": "restaurant",
        "categoryLabel": "Restaurant",
        "amenity": "restaurant",
        "highway": null,
        "tourism": null,
        "historic": null,
        "railway": null,
        "website": "https://fishydelishy.com/",
        "phone": null,
        "address": "Waltham Cross EN8 7AN"
      }
    },
    {
      "type": "Feature",
      "id": "way/867963723",
      "geometry": {
        "type": "Point",
        "coordinates": [
          -0.0325841,
          51.6841936
        ]
      },
      "properties": {
        "id": "way/867963723",
        "osmType": "way",
        "osmId": 867963723,
        "name": "Rhapsodiz",
        "category": "restaurant",
        "categoryLabel": "Restaurant",
        "amenity": "restaurant",
        "highway": null,
        "tourism": null,
        "historic": null,
        "railway": null,
        "website": "http://rhapsodiz.co.uk/",
        "phone": null,
        "address": "Waltham Cross EN8 7BU"
      }
    },
    {
      "type": "Feature",
      "id": "way/867963725",
      "geometry": {
        "type": "Point",
        "coordinates": [
          -0.0325756,
          51.6853627
        ]
      },
      "properties": {
        "id": "way/867963725",
        "osmType": "way",
        "osmId": 867963725,
        "name": "Waltham Cross Cafe & Restaurant",
        "category": "cafe",
        "categoryLabel": "Caf\u00e9",
        "amenity": "cafe",
        "highway": null,
        "tourism": null,
        "historic": null,
        "railway": null,
        "website": null,
        "phone": null,
        "address": "Waltham Cross EN8 7BX"
      }
    },
    {
      "type": "Feature",
      "id": "way/867963731",
      "geometry": {
        "type": "Point",
        "coordinates": [
          -0.0327769,
          51.6855563
        ]
      },
      "properties": {
        "id": "way/867963731",
        "osmType": "way",
        "osmId": 867963731,
        "name": "Mayya",
        "category": "cafe",
        "categoryLabel": "Caf\u00e9",
        "amenity": "cafe",
        "highway": null,
        "tourism": null,
        "historic": null,
        "railway": null,
        "website": null,
        "phone": null,
        "address": null
      }
    },
    {
      "type": "Feature",
      "id": "way/868017650",
      "geometry": {
        "type": "Point",
        "coordinates": [
          -0.0325586,
          51.6857045
        ]
      },
      "properties": {
        "id": "way/868017650",
        "osmType": "way",
        "osmId": 868017650,
        "name": "Cherries",
        "category": "cafe",
        "categoryLabel": "Caf\u00e9",
        "amenity": "cafe",
        "highway": null,
        "tourism": null,
        "historic": null,
        "railway": null,
        "website": null,
        "phone": null,
        "address": "Waltham Cross EN8 7LA"
      }
    },
    {
      "type": "Feature",
      "id": "way/868034500",
      "geometry": {
        "type": "Point",
        "coordinates": [
          -0.0328785,
          51.6873698
        ]
      },
      "properties": {
        "id": "way/868034500",
        "osmType": "way",
        "osmId": 868034500,
        "name": "La Valle",
        "category": "restaurant",
        "categoryLabel": "Restaurant",
        "amenity": "restaurant",
        "highway": null,
        "tourism": null,
        "historic": null,
        "railway": null,
        "website": null,
        "phone": null,
        "address": "Waltham Cross EN8 7DF"
      }
    },
    {
      "type": "Feature",
      "id": "way/884703062",
      "geometry": {
        "type": "Point",
        "coordinates": [
          0.0400192,
          51.6558222
        ]
      },
      "properties": {
        "id": "way/884703062",
        "osmType": "way",
        "osmId": 884703062,
        "name": "Robin Hood",
        "category": "restaurant",
        "categoryLabel": "Restaurant",
        "amenity": "restaurant",
        "highway": null,
        "tourism": null,
        "historic": null,
        "railway": null,
        "website": null,
        "phone": null,
        "address": "Epping New Road, Loughton IG10 4AA"
      }
    },
    {
      "type": "Feature",
      "id": "way/885064422",
      "geometry": {
        "type": "Point",
        "coordinates": [
          0.0911243,
          51.6903439
        ]
      },
      "properties": {
        "id": "way/885064422",
        "osmType": "way",
        "osmId": 885064422,
        "name": "Ladderstile Farmhouse",
        "category": "historic",
        "categoryLabel": "Historic Site",
        "amenity": null,
        "highway": null,
        "tourism": null,
        "historic": "building",
        "railway": null,
        "website": null,
        "phone": null,
        "address": null
      }
    },
    {
      "type": "Feature",
      "id": "way/885064424",
      "geometry": {
        "type": "Point",
        "coordinates": [
          0.0880864,
          51.6889903
        ]
      },
      "properties": {
        "id": "way/885064424",
        "osmType": "way",
        "osmId": 885064424,
        "name": "Park Cottage",
        "category": "historic",
        "categoryLabel": "Historic Site",
        "amenity": null,
        "highway": null,
        "tourism": null,
        "historic": "building",
        "railway": null,
        "website": null,
        "phone": null,
        "address": null
      }
    },
    {
      "type": "Feature",
      "id": "way/885126726",
      "geometry": {
        "type": "Point",
        "coordinates": [
          0.1004468,
          51.6703192
        ]
      },
      "properties": {
        "id": "way/885126726",
        "osmType": "way",
        "osmId": 885126726,
        "name": "Pakes Farmhouse",
        "category": "historic",
        "categoryLabel": "Historic Site",
        "amenity": null,
        "highway": null,
        "tourism": null,
        "historic": "building",
        "railway": null,
        "website": null,
        "phone": null,
        "address": null
      }
    },
    {
      "type": "Feature",
      "id": "way/885126727",
      "geometry": {
        "type": "Point",
        "coordinates": [
          0.100392,
          51.6699638
        ]
      },
      "properties": {
        "id": "way/885126727",
        "osmType": "way",
        "osmId": 885126727,
        "name": "The Cottage",
        "category": "historic",
        "categoryLabel": "Historic Site",
        "amenity": null,
        "highway": null,
        "tourism": null,
        "historic": "building",
        "railway": null,
        "website": null,
        "phone": null,
        "address": null
      }
    },
    {
      "type": "Feature",
      "id": "way/885126728",
      "geometry": {
        "type": "Point",
        "coordinates": [
          0.0999223,
          51.6696058
        ]
      },
      "properties": {
        "id": "way/885126728",
        "osmType": "way",
        "osmId": 885126728,
        "name": "Heathfield Cottage",
        "category": "historic",
        "categoryLabel": "Historic Site",
        "amenity": null,
        "highway": null,
        "tourism": null,
        "historic": "building",
        "railway": null,
        "website": null,
        "phone": null,
        "address": null
      }
    },
    {
      "type": "Feature",
      "id": "way/885126729",
      "geometry": {
        "type": "Point",
        "coordinates": [
          0.0977305,
          51.6727129
        ]
      },
      "properties": {
        "id": "way/885126729",
        "osmType": "way",
        "osmId": 885126729,
        "name": "Baldocks",
        "category": "historic",
        "categoryLabel": "Historic Site",
        "amenity": null,
        "highway": null,
        "tourism": null,
        "historic": "building",
        "railway": null,
        "website": null,
        "phone": null,
        "address": null
      }
    },
    {
      "type": "Feature",
      "id": "way/885138737",
      "geometry": {
        "type": "Point",
        "coordinates": [
          0.1012998,
          51.6713634
        ]
      },
      "properties": {
        "id": "way/885138737",
        "osmType": "way",
        "osmId": 885138737,
        "name": "The Bull",
        "category": "pub",
        "categoryLabel": "Pub",
        "amenity": "pub",
        "highway": null,
        "tourism": null,
        "historic": null,
        "railway": null,
        "website": null,
        "phone": null,
        "address": "Station Approach, Theydon Bois CM16 7HR"
      }
    },
    {
      "type": "Feature",
      "id": "way/885138744",
      "geometry": {
        "type": "Point",
        "coordinates": [
          0.0998022,
          51.6721913
        ]
      },
      "properties": {
        "id": "way/885138744",
        "osmType": "way",
        "osmId": 885138744,
        "name": "Queen Victoria",
        "category": "pub",
        "categoryLabel": "Pub",
        "amenity": "pub",
        "highway": null,
        "tourism": null,
        "historic": null,
        "railway": null,
        "website": "https://www.mcmullens.co.uk/queenvictoria",
        "phone": null,
        "address": "Coppice Row, Theydon Bois CM16 7ES"
      }
    },
    {
      "type": "Feature",
      "id": "way/886208473",
      "geometry": {
        "type": "Point",
        "coordinates": [
          0.1327299,
          51.6714312
        ]
      },
      "properties": {
        "id": "way/886208473",
        "osmType": "way",
        "osmId": 886208473,
        "name": "Fitzwilliam Cottages",
        "category": "historic",
        "categoryLabel": "Historic Site",
        "amenity": null,
        "highway": null,
        "tourism": null,
        "historic": "building",
        "railway": null,
        "website": null,
        "phone": null,
        "address": null
      }
    },
    {
      "type": "Feature",
      "id": "way/886208479",
      "geometry": {
        "type": "Point",
        "coordinates": [
          0.1252763,
          51.6718726
        ]
      },
      "properties": {
        "id": "way/886208479",
        "osmType": "way",
        "osmId": 886208479,
        "name": "Theydon Priory",
        "category": "historic",
        "categoryLabel": "Historic Site",
        "amenity": null,
        "highway": null,
        "tourism": null,
        "historic": "building",
        "railway": null,
        "website": null,
        "phone": null,
        "address": null
      }
    },
    {
      "type": "Feature",
      "id": "way/886314089",
      "geometry": {
        "type": "Point",
        "coordinates": [
          0.1412885,
          51.6870282
        ]
      },
      "properties": {
        "id": "way/886314089",
        "osmType": "way",
        "osmId": 886314089,
        "name": "Searles Hall",
        "category": "historic",
        "categoryLabel": "Historic Site",
        "amenity": null,
        "highway": null,
        "tourism": null,
        "historic": "building",
        "railway": null,
        "website": null,
        "phone": null,
        "address": null
      }
    },
    {
      "type": "Feature",
      "id": "way/889190411",
      "geometry": {
        "type": "Point",
        "coordinates": [
          0.1365461,
          51.6641877
        ]
      },
      "properties": {
        "id": "way/889190411",
        "osmType": "way",
        "osmId": 889190411,
        "name": "Brook Farmhouse",
        "category": "historic",
        "categoryLabel": "Historic Site",
        "amenity": null,
        "highway": null,
        "tourism": null,
        "historic": "building",
        "railway": null,
        "website": null,
        "phone": null,
        "address": null
      }
    },
    {
      "type": "Feature",
      "id": "way/889376326",
      "geometry": {
        "type": "Point",
        "coordinates": [
          0.1239321,
          51.6653741
        ]
      },
      "properties": {
        "id": "way/889376326",
        "osmType": "way",
        "osmId": 889376326,
        "name": "Hydes Farmhouse",
        "category": "historic",
        "categoryLabel": "Historic Site",
        "amenity": null,
        "highway": null,
        "tourism": null,
        "historic": "building",
        "railway": null,
        "website": null,
        "phone": null,
        "address": null
      }
    },
    {
      "type": "Feature",
      "id": "way/889503464",
      "geometry": {
        "type": "Point",
        "coordinates": [
          0.1174055,
          51.6508312
        ]
      },
      "properties": {
        "id": "way/889503464",
        "osmType": "way",
        "osmId": 889503464,
        "name": "Blue Boar Inn",
        "category": "pub",
        "categoryLabel": "Pub",
        "amenity": "pub",
        "highway": null,
        "tourism": null,
        "historic": null,
        "railway": null,
        "website": "https://www.theblueboarabridge.co.uk/",
        "phone": "+44 1992 812 110",
        "address": "Market Place, Abridge RM4 1UA"
      }
    },
    {
      "type": "Feature",
      "id": "way/889592196",
      "geometry": {
        "type": "Point",
        "coordinates": [
          0.1175417,
          51.6504021
        ]
      },
      "properties": {
        "id": "way/889592196",
        "osmType": "way",
        "osmId": 889592196,
        "name": "The Maltsters Arms",
        "category": "pub",
        "categoryLabel": "Pub",
        "amenity": "pub",
        "highway": null,
        "tourism": null,
        "historic": null,
        "railway": null,
        "website": null,
        "phone": null,
        "address": "2 London Road, Abridge RM4 1UX"
      }
    },
    {
      "type": "Feature",
      "id": "way/890777880",
      "geometry": {
        "type": "Point",
        "coordinates": [
          0.1335534,
          51.6294309
        ]
      },
      "properties": {
        "id": "way/890777880",
        "osmType": "way",
        "osmId": 890777880,
        "name": "Miller & Carter",
        "category": "restaurant",
        "categoryLabel": "Restaurant",
        "amenity": "restaurant",
        "highway": null,
        "tourism": null,
        "historic": null,
        "railway": null,
        "website": "https://www.millerandcarter.co.uk/restaurants/london/millerandcarterchigwell",
        "phone": null,
        "address": "Manor Road, Lambourne End RM4 1NH"
      }
    },
    {
      "type": "Feature",
      "id": "way/913315867",
      "geometry": {
        "type": "Point",
        "coordinates": [
          0.0004645,
          51.6084917
        ]
      },
      "properties": {
        "id": "way/913315867",
        "osmType": "way",
        "osmId": 913315867,
        "name": "Goldline",
        "category": "taxi",
        "categoryLabel": "Taxi",
        "amenity": "taxi",
        "highway": null,
        "tourism": null,
        "historic": null,
        "railway": null,
        "website": null,
        "phone": null,
        "address": "32 The Avenue, London"
      }
    },
    {
      "type": "Feature",
      "id": "way/913318929",
      "geometry": {
        "type": "Point",
        "coordinates": [
          -0.0016624,
          51.6077611
        ]
      },
      "properties": {
        "id": "way/913318929",
        "osmType": "way",
        "osmId": 913318929,
        "name": "Ziggy\u2019s Gift Shop",
        "category": "cafe",
        "categoryLabel": "Caf\u00e9",
        "amenity": "cafe",
        "highway": null,
        "tourism": null,
        "historic": null,
        "railway": null,
        "website": null,
        "phone": null,
        "address": "3 Signal Walk, London E4 9BW"
      }
    },
    {
      "type": "Feature",
      "id": "way/916682836",
      "geometry": {
        "type": "Point",
        "coordinates": [
          -0.001001,
          51.6072356
        ]
      },
      "properties": {
        "id": "way/916682836",
        "osmType": "way",
        "osmId": 916682836,
        "name": "The Stag and Lantern",
        "category": "pub",
        "categoryLabel": "Pub",
        "amenity": "pub",
        "highway": null,
        "tourism": null,
        "historic": null,
        "railway": null,
        "website": null,
        "phone": null,
        "address": "11-12 The Broadway, London E4 9LQ"
      }
    },
    {
      "type": "Feature",
      "id": "way/916903308",
      "geometry": {
        "type": "Point",
        "coordinates": [
          -0.0014065,
          51.6094545
        ]
      },
      "properties": {
        "id": "way/916903308",
        "osmType": "way",
        "osmId": 916903308,
        "name": "Survivor Caribbean Restaurant and Takeaway",
        "category": "restaurant",
        "categoryLabel": "Restaurant",
        "amenity": "restaurant",
        "highway": null,
        "tourism": null,
        "historic": null,
        "railway": null,
        "website": null,
        "phone": null,
        "address": "460 Larkshall Road, London"
      }
    },
    {
      "type": "Feature",
      "id": "way/917505317",
      "geometry": {
        "type": "Point",
        "coordinates": [
          -0.0173953,
          51.6097185
        ]
      },
      "properties": {
        "id": "way/917505317",
        "osmType": "way",
        "osmId": 917505317,
        "name": "Star Cafe",
        "category": "cafe",
        "categoryLabel": "Caf\u00e9",
        "amenity": "cafe",
        "highway": null,
        "tourism": null,
        "historic": null,
        "railway": null,
        "website": null,
        "phone": null,
        "address": null
      }
    },
    {
      "type": "Feature",
      "id": "way/917519934",
      "geometry": {
        "type": "Point",
        "coordinates": [
          -0.0176776,
          51.6106491
        ]
      },
      "properties": {
        "id": "way/917519934",
        "osmType": "way",
        "osmId": 917519934,
        "name": "Leo\u2019s",
        "category": "cafe",
        "categoryLabel": "Caf\u00e9",
        "amenity": "cafe",
        "highway": null,
        "tourism": null,
        "historic": null,
        "railway": null,
        "website": null,
        "phone": null,
        "address": "Chingford Mount Road, London E4 9AA"
      }
    },
    {
      "type": "Feature",
      "id": "way/917519938",
      "geometry": {
        "type": "Point",
        "coordinates": [
          -0.0176577,
          51.6104676
        ]
      },
      "properties": {
        "id": "way/917519938",
        "osmType": "way",
        "osmId": 917519938,
        "name": "Oriental Kitchen",
        "category": "restaurant",
        "categoryLabel": "Restaurant",
        "amenity": "restaurant",
        "highway": null,
        "tourism": null,
        "historic": null,
        "railway": null,
        "website": null,
        "phone": null,
        "address": "Chingford Mount Road, London E4 9AA"
      }
    },
    {
      "type": "Feature",
      "id": "way/917519939",
      "geometry": {
        "type": "Point",
        "coordinates": [
          -0.0176526,
          51.6104222
        ]
      },
      "properties": {
        "id": "way/917519939",
        "osmType": "way",
        "osmId": 917519939,
        "name": "Tandoori Cottage",
        "category": "restaurant",
        "categoryLabel": "Restaurant",
        "amenity": "restaurant",
        "highway": null,
        "tourism": null,
        "historic": null,
        "railway": null,
        "website": null,
        "phone": null,
        "address": "Chingford Mount Road, London E4 9AA"
      }
    },
    {
      "type": "Feature",
      "id": "way/917519940",
      "geometry": {
        "type": "Point",
        "coordinates": [
          -0.0176477,
          51.6103769
        ]
      },
      "properties": {
        "id": "way/917519940",
        "osmType": "way",
        "osmId": 917519940,
        "name": "Advance Cars",
        "category": "taxi",
        "categoryLabel": "Taxi",
        "amenity": "taxi",
        "highway": null,
        "tourism": null,
        "historic": null,
        "railway": null,
        "website": null,
        "phone": null,
        "address": "Chingford Mount Road, London E4 9AA"
      }
    },
    {
      "type": "Feature",
      "id": "way/917519941",
      "geometry": {
        "type": "Point",
        "coordinates": [
          -0.0176427,
          51.6103315
        ]
      },
      "properties": {
        "id": "way/917519941",
        "osmType": "way",
        "osmId": 917519941,
        "name": "Kety Cafe Bar",
        "category": "cafe",
        "categoryLabel": "Caf\u00e9",
        "amenity": "cafe",
        "highway": null,
        "tourism": null,
        "historic": null,
        "railway": null,
        "website": null,
        "phone": null,
        "address": "Chingford Mount Road, London E4 9AA"
      }
    },
    {
      "type": "Feature",
      "id": "way/917519943",
      "geometry": {
        "type": "Point",
        "coordinates": [
          -0.0176277,
          51.6101953
        ]
      },
      "properties": {
        "id": "way/917519943",
        "osmType": "way",
        "osmId": 917519943,
        "name": "Arya Lounge",
        "category": "cafe",
        "categoryLabel": "Caf\u00e9",
        "amenity": "cafe",
        "highway": null,
        "tourism": null,
        "historic": null,
        "railway": null,
        "website": null,
        "phone": null,
        "address": "Chingford Mount Road, London E4 9AA"
      }
    },
    {
      "type": "Feature",
      "id": "way/917688796",
      "geometry": {
        "type": "Point",
        "coordinates": [
          -0.017721,
          51.6109094
        ]
      },
      "properties": {
        "id": "way/917688796",
        "osmType": "way",
        "osmId": 917688796,
        "name": "Dragon Palace",
        "category": "restaurant",
        "categoryLabel": "Restaurant",
        "amenity": "restaurant",
        "highway": null,
        "tourism": null,
        "historic": null,
        "railway": null,
        "website": null,
        "phone": null,
        "address": null
      }
    },
    {
      "type": "Feature",
      "id": "way/919282593",
      "geometry": {
        "type": "Point",
        "coordinates": [
          -0.000301,
          51.6074184
        ]
      },
      "properties": {
        "id": "way/919282593",
        "osmType": "way",
        "osmId": 919282593,
        "name": "V\u2019s Burgers",
        "category": "restaurant",
        "categoryLabel": "Restaurant",
        "amenity": "restaurant",
        "highway": null,
        "tourism": null,
        "historic": null,
        "railway": null,
        "website": null,
        "phone": null,
        "address": null
      }
    },
    {
      "type": "Feature",
      "id": "way/919282594",
      "geometry": {
        "type": "Point",
        "coordinates": [
          -0.0003406,
          51.6074495
        ]
      },
      "properties": {
        "id": "way/919282594",
        "osmType": "way",
        "osmId": 919282594,
        "name": "Strawberry\u2019s Ice Cream and Sandwich Bar",
        "category": "cafe",
        "categoryLabel": "Caf\u00e9",
        "amenity": "cafe",
        "highway": null,
        "tourism": null,
        "historic": null,
        "railway": null,
        "website": null,
        "phone": null,
        "address": null
      }
    },
    {
      "type": "Feature",
      "id": "way/919628105",
      "geometry": {
        "type": "Point",
        "coordinates": [
          -0.0185225,
          51.6174738
        ]
      },
      "properties": {
        "id": "way/919628105",
        "osmType": "way",
        "osmId": 919628105,
        "name": "Insu Inn",
        "category": "restaurant",
        "categoryLabel": "Restaurant",
        "amenity": "restaurant",
        "highway": null,
        "tourism": null,
        "historic": null,
        "railway": null,
        "website": null,
        "phone": null,
        "address": null
      }
    },
    {
      "type": "Feature",
      "id": "way/919628108",
      "geometry": {
        "type": "Point",
        "coordinates": [
          -0.017896,
          51.6175706
        ]
      },
      "properties": {
        "id": "way/919628108",
        "osmType": "way",
        "osmId": 919628108,
        "name": "Aroma",
        "category": "cafe",
        "categoryLabel": "Caf\u00e9",
        "amenity": "cafe",
        "highway": null,
        "tourism": null,
        "historic": null,
        "railway": null,
        "website": null,
        "phone": null,
        "address": null
      }
    },
    {
      "type": "Feature",
      "id": "way/919638432",
      "geometry": {
        "type": "Point",
        "coordinates": [
          -0.0173492,
          51.6171609
        ]
      },
      "properties": {
        "id": "way/919638432",
        "osmType": "way",
        "osmId": 919638432,
        "name": "Bojangles",
        "category": "bar",
        "categoryLabel": "Bar",
        "amenity": "bar",
        "highway": null,
        "tourism": null,
        "historic": null,
        "railway": null,
        "website": null,
        "phone": null,
        "address": null
      }
    },
    {
      "type": "Feature",
      "id": "way/919647289",
      "geometry": {
        "type": "Point",
        "coordinates": [
          -0.0167315,
          51.6206234
        ]
      },
      "properties": {
        "id": "way/919647289",
        "osmType": "way",
        "osmId": 919647289,
        "name": "The Best",
        "category": "restaurant",
        "categoryLabel": "Restaurant",
        "amenity": "restaurant",
        "highway": null,
        "tourism": null,
        "historic": null,
        "railway": null,
        "website": null,
        "phone": null,
        "address": null
      }
    },
    {
      "type": "Feature",
      "id": "way/919647290",
      "geometry": {
        "type": "Point",
        "coordinates": [
          -0.0167903,
          51.6203217
        ]
      },
      "properties": {
        "id": "way/919647290",
        "osmType": "way",
        "osmId": 919647290,
        "name": "Brown Eagle",
        "category": "restaurant",
        "categoryLabel": "Restaurant",
        "amenity": "restaurant",
        "highway": null,
        "tourism": null,
        "historic": null,
        "railway": null,
        "website": null,
        "phone": null,
        "address": null
      }
    },
    {
      "type": "Feature",
      "id": "way/919706688",
      "geometry": {
        "type": "Point",
        "coordinates": [
          -0.0180129,
          51.6168571
        ]
      },
      "properties": {
        "id": "way/919706688",
        "osmType": "way",
        "osmId": 919706688,
        "name": "The Village",
        "category": "restaurant",
        "categoryLabel": "Restaurant",
        "amenity": "restaurant",
        "highway": null,
        "tourism": null,
        "historic": null,
        "railway": null,
        "website": null,
        "phone": null,
        "address": null
      }
    },
    {
      "type": "Feature",
      "id": "way/919706690",
      "geometry": {
        "type": "Point",
        "coordinates": [
          -0.0178494,
          51.6168931
        ]
      },
      "properties": {
        "id": "way/919706690",
        "osmType": "way",
        "osmId": 919706690,
        "name": "Mount Cars Ltd",
        "category": "taxi",
        "categoryLabel": "Taxi",
        "amenity": "taxi",
        "highway": null,
        "tourism": null,
        "historic": null,
        "railway": null,
        "website": null,
        "phone": null,
        "address": "1a Hall Lane, London E4 8HH"
      }
    },
    {
      "type": "Feature",
      "id": "way/919710727",
      "geometry": {
        "type": "Point",
        "coordinates": [
          -0.0174561,
          51.6195257
        ]
      },
      "properties": {
        "id": "way/919710727",
        "osmType": "way",
        "osmId": 919710727,
        "name": "Oh My! Coffee Shop & Larder",
        "category": "cafe",
        "categoryLabel": "Caf\u00e9",
        "amenity": "cafe",
        "highway": null,
        "tourism": null,
        "historic": null,
        "railway": null,
        "website": null,
        "phone": null,
        "address": null
      }
    },
    {
      "type": "Feature",
      "id": "way/919723966",
      "geometry": {
        "type": "Point",
        "coordinates": [
          -0.0176481,
          51.6164243
        ]
      },
      "properties": {
        "id": "way/919723966",
        "osmType": "way",
        "osmId": 919723966,
        "name": "Dan Dan",
        "category": "restaurant",
        "categoryLabel": "Restaurant",
        "amenity": "restaurant",
        "highway": null,
        "tourism": null,
        "historic": null,
        "railway": null,
        "website": null,
        "phone": null,
        "address": null
      }
    },
    {
      "type": "Feature",
      "id": "way/926318272",
      "geometry": {
        "type": "Point",
        "coordinates": [
          0.0067992,
          51.6190677
        ]
      },
      "properties": {
        "id": "way/926318272",
        "osmType": "way",
        "osmId": 926318272,
        "name": "Royal Star Cafe",
        "category": "cafe",
        "categoryLabel": "Caf\u00e9",
        "amenity": "cafe",
        "highway": null,
        "tourism": null,
        "historic": null,
        "railway": null,
        "website": null,
        "phone": null,
        "address": "44 Hatch Lane, London E4 6LQ"
      }
    },
    {
      "type": "Feature",
      "id": "way/927797178",
      "geometry": {
        "type": "Point",
        "coordinates": [
          0.002658,
          51.6309724
        ]
      },
      "properties": {
        "id": "way/927797178",
        "osmType": "way",
        "osmId": 927797178,
        "name": "Green 17 Bistro",
        "category": "restaurant",
        "categoryLabel": "Restaurant",
        "amenity": "restaurant",
        "highway": null,
        "tourism": null,
        "historic": null,
        "railway": null,
        "website": null,
        "phone": null,
        "address": "17 Station Road, London E4 7BJ"
      }
    },
    {
      "type": "Feature",
      "id": "way/927800088",
      "geometry": {
        "type": "Point",
        "coordinates": [
          0.0037218,
          51.6312082
        ]
      },
      "properties": {
        "id": "way/927800088",
        "osmType": "way",
        "osmId": 927800088,
        "name": "Costa",
        "category": "cafe",
        "categoryLabel": "Caf\u00e9",
        "amenity": "cafe",
        "highway": null,
        "tourism": null,
        "historic": null,
        "railway": null,
        "website": null,
        "phone": null,
        "address": "45-47 Station Road, London E4 7BJ"
      }
    },
    {
      "type": "Feature",
      "id": "way/927802577",
      "geometry": {
        "type": "Point",
        "coordinates": [
          0.0006713,
          51.6303303
        ]
      },
      "properties": {
        "id": "way/927802577",
        "osmType": "way",
        "osmId": 927802577,
        "name": "Grill On The Green",
        "category": "restaurant",
        "categoryLabel": "Restaurant",
        "amenity": "restaurant",
        "highway": null,
        "tourism": null,
        "historic": null,
        "railway": null,
        "website": null,
        "phone": null,
        "address": null
      }
    },
    {
      "type": "Feature",
      "id": "way/927943293",
      "geometry": {
        "type": "Point",
        "coordinates": [
          0.0089773,
          51.6330747
        ]
      },
      "properties": {
        "id": "way/927943293",
        "osmType": "way",
        "osmId": 927943293,
        "name": "Brick Lane Bagel Co",
        "category": "cafe",
        "categoryLabel": "Caf\u00e9",
        "amenity": "cafe",
        "highway": null,
        "tourism": null,
        "historic": null,
        "railway": null,
        "website": null,
        "phone": null,
        "address": "165 Station Road"
      }
    },
    {
      "type": "Feature",
      "id": "way/928147869",
      "geometry": {
        "type": "Point",
        "coordinates": [
          0.0093387,
          51.6332318
        ]
      },
      "properties": {
        "id": "way/928147869",
        "osmType": "way",
        "osmId": 928147869,
        "name": "Bar Sicilia",
        "category": "cafe",
        "categoryLabel": "Caf\u00e9",
        "amenity": "cafe",
        "highway": null,
        "tourism": null,
        "historic": null,
        "railway": null,
        "website": null,
        "phone": null,
        "address": null
      }
    },
    {
      "type": "Feature",
      "id": "way/928846347",
      "geometry": {
        "type": "Point",
        "coordinates": [
          0.0125199,
          51.6349846
        ]
      },
      "properties": {
        "id": "way/928846347",
        "osmType": "way",
        "osmId": 928846347,
        "name": "Holly Trail Cafe",
        "category": "cafe",
        "categoryLabel": "Caf\u00e9",
        "amenity": "cafe",
        "highway": null,
        "tourism": null,
        "historic": null,
        "railway": null,
        "website": null,
        "phone": null,
        "address": null
      }
    },
    {
      "type": "Feature",
      "id": "way/934655907",
      "geometry": {
        "type": "Point",
        "coordinates": [
          0.0056607,
          51.632229
        ]
      },
      "properties": {
        "id": "way/934655907",
        "osmType": "way",
        "osmId": 934655907,
        "name": "Robins Pie and Mash",
        "category": "restaurant",
        "categoryLabel": "Restaurant",
        "amenity": "restaurant",
        "highway": null,
        "tourism": null,
        "historic": null,
        "railway": null,
        "website": "http://www.robinspieandmash.com/page-1",
        "phone": null,
        "address": "50 Station Road, London E4 7BE"
      }
    },
    {
      "type": "Feature",
      "id": "way/934655909",
      "geometry": {
        "type": "Point",
        "coordinates": [
          0.0057687,
          51.6322644
        ]
      },
      "properties": {
        "id": "way/934655909",
        "osmType": "way",
        "osmId": 934655909,
        "name": "Wake Cup",
        "category": "cafe",
        "categoryLabel": "Caf\u00e9",
        "amenity": "cafe",
        "highway": null,
        "tourism": null,
        "historic": null,
        "railway": null,
        "website": null,
        "phone": null,
        "address": "52-54 Station Road"
      }
    },
    {
      "type": "Feature",
      "id": "way/934655912",
      "geometry": {
        "type": "Point",
        "coordinates": [
          0.0060164,
          51.6323438
        ]
      },
      "properties": {
        "id": "way/934655912",
        "osmType": "way",
        "osmId": 934655912,
        "name": "Dada",
        "category": "cafe",
        "categoryLabel": "Caf\u00e9",
        "amenity": "cafe",
        "highway": null,
        "tourism": null,
        "historic": null,
        "railway": null,
        "website": null,
        "phone": null,
        "address": "60 Station Road"
      }
    },
    {
      "type": "Feature",
      "id": "way/939470738",
      "geometry": {
        "type": "Point",
        "coordinates": [
          -0.0250269,
          51.608312
        ]
      },
      "properties": {
        "id": "way/939470738",
        "osmType": "way",
        "osmId": 939470738,
        "name": "Indian Ocean",
        "category": "restaurant",
        "categoryLabel": "Restaurant",
        "amenity": "restaurant",
        "highway": null,
        "tourism": null,
        "historic": null,
        "railway": null,
        "website": null,
        "phone": null,
        "address": null
      }
    },
    {
      "type": "Feature",
      "id": "way/947913530",
      "geometry": {
        "type": "Point",
        "coordinates": [
          0.0783631,
          51.6572648
        ]
      },
      "properties": {
        "id": "way/947913530",
        "osmType": "way",
        "osmId": 947913530,
        "name": "Gunmakers Arms",
        "category": "pub",
        "categoryLabel": "Pub",
        "amenity": "pub",
        "highway": null,
        "tourism": null,
        "historic": null,
        "railway": null,
        "website": null,
        "phone": null,
        "address": null
      }
    },
    {
      "type": "Feature",
      "id": "way/954881895",
      "geometry": {
        "type": "Point",
        "coordinates": [
          -0.0114791,
          51.6256202
        ]
      },
      "properties": {
        "id": "way/954881895",
        "osmType": "way",
        "osmId": 954881895,
        "name": "Ridgeway Park Cafe",
        "category": "cafe",
        "categoryLabel": "Caf\u00e9",
        "amenity": "cafe",
        "highway": null,
        "tourism": null,
        "historic": null,
        "railway": null,
        "website": null,
        "phone": null,
        "address": null
      }
    },
    {
      "type": "Feature",
      "id": "way/964605299",
      "geometry": {
        "type": "Point",
        "coordinates": [
          0.0202609,
          51.6908142
        ]
      },
      "properties": {
        "id": "way/964605299",
        "osmType": "way",
        "osmId": 964605299,
        "name": "The Queen's Head",
        "category": "pub",
        "categoryLabel": "Pub",
        "amenity": "pub",
        "highway": null,
        "tourism": null,
        "historic": null,
        "railway": null,
        "website": null,
        "phone": null,
        "address": "Waltham Abbey EN9 3LA"
      }
    },
    {
      "type": "Feature",
      "id": "way/982083382",
      "geometry": {
        "type": "Point",
        "coordinates": [
          0.0512289,
          51.732568
        ]
      },
      "properties": {
        "id": "way/982083382",
        "osmType": "way",
        "osmId": 982083382,
        "name": "World War II bombing decoy",
        "category": "historic",
        "categoryLabel": "Historic Site",
        "amenity": null,
        "highway": null,
        "tourism": null,
        "historic": "bunker",
        "railway": null,
        "website": null,
        "phone": null,
        "address": null
      }
    },
    {
      "type": "Feature",
      "id": "way/982083383",
      "geometry": {
        "type": "Point",
        "coordinates": [
          0.050959,
          51.7320134
        ]
      },
      "properties": {
        "id": "way/982083383",
        "osmType": "way",
        "osmId": 982083383,
        "name": "World War II bombing decoy",
        "category": "historic",
        "categoryLabel": "Historic Site",
        "amenity": null,
        "highway": null,
        "tourism": null,
        "historic": "bunker",
        "railway": null,
        "website": null,
        "phone": null,
        "address": null
      }
    },
    {
      "type": "Feature",
      "id": "way/1054235597",
      "geometry": {
        "type": "Point",
        "coordinates": [
          0.0402095,
          51.6644675
        ]
      },
      "properties": {
        "id": "way/1054235597",
        "osmType": "way",
        "osmId": 1054235597,
        "name": "Oyster Shack and Seafood Bar",
        "category": "restaurant",
        "categoryLabel": "Restaurant",
        "amenity": "restaurant",
        "highway": null,
        "tourism": null,
        "historic": null,
        "railway": null,
        "website": null,
        "phone": null,
        "address": "Paul's Nursery Road, Loughton IG10 4AE"
      }
    },
    {
      "type": "Feature",
      "id": "way/1058343797",
      "geometry": {
        "type": "Point",
        "coordinates": [
          -0.0095534,
          51.6862773
        ]
      },
      "properties": {
        "id": "way/1058343797",
        "osmType": "way",
        "osmId": 1058343797,
        "name": "Costa",
        "category": "cafe",
        "categoryLabel": "Caf\u00e9",
        "amenity": "cafe",
        "highway": null,
        "tourism": null,
        "historic": null,
        "railway": null,
        "website": null,
        "phone": null,
        "address": "Highbridge Street, Waltham Abbey EN9 1BY"
      }
    },
    {
      "type": "Feature",
      "id": "way/1065244645",
      "geometry": {
        "type": "Point",
        "coordinates": [
          -0.0245549,
          51.7030061
        ]
      },
      "properties": {
        "id": "way/1065244645",
        "osmType": "way",
        "osmId": 1065244645,
        "name": "The Windmill",
        "category": "pub",
        "categoryLabel": "Pub",
        "amenity": "pub",
        "highway": null,
        "tourism": null,
        "historic": null,
        "railway": null,
        "website": null,
        "phone": null,
        "address": "210"
      }
    },
    {
      "type": "Feature",
      "id": "way/1089012587",
      "geometry": {
        "type": "Point",
        "coordinates": [
          0.1413853,
          51.6197987
        ]
      },
      "properties": {
        "id": "way/1089012587",
        "osmType": "way",
        "osmId": 1089012587,
        "name": null,
        "category": "cafe",
        "categoryLabel": "Caf\u00e9",
        "amenity": "cafe",
        "highway": null,
        "tourism": null,
        "historic": null,
        "railway": null,
        "website": null,
        "phone": null,
        "address": null
      }
    },
    {
      "type": "Feature",
      "id": "way/1092459246",
      "geometry": {
        "type": "Point",
        "coordinates": [
          0.0018578,
          51.6506502
        ]
      },
      "properties": {
        "id": "way/1092459246",
        "osmType": "way",
        "osmId": 1092459246,
        "name": "The Pigsty",
        "category": "historic",
        "categoryLabel": "Historic Site",
        "amenity": null,
        "highway": null,
        "tourism": null,
        "historic": "yes",
        "railway": null,
        "website": null,
        "phone": null,
        "address": null
      }
    },
    {
      "type": "Feature",
      "id": "way/1092472354",
      "geometry": {
        "type": "Point",
        "coordinates": [
          0.0018897,
          51.650621
        ]
      },
      "properties": {
        "id": "way/1092472354",
        "osmType": "way",
        "osmId": 1092472354,
        "name": "Eccles (Baden-Powell\u2019s Caravan)",
        "category": "historic",
        "categoryLabel": "Historic Site",
        "amenity": null,
        "highway": null,
        "tourism": null,
        "historic": "yes",
        "railway": null,
        "website": null,
        "phone": null,
        "address": null
      }
    },
    {
      "type": "Feature",
      "id": "way/1137888830",
      "geometry": {
        "type": "Point",
        "coordinates": [
          0.1215876,
          51.6081228
        ]
      },
      "properties": {
        "id": "way/1137888830",
        "osmType": "way",
        "osmId": 1137888830,
        "name": null,
        "category": "cafe",
        "categoryLabel": "Caf\u00e9",
        "amenity": "cafe",
        "highway": null,
        "tourism": null,
        "historic": null,
        "railway": null,
        "website": null,
        "phone": null,
        "address": null
      }
    },
    {
      "type": "Feature",
      "id": "way/1151938311",
      "geometry": {
        "type": "Point",
        "coordinates": [
          0.0590171,
          51.6091699
        ]
      },
      "properties": {
        "id": "way/1151938311",
        "osmType": "way",
        "osmId": 1151938311,
        "name": "Three Jolly Wheelers",
        "category": "pub",
        "categoryLabel": "Pub",
        "amenity": "pub",
        "highway": null,
        "tourism": null,
        "historic": null,
        "railway": null,
        "website": "https://www.vintageinn.co.uk/restaurants/london/thethreejollywheelerschigwell",
        "phone": null,
        "address": "735 Chigwell Road, Woodford Green IG8 8AS"
      }
    },
    {
      "type": "Feature",
      "id": "way/1178292422",
      "geometry": {
        "type": "Point",
        "coordinates": [
          0.0375936,
          51.6828902
        ]
      },
      "properties": {
        "id": "way/1178292422",
        "osmType": "way",
        "osmId": 1178292422,
        "name": "Lakeside Cafe",
        "category": "cafe",
        "categoryLabel": "Caf\u00e9",
        "amenity": "cafe",
        "highway": null,
        "tourism": null,
        "historic": null,
        "railway": null,
        "website": null,
        "phone": null,
        "address": null
      }
    },
    {
      "type": "Feature",
      "id": "way/1211223427",
      "geometry": {
        "type": "Point",
        "coordinates": [
          0.0023596,
          51.6680906
        ]
      },
      "properties": {
        "id": "way/1211223427",
        "osmType": "way",
        "osmId": 1211223427,
        "name": "Bakers Arms",
        "category": "restaurant",
        "categoryLabel": "Restaurant",
        "amenity": "restaurant",
        "highway": null,
        "tourism": null,
        "historic": null,
        "railway": null,
        "website": "https://www.chefandbrewer.com/pubs/essex/bakers-arms",
        "phone": "+44 1992 656000",
        "address": "Sewardstone Road, Waltham Abbey EN9 3QF"
      }
    },
    {
      "type": "Feature",
      "id": "way/1211223443",
      "geometry": {
        "type": "Point",
        "coordinates": [
          0.0011629,
          51.6666105
        ]
      },
      "properties": {
        "id": "way/1211223443",
        "osmType": "way",
        "osmId": 1211223443,
        "name": "The Plough",
        "category": "pub",
        "categoryLabel": "Pub",
        "amenity": "pub",
        "highway": null,
        "tourism": null,
        "historic": null,
        "railway": null,
        "website": null,
        "phone": null,
        "address": "Sewardstone Road"
      }
    },
    {
      "type": "Feature",
      "id": "way/1232304253",
      "geometry": {
        "type": "Point",
        "coordinates": [
          -0.0281143,
          51.6174673
        ]
      },
      "properties": {
        "id": "way/1232304253",
        "osmType": "way",
        "osmId": 1232304253,
        "name": "The Old Hall Tavern",
        "category": "pub",
        "categoryLabel": "Pub",
        "amenity": "pub",
        "highway": null,
        "tourism": null,
        "historic": null,
        "railway": null,
        "website": "https://www.oldhalltavernchingford.co.uk/",
        "phone": null,
        "address": "200 Hall Lane, London E4 8EY"
      }
    },
    {
      "type": "Feature",
      "id": "way/1243885579",
      "geometry": {
        "type": "Point",
        "coordinates": [
          0.0018556,
          51.6496479
        ]
      },
      "properties": {
        "id": "way/1243885579",
        "osmType": "way",
        "osmId": 1243885579,
        "name": "Promise Path",
        "category": "path",
        "categoryLabel": "Path",
        "amenity": null,
        "highway": "path",
        "tourism": null,
        "historic": "memorial",
        "railway": null,
        "website": null,
        "phone": null,
        "address": null
      }
    },
    {
      "type": "Feature",
      "id": "way/1267983184",
      "geometry": {
        "type": "Point",
        "coordinates": [
          0.1134102,
          51.693569
        ]
      },
      "properties": {
        "id": "way/1267983184",
        "osmType": "way",
        "osmId": 1267983184,
        "name": "Station Cafe",
        "category": "cafe",
        "categoryLabel": "Caf\u00e9",
        "amenity": "cafe",
        "highway": null,
        "tourism": null,
        "historic": null,
        "railway": null,
        "website": null,
        "phone": null,
        "address": null
      }
    },
    {
      "type": "Feature",
      "id": "way/1287837392",
      "geometry": {
        "type": "Point",
        "coordinates": [
          0.0003567,
          51.6866664
        ]
      },
      "properties": {
        "id": "way/1287837392",
        "osmType": "way",
        "osmId": 1287837392,
        "name": "Epping Forest District Museum",
        "category": "museum",
        "categoryLabel": "Museum",
        "amenity": null,
        "highway": null,
        "tourism": "museum",
        "historic": null,
        "railway": null,
        "website": "https://www.eppingforestdc.gov.uk/leisure/epping-forest-district-museum/",
        "phone": null,
        "address": "39-41 Sun Street, Waltham Abbey EN9 1EL"
      }
    },
    {
      "type": "Feature",
      "id": "way/1308016557",
      "geometry": {
        "type": "Point",
        "coordinates": [
          -0.0076093,
          51.6976352
        ]
      },
      "properties": {
        "id": "way/1308016557",
        "osmType": "way",
        "osmId": 1308016557,
        "name": "Waltham Abbey Royal Gunpowder Mills",
        "category": "museum",
        "categoryLabel": "Museum",
        "amenity": null,
        "highway": null,
        "tourism": "museum",
        "historic": null,
        "railway": null,
        "website": "https://www.royalgunpowdermills.com/",
        "phone": null,
        "address": "Beaulieu Drive, Waltham Abbey EN9 1JY"
      }
    },
    {
      "type": "Feature",
      "id": "way/1331082482",
      "geometry": {
        "type": "Point",
        "coordinates": [
          0.0922622,
          51.6478072
        ]
      },
      "properties": {
        "id": "way/1331082482",
        "osmType": "way",
        "osmId": 1331082482,
        "name": "Manjal",
        "category": "restaurant",
        "categoryLabel": "Restaurant",
        "amenity": "restaurant",
        "highway": null,
        "tourism": null,
        "historic": null,
        "railway": null,
        "website": null,
        "phone": null,
        "address": null
      }
    },
    {
      "type": "Feature",
      "id": "way/1335301820",
      "geometry": {
        "type": "Point",
        "coordinates": [
          0.0611823,
          51.6072807
        ]
      },
      "properties": {
        "id": "way/1335301820",
        "osmType": "way",
        "osmId": 1335301820,
        "name": "The Crown & Crooked Billet",
        "category": "pub",
        "categoryLabel": "Pub",
        "amenity": "pub",
        "highway": null,
        "tourism": null,
        "historic": null,
        "railway": null,
        "website": null,
        "phone": null,
        "address": null
      }
    },
    {
      "type": "Feature",
      "id": "way/1350921476",
      "geometry": {
        "type": "Point",
        "coordinates": [
          0.1125773,
          51.6923623
        ]
      },
      "properties": {
        "id": "way/1350921476",
        "osmType": "way",
        "osmId": 1350921476,
        "name": "Epping Signalling Museum",
        "category": "museum",
        "categoryLabel": "Museum",
        "amenity": null,
        "highway": null,
        "tourism": "museum",
        "historic": null,
        "railway": null,
        "website": null,
        "phone": null,
        "address": "CM16 4HW"
      }
    },
    {
      "type": "Feature",
      "id": "way/1498935926",
      "geometry": {
        "type": "Point",
        "coordinates": [
          -0.0254187,
          51.7028935
        ]
      },
      "properties": {
        "id": "way/1498935926",
        "osmType": "way",
        "osmId": 1498935926,
        "name": "The Red Cow",
        "category": "pub",
        "categoryLabel": "Pub",
        "amenity": "pub",
        "highway": null,
        "tourism": null,
        "historic": null,
        "railway": null,
        "website": null,
        "phone": null,
        "address": "198 Windmill Lane"
      }
    },
    {
      "type": "Feature",
      "id": "way/1499204602",
      "geometry": {
        "type": "Point",
        "coordinates": [
          -0.0318404,
          51.7129611
        ]
      },
      "properties": {
        "id": "way/1499204602",
        "osmType": "way",
        "osmId": 1499204602,
        "name": "Old Anchor",
        "category": "pub",
        "categoryLabel": "Pub",
        "amenity": "pub",
        "highway": null,
        "tourism": null,
        "historic": null,
        "railway": null,
        "website": null,
        "phone": null,
        "address": "188 High Street"
      }
    },
    {
      "type": "Feature",
      "id": "relation/7723359",
      "geometry": {
        "type": "Point",
        "coordinates": [
          0.147787,
          51.7088851
        ]
      },
      "properties": {
        "id": "relation/7723359",
        "osmType": "relation",
        "osmId": 7723359,
        "name": "ROMAN ROAD - (Margary 30) Clapton to Great Dunmow",
        "category": "historic",
        "categoryLabel": "Historic Site",
        "amenity": null,
        "highway": null,
        "tourism": null,
        "historic": "roman_road",
        "railway": null,
        "website": null,
        "phone": null,
        "address": null
      }
    },
    {
      "type": "Feature",
      "id": "relation/12024223",
      "geometry": {
        "type": "Point",
        "coordinates": [
          0.0853248,
          51.6662753
        ]
      },
      "properties": {
        "id": "relation/12024223",
        "osmType": "relation",
        "osmId": 12024223,
        "name": "Ripley Grange",
        "category": "historic",
        "categoryLabel": "Historic Site",
        "amenity": null,
        "highway": null,
        "tourism": null,
        "historic": "building",
        "railway": null,
        "website": null,
        "phone": null,
        "address": null
      }
    }
  ]
}
